path	mode	blob	size	class	group	reason	judgment
data/authors_rights.yaml	100644	93814f33939604331b786922f7f035192adf1449	7909	K	reference_inputs	authored rights record	rule
data/canonical_anchors.yaml	100644	1436cb0006397eb63f8fbf7bd3524ea21aa6cee0	16067	K	reference_inputs	frozen canonical anchor input	rule
data/corpus_audit/coverage_map.json	100644	a4ca1539b9fd2084349a861b4fce652dbc23a4d2	254528	A	corpus_audit_snapshots	external; regenerable with corpus snapshot and audit tooling	rule
data/corpus_audit/draft_tickets/blocker-cases-and-declension-lavrynets-morfemika-slovotvir-morfolohiia.md	100644	6e03875b5d4dfbf025954e995ff92400fd54d285	2017	K	corpus_audit_controls	authored audit plan catalog or decision	rule
data/corpus_audit/draft_tickets/blocker-cases-and-declension-ukrainian-pravopys-2019.md	100644	e262598493d4fa75001c94e8f0027bc32f7f5506	1861	K	corpus_audit_controls	authored audit plan catalog or decision	rule
data/corpus_audit/draft_tickets/blocker-everyday-scenarios-and-lexical-formulas-doroz-metodyka-navchannia-ukrainskoi-movy.md	100644	15cbee07ab7fe206e743d21448bca0bb12d7eed5	1954	K	corpus_audit_controls	authored audit plan catalog or decision	rule
data/corpus_audit/draft_tickets/blocker-everyday-scenarios-and-lexical-formulas-palinska-turkevych-krok-1.md	100644	31c6ad9e523f45f6a568a6bd4ef537d6fa36d83e	2078	K	corpus_audit_controls	authored audit plan catalog or decision	rule
data/corpus_audit/draft_tickets/blocker-phonetics-and-orthoepy-mosenkis-leksykolohiia-fonetyka.md	100644	2e4bc3cf014a66889ab26b21487b1848f021dad9	1913	K	corpus_audit_controls	authored audit plan catalog or decision	rule
data/corpus_audit/draft_tickets/blocker-phonetics-and-orthoepy-ukrainian-pravopys-2019.md	100644	9354c137e7e2c6e98bae813892301f809080c12e	1845	K	corpus_audit_controls	authored audit plan catalog or decision	rule
data/corpus_audit/draft_tickets/blocker-speech-formulas-and-etiquette-antonenko-davydovych-yak-my-hovorymo.md	100644	5616e0fe54d07d32b08b0ec3cfb27f0467304819	1868	K	corpus_audit_controls	authored audit plan catalog or decision	rule
data/corpus_audit/draft_tickets/blocker-speech-formulas-and-etiquette-ponomariv-suchasna-ukrainska-mova.md	100644	4d6abd4098037409b71d1f72643365b14aa67f91	1705	K	corpus_audit_controls	authored audit plan catalog or decision	rule
data/corpus_audit/draft_tickets/blocker-syntax-and-word-order-ponomariv-suchasna-ukrainska-mova.md	100644	de8ffd3a055578fdff89c427bc3ef40110b9d774	1693	K	corpus_audit_controls	authored audit plan catalog or decision	rule
data/corpus_audit/draft_tickets/blocker-syntax-and-word-order-tsilyna-syntaksys-skladnoho-rechennia.md	100644	03d0ea9b4c6524a0a9aef75bf1baf393525b0e07	1941	K	corpus_audit_controls	authored audit plan catalog or decision	rule
data/corpus_audit/draft_tickets/blocker-verbs-aspect-and-tense-lavrynets-morfemika-slovotvir-morfolohiia.md	100644	cb0dec3eb5effc5be734421345affe8fd406f626	2021	K	corpus_audit_controls	authored audit plan catalog or decision	rule
data/corpus_audit/draft_tickets/blocker-verbs-aspect-and-tense-ukrainian-pravopys-2019.md	100644	decaf8c26ec3ebb04fc51a2dc7afa4edb8ac1f22	1865	K	corpus_audit_controls	authored audit plan catalog or decision	rule
data/corpus_audit/gap_categories.md	100644	1cf71b0f939e02274b13cfadca12c1a65354fc54	3323	K	corpus_audit_controls	authored audit plan catalog or decision	rule
data/corpus_audit/ingestion_roadmap.md	100644	3d0943ce4b2c032a38da5c286794ff498020506c	4983	K	corpus_audit_controls	authored audit plan catalog or decision	rule
data/corpus_audit/navsi200-asr-bakeoff-ledger.json	100644	56f995b19593dea8bdc97849adb68738c38c5722	74281	A	corpus_audit_snapshots	external; regenerable with source corpus and audit tooling	rule
data/corpus_audit/navsi200-captions-ledger.json	100644	1797b54ec0511311f9f26d8caac12b1969118119	120282	A	corpus_audit_snapshots	external; regenerable with source corpus and audit tooling	rule
data/corpus_audit/navsi200-catalog.json	100644	4d297924ce22192064fe920d81a9e938061b08e8	281439	K	corpus_audit_controls	frozen scraped snapshot, no committed producer	judgment
data/corpus_audit/ukrainian_wiki_a2_ingest_report.md	100644	987e35026546c6867759db3d4340bd00680c88a6	10688	A	corpus_audit_snapshots	external; regenerable with source corpus and audit tooling	rule
data/datasets/hramatka_literary_poltava_v1/README.md	100644	79764de2537ad8b320f2aae60f717304dc6602fe	3054	K	dataset_cards	hand-authored dataset status card	rule
data/datasets/hramatka_literary_poltava_v1/evidence/audit_summary.json	100644	ca9b8f2dbffcc800573fcd2158785d73b5876856	7638	A	dataset_payload	external; not regenerable from tracked inputs; preserve source evidence privately	rule
data/datasets/hramatka_literary_poltava_v1/evidence/duplicate_clusters.json	100644	834a7fca2fc5b7d7010379495f10cdfadad2c25f	4731	A	dataset_payload	external; not regenerable from tracked inputs; preserve source evidence privately	rule
data/datasets/hramatka_literary_poltava_v1/evidence/evaluation_overlap.json	100644	bb8f4d0f6e99618aadfd34842a3a10ed6c81f2d1	413	A	dataset_payload	external; not regenerable from tracked inputs; preserve source evidence privately	rule
data/datasets/hramatka_literary_poltava_v1/evidence/input_contract.json	100644	4e9b9d39a031d501c8032d833ec30210ccb594c7	1383	A	dataset_payload	external; not regenerable from tracked inputs; preserve source evidence privately	rule
data/datasets/hramatka_literary_poltava_v1/evidence/record_dispositions.jsonl	100644	c4663832432261bd4f405e8e78e8c8dcf334f418	3692991	A	dataset_payload	external; not regenerable from tracked inputs; preserve source evidence privately	rule
data/datasets/hramatka_literary_poltava_v1/hramatka_literary_poltava_v1.jsonl	100644	23b209d2efd9d4a836783f6475e0b222f56672cf	11362314	A	dataset_payload	external; not regenerable from tracked inputs; preserve candidate export privately	rule
data/datasets/hramatka_uk_pedagogy_v1/README.md	100644	e7c27c9949e53e415c4c23f084652c49067a3da7	2400	K	dataset_cards	hand-authored dataset status card	rule
data/datasets/hramatka_uk_pedagogy_v1/hramatka_uk_pedagogy_v1.jsonl	100644	8050d40805b73749f5d52652b0a9a4449aba6eaa	26045	A	dataset_payload	external; not regenerable from tracked inputs; preserve candidate export privately	rule
data/external_articles/channels.yaml	100644	2bccf587dc8157ca504cc609fca38b4999b526c8	6381	K	reference_inputs	curated external article channel register	rule
data/folk_heritage_attestations.yaml	100644	bcb9a42c99248386d506b66637e252c0816dffa2	3129	K	reference_inputs	curated source attestations	rule
data/folk_micro_genres.yaml	100644	8a1adc88c45a8ee5e8afb6fd0984b30f170526ba	27911	K	reference_inputs	curated source classification	rule
data/foreign_proper_noun_attestations.yaml	100644	6484330d85a1c919015087dc6b9f92f6276bab0d	2133	K	reference_inputs	curated source attestations	rule
data/historical_language_corpus_denominator.yaml	100644	c1f0600b7595f0f913e8f1b33fff01767225f553	2959	K	reference_inputs	frozen source denominator	rule
data/lexicon-dataset.pointer.json	100644	5c2d4f363203970fff0742bc7e44dd889df3c3e6	6516	K	reference_inputs	tracked artifact hash pointer	rule
data/lexicon/agy_en_slice51_worksheet.yaml	100644	9904b9a46ab8dedab9768b7a00530c6162db647e	13892	K	lexicon_curated	curated lexical pair inventory verdict or worksheet	rule
data/lexicon/anchor_curation_worksheet.yaml	100644	0b371d3fceb70fa9e82df96102e03f8ce6ad232c	56550	K	lexicon_curated	curated lexical pair inventory verdict or worksheet	rule
data/lexicon/antonym_pairs.yaml	100644	580d0050911aaf6a28ad3e6729346c2d9dadf18c	756679	K	lexicon_curated	curated lexical pair inventory verdict or worksheet	rule
data/lexicon/calque_inflow_queue.json	100644	b7b896c1f1ef7939203d26ced96319812bafdd2a	15887	A	lexicon_candidates	external; regenerable with source databases and candidate scripts	rule
data/lexicon/cohort-20k-20260717.json	100644	443beccf7fff4647291dd21fae169833aaa295a3	101	K	lexicon_frozen_evaluation	frozen evaluation cohort denominator	rule
data/lexicon/cohort-20k-20260717.txt	100644	3b65e302bf52fce573f3e19c8537c97df0bdc0a6	381191	K	lexicon_frozen_evaluation	frozen evaluation cohort denominator	rule
data/lexicon/curated_aliases.yaml	100644	82c777dc5ba9fe3fbebb93fb05b479183b2de582	445	K	lexicon_curated	curated lexical pair inventory verdict or worksheet	rule
data/lexicon/esum_garbled_etymologies.json	100644	1d7f181a7ac6e7ce3f515e8f6fa3ad20d2456690	7135	K	lexicon_curated	hand-curated OCR correction choices used by fix_esum_garbled_etymologies.py	judgment
data/lexicon/grow-triage-ledgers/2026-07-10-first-grow-automerge-ledger-batch.yaml	100644	555cc5fbb17ff346433e67aaf2597f41c9cecc85	568660	K	lexicon_review_decisions	human or agent adjudication ledger	rule
data/lexicon/grow-triage-ledgers/2026-07-10-grow-automerge-deferred-adjudication.yaml	100644	1d4835e4ca23f9f465d4e354d4d83616f3707a83	36310	K	lexicon_review_decisions	human or agent adjudication ledger	rule
data/lexicon/grow-triage-ledgers/2026-07-10-second-grow-needsreview-pos-ledger-batch.yaml	100644	6becbdcd4b63525b031cea4296b0c0a08cbcce9d	1913713	K	lexicon_review_decisions	human or agent adjudication ledger	rule
data/lexicon/grow-triage-ledgers/README.md	100644	9df5f3df0252a5b04e3aa6d8a3086dd9fa6438dd	991	K	lexicon_review_decisions	adjudication ledger guidance	rule
data/lexicon/heritage_pairs.wave1-calque.residual.json	100644	42c6872d7c6111136e94f0c085b31d8a8270a89c	9880	A	lexicon_candidates	external; regenerable with source databases and reconciliation scripts	rule
data/lexicon/heritage_pairs.wave1-calque.yaml	100644	70019d91881cc616ba1d1bd5f3d2443d60d5e429	49	K	lexicon_curated	curated lexical pair inventory verdict or worksheet	rule
data/lexicon/heritage_pairs.yaml	100644	b99a71911ad700b93aa831bca0dfd53124447a8d	355388	K	lexicon_curated	curated lexical pair inventory verdict or worksheet	rule
data/lexicon/homonym_pairs.yaml	100644	f768a9d9fd601967ef82624596dbf91319dbb554	71657	K	lexicon_curated	curated lexical pair inventory verdict or worksheet	rule
data/lexicon/intake/private_teacher_lesson_intake_candidates.json	100644	df25fe0b725af67e8c7d5316f7dfe5d7b84bd26b	5156590	A	lexicon_candidates	external; regenerable with source intake and candidate extraction	rule
data/lexicon/intake/private_teacher_lesson_intake_decisions.yaml	100644	20c78f639cf9ef52d0a8c5d89cfb12672d32bc2f	3007237	K	lexicon_review_decisions	reviewed source intake decision	rule
data/lexicon/kaikki_uk_lookup.json	100644	c9d9c465a3cb2a4772352a5ad30db90c4c987fad	9587014	A	lexicon_kaikki	build_kaikki_lookup.py; regenerable with the exact external Kaikki snapshot	rule
data/lexicon/parked/parked-thin-entries-2026-07-10.json	100644	64febb17a40bc285fdebc005bc9f01dd56c9f518	1116756	A	lexicon_parked	park_thin_entries.py; regenerable with the original lexicon database	rule
data/lexicon/paronym_candidates_grinchyshyn.json	100644	09e0123da52b1fe527432c2692129823d62555f7	98130	A	lexicon_candidates	external; regenerable with source databases and candidate scripts	rule
data/lexicon/paronym_candidates_ukrmova.json	100644	735bf32734b66a5274172a9214f9e897fe6de771	29318	A	lexicon_candidates	external; regenerable with source databases and candidate scripts	rule
data/lexicon/paronym_pairs.yaml	100644	bff5bf8e28ac9186ec1040cde9c18c5929f1c9e4	179950	K	lexicon_curated	curated lexical pair inventory verdict or worksheet	rule
data/lexicon/paronym_worksheet_candidates.yaml	100644	b6cc4cc85b131c22ee91050b3049c9d7d41a8442	98679	K	lexicon_curated	curated lexical pair inventory verdict or worksheet	rule
data/lexicon/practice-creation-review.json	100644	372b18427e914621bc24e26dde8d0362d0ae49d4	383519	K	lexicon_frozen_evaluation	human practice creation review ledger	rule
data/lexicon/recovery-audit/2026-08-14-ocr-space-collapse-manual-review.json	100644	57b89387ada86059923542c60af44ad100fd4f2f	29602	K	lexicon_review_decisions	manual recovery judgment	rule
data/lexicon/recovery-audit/2026-08-14-ocr-space-collapse.jsonl	100644	d9d0404e5c2409acbc0a99d870647edc6438f987	23444	A	lexicon_recovery_snapshots	external; regenerable with the original OCR and audit tooling	rule
data/lexicon/recovery-audit/2026-09-06-anna-taught-residual-census.json	100644	7c55256ad29c16e1079f64334a3c7b32b85f7f6b	199507	A	lexicon_recovery_snapshots	external; regenerable with the source lexicon database and audit tooling	rule
data/lexicon/recovery-audit/2026-09-06-anna-unit-a-leftovers-census.json	100644	5a7e0767b3ff885fafac86f8ebb02a32cbd6ca55	128190	A	lexicon_recovery_snapshots	external; regenerable with the source lexicon database and audit tooling	rule
data/lexicon/recovery-audit/2026-09-06-heritage-wave1-construction-review.yaml	100644	b5e3dd0f2bdc9a9d3819a9ce992d72d05f0f224f	49418	K	lexicon_review_decisions	manual recovery judgment	rule
data/lexicon/relation_candidates_miyklas.json	100644	0ce5b183db30bd9233ea8249537a4c876aeb7020	784626	A	lexicon_candidates	external; regenerable with source databases and candidate scripts	rule
data/lexicon/relation_candidates_sample.json	100644	1884b239e326e94489a96ebf8b9d813cc229bcaa	92271	A	lexicon_candidates	external; regenerable with source databases and candidate scripts	rule
data/lexicon/source-inventory-review-decisions/2026-06-29-first-approved-publish-batch.yaml	100644	d50b684ef1188fa99f8ff29461d8e515d987c430	10158	K	lexicon_review_decisions	irreplaceable reviewed decision ledger	rule
data/lexicon/source-inventory-review-decisions/2026-06-30-second-approved-ledger-batch.yaml	100644	f1786de1d0fba52a433bb3559ee742ec4112b3ba	11028	K	lexicon_review_decisions	irreplaceable reviewed decision ledger	rule
data/lexicon/source-inventory-review-decisions/2026-06-30-third-approved-textbook-ledger-batch.yaml	100644	3cb9c8fb35f312106a3e8a224c70d2780d1b5c44	9980	K	lexicon_review_decisions	irreplaceable reviewed decision ledger	rule
data/lexicon/source-inventory-review-decisions/2026-07-02-first-approved-teacher-lesson-ledger-batch.yaml	100644	94c1ed047424ad25eebf1ed9a51800f89ae6a17c	11825	K	lexicon_review_decisions	irreplaceable reviewed decision ledger	rule
data/lexicon/source-inventory-review-decisions/2026-07-03-eighth-approved-teacher-lesson-ledger-batch.yaml	100644	781eba4473519fe3d8f5df8d68a315f76e2c690c	12591	K	lexicon_review_decisions	irreplaceable reviewed decision ledger	rule
data/lexicon/source-inventory-review-decisions/2026-07-03-eleventh-approved-teacher-lesson-ledger-batch.yaml	100644	a083a110caadcd13d80e5556d8cc8194c05331df	12579	K	lexicon_review_decisions	irreplaceable reviewed decision ledger	rule
data/lexicon/source-inventory-review-decisions/2026-07-03-fifth-approved-teacher-lesson-ledger-batch.yaml	100644	db5b44ab391818d9d645c618ec7ed3fe451692ee	12897	K	lexicon_review_decisions	irreplaceable reviewed decision ledger	rule
data/lexicon/source-inventory-review-decisions/2026-07-03-fifth-approved-textbook-ledger-batch.yaml	100644	1b7582d716ce9362c3eb00a56f655b0f3ea68335	16768	K	lexicon_review_decisions	irreplaceable reviewed decision ledger	rule
data/lexicon/source-inventory-review-decisions/2026-07-03-fourth-approved-teacher-lesson-ledger-batch.yaml	100644	698e04e1a796b8117958c639b10015de0fbd74bb	12893	K	lexicon_review_decisions	irreplaceable reviewed decision ledger	rule
data/lexicon/source-inventory-review-decisions/2026-07-03-fourth-approved-textbook-ledger-batch.yaml	100644	7d29acaff5409cce8b354da9553bc807fb5f7459	17286	K	lexicon_review_decisions	irreplaceable reviewed decision ledger	rule
data/lexicon/source-inventory-review-decisions/2026-07-03-ninth-approved-teacher-lesson-ledger-batch.yaml	100644	8c4875b854378a107fbf9ae785d284177483fac6	12324	K	lexicon_review_decisions	irreplaceable reviewed decision ledger	rule
data/lexicon/source-inventory-review-decisions/2026-07-03-second-approved-ohoiko-ledger-batch.yaml	100644	aebc8ea3906cb72bc87101febaaae9b72aa30b88	9362	K	lexicon_review_decisions	irreplaceable reviewed decision ledger	rule
data/lexicon/source-inventory-review-decisions/2026-07-03-second-approved-teacher-lesson-ledger-batch.yaml	100644	a1e24d5e5292614f99598bc2772638de217696fa	11581	K	lexicon_review_decisions	irreplaceable reviewed decision ledger	rule
data/lexicon/source-inventory-review-decisions/2026-07-03-seventh-approved-teacher-lesson-ledger-batch.yaml	100644	9966f0f2eaee0225916f154c0a2b4c15d2088db6	12761	K	lexicon_review_decisions	irreplaceable reviewed decision ledger	rule
data/lexicon/source-inventory-review-decisions/2026-07-03-sixth-approved-teacher-lesson-ledger-batch.yaml	100644	491b16586040d6916e6be913a38b6c0224bc3069	12252	K	lexicon_review_decisions	irreplaceable reviewed decision ledger	rule
data/lexicon/source-inventory-review-decisions/2026-07-03-tenth-approved-teacher-lesson-ledger-batch.yaml	100644	bc8d8b49a2e6607a2f542f783b086e0ddb6dfb68	13400	K	lexicon_review_decisions	irreplaceable reviewed decision ledger	rule
data/lexicon/source-inventory-review-decisions/2026-07-03-third-approved-teacher-lesson-ledger-batch.yaml	100644	f6028fb4faa0113e62c2b1d5f3aca5a9d68930c1	13359	K	lexicon_review_decisions	irreplaceable reviewed decision ledger	rule
data/lexicon/source-inventory-review-decisions/2026-07-05-fifteenth-approved-teacher-lesson-ledger-batch.yaml	100644	6e20f94434149f94c63d3fee8969475980fb79bc	10733	K	lexicon_review_decisions	irreplaceable reviewed decision ledger	rule
data/lexicon/source-inventory-review-decisions/2026-07-05-fourteenth-approved-teacher-lesson-ledger-batch.yaml	100644	0d67256b5e3c2644bafe7c44b576452dad70c52d	11899	K	lexicon_review_decisions	irreplaceable reviewed decision ledger	rule
data/lexicon/source-inventory-review-decisions/2026-07-05-sixteenth-approved-teacher-lesson-ledger-batch.yaml	100644	f43ff164046fefe886db41a0a75bbc9fa6c703dd	151483	K	lexicon_review_decisions	irreplaceable reviewed decision ledger	rule
data/lexicon/source-inventory-review-decisions/2026-07-05-thirteenth-approved-teacher-lesson-ledger-batch.yaml	100644	860bf259129c27e84bd703634e4600b0422e5edf	10534	K	lexicon_review_decisions	irreplaceable reviewed decision ledger	rule
data/lexicon/source-inventory-review-decisions/2026-07-05-twelfth-approved-teacher-lesson-ledger-batch.yaml	100644	3d0125a95f2e1f91b1bc555137f30eefb0a185fc	10037	K	lexicon_review_decisions	irreplaceable reviewed decision ledger	rule
data/lexicon/source-inventory-review-decisions/2026-07-14-curriculum-intake-bulk-reject-R1.yaml	100644	d31db672dccaebc5f5ca3c3ba298326a85f9cda5	8009	K	lexicon_review_decisions	irreplaceable reviewed decision ledger	rule
data/lexicon/source-inventory-review-decisions/2026-07-14-curriculum-review-queue-batch-00-calibration.yaml	100644	f74b362a78e4dca840dbec6482651486dd5eac36	87823	K	lexicon_review_decisions	irreplaceable reviewed decision ledger	rule
data/lexicon/source-inventory-review-decisions/2026-07-14-ohoiko-corpus-intake-batch-01.yaml	100644	c3db6c98a3e16cdbd76271b4b4c2c35e6e4132e9	451231	K	lexicon_review_decisions	irreplaceable reviewed decision ledger	rule
data/lexicon/source-inventory-review-decisions/2026-07-14-ohoiko-corpus-intake-batch-02.yaml	100644	1819a5bbfd6551371ec32710fdf1182888559874	451702	K	lexicon_review_decisions	irreplaceable reviewed decision ledger	rule
data/lexicon/source-inventory-review-decisions/2026-07-14-ohoiko-corpus-intake-batch-03.yaml	100644	22c625b0eca9c1c1d7e8d73039d8570dd8911f91	452339	K	lexicon_review_decisions	irreplaceable reviewed decision ledger	rule
data/lexicon/source-inventory-review-decisions/2026-07-14-ohoiko-corpus-intake-batch-04.yaml	100644	e2e644a295e4b2a7b470dab6ac144b2dbfb15f9a	451277	K	lexicon_review_decisions	irreplaceable reviewed decision ledger	rule
data/lexicon/source-inventory-review-decisions/2026-07-14-ohoiko-corpus-intake-batch-05.yaml	100644	b9ac2317ca8e3e76d967aa94c7507f4ddfdecfb9	450136	K	lexicon_review_decisions	irreplaceable reviewed decision ledger	rule
data/lexicon/source-inventory-review-decisions/2026-07-14-ohoiko-corpus-intake-batch-06.yaml	100644	3a85e3521993dddc8288677fe5ab7c507d1a1e35	453644	K	lexicon_review_decisions	irreplaceable reviewed decision ledger	rule
data/lexicon/source-inventory-review-decisions/2026-07-14-ohoiko-corpus-intake-batch-07.yaml	100644	63f73331c35839ad25a92c5c8c46212c87b54af7	451717	K	lexicon_review_decisions	irreplaceable reviewed decision ledger	rule
data/lexicon/source-inventory-review-decisions/2026-07-14-ohoiko-corpus-intake-batch-08.yaml	100644	9e69493091160fb448cafe0951ca93b80b332248	451150	K	lexicon_review_decisions	irreplaceable reviewed decision ledger	rule
data/lexicon/source-inventory-review-decisions/2026-07-14-ohoiko-corpus-intake-batch-09.yaml	100644	93e3a8735ce7750ef3eb065685884fb3cc94c64b	450175	K	lexicon_review_decisions	irreplaceable reviewed decision ledger	rule
data/lexicon/source-inventory-review-decisions/2026-07-14-ohoiko-corpus-intake-batch-10.yaml	100644	edf5bd50ca7db83fa81d6e0ed687777f0dc3ce91	452299	K	lexicon_review_decisions	irreplaceable reviewed decision ledger	rule
data/lexicon/source-inventory-review-decisions/2026-07-14-ohoiko-corpus-intake-batch-11.yaml	100644	4db864ea3fd375f73cf4654633b66f1bb45661fc	451917	K	lexicon_review_decisions	irreplaceable reviewed decision ledger	rule
data/lexicon/source-inventory-review-decisions/2026-07-14-ohoiko-corpus-intake-batch-12.yaml	100644	4ce803ec98e71b3629387e9b5ad4bc0b650fd60a	451018	K	lexicon_review_decisions	irreplaceable reviewed decision ledger	rule
data/lexicon/source-inventory-review-decisions/2026-07-14-ohoiko-corpus-intake-batch-13.yaml	100644	1cba58e2fb758f5ce2abe020197da9bd2ff561f7	453490	K	lexicon_review_decisions	irreplaceable reviewed decision ledger	rule
data/lexicon/source-inventory-review-decisions/2026-07-14-ohoiko-corpus-intake-batch-14.yaml	100644	8198b9740e570417658c75f2fa4ccd4736d9c793	455131	K	lexicon_review_decisions	irreplaceable reviewed decision ledger	rule
data/lexicon/source-inventory-review-decisions/2026-07-14-ohoiko-corpus-intake-batch-15.yaml	100644	c85bb51a01c5876f0220e0efcd753d8271f39aac	454268	K	lexicon_review_decisions	irreplaceable reviewed decision ledger	rule
data/lexicon/source-inventory-review-decisions/2026-07-14-ohoiko-corpus-intake-batch-16.yaml	100644	f2355b390e13cf3c0aa07ab2c59a25aac9c2dad9	455161	K	lexicon_review_decisions	irreplaceable reviewed decision ledger	rule
data/lexicon/source-inventory-review-decisions/2026-07-14-ohoiko-corpus-intake-batch-17.yaml	100644	2ead88d85542a51ef935d748188f03d2a5a7f33e	449741	K	lexicon_review_decisions	irreplaceable reviewed decision ledger	rule
data/lexicon/source-inventory-review-decisions/2026-07-14-ohoiko-corpus-intake-batch-18.yaml	100644	07b9f35aed8eb0d229aa5dc287601c1e0add88c5	451762	K	lexicon_review_decisions	irreplaceable reviewed decision ledger	rule
data/lexicon/source-inventory-review-decisions/2026-07-14-ohoiko-corpus-intake-batch-19.yaml	100644	91f42b0154ffd4cd778986c995dddb6c7f41ae16	451449	K	lexicon_review_decisions	irreplaceable reviewed decision ledger	rule
data/lexicon/source-inventory-review-decisions/2026-07-14-ohoiko-corpus-intake-batch-20.yaml	100644	d76c33df5a5cb919b9732492fb8fe6cd503bbdce	450175	K	lexicon_review_decisions	irreplaceable reviewed decision ledger	rule
data/lexicon/source-inventory-review-decisions/2026-07-14-ohoiko-corpus-intake-batch-21.yaml	100644	07bc3c6b192a84f589c356fec3c85890a78a1d60	380413	K	lexicon_review_decisions	irreplaceable reviewed decision ledger	rule
data/lexicon/source-inventory-review-decisions/2026-07-15-curriculum-review-queue-batch-01.yaml	100644	91e924f48572d87aa754d0d464d18263feb0a524	143600	K	lexicon_review_decisions	irreplaceable reviewed decision ledger	rule
data/lexicon/source-inventory-review-decisions/2026-07-15-curriculum-review-queue-batch-02.yaml	100644	92b7cb070b83c0c38a95c72f0b80b1d2dd455dca	160716	K	lexicon_review_decisions	irreplaceable reviewed decision ledger	rule
data/lexicon/source-inventory-review-decisions/2026-07-18-teacher-lesson-bulk-approve-new-heads.yaml	100644	ba3a178feb5fbfefd984aabfff6928680d488c0d	374237	K	lexicon_review_decisions	irreplaceable reviewed decision ledger	rule
data/lexicon/source-inventory-review-decisions/2026-07-19-ohoiko-ulp-curated-bulk-approve.yaml	100644	34b85b9d1f1e8e6e0a0f9523c22452e15f5a2e35	4271175	K	lexicon_review_decisions	irreplaceable reviewed decision ledger	rule
data/lexicon/source-inventory-review-decisions/2026-07-19-textbook-jsonl-curated-bulk-approve.yaml	100644	919b57d6b074b62b591d57b807cf1680ade2e7c0	20707802	K	lexicon_review_decisions	irreplaceable reviewed decision ledger	rule
data/lexicon/source-inventory-review-decisions/2026-07-23-alona-full-document-intake.yaml	100644	ace6fd6ba3c68107ea6f8251664c0ed9f8468363	5040024	K	lexicon_review_decisions	irreplaceable reviewed decision ledger	rule
data/lexicon/source-inventory-review-decisions/2026-07-23-teacher-lesson-full-document-intake-batch-01.yaml	100644	7952a15ef547dc1658e4926b5500ffb37d542c49	705865	K	lexicon_review_decisions	irreplaceable reviewed decision ledger	rule
data/lexicon/source-inventory-review-decisions/2026-07-23-teacher-lesson-full-document-intake-batch-02.yaml	100644	106463cf395e02f29649b56bc682ad3562ab4976	709397	K	lexicon_review_decisions	irreplaceable reviewed decision ledger	rule
data/lexicon/source-inventory-review-decisions/2026-07-23-teacher-lesson-full-document-intake-batch-03.yaml	100644	58d4c3c16e32ea23dc9c399bcca475993fe818fa	708902	K	lexicon_review_decisions	irreplaceable reviewed decision ledger	rule
data/lexicon/source-inventory-review-decisions/2026-08-12-ohoiko-ulp-paired-split-legs-approve.yaml	100644	4d6eeace3fb9ced903c110c05fb9efb078af3b74	40587	K	lexicon_review_decisions	irreplaceable reviewed decision ledger	rule
data/lexicon/source-inventory-review-decisions/2026-08-14-ohoiko-ulp-ocr-space-collapse-approve.yaml	100644	66bac6f064767023cdd033aa7cb182fa018a91bc	1168	K	lexicon_review_decisions	irreplaceable reviewed decision ledger	rule
data/lexicon/source-inventory-review-decisions/2026-08-19-curriculum-review-queue-batch-03.yaml	100644	2717bb71409dd75c2ad1a1449e4ffc4545123e9b	142427	K	lexicon_review_decisions	irreplaceable reviewed decision ledger	rule
data/lexicon/source-inventory-review-decisions/2026-08-23-atlas-6370-paired-split-multiword-leg-approve.yaml	100644	f02bb5db164ad4ae81f6e42d0345c327719b8416	1998	K	lexicon_review_decisions	irreplaceable reviewed decision ledger	rule
data/lexicon/source-inventory-review-decisions/2026-09-02-teacher-lesson-delta-approve.yaml	100644	4483cf55493fe08d5f9682486c32f42cc2c88f8b	8649468	K	lexicon_review_decisions	irreplaceable reviewed decision ledger	rule
data/lexicon/source-inventory-review-decisions/2026-09-13-ohoiko-fmu-booster-approve.yaml	100644	4440f81c395bb1a6966321f5d76d548dc77f039d	161531	K	lexicon_review_decisions	irreplaceable reviewed decision ledger	rule
data/lexicon/source-inventory/bolshakova-bukvar-keywords.yaml	100644	e9197d6264c0ed48ea0d6ff0b02dd950da4de281	7436	K	lexicon_source_inventories	curated source inventory or reviewed source record	rule
data/lexicon/source-inventory/grade-01/README.md	100644	82fbb70fb61e8bda331f0e5c17c76796d542d3b6	6888	K	lexicon_glossaries	textbook inventory guidance	rule
data/lexicon/source-inventory/grade-01/bukvar-bolshakova-grade1-2018-glossary.yaml	100644	76220a11f0e5f6015e97ee0fb162a97268536236	211720	K	lexicon_glossaries	admitted source-backed glosses with nonregenerable review selection	rule
data/lexicon/source-inventory/grade-01/bukvar-bolshakova-grade1-2018-headwords.yaml	100644	a3ff16eb0f13268071612c1874ed9759be1c611d	251676	A	lexicon_headword_candidates	extract_textbook_chunk_headword_inventory.py; regenerable with external textbook chunks and VESUM	rule
data/lexicon/source-inventory/grade-01/bukvar-zaharijchuk-grade1-2025-glossary.yaml	100644	61820b4a6a462d9b6e67ffd3414701803ff0b1c4	207976	K	lexicon_glossaries	admitted source-backed glosses with nonregenerable review selection	rule
data/lexicon/source-inventory/grade-01/bukvar-zaharijchuk-grade1-2025-headwords.yaml	100644	6fd8dfed8f3621189057a2b63238cab7aaa1e03c	624795	A	lexicon_headword_candidates	extract_textbook_chunk_headword_inventory.py; regenerable with external textbook chunks and VESUM	rule
data/lexicon/source-inventory/grade-01/matematyka-lystopad-grade1-2025-glossary.yaml	100644	5556b5832d7f0710dfef06670fa332b88d2ce036	194583	K	lexicon_glossaries	admitted source-backed glosses with nonregenerable review selection	rule
data/lexicon/source-inventory/grade-01/matematyka-lystopad-grade1-2025-headwords.yaml	100644	85ac46cc58f1b9826e90cf4d003a9d3e43c5a168	210491	A	lexicon_headword_candidates	extract_textbook_chunk_headword_inventory.py; regenerable with external textbook chunks and VESUM	rule
data/lexicon/source-inventory/grade-01/mystetstvo-rublia-grade1-2024-glossary.yaml	100644	cec30bae00278da16fe70b29bce7f88d7d95c7ac	215410	K	lexicon_glossaries	admitted source-backed glosses with nonregenerable review selection	rule
data/lexicon/source-inventory/grade-01/mystetstvo-rublia-grade1-2024-headwords.yaml	100644	f97bd365ed4a473c3a7c7443dbbc5db87cd090d8	218157	A	lexicon_headword_candidates	extract_textbook_chunk_headword_inventory.py; regenerable with external textbook chunks and VESUM	rule
data/lexicon/source-inventory/grade-01/ya-doslidzhuiu-svit-zharkova-grade1-2024-glossary.yaml	100644	de66c6234247295adcf8b479065ffa97616fa115	220292	K	lexicon_glossaries	admitted source-backed glosses with nonregenerable review selection	rule
data/lexicon/source-inventory/grade-01/ya-doslidzhuiu-svit-zharkova-grade1-2024-headwords.yaml	100644	c2bacbe5674645954e43898f9b605f4049b0041a	510412	A	lexicon_headword_candidates	extract_textbook_chunk_headword_inventory.py; regenerable with external textbook chunks and VESUM	rule
data/lexicon/source-inventory/grade-02/README.md	100644	5449eee21acf49d5909aa1d0b46b7d2fc3603e2d	7566	K	lexicon_glossaries	textbook inventory guidance	rule
data/lexicon/source-inventory/grade-02/matematyka-ister-grade2-2025-glossary.yaml	100644	b921f10d12392ae7734584102cf4c9fcef23e58d	196495	K	lexicon_glossaries	admitted source-backed glosses with nonregenerable review selection	rule
data/lexicon/source-inventory/grade-02/matematyka-ister-grade2-2025-headwords.yaml	100644	a7bb51fbfcbba2f2b7882ac4c175ac99d0dafae3	237915	A	lexicon_headword_candidates	extract_textbook_chunk_headword_inventory.py; regenerable with external textbook chunks and VESUM	rule
data/lexicon/source-inventory/grade-02/mystetstvo-rublia-grade2-2024-glossary.yaml	100644	9efab0fc2483a2459f1e0805bc87cb56e3071fed	213764	K	lexicon_glossaries	admitted source-backed glosses with nonregenerable review selection	rule
data/lexicon/source-inventory/grade-02/mystetstvo-rublia-grade2-2024-headwords.yaml	100644	d1db0089f3742f3e5dd9e4b52997feb431600098	277631	A	lexicon_headword_candidates	extract_textbook_chunk_headword_inventory.py; regenerable with external textbook chunks and VESUM	rule
data/lexicon/source-inventory/grade-02/ukrmova-bolshakova-grade2-2019-glossary.yaml	100644	a22a2b35cedb22006d62933093c8b3a608afdbff	219867	K	lexicon_glossaries	admitted source-backed glosses with nonregenerable review selection	rule
data/lexicon/source-inventory/grade-02/ukrmova-bolshakova-grade2-2019-headwords.yaml	100644	b7e38089067a00e52293330f0004a8e825f33f72	859308	A	lexicon_headword_candidates	extract_textbook_chunk_headword_inventory.py; regenerable with external textbook chunks and VESUM	rule
data/lexicon/source-inventory/grade-02/ukrmova-kravcova-grade2-2019-glossary.yaml	100644	7276f5e00c09928e26d641e196d47f99d96658e0	209166	K	lexicon_glossaries	admitted source-backed glosses with nonregenerable review selection	rule
data/lexicon/source-inventory/grade-02/ukrmova-kravcova-grade2-2019-headwords.yaml	100644	33aa3d0e0a49f3ce6fd2f334080619b5f32b3cf4	1124503	A	lexicon_headword_candidates	extract_textbook_chunk_headword_inventory.py; regenerable with external textbook chunks and VESUM	rule
data/lexicon/source-inventory/grade-02/ukrmova-vashulenko-grade2-2019-glossary.yaml	100644	eec78b153253ecce5030f7584534505b39074092	218860	K	lexicon_glossaries	admitted source-backed glosses with nonregenerable review selection	rule
data/lexicon/source-inventory/grade-02/ukrmova-vashulenko-grade2-2019-headwords.yaml	100644	f179e3a6042616ddc23295e237e46b025c0cf857	962617	A	lexicon_headword_candidates	extract_textbook_chunk_headword_inventory.py; regenerable with external textbook chunks and VESUM	rule
data/lexicon/source-inventory/grade-02/ya-doslidzhuiu-svit-hrushchynska-grade2-2019-glossary.yaml	100644	0fb5c7a2e7c201e58987271f4d8b629c8ee5fd57	223319	K	lexicon_glossaries	admitted source-backed glosses with nonregenerable review selection	rule
data/lexicon/source-inventory/grade-02/ya-doslidzhuiu-svit-hrushchynska-grade2-2019-headwords.yaml	100644	3ff46dce9221a383a4cf9d97eca01b5f8fcba449	530840	A	lexicon_headword_candidates	extract_textbook_chunk_headword_inventory.py; regenerable with external textbook chunks and VESUM	rule
data/lexicon/source-inventory/grade-02/ya-doslidzhuiu-svit-morze-grade2-2019-glossary.yaml	100644	a5ad9702321c3088b747a4d709d465a7bb9c8274	211701	K	lexicon_glossaries	admitted source-backed glosses with nonregenerable review selection	rule
data/lexicon/source-inventory/grade-02/ya-doslidzhuiu-svit-morze-grade2-2019-headwords.yaml	100644	9d76f3c0de6d9c6868aa93c897d4ef0c130e630c	356352	A	lexicon_headword_candidates	extract_textbook_chunk_headword_inventory.py; regenerable with external textbook chunks and VESUM	rule
data/lexicon/source-inventory/grade-03/README.md	100644	e9a71eef90106bf4ffc6420c2ef05eb25a72db6c	7668	K	lexicon_glossaries	textbook inventory guidance	rule
data/lexicon/source-inventory/grade-03/informatyka-morze-grade3-2025-glossary.yaml	100644	60a1e665d54217c14a6fe4de13f16a06d338d5a1	205268	K	lexicon_glossaries	admitted source-backed glosses with nonregenerable review selection	rule
data/lexicon/source-inventory/grade-03/informatyka-morze-grade3-2025-headwords.yaml	100644	04719560bfd003333563675594704ddf472756e7	410408	A	lexicon_headword_candidates	extract_textbook_chunk_headword_inventory.py; regenerable with external textbook chunks and VESUM	rule
data/lexicon/source-inventory/grade-03/matematyka-lystopad-grade3-2020-glossary.yaml	100644	6a6b012ae98321c4a0b170802942ab2c3d4ded83	201248	K	lexicon_glossaries	admitted source-backed glosses with nonregenerable review selection	rule
data/lexicon/source-inventory/grade-03/matematyka-lystopad-grade3-2020-headwords.yaml	100644	886cdf5cb2d67b9249a96458cd092db0784e6f15	564967	A	lexicon_headword_candidates	extract_textbook_chunk_headword_inventory.py; regenerable with external textbook chunks and VESUM	rule
data/lexicon/source-inventory/grade-03/mystetstvo-arystova-grade3-2025-glossary.yaml	100644	0d030859cf3443e22be57255d5bbc4029610bd55	214909	K	lexicon_glossaries	admitted source-backed glosses with nonregenerable review selection	rule
data/lexicon/source-inventory/grade-03/mystetstvo-arystova-grade3-2025-headwords.yaml	100644	7e00a7f4117b916118213024f04673a8792a6583	357049	A	lexicon_headword_candidates	extract_textbook_chunk_headword_inventory.py; regenerable with external textbook chunks and VESUM	rule
data/lexicon/source-inventory/grade-03/ukrmova-kravtsova-grade3-2020-glossary.yaml	100644	ac0ba3687f41996dbe09e023923ada38751d84e1	212533	K	lexicon_glossaries	admitted source-backed glosses with nonregenerable review selection	rule
data/lexicon/source-inventory/grade-03/ukrmova-kravtsova-grade3-2020-headwords.yaml	100644	f4e2471d7eebf9228ca0b7b145aaf70edf3ce20f	771802	A	lexicon_headword_candidates	extract_textbook_chunk_headword_inventory.py; regenerable with external textbook chunks and VESUM	rule
data/lexicon/source-inventory/grade-03/ukrmova-savchenko-grade3-2020-glossary.yaml	100644	909a2647576aa5bb04bd580c990b5fe7cf12f8b9	212613	K	lexicon_glossaries	admitted source-backed glosses with nonregenerable review selection	rule
data/lexicon/source-inventory/grade-03/ukrmova-savchenko-grade3-2020-headwords.yaml	100644	60665855eab381fcb382e14a1fea810b784e63c4	900622	A	lexicon_headword_candidates	extract_textbook_chunk_headword_inventory.py; regenerable with external textbook chunks and VESUM	rule
data/lexicon/source-inventory/grade-03/ya-doslidzhuiu-svit-zharkova-grade3-2020-glossary.yaml	100644	0ad3460ccea0e251fc86b28eac5a4205d0de8dbe	219130	K	lexicon_glossaries	admitted source-backed glosses with nonregenerable review selection	rule
data/lexicon/source-inventory/grade-03/ya-doslidzhuiu-svit-zharkova-grade3-2020-headwords.yaml	100644	b27326e948f12ca4695120a941bc3b10b0042bcf	895230	A	lexicon_headword_candidates	extract_textbook_chunk_headword_inventory.py; regenerable with external textbook chunks and VESUM	rule
data/lexicon/source-inventory/grade-04/README.md	100644	b4b16d3beb28032c2c99ead193a189a4bff0338f	8761	K	lexicon_glossaries	textbook inventory guidance	rule
data/lexicon/source-inventory/grade-04/informatyka-vorontsova-grade4-2021-glossary.yaml	100644	b98c5808a1ad19b3336236eae7f7afb1b8ef80f7	207681	K	lexicon_glossaries	admitted source-backed glosses with nonregenerable review selection	rule
data/lexicon/source-inventory/grade-04/informatyka-vorontsova-grade4-2021-headwords.yaml	100644	acbe48ee4c42d66f596e9d649337f7a2632005cb	354645	A	lexicon_headword_candidates	extract_textbook_chunk_headword_inventory.py; regenerable with external textbook chunks and VESUM	rule
data/lexicon/source-inventory/grade-04/matematyka-ister-grade4-2021-glossary.yaml	100644	cffe9cda4d081a394296b5cb557bb1ff02135e00	202986	K	lexicon_glossaries	admitted source-backed glosses with nonregenerable review selection	rule
data/lexicon/source-inventory/grade-04/matematyka-ister-grade4-2021-headwords.yaml	100644	29b83d175242ff2316e71f5c4a9a0a84e853f080	413483	A	lexicon_headword_candidates	extract_textbook_chunk_headword_inventory.py; regenerable with external textbook chunks and VESUM	rule
data/lexicon/source-inventory/grade-04/mystetstvo-rublia-grade4-2021-glossary.yaml	100644	a1058c303482b65a85d382744bf49e94862a3004	219052	K	lexicon_glossaries	admitted source-backed glosses with nonregenerable review selection	rule
data/lexicon/source-inventory/grade-04/mystetstvo-rublia-grade4-2021-headwords.yaml	100644	278a5e778abf6a012b660277c6fd1c663b1a260c	406966	A	lexicon_headword_candidates	extract_textbook_chunk_headword_inventory.py; regenerable with external textbook chunks and VESUM	rule
data/lexicon/source-inventory/grade-04/ukrmova-kravtsova-grade4-2021-glossary.yaml	100644	5c8590f3fa415238f994d317bbb8578d4be6bc85	215061	K	lexicon_glossaries	admitted source-backed glosses with nonregenerable review selection	rule
data/lexicon/source-inventory/grade-04/ukrmova-kravtsova-grade4-2021-headwords.yaml	100644	8f6e1588016a3bf7d4ac4635d7860e96e576c3de	776487	A	lexicon_headword_candidates	extract_textbook_chunk_headword_inventory.py; regenerable with external textbook chunks and VESUM	rule
data/lexicon/source-inventory/grade-04/ukrmova-ponomarova-grade4-2021-glossary.yaml	100644	56f566368749632a104c320d515e8ec37387471e	216677	K	lexicon_glossaries	admitted source-backed glosses with nonregenerable review selection	rule
data/lexicon/source-inventory/grade-04/ukrmova-ponomarova-grade4-2021-headwords.yaml	100644	a28f9f26aeb48b395fa0c05bdf64a32e1057fabd	859933	A	lexicon_headword_candidates	extract_textbook_chunk_headword_inventory.py; regenerable with external textbook chunks and VESUM	rule
data/lexicon/source-inventory/grade-04/ukrmova-savchenko-grade4-2021-glossary.yaml	100644	5a2b7080d3bb8a63cb302245856b008a13edf53a	213825	K	lexicon_glossaries	admitted source-backed glosses with nonregenerable review selection	rule
data/lexicon/source-inventory/grade-04/ukrmova-savchenko-grade4-2021-headwords.yaml	100644	f552fade70c10eb0f3d83990da8095cb60cb773f	940976	A	lexicon_headword_candidates	extract_textbook_chunk_headword_inventory.py; regenerable with external textbook chunks and VESUM	rule
data/lexicon/source-inventory/grade-04/ukrmova-varzatska-grade4-2021-glossary.yaml	100644	d21693c74e029db861d1f021023f9626e39335be	213947	K	lexicon_glossaries	admitted source-backed glosses with nonregenerable review selection	rule
data/lexicon/source-inventory/grade-04/ukrmova-varzatska-grade4-2021-headwords.yaml	100644	cb5b10df5ece8cee6b9ff486281b88e28b8de98b	780603	A	lexicon_headword_candidates	extract_textbook_chunk_headword_inventory.py; regenerable with external textbook chunks and VESUM	rule
data/lexicon/source-inventory/grade-04/ukrmova-zaharijchuk-grade4-2021-glossary.yaml	100644	57a2f7a379825097bdb642b5a9304209b3b10465	212348	K	lexicon_glossaries	admitted source-backed glosses with nonregenerable review selection	rule
data/lexicon/source-inventory/grade-04/ukrmova-zaharijchuk-grade4-2021-headwords.yaml	100644	c1fa3041f888453e725e6b2c74a172430ad37c76	827188	A	lexicon_headword_candidates	extract_textbook_chunk_headword_inventory.py; regenerable with external textbook chunks and VESUM	rule
data/lexicon/source-inventory/grade-04/ya-doslidzhuiu-svit-zharkova-grade4-2021-glossary.yaml	100644	2f9a60978a2b9e8b1c106a0eafe143c71f44504c	225917	K	lexicon_glossaries	admitted source-backed glosses with nonregenerable review selection	rule
data/lexicon/source-inventory/grade-04/ya-doslidzhuiu-svit-zharkova-grade4-2021-headwords.yaml	100644	a5481557a1d1a62d6e9fe2b8d47c09e4531ba250	1056471	A	lexicon_headword_candidates	extract_textbook_chunk_headword_inventory.py; regenerable with external textbook chunks and VESUM	rule
data/lexicon/source-inventory/grade-05/README.md	100644	a0999b10e4ec4843f037bc2e2a15ea247859513e	12037	K	lexicon_glossaries	textbook inventory guidance	rule
data/lexicon/source-inventory/grade-05/etyka-meleshchenko-grade5-2022-glossary.yaml	100644	e74162371620cb7f982331ade6ba88d230d1c2c7	222863	K	lexicon_glossaries	admitted source-backed glosses with nonregenerable review selection	rule
data/lexicon/source-inventory/grade-05/etyka-meleshchenko-grade5-2022-headwords.yaml	100644	856be89c48ed908df707ed14c098f50c7ab1a7f6	880335	A	lexicon_headword_candidates	extract_textbook_chunk_headword_inventory.py; regenerable with external textbook chunks and VESUM	rule
data/lexicon/source-inventory/grade-05/informatyka-morze-grade5-2022-glossary.yaml	100644	5616967dac13ae836c4cfdd18e5b85b7a5335b78	212401	K	lexicon_glossaries	admitted source-backed glosses with nonregenerable review selection	rule
data/lexicon/source-inventory/grade-05/informatyka-morze-grade5-2022-headwords.yaml	100644	752b57776b30b192961fbb719b804bc6ac725f47	655296	A	lexicon_headword_candidates	extract_textbook_chunk_headword_inventory.py; regenerable with external textbook chunks and VESUM	rule
data/lexicon/source-inventory/grade-05/istoriya-schupak-grade5-2022-glossary.yaml	100644	5ffe1eabce977f429a0670cbe22cff9fcfebd698	209445	K	lexicon_glossaries	admitted source-backed glosses with nonregenerable review selection	rule
data/lexicon/source-inventory/grade-05/istoriya-schupak-grade5-2022-headwords.yaml	100644	d84b7f08de5dd65dd364593d21cecba8f59618ce	826699	A	lexicon_headword_candidates	extract_textbook_chunk_headword_inventory.py; regenerable with external textbook chunks and VESUM	rule
data/lexicon/source-inventory/grade-05/matematyka-ister-grade5-2022-glossary.yaml	100644	1e5e775f699e248cd41ab489ea16b6d96bf8916d	196155	K	lexicon_glossaries	admitted source-backed glosses with nonregenerable review selection	rule
data/lexicon/source-inventory/grade-05/matematyka-ister-grade5-2022-headwords.yaml	100644	2fdb0ac159c51db699bb459d5379badb7c157042	395941	A	lexicon_headword_candidates	extract_textbook_chunk_headword_inventory.py; regenerable with external textbook chunks and VESUM	rule
data/lexicon/source-inventory/grade-05/mystetstvo-rublia-grade5-2022-glossary.yaml	100644	821a8fdbf9c2f1244c32decd2fbfb9bb0c7791c4	217183	K	lexicon_glossaries	admitted source-backed glosses with nonregenerable review selection	rule
data/lexicon/source-inventory/grade-05/mystetstvo-rublia-grade5-2022-headwords.yaml	100644	81bef58ba75ffbe29af2f054226027c5271839d5	787068	A	lexicon_headword_candidates	extract_textbook_chunk_headword_inventory.py; regenerable with external textbook chunks and VESUM	rule
data/lexicon/source-inventory/grade-05/piznaiemo-pryrodu-korshevniuk-grade5-2022-glossary.yaml	100644	06b1646c326e5b74b14c0bec327f42884a54d282	216767	K	lexicon_glossaries	admitted source-backed glosses with nonregenerable review selection	rule
data/lexicon/source-inventory/grade-05/piznaiemo-pryrodu-korshevniuk-grade5-2022-headwords.yaml	100644	1c6cdf68621cc763fb56e488419a60ca8c2eb908	811618	A	lexicon_headword_candidates	extract_textbook_chunk_headword_inventory.py; regenerable with external textbook chunks and VESUM	rule
data/lexicon/source-inventory/grade-05/tekhnolohiyi-bilenko-grade5-2023-glossary.yaml	100644	2ddb3f905ef6f41f8bac04ac65b65bbe1d749ac4	212251	K	lexicon_glossaries	admitted source-backed glosses with nonregenerable review selection	rule
data/lexicon/source-inventory/grade-05/tekhnolohiyi-bilenko-grade5-2023-headwords.yaml	100644	0e4bec8bd994de742628a6b52589e918f653fc8e	865338	A	lexicon_headword_candidates	extract_textbook_chunk_headword_inventory.py; regenerable with external textbook chunks and VESUM	rule
data/lexicon/source-inventory/grade-05/ukrlit-avramenko-grade5-2022-glossary.yaml	100644	83649f05cacd9f752f4e6041526bb90260cf0b08	209788	K	lexicon_glossaries	admitted source-backed glosses with nonregenerable review selection	rule
data/lexicon/source-inventory/grade-05/ukrlit-avramenko-grade5-2022-headwords.yaml	100644	c71b08329b27957c44145cf15a166cd8483e33a5	1593337	A	lexicon_headword_candidates	extract_textbook_chunk_headword_inventory.py; regenerable with external textbook chunks and VESUM	rule
data/lexicon/source-inventory/grade-05/ukrmova-avramenko-grade5-2022-glossary.yaml	100644	2b34abf11514afbe01bd81da8ba3413ec4913361	211529	K	lexicon_glossaries	admitted source-backed glosses with nonregenerable review selection	rule
data/lexicon/source-inventory/grade-05/ukrmova-avramenko-grade5-2022-headwords.yaml	100644	dfe3c09c84ca7c7518e4ddc7c8cd8daa5c6f209b	1200954	A	lexicon_headword_candidates	extract_textbook_chunk_headword_inventory.py; regenerable with external textbook chunks and VESUM	rule
data/lexicon/source-inventory/grade-05/ukrmova-golub-grade5-2022-glossary.yaml	100644	82158a7e564f796ec6af167e179485f238577caa	216874	K	lexicon_glossaries	admitted source-backed glosses with nonregenerable review selection	rule
data/lexicon/source-inventory/grade-05/ukrmova-golub-grade5-2022-headwords.yaml	100644	0e8b2d9f91219027a432bf3c4c95c04bdfef92b1	1312291	A	lexicon_headword_candidates	extract_textbook_chunk_headword_inventory.py; regenerable with external textbook chunks and VESUM	rule
data/lexicon/source-inventory/grade-05/ukrmova-litvinova-grade5-2022-glossary.yaml	100644	8ec2e71930f748d0606245a475fff8aaab877341	210741	K	lexicon_glossaries	admitted source-backed glosses with nonregenerable review selection	rule
data/lexicon/source-inventory/grade-05/ukrmova-litvinova-grade5-2022-headwords.yaml	100644	244e92599b902b15ff92c885f1713dcdb87b9d6d	1072055	A	lexicon_headword_candidates	extract_textbook_chunk_headword_inventory.py; regenerable with external textbook chunks and VESUM	rule
data/lexicon/source-inventory/grade-05/ukrmova-zabolotnyi-grade5-2023-glossary.yaml	100644	8a8967e7e422e753302c869ba11bcb41726a3d89	210005	K	lexicon_glossaries	admitted source-backed glosses with nonregenerable review selection	rule
data/lexicon/source-inventory/grade-05/ukrmova-zabolotnyi-grade5-2023-headwords.yaml	100644	85f14e0bfb619dac3d81bed481aa804a5fe9403a	1025464	A	lexicon_headword_candidates	extract_textbook_chunk_headword_inventory.py; regenerable with external textbook chunks and VESUM	rule
data/lexicon/source-inventory/grade-05/zarubizhna-literatura-voloshchuk-grade5-2022-glossary.yaml	100644	f4c8003f650bb55ef83a015889cc7b10cae96eb5	209904	K	lexicon_glossaries	admitted source-backed glosses with nonregenerable review selection	rule
data/lexicon/source-inventory/grade-05/zarubizhna-literatura-voloshchuk-grade5-2022-headwords.yaml	100644	06cd5123c00fd6c70795aa74fefe5668efc0f670	1424654	A	lexicon_headword_candidates	extract_textbook_chunk_headword_inventory.py; regenerable with external textbook chunks and VESUM	rule
data/lexicon/source-inventory/grade-05/zdorovia-vorontsova-grade5-2022-glossary.yaml	100644	925a551190b6ce63ee36e5ca4b6a0ec5d367604c	204174	K	lexicon_glossaries	admitted source-backed glosses with nonregenerable review selection	rule
data/lexicon/source-inventory/grade-05/zdorovia-vorontsova-grade5-2022-headwords.yaml	100644	00d48b413dca505860cdce3cb541d4c7fd888f53	592108	A	lexicon_headword_candidates	extract_textbook_chunk_headword_inventory.py; regenerable with external textbook chunks and VESUM	rule
data/lexicon/source-inventory/grade-06/README.md	100644	9d2bea700d8d97223c3e5ab50b04cedf4857b708	9905	K	lexicon_glossaries	textbook inventory guidance	rule
data/lexicon/source-inventory/grade-06/etyka-martyniuk-grade6-2023-glossary.yaml	100644	b07f62ad70c88908d69d197d18a93035780820db	222069	K	lexicon_glossaries	admitted source-backed glosses with nonregenerable review selection	rule
data/lexicon/source-inventory/grade-06/etyka-martyniuk-grade6-2023-headwords.yaml	100644	68931a167e110e3c54fdbbd7166f691e6386bbb9	593617	A	lexicon_headword_candidates	extract_textbook_chunk_headword_inventory.py; regenerable with external textbook chunks and VESUM	rule
data/lexicon/source-inventory/grade-06/heohrafiya-zapotockyi-grade6-2023-glossary.yaml	100644	d8aaf80b64c379fb07da3ee134ce294dd8085ccb	221012	K	lexicon_glossaries	admitted source-backed glosses with nonregenerable review selection	rule
data/lexicon/source-inventory/grade-06/heohrafiya-zapotockyi-grade6-2023-headwords.yaml	100644	b56fec8556b496765e4d5069547cf7841358e368	1172713	A	lexicon_headword_candidates	extract_textbook_chunk_headword_inventory.py; regenerable with external textbook chunks and VESUM	rule
data/lexicon/source-inventory/grade-06/informatyka-bondarenko-grade6-2023-glossary.yaml	100644	a9593aa0fdc38f49a9f4c08c9f60bf0c17d8a14d	210910	K	lexicon_glossaries	admitted source-backed glosses with nonregenerable review selection	rule
data/lexicon/source-inventory/grade-06/informatyka-bondarenko-grade6-2023-headwords.yaml	100644	e7b495d2ee802a66d7a732b1a75e8c251b664506	522868	A	lexicon_headword_candidates	extract_textbook_chunk_headword_inventory.py; regenerable with external textbook chunks and VESUM	rule
data/lexicon/source-inventory/grade-06/istoriia-shchupak-grade6-2023-glossary.yaml	100644	0a46b959252704ddd7931e93960315acf10d6d0e	202539	K	lexicon_glossaries	admitted source-backed glosses with nonregenerable review selection	rule
data/lexicon/source-inventory/grade-06/istoriia-shchupak-grade6-2023-headwords.yaml	100644	3a904c387fbe151361be36c9981790448f91f215	1124736	A	lexicon_headword_candidates	extract_textbook_chunk_headword_inventory.py; regenerable with external textbook chunks and VESUM	rule
data/lexicon/source-inventory/grade-06/istoriya-gisem-grade6-2023-glossary.yaml	100644	2cb76bef572f7717cf5cb46dff3f2b4ff870135e	213154	K	lexicon_glossaries	admitted source-backed glosses with nonregenerable review selection	rule
data/lexicon/source-inventory/grade-06/istoriya-gisem-grade6-2023-headwords.yaml	100644	2665245dbfa5fc5d990fa380015115a6a84b8851	993778	A	lexicon_headword_candidates	extract_textbook_chunk_headword_inventory.py; regenerable with external textbook chunks and VESUM	rule
data/lexicon/source-inventory/grade-06/matematyka-tarasenkova-grade6-2023-glossary.yaml	100644	00eda35f96be7030add6bc0dcb1aa9451aa3b6a1	202817	K	lexicon_glossaries	admitted source-backed glosses with nonregenerable review selection	rule
data/lexicon/source-inventory/grade-06/matematyka-tarasenkova-grade6-2023-headwords.yaml	100644	0c219d41734c306349efb9ca7254d3243d95099d	824574	A	lexicon_headword_candidates	extract_textbook_chunk_headword_inventory.py; regenerable with external textbook chunks and VESUM	rule
data/lexicon/source-inventory/grade-06/mystetstvo-rublia-grade6-2023-glossary.yaml	100644	997b50550315810d77a48d15fc6a2d70e2fc3548	215267	K	lexicon_glossaries	admitted source-backed glosses with nonregenerable review selection	rule
data/lexicon/source-inventory/grade-06/mystetstvo-rublia-grade6-2023-headwords.yaml	100644	434eefff998762e8fb004f04280d79e280bd3fc2	755414	A	lexicon_headword_candidates	extract_textbook_chunk_headword_inventory.py; regenerable with external textbook chunks and VESUM	rule
data/lexicon/source-inventory/grade-06/piznaemo-pryrodu-korshevniuk-grade6-2023-glossary.yaml	100644	7b6321b942dd107b2f4a3ee94aa329e015a779e9	215158	K	lexicon_glossaries	admitted source-backed glosses with nonregenerable review selection	rule
data/lexicon/source-inventory/grade-06/piznaemo-pryrodu-korshevniuk-grade6-2023-headwords.yaml	100644	32a33e24ea5617602c572f57fe0775de215208ca	740462	A	lexicon_headword_candidates	extract_textbook_chunk_headword_inventory.py; regenerable with external textbook chunks and VESUM	rule
data/lexicon/source-inventory/grade-06/tekhnolohiyi-bilenko-grade6-2023-glossary.yaml	100644	c2f008e97b24faf049af50a0ef0dc540785bc9d9	208061	K	lexicon_glossaries	admitted source-backed glosses with nonregenerable review selection	rule
data/lexicon/source-inventory/grade-06/tekhnolohiyi-bilenko-grade6-2023-headwords.yaml	100644	f7ac989d427249c1527ff3a9d650a3374f619e41	886980	A	lexicon_headword_candidates	extract_textbook_chunk_headword_inventory.py; regenerable with external textbook chunks and VESUM	rule
data/lexicon/source-inventory/grade-06/ukrlit-avramenko-grade6-2023-glossary.yaml	100644	3e4308c0a47c7174c183e9fb83b8ccd25c20a5de	208894	K	lexicon_glossaries	admitted source-backed glosses with nonregenerable review selection	rule
data/lexicon/source-inventory/grade-06/ukrlit-avramenko-grade6-2023-headwords.yaml	100644	bd32a04325bcb7f8ca4e41f676dc3b3edc49b407	1503158	A	lexicon_headword_candidates	extract_textbook_chunk_headword_inventory.py; regenerable with external textbook chunks and VESUM	rule
data/lexicon/source-inventory/grade-06/ukrmova-avramenko-grade6-2023-glossary.yaml	100644	67b764bf7d2dcc9277af54d0758b04f113292b8f	213281	K	lexicon_glossaries	admitted source-backed glosses with nonregenerable review selection	rule
data/lexicon/source-inventory/grade-06/ukrmova-avramenko-grade6-2023-headwords.yaml	100644	1336a61cd75d2d6fbef2016dc0d6c4e6586482b4	1322820	A	lexicon_headword_candidates	extract_textbook_chunk_headword_inventory.py; regenerable with external textbook chunks and VESUM	rule
data/lexicon/source-inventory/grade-06/ukrmova-golub-grade6-2023-glossary.yaml	100644	569ee67d07bcdaf8ee1ae63a0a1a7daac8e22258	212687	K	lexicon_glossaries	admitted source-backed glosses with nonregenerable review selection	rule
data/lexicon/source-inventory/grade-06/ukrmova-golub-grade6-2023-headwords.yaml	100644	18221f33577ef083c3211f5b5aed7704189088ef	1348110	A	lexicon_headword_candidates	extract_textbook_chunk_headword_inventory.py; regenerable with external textbook chunks and VESUM	rule
data/lexicon/source-inventory/grade-06/ukrmova-litvinova-grade6-2023-glossary.yaml	100644	8fdaa1fad9fb61ca5e6b304ebd11e79ef18963b6	211336	K	lexicon_glossaries	admitted source-backed glosses with nonregenerable review selection	rule
data/lexicon/source-inventory/grade-06/ukrmova-litvinova-grade6-2023-headwords.yaml	100644	63ed1a1ae60cdafd59b16f15c19dd28fcc0a5f30	1133607	A	lexicon_headword_candidates	extract_textbook_chunk_headword_inventory.py; regenerable with external textbook chunks and VESUM	rule
data/lexicon/source-inventory/grade-06/zarubizhna-literatura-voloshchuk-grade6-2023-glossary.yaml	100644	7c50e09734a52d20fab4acf35901dc34d1bf81ff	210439	K	lexicon_glossaries	admitted source-backed glosses with nonregenerable review selection	rule
data/lexicon/source-inventory/grade-06/zarubizhna-literatura-voloshchuk-grade6-2023-headwords.yaml	100644	23f826e098aad53d661b386f9070b92bbb51e4b7	1567475	A	lexicon_headword_candidates	extract_textbook_chunk_headword_inventory.py; regenerable with external textbook chunks and VESUM	rule
data/lexicon/source-inventory/grade-06/zdorovia-vorontsova-grade6-2023-glossary.yaml	100644	738e6847924740241e8b720ab520dfb6b4119b3b	213202	K	lexicon_glossaries	admitted source-backed glosses with nonregenerable review selection	rule
data/lexicon/source-inventory/grade-06/zdorovia-vorontsova-grade6-2023-headwords.yaml	100644	7d5dbeb961120cd1aa0dd9cfd864086f01fbae8e	459390	A	lexicon_headword_candidates	extract_textbook_chunk_headword_inventory.py; regenerable with external textbook chunks and VESUM	rule
data/lexicon/source-inventory/grade-07/README.md	100644	d802bb8ea5160d278c12b267e33c4ac6c221873c	10523	K	lexicon_glossaries	textbook inventory guidance	rule
data/lexicon/source-inventory/grade-07/algebra-merzliak-grade7-2024-glossary.yaml	100644	708c99d8959ba076f47c88d5076f854f377bf913	199244	K	lexicon_glossaries	admitted source-backed glosses with nonregenerable review selection	rule
data/lexicon/source-inventory/grade-07/algebra-merzliak-grade7-2024-headwords.yaml	100644	4c68c91423ee7e1e2b243bc399275f7da879e3b3	622217	A	lexicon_headword_candidates	extract_textbook_chunk_headword_inventory.py; regenerable with external textbook chunks and VESUM	rule
data/lexicon/source-inventory/grade-07/biolohiya-sobol-grade7-2024-glossary.yaml	100644	5321d2c68f9e6bd9330348042bb21f268d8db715	216357	K	lexicon_glossaries	admitted source-backed glosses with nonregenerable review selection	rule
data/lexicon/source-inventory/grade-07/biolohiya-sobol-grade7-2024-headwords.yaml	100644	46dce0f4ad560207a9f62c3344c85066d6ca95c0	1482147	A	lexicon_headword_candidates	extract_textbook_chunk_headword_inventory.py; regenerable with external textbook chunks and VESUM	rule
data/lexicon/source-inventory/grade-07/fizyka-bariakhtar-grade7-2024-glossary.yaml	100644	46537e19d1ca079378b20494ff0e66cb09c644cf	206909	K	lexicon_glossaries	admitted source-backed glosses with nonregenerable review selection	rule
data/lexicon/source-inventory/grade-07/fizyka-bariakhtar-grade7-2024-headwords.yaml	100644	d671c10ef9f2a28a8aa6c6294a63ca1b7743c535	728878	A	lexicon_headword_candidates	extract_textbook_chunk_headword_inventory.py; regenerable with external textbook chunks and VESUM	rule
data/lexicon/source-inventory/grade-07/heohrafiya-dovhan-grade7-2024-glossary.yaml	100644	718f64a694ea75fba59295ac4d9b2a63cc8871bf	215246	K	lexicon_glossaries	admitted source-backed glosses with nonregenerable review selection	rule
data/lexicon/source-inventory/grade-07/heohrafiya-dovhan-grade7-2024-headwords.yaml	100644	df003fdf89f17d3f7e0754cc238b4a366a0570c0	1144717	A	lexicon_headword_candidates	extract_textbook_chunk_headword_inventory.py; regenerable with external textbook chunks and VESUM	rule
data/lexicon/source-inventory/grade-07/heometriya-merzliak-grade7-2024-glossary.yaml	100644	f32fb9d3167083dd2a2c0cc8753feb35bd6cd269	198419	K	lexicon_glossaries	admitted source-backed glosses with nonregenerable review selection	rule
data/lexicon/source-inventory/grade-07/heometriya-merzliak-grade7-2024-headwords.yaml	100644	d421d3ac88e4aecd9530cbb0fdb8a4b1504f9038	528723	A	lexicon_headword_candidates	extract_textbook_chunk_headword_inventory.py; regenerable with external textbook chunks and VESUM	rule
data/lexicon/source-inventory/grade-07/informatyka-bondarenko-grade7-2024-glossary.yaml	100644	abdda3e2102c2987545c193ac55d96bebfb05b1d	206637	K	lexicon_glossaries	admitted source-backed glosses with nonregenerable review selection	rule
data/lexicon/source-inventory/grade-07/informatyka-bondarenko-grade7-2024-headwords.yaml	100644	a5114c4f3478ab7f6175084c6708adb47bbd4d8c	628274	A	lexicon_headword_candidates	extract_textbook_chunk_headword_inventory.py; regenerable with external textbook chunks and VESUM	rule
data/lexicon/source-inventory/grade-07/istoria-ukr-hlibovska-grade7-2024-glossary.yaml	100644	19e93cfd9bc8886d16953782eb5375e9f2269bd0	202864	K	lexicon_glossaries	admitted source-backed glosses with nonregenerable review selection	rule
data/lexicon/source-inventory/grade-07/istoria-ukr-hlibovska-grade7-2024-headwords.yaml	100644	1846c2b28d17974326e36989d94231e426ad861f	933805	A	lexicon_headword_candidates	extract_textbook_chunk_headword_inventory.py; regenerable with external textbook chunks and VESUM	rule
data/lexicon/source-inventory/grade-07/istoriya-shchupak-grade7-2024-glossary.yaml	100644	a2791796f6c465aa161c888b5237362c69d9fc0d	213166	K	lexicon_glossaries	admitted source-backed glosses with nonregenerable review selection	rule
data/lexicon/source-inventory/grade-07/istoriya-shchupak-grade7-2024-headwords-1.yaml	100644	78391a61f1dfd70a05263fa606c3a62ed6004b3a	1263176	A	lexicon_headword_candidates	extract_textbook_chunk_headword_inventory.py; regenerable with external textbook chunks and VESUM	rule
data/lexicon/source-inventory/grade-07/istoriya-shchupak-grade7-2024-headwords-2.yaml	100644	ce398ed9594f21ee71a116a7257992f3f417e73b	1683500	A	lexicon_headword_candidates	extract_textbook_chunk_headword_inventory.py; regenerable with external textbook chunks and VESUM	rule
data/lexicon/source-inventory/grade-07/khimiya-hryhorovych-grade7-2024-glossary.yaml	100644	59966fe1602d3c50d528fdb53788973d762e39c3	207984	K	lexicon_glossaries	admitted source-backed glosses with nonregenerable review selection	rule
data/lexicon/source-inventory/grade-07/khimiya-hryhorovych-grade7-2024-headwords.yaml	100644	e661f2338ec86f845088a4dcdb7d0225906b1b33	528841	A	lexicon_headword_candidates	extract_textbook_chunk_headword_inventory.py; regenerable with external textbook chunks and VESUM	rule
data/lexicon/source-inventory/grade-07/mystetstvo-masol-grade7-2024-glossary.yaml	100644	169f3d02b6c44c242751fa51e67496e978030670	211463	K	lexicon_glossaries	admitted source-backed glosses with nonregenerable review selection	rule
data/lexicon/source-inventory/grade-07/mystetstvo-masol-grade7-2024-headwords.yaml	100644	44331313c575614c8996bc47000070180a411dcd	1137340	A	lexicon_headword_candidates	extract_textbook_chunk_headword_inventory.py; regenerable with external textbook chunks and VESUM	rule
data/lexicon/source-inventory/grade-07/tekhnolohiyi-bilenko-grade7-2024-glossary.yaml	100644	679dcfb272e1f74333b21ef08bd29ac5aa066db0	206903	K	lexicon_glossaries	admitted source-backed glosses with nonregenerable review selection	rule
data/lexicon/source-inventory/grade-07/tekhnolohiyi-bilenko-grade7-2024-headwords.yaml	100644	c5e2943d1a6a0c1689555db019e68a06b5323646	625637	A	lexicon_headword_candidates	extract_textbook_chunk_headword_inventory.py; regenerable with external textbook chunks and VESUM	rule
data/lexicon/source-inventory/grade-07/ukrlit-avramenko-grade7-2024-glossary.yaml	100644	44ff0780922ebdb7f1b077045dddf132609a0fef	209264	K	lexicon_glossaries	admitted source-backed glosses with nonregenerable review selection	rule
data/lexicon/source-inventory/grade-07/ukrlit-avramenko-grade7-2024-headwords.yaml	100644	84fe00d1fbe7e64d95319127604a756fd50d36d1	1696950	A	lexicon_headword_candidates	extract_textbook_chunk_headword_inventory.py; regenerable with external textbook chunks and VESUM	rule
data/lexicon/source-inventory/grade-07/ukrlit-zabolotnyi-grade7-2024-glossary.yaml	100644	8838df4fb36d43c27dd5c1cc4dbd423d62d1289d	209470	K	lexicon_glossaries	admitted source-backed glosses with nonregenerable review selection	rule
data/lexicon/source-inventory/grade-07/ukrlit-zabolotnyi-grade7-2024-headwords.yaml	100644	a73d0727716a4f65009dd513d0d4aec9697da9b5	1595581	A	lexicon_headword_candidates	extract_textbook_chunk_headword_inventory.py; regenerable with external textbook chunks and VESUM	rule
data/lexicon/source-inventory/grade-07/ukrmova-avramenko-grade7-2024-glossary.yaml	100644	df15b74aa66c120cc00b9e3f0ca6ca166dfe9bc6	207788	K	lexicon_glossaries	admitted source-backed glosses with nonregenerable review selection	rule
data/lexicon/source-inventory/grade-07/ukrmova-avramenko-grade7-2024-headwords.yaml	100644	6e9e6bae0890a26206836632fa0e9d9ca09cac18	1332929	A	lexicon_headword_candidates	extract_textbook_chunk_headword_inventory.py; regenerable with external textbook chunks and VESUM	rule
data/lexicon/source-inventory/grade-07/zarlit-nikolenko-grade7-2024-glossary.yaml	100644	a01243702891a21341bc42d2d89d00c06035cd8b	212852	K	lexicon_glossaries	admitted source-backed glosses with nonregenerable review selection	rule
data/lexicon/source-inventory/grade-07/zarlit-nikolenko-grade7-2024-headwords.yaml	100644	9b794c7ffe237bb2b1bbf51849587c4150ffd34c	1418084	A	lexicon_headword_candidates	extract_textbook_chunk_headword_inventory.py; regenerable with external textbook chunks and VESUM	rule
data/lexicon/source-inventory/grade-07/zdorovia-guschyna-grade7-2024-glossary.yaml	100644	44a0727c06dda5d6ba02632b527ec68a848668d9	217105	K	lexicon_glossaries	admitted source-backed glosses with nonregenerable review selection	rule
data/lexicon/source-inventory/grade-07/zdorovia-guschyna-grade7-2024-headwords.yaml	100644	4fe7995ccd24f87f6dc81ac201e803d147c7e54c	949769	A	lexicon_headword_candidates	extract_textbook_chunk_headword_inventory.py; regenerable with external textbook chunks and VESUM	rule
data/lexicon/source-inventory/grade-08/README.md	100644	f3b8be2133e20bda242a064ed3aba54c75b089cc	14406	K	lexicon_glossaries	textbook inventory guidance	rule
data/lexicon/source-inventory/grade-08/algebra-tarasenkova-grade8-2025-glossary.yaml	100644	8e3f061760788f57c91b426a454304d2a170a652	202242	K	lexicon_glossaries	admitted source-backed glosses with nonregenerable review selection	rule
data/lexicon/source-inventory/grade-08/algebra-tarasenkova-grade8-2025-headwords.yaml	100644	261229c819f968e41ad08371dac6a605628de9e3	593587	A	lexicon_headword_candidates	extract_textbook_chunk_headword_inventory.py; regenerable with external textbook chunks and VESUM	rule
data/lexicon/source-inventory/grade-08/biolohiya-anderson-grade8-2025-glossary.yaml	100644	17a86f5d5dcfe5f9399b3e8c2e4cce76604c3313	216601	K	lexicon_glossaries	admitted source-backed glosses with nonregenerable review selection	rule
data/lexicon/source-inventory/grade-08/biolohiya-anderson-grade8-2025-headwords.yaml	100644	b41246ea5952588b265779e318ca21c46a2c8323	1061754	A	lexicon_headword_candidates	extract_textbook_chunk_headword_inventory.py; regenerable with external textbook chunks and VESUM	rule
data/lexicon/source-inventory/grade-08/finans-plastun-grade8-2025-glossary.yaml	100644	05b46e4a745febaebe9b250cc895e53b51322923	212975	K	lexicon_glossaries	admitted source-backed glosses with nonregenerable review selection	rule
data/lexicon/source-inventory/grade-08/finans-plastun-grade8-2025-headwords.yaml	100644	f7c66a6ca40fd5a95a7723ef07e5afc2e011454e	886480	A	lexicon_headword_candidates	extract_textbook_chunk_headword_inventory.py; regenerable with external textbook chunks and VESUM	rule
data/lexicon/source-inventory/grade-08/fizyka-bariakhtar-grade8-2025-glossary.yaml	100644	f55a7fb0beeda48ccb30d5d638c3c7e2ba851c90	210539	K	lexicon_glossaries	admitted source-backed glosses with nonregenerable review selection	rule
data/lexicon/source-inventory/grade-08/fizyka-bariakhtar-grade8-2025-headwords.yaml	100644	6a4b42ccce813bd57d0447be8e299e98de31c477	859152	A	lexicon_headword_candidates	extract_textbook_chunk_headword_inventory.py; regenerable with external textbook chunks and VESUM	rule
data/lexicon/source-inventory/grade-08/heohrafiya-hilberh-grade8-2025-glossary.yaml	100644	ab12ad263204bab03baab2df51cab86d7d6a39d6	212601	K	lexicon_glossaries	admitted source-backed glosses with nonregenerable review selection	rule
data/lexicon/source-inventory/grade-08/heohrafiya-hilberh-grade8-2025-headwords.yaml	100644	051cead07ac94f7ae81c4ee6cd9c8ffe9294d5d8	1103747	A	lexicon_headword_candidates	extract_textbook_chunk_headword_inventory.py; regenerable with external textbook chunks and VESUM	rule
data/lexicon/source-inventory/grade-08/heometriya-burda-tarasenkova-grade8-2025-glossary.yaml	100644	fae3d5321990bf3ffd46d2d16ef51a03d78f807f	181572	K	lexicon_glossaries	admitted source-backed glosses with nonregenerable review selection	rule
data/lexicon/source-inventory/grade-08/heometriya-burda-tarasenkova-grade8-2025-headwords.yaml	100644	f147ba54378bcd6d3346c8b98a7c09d77236ef37	450298	A	lexicon_headword_candidates	extract_textbook_chunk_headword_inventory.py; regenerable with external textbook chunks and VESUM	rule
data/lexicon/source-inventory/grade-08/hromadianska-osvita-vasylkiv-grade8-2025-glossary.yaml	100644	8c9e17fe61741db3dada1002e57629716b29746c	215445	K	lexicon_glossaries	admitted source-backed glosses with nonregenerable review selection	rule
data/lexicon/source-inventory/grade-08/hromadianska-osvita-vasylkiv-grade8-2025-headwords.yaml	100644	7f1c8cc010b7aaf69957a04570955db92e789a7d	523199	A	lexicon_headword_candidates	extract_textbook_chunk_headword_inventory.py; regenerable with external textbook chunks and VESUM	rule
data/lexicon/source-inventory/grade-08/informatyka-ryvkind-grade8-2025-glossary.yaml	100644	f065fb5533de0907fe2b99452282516675f8b5ab	213031	K	lexicon_glossaries	admitted source-backed glosses with nonregenerable review selection	rule
data/lexicon/source-inventory/grade-08/informatyka-ryvkind-grade8-2025-headwords.yaml	100644	eac685ce765f331a953c6069fde840e592b627d5	974019	A	lexicon_headword_candidates	extract_textbook_chunk_headword_inventory.py; regenerable with external textbook chunks and VESUM	rule
data/lexicon/source-inventory/grade-08/istoria-ukr-hlibovska-grade8-2025-glossary.yaml	100644	b5a9290a16167f6982e19490815b754a806327b8	206770	K	lexicon_glossaries	admitted source-backed glosses with nonregenerable review selection	rule
data/lexicon/source-inventory/grade-08/istoria-ukr-hlibovska-grade8-2025-headwords.yaml	100644	3d062859ae82fe8588b2a3eff61c3c36287ea421	1361903	A	lexicon_headword_candidates	extract_textbook_chunk_headword_inventory.py; regenerable with external textbook chunks and VESUM	rule
data/lexicon/source-inventory/grade-08/istoria-ukr-schupak-grade8-2025-glossary.yaml	100644	d73aa53e9f287e9481600ee501c85a25a7da23c1	205622	K	lexicon_glossaries	admitted source-backed glosses with nonregenerable review selection	rule
data/lexicon/source-inventory/grade-08/istoria-ukr-schupak-grade8-2025-headwords.yaml	100644	56947aface47939a28c57e78eb36cab56213f872	1233720	A	lexicon_headword_candidates	extract_textbook_chunk_headword_inventory.py; regenerable with external textbook chunks and VESUM	rule
data/lexicon/source-inventory/grade-08/istoria-vsesvitnia-ladychenko-grade8-2025-glossary.yaml	100644	bd5d57b2c8fb5e8a7e91c10f8ddc3859f0893ae2	203763	K	lexicon_glossaries	admitted source-backed glosses with nonregenerable review selection	rule
data/lexicon/source-inventory/grade-08/istoria-vsesvitnia-ladychenko-grade8-2025-headwords.yaml	100644	965c75b7e22b9d096a97dd3ffdc66d44870ac10b	1168483	A	lexicon_headword_candidates	extract_textbook_chunk_headword_inventory.py; regenerable with external textbook chunks and VESUM	rule
data/lexicon/source-inventory/grade-08/khimiya-hryhorovych-grade8-2025-glossary.yaml	100644	7762517ab546dbedf77e25c631aa59199334ec21	201097	K	lexicon_glossaries	admitted source-backed glosses with nonregenerable review selection	rule
data/lexicon/source-inventory/grade-08/khimiya-hryhorovych-grade8-2025-headwords.yaml	100644	d5bb5356ade01d686a72dfcc8c69294f397f8c32	788081	A	lexicon_headword_candidates	extract_textbook_chunk_headword_inventory.py; regenerable with external textbook chunks and VESUM	rule
data/lexicon/source-inventory/grade-08/mystetstvo-komarovska-grade8-2025-glossary.yaml	100644	75f90a4f777511c463638ca2f090977710962406	205137	K	lexicon_glossaries	admitted source-backed glosses with nonregenerable review selection	rule
data/lexicon/source-inventory/grade-08/mystetstvo-komarovska-grade8-2025-headwords.yaml	100644	5e30c12f72dc71042f447f9660a8b3e8a93cfcaa	1005765	A	lexicon_headword_candidates	extract_textbook_chunk_headword_inventory.py; regenerable with external textbook chunks and VESUM	rule
data/lexicon/source-inventory/grade-08/pryrodnychi-nauky-mandrenko-grade8-2025-glossary.yaml	100644	1fa49d77f47db85defda897be6a1f20a7b8a5073	212959	K	lexicon_glossaries	admitted source-backed glosses with nonregenerable review selection	rule
data/lexicon/source-inventory/grade-08/pryrodnychi-nauky-mandrenko-grade8-2025-headwords.yaml	100644	c665ac12c94150b09f333572a7b71940fd82c09c	858357	A	lexicon_headword_candidates	extract_textbook_chunk_headword_inventory.py; regenerable with external textbook chunks and VESUM	rule
data/lexicon/source-inventory/grade-08/tekhnolohiyi-bilenko-grade8-2025-glossary.yaml	100644	7bb8bdecfffc774e564b4b1c2b8e7aa6358988fc	212758	K	lexicon_glossaries	admitted source-backed glosses with nonregenerable review selection	rule
data/lexicon/source-inventory/grade-08/tekhnolohiyi-bilenko-grade8-2025-headwords.yaml	100644	ad04482279ad0d95e7cb8b72a2d63158bbe0db59	717474	A	lexicon_headword_candidates	extract_textbook_chunk_headword_inventory.py; regenerable with external textbook chunks and VESUM	rule
data/lexicon/source-inventory/grade-08/ukrlit-avramenko-grade8-2025-glossary.yaml	100644	80be707e9620ecf1c740f4aaec7017f6bbaf1f88	203396	K	lexicon_glossaries	admitted source-backed glosses with nonregenerable review selection	rule
data/lexicon/source-inventory/grade-08/ukrlit-avramenko-grade8-2025-headwords.yaml	100644	9fd69c3e20a32f3796faec04f5a21b03522f65f4	1812094	A	lexicon_headword_candidates	extract_textbook_chunk_headword_inventory.py; regenerable with external textbook chunks and VESUM	rule
data/lexicon/source-inventory/grade-08/ukrlit-zabolotnyi-grade8-2025-glossary.yaml	100644	a1c3d09dd57727cade0bde0439116dc679d74ead	206244	K	lexicon_glossaries	admitted source-backed glosses with nonregenerable review selection	rule
data/lexicon/source-inventory/grade-08/ukrlit-zabolotnyi-grade8-2025-headwords.yaml	100644	b6765069048a376066a0c6f6dda5833e9dde84af	1667750	A	lexicon_headword_candidates	extract_textbook_chunk_headword_inventory.py; regenerable with external textbook chunks and VESUM	rule
data/lexicon/source-inventory/grade-08/ukrmova-avramenko-grade8-2025-glossary.yaml	100644	580343c7154e51589559177f16c7c6ab2b9abbc4	206289	K	lexicon_glossaries	admitted source-backed glosses with nonregenerable review selection	rule
data/lexicon/source-inventory/grade-08/ukrmova-avramenko-grade8-2025-headwords.yaml	100644	50e8ec620315f34fa10d0ce69aaaf4b6005af32c	1361603	A	lexicon_headword_candidates	extract_textbook_chunk_headword_inventory.py; regenerable with external textbook chunks and VESUM	rule
data/lexicon/source-inventory/grade-08/ukrmova-zabolotnyi-grade8-2025-glossary.yaml	100644	e5b74d9c60145fdd4f78ea1a551fb914e0828393	208183	K	lexicon_glossaries	admitted source-backed glosses with nonregenerable review selection	rule
data/lexicon/source-inventory/grade-08/ukrmova-zabolotnyi-grade8-2025-headwords.yaml	100644	417ee18f21d33020a39c6fcf85fd7a760b668837	1637675	A	lexicon_headword_candidates	extract_textbook_chunk_headword_inventory.py; regenerable with external textbook chunks and VESUM	rule
data/lexicon/source-inventory/grade-08/zarlit-voloschuk-grade8-2025-glossary.yaml	100644	be7ef9b8767bf1e52fd52888c3ba2fb2a5e3f7b9	208549	K	lexicon_glossaries	admitted source-backed glosses with nonregenerable review selection	rule
data/lexicon/source-inventory/grade-08/zarlit-voloschuk-grade8-2025-headwords.yaml	100644	864e87648878bfaf5d2f3cbb1177f33fea57d3c2	1711031	A	lexicon_headword_candidates	extract_textbook_chunk_headword_inventory.py; regenerable with external textbook chunks and VESUM	rule
data/lexicon/source-inventory/grade-08/zdorovia-vasylenko-grade8-2025-glossary.yaml	100644	61b2fb470d7ae4da5af46238143c052951f4a909	217797	K	lexicon_glossaries	admitted source-backed glosses with nonregenerable review selection	rule
data/lexicon/source-inventory/grade-08/zdorovia-vasylenko-grade8-2025-headwords.yaml	100644	13e5ac719f67a64ad22ab06c3fa6a77c6b938946	1038894	A	lexicon_headword_candidates	extract_textbook_chunk_headword_inventory.py; regenerable with external textbook chunks and VESUM	rule
data/lexicon/source-inventory/grade-09/README.md	100644	1735798c6a77f853d92153f8bca87d6ca2c51789	14428	K	lexicon_glossaries	textbook inventory guidance	rule
data/lexicon/source-inventory/grade-09/algebra-merzliak-grade9-2017-glossary.yaml	100644	c55200a4d8376722b327b09a858ae0f82e4497ab	201594	K	lexicon_glossaries	admitted source-backed glosses with nonregenerable review selection	rule
data/lexicon/source-inventory/grade-09/algebra-merzliak-grade9-2017-headwords.yaml	100644	5413338e53928bf109f2f982185a2fbcde82409e	546861	A	lexicon_headword_candidates	extract_textbook_chunk_headword_inventory.py; regenerable with external textbook chunks and VESUM	rule
data/lexicon/source-inventory/grade-09/algebra-tarasenkova-grade9-2026-glossary.yaml	100644	aec0f318f84109eb8370b6d4a1168f2b49e9e512	206344	K	lexicon_glossaries	admitted source-backed glosses with nonregenerable review selection	rule
data/lexicon/source-inventory/grade-09/algebra-tarasenkova-grade9-2026-headwords.yaml	100644	14b4f8fb14a73481224b55ce5ca93d1742857968	624465	A	lexicon_headword_candidates	extract_textbook_chunk_headword_inventory.py; regenerable with external textbook chunks and VESUM	rule
data/lexicon/source-inventory/grade-09/biolohiya-zadorozhnyi-grade9-2026-glossary.yaml	100644	d07f421da271de3d499e4b7f78fd681ad3f14e16	210242	K	lexicon_glossaries	admitted source-backed glosses with nonregenerable review selection	rule
data/lexicon/source-inventory/grade-09/biolohiya-zadorozhnyi-grade9-2026-headwords.yaml	100644	6e30dec8cf854db52a91ecc0266d7d7aca0e5e6b	1000095	A	lexicon_headword_candidates	extract_textbook_chunk_headword_inventory.py; regenerable with external textbook chunks and VESUM	rule
data/lexicon/source-inventory/grade-09/finansova-rolik-grade9-2026-glossary.yaml	100644	acf408a6ea92967a4b5241e209c575de1b68757e	222793	K	lexicon_glossaries	admitted source-backed glosses with nonregenerable review selection	rule
data/lexicon/source-inventory/grade-09/finansova-rolik-grade9-2026-headwords.yaml	100644	c85bdc92a1a684ca36305d6d8e8ccfd1470a8b90	830828	A	lexicon_headword_candidates	extract_textbook_chunk_headword_inventory.py; regenerable with external textbook chunks and VESUM	rule
data/lexicon/source-inventory/grade-09/fizyka-bariakhtar-grade9-2022-glossary.yaml	100644	0b7cfe2e026455013a94e1034cc2b31e7c22170f	206120	K	lexicon_glossaries	admitted source-backed glosses with nonregenerable review selection	rule
data/lexicon/source-inventory/grade-09/fizyka-bariakhtar-grade9-2022-headwords.yaml	100644	73fee326ff965eae4a6918f8a795f42ed12bde55	1061150	A	lexicon_headword_candidates	extract_textbook_chunk_headword_inventory.py; regenerable with external textbook chunks and VESUM	rule
data/lexicon/source-inventory/grade-09/fizyka-zasiekina-grade9-2026-glossary.yaml	100644	e11004de9e7b702609cded8eadf03680e3bbcac1	211751	K	lexicon_glossaries	admitted source-backed glosses with nonregenerable review selection	rule
data/lexicon/source-inventory/grade-09/fizyka-zasiekina-grade9-2026-headwords.yaml	100644	5e10add1cb36986b3d853a2ef106c5c5c26779a3	966004	A	lexicon_headword_candidates	extract_textbook_chunk_headword_inventory.py; regenerable with external textbook chunks and VESUM	rule
data/lexicon/source-inventory/grade-09/heohrafiya-boiko-grade9-2026-glossary.yaml	100644	15faee593137f3c686b4c431a14c654c6f9251b8	213068	K	lexicon_glossaries	admitted source-backed glosses with nonregenerable review selection	rule
data/lexicon/source-inventory/grade-09/heohrafiya-boiko-grade9-2026-headwords.yaml	100644	65ae0300cf2e20ff37be9d5082e9beb6945857f7	1710740	A	lexicon_headword_candidates	extract_textbook_chunk_headword_inventory.py; regenerable with external textbook chunks and VESUM	rule
data/lexicon/source-inventory/grade-09/heometriya-bevz-grade9-2026-glossary.yaml	100644	d6b95a598bb3c6a2e01af00cce1a49da33805aac	194872	K	lexicon_glossaries	admitted source-backed glosses with nonregenerable review selection	rule
data/lexicon/source-inventory/grade-09/heometriya-bevz-grade9-2026-headwords.yaml	100644	0fcf43817760644550a7ebe4eb339e0929f43ada	569405	A	lexicon_headword_candidates	extract_textbook_chunk_headword_inventory.py; regenerable with external textbook chunks and VESUM	rule
data/lexicon/source-inventory/grade-09/heometriya-merzliak-grade9-2017-glossary.yaml	100644	3b8ed7b7f8f753f0ed6dc917d5ec746f7240b29c	195401	K	lexicon_glossaries	admitted source-backed glosses with nonregenerable review selection	rule
data/lexicon/source-inventory/grade-09/heometriya-merzliak-grade9-2017-headwords.yaml	100644	ae46d4ba84dcda81f5facb109484b0fbe75b6dce	434553	A	lexicon_headword_candidates	extract_textbook_chunk_headword_inventory.py; regenerable with external textbook chunks and VESUM	rule
data/lexicon/source-inventory/grade-09/hromadianska-osvita-pometun-grade9-2026-glossary.yaml	100644	71c7566c13778b920faef6a3f5bc2a20e54287fd	222442	K	lexicon_glossaries	admitted source-backed glosses with nonregenerable review selection	rule
data/lexicon/source-inventory/grade-09/hromadianska-osvita-pometun-grade9-2026-headwords.yaml	100644	2408ca5a9bf9aa78ef2568ccc3a51a61bc9a64e3	522851	A	lexicon_headword_candidates	extract_textbook_chunk_headword_inventory.py; regenerable with external textbook chunks and VESUM	rule
data/lexicon/source-inventory/grade-09/informatyka-morze-grade9-2026-glossary.yaml	100644	a9743f00fa9e30a6604b144087990d9e43b332b0	216662	K	lexicon_glossaries	admitted source-backed glosses with nonregenerable review selection	rule
data/lexicon/source-inventory/grade-09/informatyka-morze-grade9-2026-headwords.yaml	100644	aaaf38838b2c4a4029ebe85367c32243ae90b810	754610	A	lexicon_headword_candidates	extract_textbook_chunk_headword_inventory.py; regenerable with external textbook chunks and VESUM	rule
data/lexicon/source-inventory/grade-09/istoriya-gisem-grade9-2017-glossary.yaml	100644	e23e2eba0ab9e6b503155769e61c2c1a829f01ea	217067	K	lexicon_glossaries	admitted source-backed glosses with nonregenerable review selection	rule
data/lexicon/source-inventory/grade-09/istoriya-gisem-grade9-2017-headwords.yaml	100644	9c38bd4bb5598f426d7f7cccd941d986234a9278	1340931	A	lexicon_headword_candidates	extract_textbook_chunk_headword_inventory.py; regenerable with external textbook chunks and VESUM	rule
data/lexicon/source-inventory/grade-09/khimiya-popel-grade9-2017-glossary.yaml	100644	120e78c0cbe4ad06fd2eaedec7740d79865d7195	203081	K	lexicon_glossaries	admitted source-backed glosses with nonregenerable review selection	rule
data/lexicon/source-inventory/grade-09/khimiya-popel-grade9-2017-headwords.yaml	100644	accb9d0d3e3a93f9f3d866b1d56e93da7554600f	721756	A	lexicon_headword_candidates	extract_textbook_chunk_headword_inventory.py; regenerable with external textbook chunks and VESUM	rule
data/lexicon/source-inventory/grade-09/khimiya-yaroshenko-grade9-2026-glossary.yaml	100644	64c1dd88169f0864d926c29a570ee53070ecbb79	198538	K	lexicon_glossaries	admitted source-backed glosses with nonregenerable review selection	rule
data/lexicon/source-inventory/grade-09/khimiya-yaroshenko-grade9-2026-headwords.yaml	100644	55c5bea48424c380ed740ac971fa9c6aec464540	963888	A	lexicon_headword_candidates	extract_textbook_chunk_headword_inventory.py; regenerable with external textbook chunks and VESUM	rule
data/lexicon/source-inventory/grade-09/mystetstvo-kondratova-grade9-2025-glossary.yaml	100644	39b2b1e1fa289ab7489adc2c49839e8eb9a48d76	211671	K	lexicon_glossaries	admitted source-backed glosses with nonregenerable review selection	rule
data/lexicon/source-inventory/grade-09/mystetstvo-kondratova-grade9-2025-headwords.yaml	100644	d72714aa874a7593398db727d596575e15eb0a30	1152423	A	lexicon_headword_candidates	extract_textbook_chunk_headword_inventory.py; regenerable with external textbook chunks and VESUM	rule
data/lexicon/source-inventory/grade-09/mystetstvo-masol-grade9-2017-glossary.yaml	100644	ce14c4c0981e30daaa908f2199c0d45997705277	217291	K	lexicon_glossaries	admitted source-backed glosses with nonregenerable review selection	rule
data/lexicon/source-inventory/grade-09/mystetstvo-masol-grade9-2017-headwords.yaml	100644	ab49e8113acc9037c259db38d4b80e673ad6609e	1109105	A	lexicon_headword_candidates	extract_textbook_chunk_headword_inventory.py; regenerable with external textbook chunks and VESUM	rule
data/lexicon/source-inventory/grade-09/pravoznavstvo-berendieiev-grade9-2026-glossary.yaml	100644	2dcdbec8dcdf098fcdc18886651ac6f83cd7860c	220374	K	lexicon_glossaries	admitted source-backed glosses with nonregenerable review selection	rule
data/lexicon/source-inventory/grade-09/pravoznavstvo-berendieiev-grade9-2026-headwords.yaml	100644	89fe38cb1a3a1bbbc7db355aec43601ca3167845	692858	A	lexicon_headword_candidates	extract_textbook_chunk_headword_inventory.py; regenerable with external textbook chunks and VESUM	rule
data/lexicon/source-inventory/grade-09/tekhnolohiyi-bilenko-grade9-2026-glossary.yaml	100644	317d82585d3977dae5120b779160121c8a9883fa	212428	K	lexicon_glossaries	admitted source-backed glosses with nonregenerable review selection	rule
data/lexicon/source-inventory/grade-09/tekhnolohiyi-bilenko-grade9-2026-headwords.yaml	100644	901168d9940c02cfbcbd621aff25b9e8cf2fa558	871493	A	lexicon_headword_candidates	extract_textbook_chunk_headword_inventory.py; regenerable with external textbook chunks and VESUM	rule
data/lexicon/source-inventory/grade-09/ukrlit-avramenko-grade9-2017-glossary.yaml	100644	344c89ff8183ea701583b840f6872c988653c03a	215056	K	lexicon_glossaries	admitted source-backed glosses with nonregenerable review selection	rule
data/lexicon/source-inventory/grade-09/ukrlit-avramenko-grade9-2017-headwords-1.yaml	100644	38d35854be76b23b9529543533c8fa55578492b2	949565	A	lexicon_headword_candidates	extract_textbook_chunk_headword_inventory.py; regenerable with external textbook chunks and VESUM	rule
data/lexicon/source-inventory/grade-09/ukrlit-avramenko-grade9-2017-headwords-2.yaml	100644	69aaad5981d5706352bc3169df12ffa73547f8d5	1212560	A	lexicon_headword_candidates	extract_textbook_chunk_headword_inventory.py; regenerable with external textbook chunks and VESUM	rule
data/lexicon/source-inventory/grade-09/ukrlit-zabolotnyi-grade9-2026-glossary.yaml	100644	e3efcfe14bab280921d00ca8b85b53c94d9f298b	211042	K	lexicon_glossaries	admitted source-backed glosses with nonregenerable review selection	rule
data/lexicon/source-inventory/grade-09/ukrlit-zabolotnyi-grade9-2026-headwords.yaml	100644	2e621df9b4a3f8bcdce31f3479620dd2f000ef19	1548643	A	lexicon_headword_candidates	extract_textbook_chunk_headword_inventory.py; regenerable with external textbook chunks and VESUM	rule
data/lexicon/source-inventory/grade-09/ukrmova-avramenko-grade9-2017-glossary.yaml	100644	ac482ba8a29ed10ec55e475f0790af68984d3462	211522	K	lexicon_glossaries	admitted source-backed glosses with nonregenerable review selection	rule
data/lexicon/source-inventory/grade-09/ukrmova-avramenko-grade9-2017-headwords.yaml	100644	50c96fdc0d648a06ecbce11c1bb4d45bbc3ecd83	1305217	A	lexicon_headword_candidates	extract_textbook_chunk_headword_inventory.py; regenerable with external textbook chunks and VESUM	rule
data/lexicon/source-inventory/grade-09/vsesvitnia-istoriia-pometun-2026-glossary.yaml	100644	6380a715d5f3e3d7988a40a9298576efe52e983b	222292	K	lexicon_glossaries	admitted source-backed glosses with nonregenerable review selection	rule
data/lexicon/source-inventory/grade-09/vsesvitnia-istoriia-pometun-2026-headwords.yaml	100644	44c263669fea4a58303db38e5d632c00031562d8	880783	A	lexicon_headword_candidates	extract_textbook_chunk_headword_inventory.py; regenerable with external textbook chunks and VESUM	rule
data/lexicon/source-inventory/grade-09/zarlit-kovbasenko-grade9-2026-glossary.yaml	100644	282771d13c1f084a8d9eb29262c9a050321dbffc	217905	K	lexicon_glossaries	admitted source-backed glosses with nonregenerable review selection	rule
data/lexicon/source-inventory/grade-09/zarlit-kovbasenko-grade9-2026-headwords-1.yaml	100644	acd4aec4d3affd9c045de0795dc92bb064c39dd5	1037808	A	lexicon_headword_candidates	extract_textbook_chunk_headword_inventory.py; regenerable with external textbook chunks and VESUM	rule
data/lexicon/source-inventory/grade-09/zarlit-kovbasenko-grade9-2026-headwords-2.yaml	100644	dcd6a0152795d7ffdfc51c3f81727adda65c6e3c	1177018	A	lexicon_headword_candidates	extract_textbook_chunk_headword_inventory.py; regenerable with external textbook chunks and VESUM	rule
data/lexicon/source-inventory/grade-09/zdorovia-gushchyna-grade9-2026-glossary.yaml	100644	f4f1f66739f3b22bc069c3642bed85d9018305e6	220951	K	lexicon_glossaries	admitted source-backed glosses with nonregenerable review selection	rule
data/lexicon/source-inventory/grade-09/zdorovia-gushchyna-grade9-2026-headwords.yaml	100644	1ccf0e99c9321b550eb67200ea4d8b3ab31b0b22	781890	A	lexicon_headword_candidates	extract_textbook_chunk_headword_inventory.py; regenerable with external textbook chunks and VESUM	rule
data/lexicon/source-inventory/grade-10/README.md	100644	b16ed54a5294d7141c8cfb9dcc1bd683028bab80	13954	K	lexicon_glossaries	textbook inventory guidance	rule
data/lexicon/source-inventory/grade-10/algebra-ister-grade10-2018-glossary.yaml	100644	85ebe312a89284a3dc224df5d1f13a5625e061c2	198112	K	lexicon_glossaries	admitted source-backed glosses with nonregenerable review selection	rule
data/lexicon/source-inventory/grade-10/algebra-ister-grade10-2018-headwords.yaml	100644	dfabc9876bc125ced7409185c5c0b058f7e1a75b	782729	A	lexicon_headword_candidates	extract_textbook_chunk_headword_inventory.py; regenerable with external textbook chunks and VESUM	rule
data/lexicon/source-inventory/grade-10/biolohiya-zadorozhnyi-grade10-2018-glossary.yaml	100644	2344b62e5240c2d543ef71ab551c4e1d9051092c	218575	K	lexicon_glossaries	admitted source-backed glosses with nonregenerable review selection	rule
data/lexicon/source-inventory/grade-10/biolohiya-zadorozhnyi-grade10-2018-headwords.yaml	100644	e43c197ca12cd5b2055f62781cd0af666ef43217	1130098	A	lexicon_headword_candidates	extract_textbook_chunk_headword_inventory.py; regenerable with external textbook chunks and VESUM	rule
data/lexicon/source-inventory/grade-10/ekonomika-krupska-grade10-2018-glossary.yaml	100644	27395a1366be9e8d0e5c063f8ab7b67084b15aee	219248	K	lexicon_glossaries	admitted source-backed glosses with nonregenerable review selection	rule
data/lexicon/source-inventory/grade-10/ekonomika-krupska-grade10-2018-headwords.yaml	100644	39c2bd10c23f6d86690debfe03fa8ff2dbeb479f	1172654	A	lexicon_headword_candidates	extract_textbook_chunk_headword_inventory.py; regenerable with external textbook chunks and VESUM	rule
data/lexicon/source-inventory/grade-10/fizyka-bariakhtar-grade10-2018-glossary.yaml	100644	ae53ab83ada5d15b74422fab4c4b0c4443488442	206701	K	lexicon_glossaries	admitted source-backed glosses with nonregenerable review selection	rule
data/lexicon/source-inventory/grade-10/fizyka-bariakhtar-grade10-2018-headwords.yaml	100644	f52ede2560dc9f46e8bb0757317f0cc3387b2f40	1148679	A	lexicon_headword_candidates	extract_textbook_chunk_headword_inventory.py; regenerable with external textbook chunks and VESUM	rule
data/lexicon/source-inventory/grade-10/heohrafiya-boiko-grade10-2018-glossary.yaml	100644	c7173d83636de5ddce62e084322eceb2625dfdc9	211693	K	lexicon_glossaries	admitted source-backed glosses with nonregenerable review selection	rule
data/lexicon/source-inventory/grade-10/heohrafiya-boiko-grade10-2018-headwords.yaml	100644	50a180c4eab6f60733f28ac6aed22e5cf40dc56d	1254933	A	lexicon_headword_candidates	extract_textbook_chunk_headword_inventory.py; regenerable with external textbook chunks and VESUM	rule
data/lexicon/source-inventory/grade-10/heometriya-ister-grade10-2018-glossary.yaml	100644	ce471ef8966e301e97d3ea04a0321b98e98f8172	185339	K	lexicon_glossaries	admitted source-backed glosses with nonregenerable review selection	rule
data/lexicon/source-inventory/grade-10/heometriya-ister-grade10-2018-headwords.yaml	100644	d64af021a8c6ac6088a7b582bf585cdef6572f94	708551	A	lexicon_headword_candidates	extract_textbook_chunk_headword_inventory.py; regenerable with external textbook chunks and VESUM	rule
data/lexicon/source-inventory/grade-10/hromadianska-osvita-gisem-grade10-2018-glossary.yaml	100644	1ae8a339f4c0c5b210530c5461b802bbbe0c7e8e	228052	K	lexicon_glossaries	admitted source-backed glosses with nonregenerable review selection	rule
data/lexicon/source-inventory/grade-10/hromadianska-osvita-gisem-grade10-2018-headwords.yaml	100644	f15188352ab673157c5441e59091932b46b0ef88	1191101	A	lexicon_headword_candidates	extract_textbook_chunk_headword_inventory.py; regenerable with external textbook chunks and VESUM	rule
data/lexicon/source-inventory/grade-10/informatyka-rudenko-grade10-2018-glossary.yaml	100644	2474ff66ecc6422f9a4f8eacd0f0724505c845be	218692	K	lexicon_glossaries	admitted source-backed glosses with nonregenerable review selection	rule
data/lexicon/source-inventory/grade-10/informatyka-rudenko-grade10-2018-headwords.yaml	100644	6b73c7ef7c977351fdc8e41bf97ca339a0df4b4f	797955	A	lexicon_headword_candidates	extract_textbook_chunk_headword_inventory.py; regenerable with external textbook chunks and VESUM	rule
data/lexicon/source-inventory/grade-10/istoriya-gisem-grade10-2018-glossary.yaml	100644	661a91fc7f1188f645e5f575a08cbc115b02b2f0	215343	K	lexicon_glossaries	admitted source-backed glosses with nonregenerable review selection	rule
data/lexicon/source-inventory/grade-10/istoriya-gisem-grade10-2018-headwords.yaml	100644	7cccf8fdafd06a9cbe6dbb04f9cdd5754cc084a3	1167101	A	lexicon_headword_candidates	extract_textbook_chunk_headword_inventory.py; regenerable with external textbook chunks and VESUM	rule
data/lexicon/source-inventory/grade-10/khimiya-hryhorovych-grade10-2018-glossary.yaml	100644	5e128578c5fc520a34c8d50a0ca300c82c0b28f8	198479	K	lexicon_glossaries	admitted source-backed glosses with nonregenerable review selection	rule
data/lexicon/source-inventory/grade-10/khimiya-hryhorovych-grade10-2018-headwords.yaml	100644	f6e67203b96d0295283d4b4d6b7a78e4b68498db	858433	A	lexicon_headword_candidates	extract_textbook_chunk_headword_inventory.py; regenerable with external textbook chunks and VESUM	rule
data/lexicon/source-inventory/grade-10/matematyka-merzliak-grade10-2018-glossary.yaml	100644	5cebe0eb99466adbb6ea777bf0c0c3b67d25f1e6	197668	K	lexicon_glossaries	admitted source-backed glosses with nonregenerable review selection	rule
data/lexicon/source-inventory/grade-10/matematyka-merzliak-grade10-2018-headwords.yaml	100644	5fa33f495f8bf858a468a876bc03a6f61d6c1ffa	410795	A	lexicon_headword_candidates	extract_textbook_chunk_headword_inventory.py; regenerable with external textbook chunks and VESUM	rule
data/lexicon/source-inventory/grade-10/tekhnolohiyi-khodzycka-grade10-2019-glossary.yaml	100644	50c600b4eb107d58a77015637badca72b58909bc	210605	K	lexicon_glossaries	admitted source-backed glosses with nonregenerable review selection	rule
data/lexicon/source-inventory/grade-10/tekhnolohiyi-khodzycka-grade10-2019-headwords.yaml	100644	32315f1684676c0acfe0abee3af4db95a262408c	1060880	A	lexicon_headword_candidates	extract_textbook_chunk_headword_inventory.py; regenerable with external textbook chunks and VESUM	rule
data/lexicon/source-inventory/grade-10/ukrlit-avramenko-grade10-2018-glossary.yaml	100644	ec97b6a38f1b5c4933dea7e1393049833cd3d23d	190509	K	lexicon_glossaries	admitted source-backed glosses with nonregenerable review selection	rule
data/lexicon/source-inventory/grade-10/ukrlit-avramenko-grade10-2018-headwords.yaml	100644	3561704d057114bc1ede323a35f9b9a73f7eb733	1985431	A	lexicon_headword_candidates	extract_textbook_chunk_headword_inventory.py; regenerable with external textbook chunks and VESUM	rule
data/lexicon/source-inventory/grade-10/ukrmova-avramenko-grade10-2018-glossary.yaml	100644	fe51ef2947cf83c9f7535ce891f1f59d3e570753	218929	K	lexicon_glossaries	admitted source-backed glosses with nonregenerable review selection	rule
data/lexicon/source-inventory/grade-10/ukrmova-avramenko-grade10-2018-headwords.yaml	100644	53e41d2df5fc159606e97a7d0dac23f303c4f3d7	1641089	A	lexicon_headword_candidates	extract_textbook_chunk_headword_inventory.py; regenerable with external textbook chunks and VESUM	rule
data/lexicon/source-inventory/grade-10/ukrmova-glazova-grade10-2018-glossary.yaml	100644	87db49a21a2b281f68014c5b5aaf64bbb86d9046	211783	K	lexicon_glossaries	admitted source-backed glosses with nonregenerable review selection	rule
data/lexicon/source-inventory/grade-10/ukrmova-glazova-grade10-2018-headwords.yaml	100644	748255979f1fdd3b84a68e42b1a47702a3da3420	1591693	A	lexicon_headword_candidates	extract_textbook_chunk_headword_inventory.py; regenerable with external textbook chunks and VESUM	rule
data/lexicon/source-inventory/grade-10/ukrmova-karaman-grade10-2018-glossary.yaml	100644	88460872493d16fc7253df9b7110b8fa68d50000	219607	K	lexicon_glossaries	admitted source-backed glosses with nonregenerable review selection	rule
data/lexicon/source-inventory/grade-10/ukrmova-karaman-grade10-2018-headwords-1.yaml	100644	fd5c1237b05d69fbd7eefbd97ff43cd4eb246a39	924069	A	lexicon_headword_candidates	extract_textbook_chunk_headword_inventory.py; regenerable with external textbook chunks and VESUM	rule
data/lexicon/source-inventory/grade-10/ukrmova-karaman-grade10-2018-headwords-2.yaml	100644	6d95f0e01af60a339d94a50c1e75fb53da354c6d	1238093	A	lexicon_headword_candidates	extract_textbook_chunk_headword_inventory.py; regenerable with external textbook chunks and VESUM	rule
data/lexicon/source-inventory/grade-10/vsesvitnia-istoriia-gisem-grade10-2018-glossary.yaml	100644	0cd3d4df084926a9fd57d24df3c6911ea9c2655d	213852	K	lexicon_glossaries	admitted source-backed glosses with nonregenerable review selection	rule
data/lexicon/source-inventory/grade-10/vsesvitnia-istoriia-gisem-grade10-2018-headwords.yaml	100644	07b576320416f221bb32bff0ca181dc157dc66f2	1237998	A	lexicon_headword_candidates	extract_textbook_chunk_headword_inventory.py; regenerable with external textbook chunks and VESUM	rule
data/lexicon/source-inventory/grade-10/zakhyst-fuka-grade10-2023-glossary.yaml	100644	ff7346c8f9d67ba89ec00019e4c98ee805fbac36	221386	K	lexicon_glossaries	admitted source-backed glosses with nonregenerable review selection	rule
data/lexicon/source-inventory/grade-10/zakhyst-fuka-grade10-2023-headwords.yaml	100644	525ff608e298cc8b8f0001f3c93017cb3a3c2b34	2031653	A	lexicon_headword_candidates	extract_textbook_chunk_headword_inventory.py; regenerable with external textbook chunks and VESUM	rule
data/lexicon/source-inventory/grade-10/zarlit-voloshhuk-grade10-2018-glossary.yaml	100644	3156308dc75d6d919fe32983b39d1cf904fdd614	219227	K	lexicon_glossaries	admitted source-backed glosses with nonregenerable review selection	rule
data/lexicon/source-inventory/grade-10/zarlit-voloshhuk-grade10-2018-headwords.yaml	100644	0c8d4abf3b67e133b1c7d70acbd585f758d5b0b7	1527890	A	lexicon_headword_candidates	extract_textbook_chunk_headword_inventory.py; regenerable with external textbook chunks and VESUM	rule
data/lexicon/source-inventory/grade-11/README.md	100644	e8ea110810a0410688746a7b4a68c27610d52b24	12228	K	lexicon_glossaries	textbook inventory guidance	rule
data/lexicon/source-inventory/grade-11/algebra-ister-grade11-2019-glossary.yaml	100644	29eed935441aa5d32aed4a8fe51538abd26696ab	208335	K	lexicon_glossaries	admitted source-backed glosses with nonregenerable review selection	rule
data/lexicon/source-inventory/grade-11/algebra-ister-grade11-2019-headwords.yaml	100644	b72563752644ddeebab76781301a7f10b2394cd8	1019791	A	lexicon_headword_candidates	extract_textbook_chunk_headword_inventory.py; regenerable with external textbook chunks and VESUM	rule
data/lexicon/source-inventory/grade-11/astronomiya-pryshliak-grade11-2019-glossary.yaml	100644	5c130877b0a5da53c6c7140f37c7ce36ea726b53	217435	K	lexicon_glossaries	admitted source-backed glosses with nonregenerable review selection	rule
data/lexicon/source-inventory/grade-11/astronomiya-pryshliak-grade11-2019-headwords.yaml	100644	c3ef9b92257a8ffbc150153dbfbcd080758b440e	708805	A	lexicon_headword_candidates	extract_textbook_chunk_headword_inventory.py; regenerable with external textbook chunks and VESUM	rule
data/lexicon/source-inventory/grade-11/biolohiya-shalamov-grade11-2019-glossary.yaml	100644	9cd4a45e6d632cca9248bb1333bfc6a68f713e92	213530	K	lexicon_glossaries	admitted source-backed glosses with nonregenerable review selection	rule
data/lexicon/source-inventory/grade-11/biolohiya-shalamov-grade11-2019-headwords.yaml	100644	7101e943823a06a03fd75f2cde5fb35cedb03e63	1821549	A	lexicon_headword_candidates	extract_textbook_chunk_headword_inventory.py; regenerable with external textbook chunks and VESUM	rule
data/lexicon/source-inventory/grade-11/ekonomika-homiak-grade11-2019-glossary.yaml	100644	b864381da072ee48c239601dfcef8a86a67e53a8	224375	K	lexicon_glossaries	admitted source-backed glosses with nonregenerable review selection	rule
data/lexicon/source-inventory/grade-11/ekonomika-homiak-grade11-2019-headwords.yaml	100644	861f6a826f13e29c09a67ad68f3b48813d80a444	1227600	A	lexicon_headword_candidates	extract_textbook_chunk_headword_inventory.py; regenerable with external textbook chunks and VESUM	rule
data/lexicon/source-inventory/grade-11/fizyka-zasekina-grade11-2019-glossary.yaml	100644	3ace55793e18fc7a6968d028a4b1765302d69f7e	210784	K	lexicon_glossaries	admitted source-backed glosses with nonregenerable review selection	rule
data/lexicon/source-inventory/grade-11/fizyka-zasekina-grade11-2019-headwords.yaml	100644	2ea20f53a79e4c8f419fbc5d6550993e2cef56c4	1342591	A	lexicon_headword_candidates	extract_textbook_chunk_headword_inventory.py; regenerable with external textbook chunks and VESUM	rule
data/lexicon/source-inventory/grade-11/informatyka-rudenko-grade11-2019-glossary.yaml	100644	fa2b86a30a1e48b72569a552397c15b8286d6ae0	210726	K	lexicon_glossaries	admitted source-backed glosses with nonregenerable review selection	rule
data/lexicon/source-inventory/grade-11/informatyka-rudenko-grade11-2019-headwords.yaml	100644	438cf3b5c4547ff467801a825d2b05e9bf96a20a	984053	A	lexicon_headword_candidates	extract_textbook_chunk_headword_inventory.py; regenerable with external textbook chunks and VESUM	rule
data/lexicon/source-inventory/grade-11/istoriya-gisem-grade11-2024-glossary.yaml	100644	a99cd81b5eb9be3f0844d48c2e763134ea0b9d67	214591	K	lexicon_glossaries	admitted source-backed glosses with nonregenerable review selection	rule
data/lexicon/source-inventory/grade-11/istoriya-gisem-grade11-2024-headwords.yaml	100644	7b536d264ca0025d666d907283ad2f99e2190e67	1613483	A	lexicon_headword_candidates	extract_textbook_chunk_headword_inventory.py; regenerable with external textbook chunks and VESUM	rule
data/lexicon/source-inventory/grade-11/istoriya-hlibovska-grade11-2024-glossary.yaml	100644	29c5eae077b9f2dddb6ae8e4ed4417148ca3d6ea	221976	K	lexicon_glossaries	admitted source-backed glosses with nonregenerable review selection	rule
data/lexicon/source-inventory/grade-11/istoriya-hlibovska-grade11-2024-headwords.yaml	100644	10fe0ea8b2f2f0a7a4c656bfabcde1db5cdc6e0b	1967320	A	lexicon_headword_candidates	extract_textbook_chunk_headword_inventory.py; regenerable with external textbook chunks and VESUM	rule
data/lexicon/source-inventory/grade-11/khimiya-hryhorovych-grade11-2019-glossary.yaml	100644	da1f84e3d566ff5d46750886224294b39dbebb99	197811	K	lexicon_glossaries	admitted source-backed glosses with nonregenerable review selection	rule
data/lexicon/source-inventory/grade-11/khimiya-hryhorovych-grade11-2019-headwords.yaml	100644	5cb21d4bfdf7f16340ea32438fa1e600115a8d19	844755	A	lexicon_headword_candidates	extract_textbook_chunk_headword_inventory.py; regenerable with external textbook chunks and VESUM	rule
data/lexicon/source-inventory/grade-11/matematyka-nelin-grade11-2019-glossary.yaml	100644	ca1cd6269f03852f3443b693a79a0bb5f4165416	201830	K	lexicon_glossaries	admitted source-backed glosses with nonregenerable review selection	rule
data/lexicon/source-inventory/grade-11/matematyka-nelin-grade11-2019-headwords.yaml	100644	3e41c28e001a268c71a45d3e3ef6d9de44d4f97e	686938	A	lexicon_headword_candidates	extract_textbook_chunk_headword_inventory.py; regenerable with external textbook chunks and VESUM	rule
data/lexicon/source-inventory/grade-11/mystetstvo-nazarenko-grade11-2018-glossary.yaml	100644	1a1a9b5c58ac7d894287fa58320a4776e297963c	217089	K	lexicon_glossaries	admitted source-backed glosses with nonregenerable review selection	rule
data/lexicon/source-inventory/grade-11/mystetstvo-nazarenko-grade11-2018-headwords.yaml	100644	41e47184ccbd17541892ec4846a0fc2384e6a27e	1294871	A	lexicon_headword_candidates	extract_textbook_chunk_headword_inventory.py; regenerable with external textbook chunks and VESUM	rule
data/lexicon/source-inventory/grade-11/pravoznavstvo-narovlianskyi-grade11-2019-glossary.yaml	100644	7d3021392b16335cf61399b85fc38fe31152b85a	207028	K	lexicon_glossaries	admitted source-backed glosses with nonregenerable review selection	rule
data/lexicon/source-inventory/grade-11/pravoznavstvo-narovlianskyi-grade11-2019-headwords.yaml	100644	aae10ed06aafb3a4cf231f49bb3ed41c8294c00c	1012922	A	lexicon_headword_candidates	extract_textbook_chunk_headword_inventory.py; regenerable with external textbook chunks and VESUM	rule
data/lexicon/source-inventory/grade-11/ukrlit-avramenko-grade11-2019-glossary.yaml	100644	c6ce5d42f75e53dc75f74479d93d475552187738	218566	K	lexicon_glossaries	admitted source-backed glosses with nonregenerable review selection	rule
data/lexicon/source-inventory/grade-11/ukrlit-avramenko-grade11-2019-headwords.yaml	100644	a12733bed8b8884cacb6a0a4eafa8866c9f049b0	1962099	A	lexicon_headword_candidates	extract_textbook_chunk_headword_inventory.py; regenerable with external textbook chunks and VESUM	rule
data/lexicon/source-inventory/grade-11/ukrmova-avramenko-grade11-2019-glossary.yaml	100644	83f0c5ad07468b564d749ba590d18324b5e47162	214296	K	lexicon_glossaries	admitted source-backed glosses with nonregenerable review selection	rule
data/lexicon/source-inventory/grade-11/ukrmova-avramenko-grade11-2019-headwords.yaml	100644	b3694a10d2db4819a838d92bd776de6a8ffcbce1	1515379	A	lexicon_headword_candidates	extract_textbook_chunk_headword_inventory.py; regenerable with external textbook chunks and VESUM	rule
data/lexicon/source-inventory/grade-11/ukrmova-glazova-grade11-2019-glossary.yaml	100644	a322f85673b54d1f420cdeceb2fd3ba22912a5b0	214042	K	lexicon_glossaries	admitted source-backed glosses with nonregenerable review selection	rule
data/lexicon/source-inventory/grade-11/ukrmova-glazova-grade11-2019-headwords.yaml	100644	291eeae5712a269241c5d603393f583552c95088	1520868	A	lexicon_headword_candidates	extract_textbook_chunk_headword_inventory.py; regenerable with external textbook chunks and VESUM	rule
data/lexicon/source-inventory/grade-11/vsesvitnia-istoriia-schupak-grade11-2024-glossary.yaml	100644	cdc0d57e89f34bcfa220520d83d32b3996e964b9	216236	K	lexicon_glossaries	admitted source-backed glosses with nonregenerable review selection	rule
data/lexicon/source-inventory/grade-11/vsesvitnia-istoriia-schupak-grade11-2024-headwords.yaml	100644	519555a03bcc20dded6b15f450e85c9eb81593b5	1895729	A	lexicon_headword_candidates	extract_textbook_chunk_headword_inventory.py; regenerable with external textbook chunks and VESUM	rule
data/lexicon/source-inventory/grade-11/zakhyst-gudima-grade11-2019-glossary.yaml	100644	d56cd020ec506286c6eca122a515eefd93995134	226493	K	lexicon_glossaries	admitted source-backed glosses with nonregenerable review selection	rule
data/lexicon/source-inventory/grade-11/zakhyst-gudima-grade11-2019-headwords.yaml	100644	8a1196f5c252fcdb16343e2ecc34c76e359a9a1d	1935996	A	lexicon_headword_candidates	extract_textbook_chunk_headword_inventory.py; regenerable with external textbook chunks and VESUM	rule
data/lexicon/source-inventory/grade-11/zarlit-voloshhuk-grade11-2019-glossary.yaml	100644	356b466a1d0c9d1ce58c2ce0b3ca64c7af7388d9	222363	K	lexicon_glossaries	admitted source-backed glosses with nonregenerable review selection	rule
data/lexicon/source-inventory/grade-11/zarlit-voloshhuk-grade11-2019-headwords.yaml	100644	b8a30235888671eb61a97d7cdf07db033a5da5ba	1167166	A	lexicon_headword_candidates	extract_textbook_chunk_headword_inventory.py; regenerable with external textbook chunks and VESUM	rule
data/lexicon/source-inventory/ohoiko-abetka-keywords.yaml	100644	ab29e4b8174c07b9abaccc189c3187b23fb96744	7888	K	lexicon_source_inventories	curated source inventory or reviewed source record	rule
data/lexicon/source-inventory/ohoiko-corpus-intake.summary.md	100644	1b63b27571eb6e3ec2b9c55582121e010080c14d	4188	K	lexicon_source_inventories	curated source inventory or reviewed source record	rule
data/lexicon/source-inventory/ohoiko-fmu-booster-vocabulary.yaml	100644	1ef59426fb8fbfcecf1d86af9a0e5f687348f67e	69980	K	lexicon_source_inventories	curated source inventory or reviewed source record	rule
data/lexicon/source-inventory/ohoiko-june-a1-keywords.yaml	100644	4b6e8d439c12ba2f9dd2029e40bd867ca99804b7	4640	K	lexicon_source_inventories	curated source inventory or reviewed source record	rule
data/lexicon/source-inventory/oneshot/ohoiko-ulp-curated-2026-07-19-bulk.yaml	100644	c9a8e4186e92d7c5a658ec23483ae8e0c991cb89	2378037	K	lexicon_source_inventories	preserve decision-bound one-shot source records even when extraction contributed	judgment
data/lexicon/source-inventory/oneshot/ohoiko-ulp-ocr-space-collapse-2026-08-14.yaml	100644	25648bc590051728ca8065ea83c4179b727c8305	900	K	lexicon_source_inventories	preserve decision-bound one-shot source records even when extraction contributed	judgment
data/lexicon/source-inventory/oneshot/ohoiko-ulp-paired-split-legs-2026-08-12.yaml	100644	bd3306e945fa1d59c045b629b92b4e68b57f7785	17938	K	lexicon_source_inventories	preserve decision-bound one-shot source records even when extraction contributed	judgment
data/lexicon/source-inventory/oneshot/ohoiko-ulp-paired-split-multiword-legs-2026-08-23.yaml	100644	779c6616cc09b6d4f56ee95fe3675369f2bc5a33	2035	K	lexicon_source_inventories	preserve decision-bound one-shot source records even when extraction contributed	judgment
data/lexicon/source-inventory/oneshot/private-teacher-lesson-vocabulary-2026-07-18-bulk.yaml	100644	4ec461f654240a7925514f7fbbfd4c2a16db0267	181753	K	lexicon_source_inventories	preserve decision-bound one-shot source records even when extraction contributed	judgment
data/lexicon/source-inventory/oneshot/private-teacher-lesson-vocabulary-2026-09-02-delta.yaml	100644	2c6169414ccbbdf584c1f48cd665e4accd0ad1ee	2472307	K	lexicon_source_inventories	preserve decision-bound one-shot source records even when extraction contributed	judgment
data/lexicon/source-inventory/oneshot/textbook-jsonl-curated-2026-07-19-bulk.summary.md	100644	fd3578abebabda05204cf47d7682e9fe5c0163b0	683	K	lexicon_source_inventories	committed intake summary records reviewed source selection and historical counts	judgment
data/lexicon/source-inventory/oneshot/textbook-jsonl-curated-2026-07-19-bulk.yaml	100644	617489d6d337409322f58c9029303ab2923ce474	13520323	K	lexicon_source_inventories	preserve decision-bound one-shot source records even when extraction contributed	judgment
data/lexicon/source-inventory/oneshot/textbook-leftover-residual-census-6371.json	100644	4e05d9aba3ab876db5c6b2b0b7e975554c9cfb17	263395	K	lexicon_source_inventories	frozen issue #6371 denominator and closure evidence, retained with its source inventories	judgment
data/lexicon/source-inventory/oneshot/textbook-leftover-residual-census-6371.md	100644	98ddf9e506b08bc1da0ccf743adcb82ca9875193	3581	K	lexicon_source_inventories	frozen issue #6371 denominator and closure evidence, retained with its source inventories	judgment
data/lexicon/source-inventory/pos-balanced-grammar-sample.yaml	100644	b8e762d18aedf701a8094e5d56e4a8f7b039aadf	7530	K	lexicon_source_inventories	curated source inventory or reviewed source record	rule
data/lexicon/source-inventory/private-teacher-lesson-vocabulary-seed.yaml	100644	c756fe0f342d2fab813f6bd6d17904ca3e31c14d	10187	K	lexicon_source_inventories	curated source inventory or reviewed source record	rule
data/lexicon/source-inventory/private-teacher-lesson-vocabulary-table-1-rows-119-138.yaml	100644	4e0239422a5b625c8b965cc306bf7490ba227209	6048	K	lexicon_source_inventories	curated source inventory or reviewed source record	rule
data/lexicon/source-inventory/private-teacher-lesson-vocabulary-table-1-rows-139-158.yaml	100644	25d27a496097f9c08fc12629f8e45af9aa1a36be	5409	K	lexicon_source_inventories	curated source inventory or reviewed source record	rule
data/lexicon/source-inventory/private-teacher-lesson-vocabulary-table-1-rows-159-178.yaml	100644	4de893d898d6a0f32a4ed8322b456b85daaa1d07	5334	K	lexicon_source_inventories	curated source inventory or reviewed source record	rule
data/lexicon/source-inventory/private-teacher-lesson-vocabulary-table-1-rows-179-198.yaml	100644	92f461b06d114c658d459b27f2ae30d8c482b8eb	5683	K	lexicon_source_inventories	curated source inventory or reviewed source record	rule
data/lexicon/source-inventory/private-teacher-lesson-vocabulary-table-1-rows-199-218.yaml	100644	db84313a8446c46a639a551fecbfbb1a27b79a24	5393	K	lexicon_source_inventories	curated source inventory or reviewed source record	rule
data/lexicon/source-inventory/private-teacher-lesson-vocabulary-table-1-rows-219-238.yaml	100644	5f7225413633ab05a52cbc2683bc7b4dbf037a7e	5009	K	lexicon_source_inventories	curated source inventory or reviewed source record	rule
data/lexicon/source-inventory/private-teacher-lesson-vocabulary-table-1-rows-239-258.yaml	100644	313482dc88b0f83417f56d1fb540367bc62b2419	5043	K	lexicon_source_inventories	curated source inventory or reviewed source record	rule
data/lexicon/source-inventory/private-teacher-lesson-vocabulary-table-1-rows-259-278.yaml	100644	6f0e70a7994f3370fc653b0c484a8fcb57e5060d	5310	K	lexicon_source_inventories	curated source inventory or reviewed source record	rule
data/lexicon/source-inventory/private-teacher-lesson-vocabulary-table-1-rows-279-298.yaml	100644	7a09bc3e804f17bfecdaf5025c7bda3e2db1c08a	4942	K	lexicon_source_inventories	curated source inventory or reviewed source record	rule
data/lexicon/source-inventory/private-teacher-lesson-vocabulary-table-1-rows-299-610.yaml	100644	526b5b8709abf767cd934ad5d9ba25fb232cb03c	62595	K	lexicon_source_inventories	curated source inventory or reviewed source record	rule
data/lexicon/source-inventory/private-teacher-lesson-vocabulary-table-1-rows-39-58.yaml	100644	dd2c0478effdcaf4213e7769fb7effd97e8d570d	6178	K	lexicon_source_inventories	curated source inventory or reviewed source record	rule
data/lexicon/source-inventory/private-teacher-lesson-vocabulary-table-1-rows-59-78.yaml	100644	a66d19a5a4fdb704caebacbe14916afb97bc3250	5421	K	lexicon_source_inventories	curated source inventory or reviewed source record	rule
data/lexicon/source-inventory/private-teacher-lesson-vocabulary-table-1-rows-611-1154.yaml	100644	38ed01bf553255880d459c2935040eb6609d2ebd	124801	K	lexicon_source_inventories	curated source inventory or reviewed source record	rule
data/lexicon/source-inventory/private-teacher-lesson-vocabulary-table-1-rows-79-98.yaml	100644	d847c881b18caed40bae9648996485743d807287	5659	K	lexicon_source_inventories	curated source inventory or reviewed source record	rule
data/lexicon/source-inventory/private-teacher-lesson-vocabulary-table-1-rows-99-118.yaml	100644	aa04b4cbcce9a395669eae2dac28d758c61717fe	5351	K	lexicon_source_inventories	curated source inventory or reviewed source record	rule
data/lexicon/source-inventory/vashulenko-grade3-family-numerals.yaml	100644	b66d1c771dfad3b6717f19e284f6e3f76ab0c7a3	8252	K	lexicon_source_inventories	curated source inventory or reviewed source record	rule
data/lexicon/source-inventory/vashulenko-grade3-headwords.yaml	100644	c1f65496273ef80262fc024f2cc839fb87c06759	8816	K	lexicon_source_inventories	committed source seed required by review validation, unlike generated headword pools	judgment
data/lexicon/stem_slice_2a_candidates.json	100644	20ceeed9a71591287ca7dded19a7c70ccd8aae2c	58294	A	lexicon_candidates	external; regenerable with source databases and candidate scripts	rule
data/lexicon/synonym_pair_verdicts.yaml	100644	1333397f23a38de167795575f31f974931c5a828	383643	K	lexicon_curated	curated lexical pair inventory verdict or worksheet	rule
data/lexicon/textbook-end-dictionaries/inventory.json	100644	8b8e5aeec5450851bbd69d5397f3dc3a093c8763	486294	A	lexicon_end_dictionaries	external; regenerable with the exact textbook extraction inputs	rule
data/lexicon/textbook-end-dictionaries/sections.json	100644	461d9d26fbf93a88bbcff65f45f828b50a260b1c	10598	A	lexicon_end_dictionaries	external; regenerable with the exact textbook extraction inputs	rule
data/lexicon/vesum_inflection_aliases.json	100644	f89883238fb4214123d0d1715aaa9c24fedfed72	21325	K	lexicon_curated	curated inflection alias record	rule
data/lt_replacements.json	100644	b5e8214a2a7c998c756b106d811284e55a854cf7	995788	K	reference_inputs	curated replacement map	rule
data/miyklas/grammar_index.yaml	100644	995d1d78d5304c7bcd692d0ba8ea92ad24a249cb	34945	K	reference_inputs	curated MiyKlas grammar index	rule
data/pidruchnyk_urls.yaml	100644	cd17b0c3cf073635d21c3a92565c56cad9b58b65	14968	K	reference_inputs	curated textbook source register	rule
data/practice/adjective_mechanics_deck.json	100644	90c37c3d608b5aba3a0028e00f125e229b7a4eac	242949	K	practice_reviewed	committed deck or reviewed practice correction used by parity gates	rule
data/practice/adverb_mechanics_deck.json	100644	bba0ede5b36a9fd0d83fb5aab50701b652b86481	216172	K	practice_reviewed	committed deck or reviewed practice correction used by parity gates	rule
data/practice/function_words_deck.json	100644	0f8a17b9965d287ce4629bfbdbd87d202cab65c8	101305	K	practice_reviewed	committed deck or reviewed practice correction used by parity gates	rule
data/practice/interjection_mechanics_deck.json	100644	efe7d1c10c43d22fcf4fdab9d3ea59f8d59f5e06	161291	K	practice_reviewed	committed deck or reviewed practice correction used by parity gates	rule
data/practice/noun_mechanics_deck.json	100644	f69acfb985d04c7cb5d02a6a95b6c306a1f93565	161175	K	practice_reviewed	committed deck or reviewed practice correction used by parity gates	rule
data/practice/numeral_mechanics_deck.json	100644	d857fb040e5840dfb12129efa816f91b3c4b6d33	207437	K	practice_reviewed	committed deck or reviewed practice correction used by parity gates	rule
data/practice/pronoun_mechanics_deck.json	100644	f566aa1152af875dd6c528f10c2711ff279f43f6	184236	K	practice_reviewed	committed deck or reviewed practice correction used by parity gates	rule
data/practice/textbook-error-corrections.json	100644	1e4c1c855ae2980c948b7690ae9e92f216e0585a	193989	K	practice_reviewed	committed deck or reviewed practice correction used by parity gates	rule
data/practice/verb_mechanics_deck.json	100644	936fcf607a9af0bc2687b608dd986840c4dcfc7e	305742	K	practice_reviewed	committed deck or reviewed practice correction used by parity gates	rule
data/practice/zno-markup-overlay.json	100644	65e03d545b065c413d0bcb07c3742d2186b55e2d	19738	K	practice_reviewed	reviewed ZNO markup overlay	rule
data/primary_text_sources.yaml	100644	41f37a14fbb0dde298a1a058d3c0715eee48bfd3	1123	K	reference_inputs	curated primary text source register	rule
data/processed/esum_vol1.jsonl	100644	e884d19136cda6fab91be2cb95292c579cb9fad9	4332766	A	esum_ocr	esum_ingest.py; regenerable with external OCR inputs	rule
data/processed/esum_vol2.jsonl	100644	4b31f2497c3faaf04c5927e0525cc94d6d7ee323	4141293	A	esum_ocr	esum_ingest.py; regenerable with external OCR inputs	rule
data/processed/esum_vol3.jsonl	100644	be1bf64b04a2d731447ede5b66178d0329f49425	3663818	A	esum_ocr	esum_ingest.py; regenerable with external OCR inputs	rule
data/processed/esum_vol4.jsonl	100644	f1fe7fb3493b0da0d7dd3e03dc644f422ba5d253	4032657	A	esum_ocr	esum_ingest.py; regenerable with external OCR inputs	rule
data/processed/esum_vol5.jsonl	100644	f20caadeb96a8f355334671ba4cdf662a52dfdf1	4481001	A	esum_ocr	esum_ingest.py; regenerable with external OCR inputs	rule
data/processed/esum_vol6.jsonl	100644	8dab06ff73e68d9ce60feb8833ea436a91c009e9	3840348	A	esum_ocr	esum_ingest.py; regenerable with external OCR inputs	rule
data/projects/open_model_data/adjudication/language_contact_frame_receipt_v1.json	100644	508d0d82dd748c498f176e00595e33493f62ccb7	1772	K	open_model_controls	reviewed adjudication record	rule
data/projects/open_model_data/adjudication/language_contact_sampling_plan_pending_v1.json	100644	cea8ee084a028e49e33b355eedd610ac21a01c0e	3000	K	open_model_controls	pending adjudication plan	rule
data/projects/open_model_data/admission/dataset_v4_a10_pilot_review_gate_receipt_v1.json	100644	e7fdcd03f1abbceecc04c5082d64f5b5c0a912fd	161519	K	open_model_controls	source admission decision or receipt	rule
data/projects/open_model_data/admission/dataset_v4_a11_silver_release_gate_receipt_v1.json	100644	f9b9a7c87bb7c296119a0d3dff62680c6a681c4e	171923	K	open_model_controls	source admission decision or receipt	rule
data/projects/open_model_data/admission/dataset_v4_a12_gold_overlay_gate_receipt_v1.json	100644	2a44f288a129b0e9343fb30207b5c3c5837f614c	190551	K	open_model_controls	source admission decision or receipt	rule
data/projects/open_model_data/admission/dataset_v4_a13_cleanup_recovery_receipt_v1.json	100644	adf03556c2d503472c4897e985778683aaa403c8	177557	K	open_model_controls	source admission decision or receipt	rule
data/projects/open_model_data/admission/dataset_v4_a2_source_operation_admission_receipt_v1.json	100644	16a283976836bfb9af2d938f644924ed2cded89a	34028	K	open_model_controls	source admission decision or receipt	rule
data/projects/open_model_data/admission/dataset_v4_a3_builder_packet_receipt_v1.json	100644	e056f699c52da80622406eb11d134ffa2c5c4252	1879	K	open_model_controls	source admission decision or receipt	rule
data/projects/open_model_data/admission/dataset_v4_a3_heldout_source_family_seal_receipt_v1.json	100644	e2ba30e8ab7f9e6090a8f2d6cda9c65e4c7fa1a0	15254	K	open_model_controls	source admission decision or receipt	rule
data/projects/open_model_data/admission/dataset_v4_a4_deterministic_extraction_receipt_v1.json	100644	5263d6aea5611b5bfc108a1b22ba78af984ca137	14332	K	open_model_controls	source admission decision or receipt	rule
data/projects/open_model_data/admission/dataset_v4_a5_evidence_enrichment_receipt_v1.json	100644	97bab9def2e5e8d9b9b87a241d2bcef6152afbe7	13429	K	open_model_controls	source admission decision or receipt	rule
data/projects/open_model_data/admission/dataset_v4_a6_blind_arena_receipt_v1.json	100644	493a2263a9d4029421819db5a5060243da507adb	88387	K	open_model_controls	source admission decision or receipt	rule
data/projects/open_model_data/admission/dataset_v4_a7_original_row_factory_receipt_v1.json	100644	ad35c6749452198bf2fced40985f72131fa86280	92202	K	open_model_controls	source admission decision or receipt	rule
data/projects/open_model_data/admission/dataset_v4_a8_admission_assembly_receipt_v1.json	100644	031ff3e9b5e362379efb6dd8987a1775e0af5e8f	124423	K	open_model_controls	source admission decision or receipt	rule
data/projects/open_model_data/admission/dataset_v4_a9_evaluation_package_receipt_v1.json	100644	5c710325c5c08b30dba61ec9d4784a2a5b58f118	138974	K	open_model_controls	source admission decision or receipt	rule
data/projects/open_model_data/admission/dataset_v4_per_slot_private_factory_receipt_v1.json	100644	c31406330788a6237a972922ac9652cea7042fd4	22502	K	open_model_controls	source admission decision or receipt	rule
data/projects/open_model_data/admission/dataset_v4_pilot_slot_manifest_v1.json	100644	22507ffa3a39f5479ab6bc9e95732b55d29899b1	3652	K	open_model_controls	source admission decision or receipt	rule
data/projects/open_model_data/admission/dataset_v4_public_slot_commitment_assignment_receipt_v1.json	100644	440137c49baeb2a44c6c9606664715cecf3c6ac1	55372	K	open_model_controls	source admission decision or receipt	rule
data/projects/open_model_data/admission/dataset_v4_source_byte_ingestion_admission_receipt_v1.json	100644	3acbe17b377f9c83cfca52dd7af8311375f944de	3206	K	open_model_controls	source admission decision or receipt	rule
data/projects/open_model_data/admission/phase3_babych_acoustic_excerpt_candidate_v1.json	100644	6456283c7de1663e458916203b9ef04e0400e86a	4793	K	open_model_controls	source admission decision or receipt	rule
data/projects/open_model_data/admission/phase3_complete_source_policy_v4.json	100644	1bc8095d5bfd3861975213fe5d95aad3a399763b	47644	K	open_model_controls	source admission decision or receipt	rule
data/projects/open_model_data/admission/phase3_donnu_2023_morphemics_word_formation_candidate_v1.json	100644	b66b9cd760e32f676022b583bb91d35e889b0771	18713	K	open_model_controls	source admission decision or receipt	rule
data/projects/open_model_data/admission/phase3_historical_evidence_spine_v1.json	100644	8ddf396a1411c10f698ed51620450008bd936ca7	23306	K	open_model_controls	source admission decision or receipt	rule
data/projects/open_model_data/admission/phase3_historical_evidence_spine_v2.json	100644	583507bf4cb47ba4deab75cf6a7f5f5d45e05966	22760	K	open_model_controls	source admission decision or receipt	rule
data/projects/open_model_data/admission/phase3_historical_full_materialization_gate_v1.json	100644	115ac7fd77fed1c1475834c47f3bd8aefbc19ab3	4133	K	open_model_controls	source admission decision or receipt	rule
data/projects/open_model_data/admission/phase3_historical_periodization_freeze_v1.json	100644	b64ab938bf54d916e16aad929f68a55e6c7e3318	25096	K	open_model_controls	source admission decision or receipt	rule
data/projects/open_model_data/admission/phase3_historical_protection_channels_v1.json	100644	026aa5e9b2c362bbeeb093376e1426d4efecb9a9	15209	K	open_model_controls	source admission decision or receipt	rule
data/projects/open_model_data/admission/phase3_live_ingest_gate_v1.json	100644	7c2efedee2ada1d70bd28fe7ed4b002d30da0ee7	4086	K	open_model_controls	source admission decision or receipt	rule
data/projects/open_model_data/admission/phase3_lnu_2024_phonetics_phonology_candidate_v1.json	100644	be460908edccab2ec88bb9344205f1c4c096bdaa	7674	K	open_model_controls	source admission decision or receipt	rule
data/projects/open_model_data/admission/phase3_minchak_phonetics_candidate_v1.json	100644	3b0398603f18eb09ac2e86e490875add3aca36b2	4718	K	open_model_controls	source admission decision or receipt	rule
data/projects/open_model_data/admission/phase3_modern_contact_channels_v1.json	100644	a58ece34bd7b5c01800f0b81cbf0586373246fde	8340	K	open_model_controls	source admission decision or receipt	rule
data/projects/open_model_data/admission/phase3_p4_pilot_construction_v1.json	100644	1117c3a6e31d2972fd83e407ac824b8ce9761e0a	5868	K	open_model_controls	source admission decision or receipt	rule
data/projects/open_model_data/admission/phase3_pliush_2005_canonical_grammar_candidate_v1.json	100644	fbc3407e9fefed4b263f251056ad186a2a197863	11772	K	open_model_controls	source admission decision or receipt	rule
data/projects/open_model_data/admission/phase3_university_content_audit_freeze_v1.json	100644	83cf984b5379ee3fb5dbacba7585dab378f89671	20673	K	open_model_controls	source admission decision or receipt	rule
data/projects/open_model_data/admission/phase3_university_source_policy_v3.json	100644	2d3c756c73a5d074dfce14a0cc7bc458b00014be	16313	K	open_model_controls	source admission decision or receipt	rule
data/projects/open_model_data/admission/phase3_uzhnu_2023_morphemology_derivatology_candidate_v1.json	100644	4ab731785f0d3da1b6409428f829d65aee811c76	6345	K	open_model_controls	source admission decision or receipt	rule
data/projects/open_model_data/admission/phase3_uzhnu_2023_phonetics_orthoepy_candidate_v1.json	100644	5cebb505a21a02a67e9f43f8702b82532bef7dc4	6767	K	open_model_controls	source admission decision or receipt	rule
data/projects/open_model_data/admission/phase3_vspu_2025_morphemics_word_formation_candidate_v1.json	100644	d92dc0e6f731ad483c3636971c95c623e5763f8b	12933	K	open_model_controls	source admission decision or receipt	rule
data/projects/open_model_data/admission/phase3_vspu_additive_university_source_policy_v3.json	100644	e2c8ef7a31c70fd8dcd732b56020c1439025b951	1174	K	open_model_controls	source admission decision or receipt	rule
data/projects/open_model_data/admission/phase3_vspu_modern_theory_candidate_v1.json	100644	d29af69e6a80f3d7489a8676fb88b061a5520fe7	4441	K	open_model_controls	source admission decision or receipt	rule
data/projects/open_model_data/admission/phase3_vspu_post_ingest_audit_v1.json	100644	9c1ab66a89d54c2303cec5d4714abdf3a2c29e88	2524	K	open_model_controls	source admission decision or receipt	rule
data/projects/open_model_data/admission/phase3_vspu_source_materialization_v1.json	100644	5c7c56a82eaa11ac205706783f1451e38d45ec77	4426	K	open_model_controls	source admission decision or receipt	rule
data/projects/open_model_data/admission/phase3_wave_l_modern_phonetics_reviewed_v1.json	100644	b256bf43c1eec40cb98bb4ff505bbe73e5d0d292	5345	K	open_model_controls	source admission decision or receipt	rule
data/projects/open_model_data/admission/phase3_zhdu_2026_lexicology_phraseology_candidate_v1.json	100644	237ea6d378db8ce3ad24782bc1bf4b1d3e6c6ca1	9590	K	open_model_controls	source admission decision or receipt	rule
data/projects/open_model_data/admission/public_external_accepted_admission_receipt_v1.json	100644	7c973bcfd9a40d6815277d542eb8a296ba11050c	4755	K	open_model_controls	source admission decision or receipt	rule
data/projects/open_model_data/admission/public_external_full_corpus_admission_v1.json	100644	699397470f3540d00c156d75e68d7c4c48211ce4	3162	K	open_model_controls	source admission decision or receipt	rule
data/projects/open_model_data/admission/public_external_operator_decision_packet_v1.json	100644	9df14724029eaf3e32bbebd1d635f3a2b5b02e00	4837	K	open_model_controls	source admission decision or receipt	rule
data/projects/open_model_data/admission/wikipedia_primary_rights_evidence_v1.json	100644	c8384bee1334d7fcab72689092dd0ab25142a7c3	11985	K	open_model_controls	source admission decision or receipt	rule
data/projects/open_model_data/archive/quarantined_historical/README.md	100644	033e533b4cb5bf97d20f01d767189c4a37b54fc2	1034	K	open_model_archive_evidence	archive documentation	rule
data/projects/open_model_data/archive/quarantined_historical/uldr_v04a_kyivan_rus/QUARANTINE_NOTICE.md	100644	bb11410e9d91e958fb9b3c03fb0f4fbef1f59de7	1991	K	open_model_archive_evidence	quarantine decision receipt manifest or hash	rule
data/projects/open_model_data/archive/quarantined_historical/uldr_v04a_kyivan_rus/kyivan_rus_epigraphic_eval.jsonl	100644	547401e8bf199737beddedd4cf2aa92dff54bf2d	788864	A	open_model_archive_payload	v5_mine_kyivan_rus_epigraphy.py or v5_mine_middle_ukrainian.py; regenerable with external sources; quarantined	rule
data/projects/open_model_data/archive/quarantined_historical/uldr_v04a_kyivan_rus/kyivan_rus_epigraphic_eval.sha256	100644	ecde4b26085922d9d051d145d41dcd250c678b13	99	K	open_model_archive_evidence	quarantine decision receipt manifest or hash	rule
data/projects/open_model_data/archive/quarantined_historical/uldr_v04a_kyivan_rus/release_receipt.json	100644	5388af97239310d8641a7a7e44bdc8c5a813ac8c	1526	K	open_model_archive_evidence	quarantine decision receipt manifest or hash	rule
data/projects/open_model_data/archive/quarantined_historical/uldr_v04a_kyivan_rus/release_receipt.json.sha256	100644	bcb22c9416751916b2bc0fae9e170fcdaf71cfb0	87	K	open_model_archive_evidence	quarantine decision receipt manifest or hash	rule
data/projects/open_model_data/archive/quarantined_historical/uldr_v04a_kyivan_rus/sft/manifest.json	100644	22fed595baca223f4bd86672712efc8caca9aaa9	5243	K	open_model_archive_evidence	quarantine decision receipt manifest or hash	rule
data/projects/open_model_data/archive/quarantined_historical/uldr_v04a_kyivan_rus/sft/manifest.json.sha256	100644	a5400cae2d09a526519adaa8c67f5e7b674a924d	80	K	open_model_archive_evidence	quarantine decision receipt manifest or hash	rule
data/projects/open_model_data/archive/quarantined_historical/uldr_v04a_kyivan_rus/sft/sft_shard_001_of_030.jsonl	100644	cc60b0c5dd6c32928a6734613fa7c1bb3cc71dd5	1137584	A	open_model_archive_payload	v5_mine_kyivan_rus_epigraphy.py or v5_mine_middle_ukrainian.py; regenerable with external sources; quarantined	rule
data/projects/open_model_data/archive/quarantined_historical/uldr_v04a_kyivan_rus/sft/sft_shard_002_of_030.jsonl	100644	17a516ef88f269482c8322ed9f460bb254413dac	1134024	A	open_model_archive_payload	v5_mine_kyivan_rus_epigraphy.py or v5_mine_middle_ukrainian.py; regenerable with external sources; quarantined	rule
data/projects/open_model_data/archive/quarantined_historical/uldr_v04a_kyivan_rus/sft/sft_shard_003_of_030.jsonl	100644	2c0ed8b48445febab289cf2ff2535f3de733bae0	1201234	A	open_model_archive_payload	v5_mine_kyivan_rus_epigraphy.py or v5_mine_middle_ukrainian.py; regenerable with external sources; quarantined	rule
data/projects/open_model_data/archive/quarantined_historical/uldr_v04a_kyivan_rus/sft/sft_shard_004_of_030.jsonl	100644	301cb81ae687d7ed4a569ed5036ce9b54d5b3700	1303710	A	open_model_archive_payload	v5_mine_kyivan_rus_epigraphy.py or v5_mine_middle_ukrainian.py; regenerable with external sources; quarantined	rule
data/projects/open_model_data/archive/quarantined_historical/uldr_v04a_kyivan_rus/sft/sft_shard_005_of_030.jsonl	100644	76d53afaa15fe4893f311efeac09a61f1b1e98ea	1306608	A	open_model_archive_payload	v5_mine_kyivan_rus_epigraphy.py or v5_mine_middle_ukrainian.py; regenerable with external sources; quarantined	rule
data/projects/open_model_data/archive/quarantined_historical/uldr_v04a_kyivan_rus/sft/sft_shard_006_of_030.jsonl	100644	5da3377bfca729648944064df3fa18ed593bf248	1303004	A	open_model_archive_payload	v5_mine_kyivan_rus_epigraphy.py or v5_mine_middle_ukrainian.py; regenerable with external sources; quarantined	rule
data/projects/open_model_data/archive/quarantined_historical/uldr_v04a_kyivan_rus/sft/sft_shard_007_of_030.jsonl	100644	456107d1f00e601181a23325e8ca5cf059650437	1304483	A	open_model_archive_payload	v5_mine_kyivan_rus_epigraphy.py or v5_mine_middle_ukrainian.py; regenerable with external sources; quarantined	rule
data/projects/open_model_data/archive/quarantined_historical/uldr_v04a_kyivan_rus/sft/sft_shard_008_of_030.jsonl	100644	98a5ec9705b75ffd3e216cc8a16498dfa393740d	1314802	A	open_model_archive_payload	v5_mine_kyivan_rus_epigraphy.py or v5_mine_middle_ukrainian.py; regenerable with external sources; quarantined	rule
data/projects/open_model_data/archive/quarantined_historical/uldr_v04a_kyivan_rus/sft/sft_shard_009_of_030.jsonl	100644	8a202a46309b7895c6b32fb13083b1daa30aea02	1294306	A	open_model_archive_payload	v5_mine_kyivan_rus_epigraphy.py or v5_mine_middle_ukrainian.py; regenerable with external sources; quarantined	rule
data/projects/open_model_data/archive/quarantined_historical/uldr_v04a_kyivan_rus/sft/sft_shard_010_of_030.jsonl	100644	6818fd979877210316a70f0d6256c7d3bdc8ff20	1295452	A	open_model_archive_payload	v5_mine_kyivan_rus_epigraphy.py or v5_mine_middle_ukrainian.py; regenerable with external sources; quarantined	rule
data/projects/open_model_data/archive/quarantined_historical/uldr_v04a_kyivan_rus/sft/sft_shard_011_of_030.jsonl	100644	72edf35ef3d3a8398fe105da158966a2bc4fc3e5	1308301	A	open_model_archive_payload	v5_mine_kyivan_rus_epigraphy.py or v5_mine_middle_ukrainian.py; regenerable with external sources; quarantined	rule
data/projects/open_model_data/archive/quarantined_historical/uldr_v04a_kyivan_rus/sft/sft_shard_012_of_030.jsonl	100644	08270d54c696995d419bcbe15706587d4b5c41bc	1299641	A	open_model_archive_payload	v5_mine_kyivan_rus_epigraphy.py or v5_mine_middle_ukrainian.py; regenerable with external sources; quarantined	rule
data/projects/open_model_data/archive/quarantined_historical/uldr_v04a_kyivan_rus/sft/sft_shard_013_of_030.jsonl	100644	f052581150885c93e54ba85e5221b6532295dbee	1304168	A	open_model_archive_payload	v5_mine_kyivan_rus_epigraphy.py or v5_mine_middle_ukrainian.py; regenerable with external sources; quarantined	rule
data/projects/open_model_data/archive/quarantined_historical/uldr_v04a_kyivan_rus/sft/sft_shard_014_of_030.jsonl	100644	96c076b6bfdfe82930dbc885604ae03627207cfc	1296067	A	open_model_archive_payload	v5_mine_kyivan_rus_epigraphy.py or v5_mine_middle_ukrainian.py; regenerable with external sources; quarantined	rule
data/projects/open_model_data/archive/quarantined_historical/uldr_v04a_kyivan_rus/sft/sft_shard_015_of_030.jsonl	100644	42cf04a11a2ed7d7b79483a7b70d1baa5a7c909a	1304548	A	open_model_archive_payload	v5_mine_kyivan_rus_epigraphy.py or v5_mine_middle_ukrainian.py; regenerable with external sources; quarantined	rule
data/projects/open_model_data/archive/quarantined_historical/uldr_v04a_kyivan_rus/sft/sft_shard_016_of_030.jsonl	100644	d91edadd7702178ce76ad3e39715ecdcb0e341cd	1305342	A	open_model_archive_payload	v5_mine_kyivan_rus_epigraphy.py or v5_mine_middle_ukrainian.py; regenerable with external sources; quarantined	rule
data/projects/open_model_data/archive/quarantined_historical/uldr_v04a_kyivan_rus/sft/sft_shard_017_of_030.jsonl	100644	3478b5d8a579a21f2f6ad79ff1c8ed1a384907c5	1308125	A	open_model_archive_payload	v5_mine_kyivan_rus_epigraphy.py or v5_mine_middle_ukrainian.py; regenerable with external sources; quarantined	rule
data/projects/open_model_data/archive/quarantined_historical/uldr_v04a_kyivan_rus/sft/sft_shard_018_of_030.jsonl	100644	0816227819b8c401644d722d7ba482ac722045fe	1300705	A	open_model_archive_payload	v5_mine_kyivan_rus_epigraphy.py or v5_mine_middle_ukrainian.py; regenerable with external sources; quarantined	rule
data/projects/open_model_data/archive/quarantined_historical/uldr_v04a_kyivan_rus/sft/sft_shard_019_of_030.jsonl	100644	b7859ea1b995cdb5558eda35e1be9878d7ddd0a0	1298861	A	open_model_archive_payload	v5_mine_kyivan_rus_epigraphy.py or v5_mine_middle_ukrainian.py; regenerable with external sources; quarantined	rule
data/projects/open_model_data/archive/quarantined_historical/uldr_v04a_kyivan_rus/sft/sft_shard_020_of_030.jsonl	100644	30b38d08da7aae31aedf38f0c6bf0e4a0760d26d	1303950	A	open_model_archive_payload	v5_mine_kyivan_rus_epigraphy.py or v5_mine_middle_ukrainian.py; regenerable with external sources; quarantined	rule
data/projects/open_model_data/archive/quarantined_historical/uldr_v04a_kyivan_rus/sft/sft_shard_021_of_030.jsonl	100644	5187c071e8745020746f18ac0494b89b7673def9	1310124	A	open_model_archive_payload	v5_mine_kyivan_rus_epigraphy.py or v5_mine_middle_ukrainian.py; regenerable with external sources; quarantined	rule
data/projects/open_model_data/archive/quarantined_historical/uldr_v04a_kyivan_rus/sft/sft_shard_022_of_030.jsonl	100644	c2de4fc53e0b1f167955a6ce7cb87aaf01e7b8b4	1312855	A	open_model_archive_payload	v5_mine_kyivan_rus_epigraphy.py or v5_mine_middle_ukrainian.py; regenerable with external sources; quarantined	rule
data/projects/open_model_data/archive/quarantined_historical/uldr_v04a_kyivan_rus/sft/sft_shard_023_of_030.jsonl	100644	d6d4cb473324bfd57a3c827a685207107007ccf0	1308089	A	open_model_archive_payload	v5_mine_kyivan_rus_epigraphy.py or v5_mine_middle_ukrainian.py; regenerable with external sources; quarantined	rule
data/projects/open_model_data/archive/quarantined_historical/uldr_v04a_kyivan_rus/sft/sft_shard_024_of_030.jsonl	100644	a4355b93b0ab98dbb918aa4a6168930973493765	1298097	A	open_model_archive_payload	v5_mine_kyivan_rus_epigraphy.py or v5_mine_middle_ukrainian.py; regenerable with external sources; quarantined	rule
data/projects/open_model_data/archive/quarantined_historical/uldr_v04a_kyivan_rus/sft/sft_shard_025_of_030.jsonl	100644	0b1ed9c54d9a3e314ff636e1e0efc39cfd96c064	1302385	A	open_model_archive_payload	v5_mine_kyivan_rus_epigraphy.py or v5_mine_middle_ukrainian.py; regenerable with external sources; quarantined	rule
data/projects/open_model_data/archive/quarantined_historical/uldr_v04a_kyivan_rus/sft/sft_shard_026_of_030.jsonl	100644	b7ac042379dd660dccdcbf4860a71f7c2aa75f69	1304178	A	open_model_archive_payload	v5_mine_kyivan_rus_epigraphy.py or v5_mine_middle_ukrainian.py; regenerable with external sources; quarantined	rule
data/projects/open_model_data/archive/quarantined_historical/uldr_v04a_kyivan_rus/sft/sft_shard_027_of_030.jsonl	100644	3b66f5854d7a5d5b120dbc12c99c36f458ae63b4	1295775	A	open_model_archive_payload	v5_mine_kyivan_rus_epigraphy.py or v5_mine_middle_ukrainian.py; regenerable with external sources; quarantined	rule
data/projects/open_model_data/archive/quarantined_historical/uldr_v04a_kyivan_rus/sft/sft_shard_028_of_030.jsonl	100644	2660fabbde3fa4c27315de928ecce67c564de794	1299438	A	open_model_archive_payload	v5_mine_kyivan_rus_epigraphy.py or v5_mine_middle_ukrainian.py; regenerable with external sources; quarantined	rule
data/projects/open_model_data/archive/quarantined_historical/uldr_v04a_kyivan_rus/sft/sft_shard_029_of_030.jsonl	100644	690d0253bdc808f79c908c8c13d6a0446aa96110	1301423	A	open_model_archive_payload	v5_mine_kyivan_rus_epigraphy.py or v5_mine_middle_ukrainian.py; regenerable with external sources; quarantined	rule
data/projects/open_model_data/archive/quarantined_historical/uldr_v04a_kyivan_rus/sft/sft_shard_030_of_030.jsonl	100644	7bf052f08b391ed9afec4c572d95c1037a7d8e5e	1073882	A	open_model_archive_payload	v5_mine_kyivan_rus_epigraphy.py or v5_mine_middle_ukrainian.py; regenerable with external sources; quarantined	rule
data/projects/open_model_data/archive/quarantined_historical/uldr_v04b_middle_ukrainian/QUARANTINE_NOTICE.md	100644	d55667f9181df95ee4f6473423c9999a4558e150	2042	K	open_model_archive_evidence	quarantine decision receipt manifest or hash	rule
data/projects/open_model_data/archive/quarantined_historical/uldr_v04b_middle_ukrainian/middle_ukrainian_eval.jsonl	100644	2580f03156e8ab4babb5573043c3024ea3a79e6c	780550	A	open_model_archive_payload	v5_mine_kyivan_rus_epigraphy.py or v5_mine_middle_ukrainian.py; regenerable with external sources; quarantined	rule
data/projects/open_model_data/archive/quarantined_historical/uldr_v04b_middle_ukrainian/middle_ukrainian_eval.sha256	100644	d875f71b300bbff0cff69fc576b715c0163101cd	94	K	open_model_archive_evidence	quarantine decision receipt manifest or hash	rule
data/projects/open_model_data/archive/quarantined_historical/uldr_v04b_middle_ukrainian/release_receipt.json	100644	fddf35a8565aad8c410c9de4b8cb29a436d305bd	2158	K	open_model_archive_evidence	quarantine decision receipt manifest or hash	rule
data/projects/open_model_data/archive/quarantined_historical/uldr_v04b_middle_ukrainian/release_receipt.json.sha256	100644	8755699c84eee9a1ae19390c974615d061f9d291	87	K	open_model_archive_evidence	quarantine decision receipt manifest or hash	rule
data/projects/open_model_data/archive/quarantined_historical/uldr_v04b_middle_ukrainian/sft/manifest.json	100644	3fdb107b1e5408dcb1ae0b2150e24091023e6f5d	6688	K	open_model_archive_evidence	quarantine decision receipt manifest or hash	rule
data/projects/open_model_data/archive/quarantined_historical/uldr_v04b_middle_ukrainian/sft/manifest.json.sha256	100644	13d3c5e23c99dd161105783f132ffb8536802fd1	80	K	open_model_archive_evidence	quarantine decision receipt manifest or hash	rule
data/projects/open_model_data/archive/quarantined_historical/uldr_v04b_middle_ukrainian/sft/sft_shard_001_of_030.jsonl	100644	fd38109d4307621234b345446b19e463d0ac80e1	1319516	A	open_model_archive_payload	v5_mine_kyivan_rus_epigraphy.py or v5_mine_middle_ukrainian.py; regenerable with external sources; quarantined	rule
data/projects/open_model_data/archive/quarantined_historical/uldr_v04b_middle_ukrainian/sft/sft_shard_002_of_030.jsonl	100644	87b181a8f1b93f476783eabc1e649431c19fe0b2	1328686	A	open_model_archive_payload	v5_mine_kyivan_rus_epigraphy.py or v5_mine_middle_ukrainian.py; regenerable with external sources; quarantined	rule
data/projects/open_model_data/archive/quarantined_historical/uldr_v04b_middle_ukrainian/sft/sft_shard_003_of_030.jsonl	100644	e8f1d20a84503f397aa0e65dc3ed62827eb14928	1324875	A	open_model_archive_payload	v5_mine_kyivan_rus_epigraphy.py or v5_mine_middle_ukrainian.py; regenerable with external sources; quarantined	rule
data/projects/open_model_data/archive/quarantined_historical/uldr_v04b_middle_ukrainian/sft/sft_shard_004_of_030.jsonl	100644	7186ce272772f851b4b6885af6df3c6be165fc70	1323367	A	open_model_archive_payload	v5_mine_kyivan_rus_epigraphy.py or v5_mine_middle_ukrainian.py; regenerable with external sources; quarantined	rule
data/projects/open_model_data/archive/quarantined_historical/uldr_v04b_middle_ukrainian/sft/sft_shard_005_of_030.jsonl	100644	0c1900cc3040f6ac7a82cae221047b8ef86098c1	1318954	A	open_model_archive_payload	v5_mine_kyivan_rus_epigraphy.py or v5_mine_middle_ukrainian.py; regenerable with external sources; quarantined	rule
data/projects/open_model_data/archive/quarantined_historical/uldr_v04b_middle_ukrainian/sft/sft_shard_006_of_030.jsonl	100644	161b7d032e6300e02bd96500d69d1e34cb442a44	1318714	A	open_model_archive_payload	v5_mine_kyivan_rus_epigraphy.py or v5_mine_middle_ukrainian.py; regenerable with external sources; quarantined	rule
data/projects/open_model_data/archive/quarantined_historical/uldr_v04b_middle_ukrainian/sft/sft_shard_007_of_030.jsonl	100644	4bd94bee6274045342808e41fb3dfd9630589864	1316621	A	open_model_archive_payload	v5_mine_kyivan_rus_epigraphy.py or v5_mine_middle_ukrainian.py; regenerable with external sources; quarantined	rule
data/projects/open_model_data/archive/quarantined_historical/uldr_v04b_middle_ukrainian/sft/sft_shard_008_of_030.jsonl	100644	db4b881d0fdfec1d3a48c1195406928ce090bdb2	1322121	A	open_model_archive_payload	v5_mine_kyivan_rus_epigraphy.py or v5_mine_middle_ukrainian.py; regenerable with external sources; quarantined	rule
data/projects/open_model_data/archive/quarantined_historical/uldr_v04b_middle_ukrainian/sft/sft_shard_009_of_030.jsonl	100644	1f410191fc1eea36fe97d6b6828996fbba6c7203	1323528	A	open_model_archive_payload	v5_mine_kyivan_rus_epigraphy.py or v5_mine_middle_ukrainian.py; regenerable with external sources; quarantined	rule
data/projects/open_model_data/archive/quarantined_historical/uldr_v04b_middle_ukrainian/sft/sft_shard_010_of_030.jsonl	100644	d4c892833bac2c1adc708bb01b95cda8070a48c2	1319094	A	open_model_archive_payload	v5_mine_kyivan_rus_epigraphy.py or v5_mine_middle_ukrainian.py; regenerable with external sources; quarantined	rule
data/projects/open_model_data/archive/quarantined_historical/uldr_v04b_middle_ukrainian/sft/sft_shard_011_of_030.jsonl	100644	66f4b8006a64c08b2b356b06de229c19f41f650c	1321776	A	open_model_archive_payload	v5_mine_kyivan_rus_epigraphy.py or v5_mine_middle_ukrainian.py; regenerable with external sources; quarantined	rule
data/projects/open_model_data/archive/quarantined_historical/uldr_v04b_middle_ukrainian/sft/sft_shard_012_of_030.jsonl	100644	0dae7570780f599a5a593ae666457cfdc22af197	1319893	A	open_model_archive_payload	v5_mine_kyivan_rus_epigraphy.py or v5_mine_middle_ukrainian.py; regenerable with external sources; quarantined	rule
data/projects/open_model_data/archive/quarantined_historical/uldr_v04b_middle_ukrainian/sft/sft_shard_013_of_030.jsonl	100644	872af1eaf6b0a6acb0bfe2356ffcc42321a7b0e0	1327277	A	open_model_archive_payload	v5_mine_kyivan_rus_epigraphy.py or v5_mine_middle_ukrainian.py; regenerable with external sources; quarantined	rule
data/projects/open_model_data/archive/quarantined_historical/uldr_v04b_middle_ukrainian/sft/sft_shard_014_of_030.jsonl	100644	92c375ae94515c43a50d3cd5086cdd0c6b464c66	1317394	A	open_model_archive_payload	v5_mine_kyivan_rus_epigraphy.py or v5_mine_middle_ukrainian.py; regenerable with external sources; quarantined	rule
data/projects/open_model_data/archive/quarantined_historical/uldr_v04b_middle_ukrainian/sft/sft_shard_015_of_030.jsonl	100644	d48953534860c98ac2083547cf340b83c3bcdd8c	1319608	A	open_model_archive_payload	v5_mine_kyivan_rus_epigraphy.py or v5_mine_middle_ukrainian.py; regenerable with external sources; quarantined	rule
data/projects/open_model_data/archive/quarantined_historical/uldr_v04b_middle_ukrainian/sft/sft_shard_016_of_030.jsonl	100644	64378b402a5a4d584dc5071994918fb8d78b607c	1324949	A	open_model_archive_payload	v5_mine_kyivan_rus_epigraphy.py or v5_mine_middle_ukrainian.py; regenerable with external sources; quarantined	rule
data/projects/open_model_data/archive/quarantined_historical/uldr_v04b_middle_ukrainian/sft/sft_shard_017_of_030.jsonl	100644	a27f62234bc4d94dd0c0960e51072f1bb9232207	1329121	A	open_model_archive_payload	v5_mine_kyivan_rus_epigraphy.py or v5_mine_middle_ukrainian.py; regenerable with external sources; quarantined	rule
data/projects/open_model_data/archive/quarantined_historical/uldr_v04b_middle_ukrainian/sft/sft_shard_018_of_030.jsonl	100644	a5846e987e5dc5fa2e63a741f3f4dc616bfd7073	1330707	A	open_model_archive_payload	v5_mine_kyivan_rus_epigraphy.py or v5_mine_middle_ukrainian.py; regenerable with external sources; quarantined	rule
data/projects/open_model_data/archive/quarantined_historical/uldr_v04b_middle_ukrainian/sft/sft_shard_019_of_030.jsonl	100644	a565f706192b269d5e790b6a57158044b0b8e567	1323619	A	open_model_archive_payload	v5_mine_kyivan_rus_epigraphy.py or v5_mine_middle_ukrainian.py; regenerable with external sources; quarantined	rule
data/projects/open_model_data/archive/quarantined_historical/uldr_v04b_middle_ukrainian/sft/sft_shard_020_of_030.jsonl	100644	6e788f65760546d25868a28fa82ec0833c8ad324	1326996	A	open_model_archive_payload	v5_mine_kyivan_rus_epigraphy.py or v5_mine_middle_ukrainian.py; regenerable with external sources; quarantined	rule
data/projects/open_model_data/archive/quarantined_historical/uldr_v04b_middle_ukrainian/sft/sft_shard_021_of_030.jsonl	100644	7fa6d12f5e40a074c02cbb88c424c22e5385814e	1327503	A	open_model_archive_payload	v5_mine_kyivan_rus_epigraphy.py or v5_mine_middle_ukrainian.py; regenerable with external sources; quarantined	rule
data/projects/open_model_data/archive/quarantined_historical/uldr_v04b_middle_ukrainian/sft/sft_shard_022_of_030.jsonl	100644	075a71a86ae7f24cf0d7e28cbd55ccc85454258d	1322003	A	open_model_archive_payload	v5_mine_kyivan_rus_epigraphy.py or v5_mine_middle_ukrainian.py; regenerable with external sources; quarantined	rule
data/projects/open_model_data/archive/quarantined_historical/uldr_v04b_middle_ukrainian/sft/sft_shard_023_of_030.jsonl	100644	3b0f5f43cb2d92b63911269dd57e4a5e84177b8c	1327000	A	open_model_archive_payload	v5_mine_kyivan_rus_epigraphy.py or v5_mine_middle_ukrainian.py; regenerable with external sources; quarantined	rule
data/projects/open_model_data/archive/quarantined_historical/uldr_v04b_middle_ukrainian/sft/sft_shard_024_of_030.jsonl	100644	822ba3570e100bf2058b4f5a5f4ce7bcff563843	1329351	A	open_model_archive_payload	v5_mine_kyivan_rus_epigraphy.py or v5_mine_middle_ukrainian.py; regenerable with external sources; quarantined	rule
data/projects/open_model_data/archive/quarantined_historical/uldr_v04b_middle_ukrainian/sft/sft_shard_025_of_030.jsonl	100644	5191b18effe348bb040df16a04164fdefc995910	1325122	A	open_model_archive_payload	v5_mine_kyivan_rus_epigraphy.py or v5_mine_middle_ukrainian.py; regenerable with external sources; quarantined	rule
data/projects/open_model_data/archive/quarantined_historical/uldr_v04b_middle_ukrainian/sft/sft_shard_026_of_030.jsonl	100644	8d9571b8ae51d3d745304f609e763f77d8b6688e	1317477	A	open_model_archive_payload	v5_mine_kyivan_rus_epigraphy.py or v5_mine_middle_ukrainian.py; regenerable with external sources; quarantined	rule
data/projects/open_model_data/archive/quarantined_historical/uldr_v04b_middle_ukrainian/sft/sft_shard_027_of_030.jsonl	100644	99bab78363227efac9e9ce512a33bd032ea2a7e4	1322633	A	open_model_archive_payload	v5_mine_kyivan_rus_epigraphy.py or v5_mine_middle_ukrainian.py; regenerable with external sources; quarantined	rule
data/projects/open_model_data/archive/quarantined_historical/uldr_v04b_middle_ukrainian/sft/sft_shard_028_of_030.jsonl	100644	dca19e22b6f5a9005a98d858d8c30f1f060f91c1	1315479	A	open_model_archive_payload	v5_mine_kyivan_rus_epigraphy.py or v5_mine_middle_ukrainian.py; regenerable with external sources; quarantined	rule
data/projects/open_model_data/archive/quarantined_historical/uldr_v04b_middle_ukrainian/sft/sft_shard_029_of_030.jsonl	100644	04970265e1326ca340dd144a40cb798071d64e01	1322871	A	open_model_archive_payload	v5_mine_kyivan_rus_epigraphy.py or v5_mine_middle_ukrainian.py; regenerable with external sources; quarantined	rule
data/projects/open_model_data/archive/quarantined_historical/uldr_v04b_middle_ukrainian/sft/sft_shard_030_of_030.jsonl	100644	c73d79d13bfb1ef0142c0d2dfa13238d6c71b580	1076595	A	open_model_archive_payload	v5_mine_kyivan_rus_epigraphy.py or v5_mine_middle_ukrainian.py; regenerable with external sources; quarantined	rule
data/projects/open_model_data/archive/uldr_v1_production/TOMBSTONE.md	100644	024dab063cd3e16e275e52aa0c04fe89bd37b779	4899	K	open_model_archive_evidence	archive tombstone documents withdrawn payload	rule
data/projects/open_model_data/archive/uldr_v1_production/dpo/dpo_shard_001_of_006.jsonl	100644	bd05f98ff30db03099884ac51147a60456df85ca	692855	A	open_model_archive_payload	v4_production_shards_assembly.py; regenerable with external source inputs; archived	rule
data/projects/open_model_data/archive/uldr_v1_production/dpo/dpo_shard_002_of_006.jsonl	100644	6d57f146022d2e349f3e829f62a9935524c2ccb0	676487	A	open_model_archive_payload	v4_production_shards_assembly.py; regenerable with external source inputs; archived	rule
data/projects/open_model_data/archive/uldr_v1_production/dpo/dpo_shard_003_of_006.jsonl	100644	253f265121d92b444e6f217db5db3ff7e088fcb3	697149	A	open_model_archive_payload	v4_production_shards_assembly.py; regenerable with external source inputs; archived	rule
data/projects/open_model_data/archive/uldr_v1_production/dpo/dpo_shard_004_of_006.jsonl	100644	57ccfd4cd76f6cf92ca44acf5d955416262dac86	693687	A	open_model_archive_payload	v4_production_shards_assembly.py; regenerable with external source inputs; archived	rule
data/projects/open_model_data/archive/uldr_v1_production/dpo/dpo_shard_005_of_006.jsonl	100644	6dfaa856d4668f4565b624a83dd1a44b8d6e2c4e	692593	A	open_model_archive_payload	v4_production_shards_assembly.py; regenerable with external source inputs; archived	rule
data/projects/open_model_data/archive/uldr_v1_production/dpo/dpo_shard_006_of_006.jsonl	100644	828e56ad6127274bcc610e38bd4d3c4a74d96a30	847766	A	open_model_archive_payload	v4_production_shards_assembly.py; regenerable with external source inputs; archived	rule
data/projects/open_model_data/archive/uldr_v1_production/production_release_receipt.json	100644	97b61ada12104acb13413382c251de311d62f5ae	6184	K	open_model_archive_evidence	quarantine decision receipt manifest or hash	rule
data/projects/open_model_data/archive/uldr_v1_production/production_release_receipt.json.sha256	100644	4f0042b1ce5f4e9e5440757d8ac89c4b608684a2	65	K	open_model_archive_evidence	quarantine decision receipt manifest or hash	rule
data/projects/open_model_data/archive/uldr_v1_production/sft/sft_shard_001_of_012.jsonl	100644	09ef76a7d044e8088a1e4ebcfa250905c4b23ffb	1458465	A	open_model_archive_payload	v4_production_shards_assembly.py; regenerable with external source inputs; archived	rule
data/projects/open_model_data/archive/uldr_v1_production/sft/sft_shard_002_of_012.jsonl	100644	b7fa681beb655498391cad3a10dd03114f303aca	1402847	A	open_model_archive_payload	v4_production_shards_assembly.py; regenerable with external source inputs; archived	rule
data/projects/open_model_data/archive/uldr_v1_production/sft/sft_shard_003_of_012.jsonl	100644	ff340d7c2498111005c367ec663627a88e5f93f2	1423441	A	open_model_archive_payload	v4_production_shards_assembly.py; regenerable with external source inputs; archived	rule
data/projects/open_model_data/archive/uldr_v1_production/sft/sft_shard_004_of_012.jsonl	100644	7299c8703f8dfd4b3e19f2ab932c5d03f732dccd	1399711	A	open_model_archive_payload	v4_production_shards_assembly.py; regenerable with external source inputs; archived	rule
data/projects/open_model_data/archive/uldr_v1_production/sft/sft_shard_005_of_012.jsonl	100644	819c8f34edbe1cd2c63f39933f3db4dbccb90d15	1431392	A	open_model_archive_payload	v4_production_shards_assembly.py; regenerable with external source inputs; archived	rule
data/projects/open_model_data/archive/uldr_v1_production/sft/sft_shard_006_of_012.jsonl	100644	cfa1cdb895d655e0492d6017616116f32a07d1ea	1521193	A	open_model_archive_payload	v4_production_shards_assembly.py; regenerable with external source inputs; archived	rule
data/projects/open_model_data/archive/uldr_v1_production/sft/sft_shard_007_of_012.jsonl	100644	e4fcb348e05365378bc33d68b68fae294fe10704	1516145	A	open_model_archive_payload	v4_production_shards_assembly.py; regenerable with external source inputs; archived	rule
data/projects/open_model_data/archive/uldr_v1_production/sft/sft_shard_008_of_012.jsonl	100644	c54a3fda45a8f687bdda09d23783f357cecc89a2	1537585	A	open_model_archive_payload	v4_production_shards_assembly.py; regenerable with external source inputs; archived	rule
data/projects/open_model_data/archive/uldr_v1_production/sft/sft_shard_009_of_012.jsonl	100644	c7a8b0fa01b7a76343fcbd2d9b78fa4ff922ab37	1587321	A	open_model_archive_payload	v4_production_shards_assembly.py; regenerable with external source inputs; archived	rule
data/projects/open_model_data/archive/uldr_v1_production/sft/sft_shard_010_of_012.jsonl	100644	c9116440dbe7eb485eafce6a70ec9a76561beae8	1586657	A	open_model_archive_payload	v4_production_shards_assembly.py; regenerable with external source inputs; archived	rule
data/projects/open_model_data/archive/uldr_v1_production/sft/sft_shard_011_of_012.jsonl	100644	da65173431b7a4be0297f7695d57b36850708f6d	1719599	A	open_model_archive_payload	v4_production_shards_assembly.py; regenerable with external source inputs; archived	rule
data/projects/open_model_data/archive/uldr_v1_production/sft/sft_shard_012_of_012.jsonl	100644	1f7dd98441f5b73f2f171853cf59b1e79320cadb	1923686	A	open_model_archive_payload	v4_production_shards_assembly.py; regenerable with external source inputs; archived	rule
data/projects/open_model_data/canary/pilot_canary_adapter.safetensors	100644	d2996852e6cbe74a3b97d5cd43965d627282a03f	528872	A	open_model_other_indexes	external; not regenerable from tracked inputs alone; preserve model adapter	rule
data/projects/open_model_data/canary/pilot_canary_eval_cases.jsonl	100644	3ad42b60ad84daef051bc6694bd39d3c010beaa1	1475646	A	open_model_other_indexes	external; regenerable with exact canary source and run inputs	rule
data/projects/open_model_data/canary/pilot_canary_receipt.json	100644	080cc084c04252a74625c6e49c77b8939d52065f	4494	K	open_model_controls	canary receipt binding payload hashes	rule
data/projects/open_model_data/canary/pilot_canary_receipt.json.sha256	100644	bd961485e748c117ea68ae50062d8e8ac5040de4	92	K	open_model_controls	canary receipt binding payload hashes	rule
data/projects/open_model_data/canary/pilot_canary_replay_buffer_30.jsonl	100644	72da3c2bc2804dd12f845bbb6e791dd135fe1358	52502	A	open_model_other_indexes	external; regenerable with exact canary source and run inputs	rule
data/projects/open_model_data/canary/pilot_canary_train_200.jsonl	100644	66dbb23e4921ae4b654456dff7416a76afe03c18	844304	A	open_model_other_indexes	external; regenerable with exact canary source and run inputs	rule
data/projects/open_model_data/canary/pilot_canary_training_log.jsonl	100644	c81219872642938734cdc65c27a53dba97a780b9	29502	A	open_model_other_indexes	external; not regenerable from tracked inputs alone; preserve canary training log	rule
data/projects/open_model_data/components/decolonization/README.md	100644	b86233a498ca18c60ece6d8b1fe16ef4d1eac6ac	2504	K	open_model_components	reviewed cases and judgments or compact documentation and manifests	rule
data/projects/open_model_data/components/decolonization/acceptance_review_sample.json	100644	09174659e734cd8ff88bc8b35e4371c020a902bc	896088	A	open_model_component_payload	external; regenerable from reviewed cases and sample selector	rule
data/projects/open_model_data/components/decolonization/acceptance_review_sample.md	100644	2b39ab8c71ebe605f49cc2172558aa5ed9b75eb8	1318771	A	open_model_component_payload	external; regenerable from reviewed cases and sample selector	rule
data/projects/open_model_data/components/decolonization/acceptance_review_sample.receipt.json	100644	d812dbdbdb8e08355833e452615b0b4c29cb1bef	774993	K	open_model_components	independent human review receipt binds sample hashes and verdicts	judgment
data/projects/open_model_data/components/decolonization/acceptance_review_sample.signoff.json	100644	f98bc448307b3b1f0ddb1244b78bdea2c29da6fe	933	K	open_model_components	reviewed cases and judgments or compact documentation and manifests	rule
data/projects/open_model_data/components/decolonization/acceptance_review_sample.signoff_template.json	100644	fac594e1c01976564e7b3b14f4787c68b7febee4	463	K	open_model_components	human review signoff template	rule
data/projects/open_model_data/components/decolonization/cases.json	100644	1de75ec815249978e8965acc82ee8e44d41e1685	1912118	K	open_model_components	reviewed cases and judgments or compact documentation and manifests	rule
data/projects/open_model_data/components/decolonization/decolonization_eval.jsonl	100644	b1eba4c26981f10f406160f566afdaf7c4ba12a8	363700	A	open_model_component_payload	build_decolonization_cases.py or build_grammar_component_8342.py; regenerable with external corpora	rule
data/projects/open_model_data/components/decolonization/decolonization_train.jsonl	100644	10ca97e5ccb8313c8cb2d80aa84017c5b57686b4	1443888	A	open_model_component_payload	build_decolonization_cases.py or build_grammar_component_8342.py; regenerable with external corpora	rule
data/projects/open_model_data/components/decolonization/manifest.json	100644	f599857fcbf3fbc58889a60df41eef4256716d5a	605	K	open_model_components	reviewed cases and judgments or compact documentation and manifests	rule
data/projects/open_model_data/components/decolonization/reviews/decol_lex_001.review.json	100644	4d35ba97e3551d7e9d20aa7c42410c5f1efebdde	2304	K	open_model_components	reviewed cases and judgments or compact documentation and manifests	rule
data/projects/open_model_data/components/decolonization/reviews/decol_lex_002.review.json	100644	7b23fae86a65de0db51d679d1c83e85559a2a862	2063	K	open_model_components	reviewed cases and judgments or compact documentation and manifests	rule
data/projects/open_model_data/components/decolonization/reviews/decol_lex_003.review.json	100644	db8726a3a46df98a0dac405188c55b1a6085a779	2350	K	open_model_components	reviewed cases and judgments or compact documentation and manifests	rule
data/projects/open_model_data/components/decolonization/reviews/decol_lex_004.review.json	100644	265ef574d993ddc23cdc80f0b43fcf52407d3a22	2632	K	open_model_components	reviewed cases and judgments or compact documentation and manifests	rule
data/projects/open_model_data/components/decolonization/reviews/decol_lex_005.review.json	100644	d0d8777cb9251309f26c2936a2e50865536c0225	2592	K	open_model_components	reviewed cases and judgments or compact documentation and manifests	rule
data/projects/open_model_data/components/decolonization/reviews/decol_lex_006.review.json	100644	41c6fb885437d37cd2c47ffe94f5cb54ee241b38	2330	K	open_model_components	reviewed cases and judgments or compact documentation and manifests	rule
data/projects/open_model_data/components/decolonization/reviews/decol_lex_007.review.json	100644	97ec4b943db3cdf6c8936e41ef0a30fd8e38a1d3	2131	K	open_model_components	reviewed cases and judgments or compact documentation and manifests	rule
data/projects/open_model_data/components/decolonization/reviews/decol_lex_008.review.json	100644	50210f63f4dec646c5c14e81a23c5d1cae313150	2332	K	open_model_components	reviewed cases and judgments or compact documentation and manifests	rule
data/projects/open_model_data/components/decolonization/reviews/decol_lex_009.review.json	100644	0cf4266c50e08ed6f5aa67a7e2b03d493470323a	2156	K	open_model_components	reviewed cases and judgments or compact documentation and manifests	rule
data/projects/open_model_data/components/decolonization/reviews/decol_lex_010.review.json	100644	40eb8d82e3d7149248ac2678a45178ace9465980	2611	K	open_model_components	reviewed cases and judgments or compact documentation and manifests	rule
data/projects/open_model_data/components/decolonization/reviews/decol_lex_011.review.json	100644	ace292fa50d3469fe689c3615374cbb7bd55c5e0	2534	K	open_model_components	reviewed cases and judgments or compact documentation and manifests	rule
data/projects/open_model_data/components/decolonization/reviews/decol_lex_012.review.json	100644	7ce1596d5d36a1b1d9b7fa7bbd7da8742d93e6b0	1778	K	open_model_components	reviewed cases and judgments or compact documentation and manifests	rule
data/projects/open_model_data/components/decolonization/reviews/decol_lex_013.review.json	100644	6068d725cc7bec32e0db172a210892af8ee363b1	2257	K	open_model_components	reviewed cases and judgments or compact documentation and manifests	rule
data/projects/open_model_data/components/decolonization/reviews/decol_lex_014.review.json	100644	f7181b54d594d1348a5e7181f6ed5cf0a40d6922	1840	K	open_model_components	reviewed cases and judgments or compact documentation and manifests	rule
data/projects/open_model_data/components/decolonization/reviews/decol_lex_015.review.json	100644	328c3fe6290b5d92203696ceb93912a3b2aa91f1	2523	K	open_model_components	reviewed cases and judgments or compact documentation and manifests	rule
data/projects/open_model_data/components/decolonization/reviews/decol_lex_016.review.json	100644	1940a9deef1d0ed13c90d4b39eeab0f5d56113d5	2350	K	open_model_components	reviewed cases and judgments or compact documentation and manifests	rule
data/projects/open_model_data/components/decolonization/reviews/decol_lex_017.review.json	100644	37200ffe8c1a25cac6c153c2c6eb6e9285484e4a	1872	K	open_model_components	reviewed cases and judgments or compact documentation and manifests	rule
data/projects/open_model_data/components/decolonization/reviews/decol_lex_018.review.json	100644	b4764c8db8c4499e7a61d9613679adbf3c872735	2333	K	open_model_components	reviewed cases and judgments or compact documentation and manifests	rule
data/projects/open_model_data/components/decolonization/reviews/decol_lex_019.review.json	100644	ca71afd6fc351f626a9c01df2c9556c6370746e2	2319	K	open_model_components	reviewed cases and judgments or compact documentation and manifests	rule
data/projects/open_model_data/components/decolonization/reviews/decol_lex_020.review.json	100644	8f25d0f90979055b5747ef42cad770b5e1f86ce5	2074	K	open_model_components	reviewed cases and judgments or compact documentation and manifests	rule
data/projects/open_model_data/components/decolonization/reviews/decol_lex_021.review.json	100644	7a98e1174ba7bf2ad25fb89ebd5c9341bdb997cf	2334	K	open_model_components	reviewed cases and judgments or compact documentation and manifests	rule
data/projects/open_model_data/components/decolonization/reviews/decol_lex_022.review.json	100644	349dcded8a4bb86f5a910e5359a3ab45adc05031	2390	K	open_model_components	reviewed cases and judgments or compact documentation and manifests	rule
data/projects/open_model_data/components/decolonization/reviews/decol_lex_023.review.json	100644	af10a6860d1c10f850a3f88da85c17f86d321a51	2185	K	open_model_components	reviewed cases and judgments or compact documentation and manifests	rule
data/projects/open_model_data/components/decolonization/reviews/decol_lex_024.review.json	100644	ddb4a581b5cda36f2dfe3cf4c821e58ebd598800	2161	K	open_model_components	reviewed cases and judgments or compact documentation and manifests	rule
data/projects/open_model_data/components/decolonization/reviews/decol_lex_025.review.json	100644	c74a9f271e8fbd092f0ed1ddd6ff7901dadf4487	2036	K	open_model_components	reviewed cases and judgments or compact documentation and manifests	rule
data/projects/open_model_data/components/decolonization/reviews/decol_lex_026.review.json	100644	964edc2bbdaf8e55d94d61ec25390595800d7f25	1935	K	open_model_components	reviewed cases and judgments or compact documentation and manifests	rule
data/projects/open_model_data/components/decolonization/reviews/decol_lex_027.review.json	100644	45452deda2695053afecf459dfea619ab3b4d381	2188	K	open_model_components	reviewed cases and judgments or compact documentation and manifests	rule
data/projects/open_model_data/components/decolonization/reviews/decol_lex_028.review.json	100644	838c65c918528af1c14006726ef6aefc4a2cf52b	1858	K	open_model_components	reviewed cases and judgments or compact documentation and manifests	rule
data/projects/open_model_data/components/decolonization/reviews/decol_lex_029.review.json	100644	87746339fa669f512452c44c66b8fb2459572870	1944	K	open_model_components	reviewed cases and judgments or compact documentation and manifests	rule
data/projects/open_model_data/components/decolonization/reviews/decol_lex_030.review.json	100644	d45f7ef4a0d48b38b1fbae4d20fed03d12a9e694	1976	K	open_model_components	reviewed cases and judgments or compact documentation and manifests	rule
data/projects/open_model_data/components/decolonization/reviews/decol_lex_031.review.json	100644	67a5d18ad3397fd960e3b04e0dc09f1d144caa56	2065	K	open_model_components	reviewed cases and judgments or compact documentation and manifests	rule
data/projects/open_model_data/components/decolonization/reviews/decol_lex_032.review.json	100644	92fb6f2bc3059e2d63d2b799fb176b386b424e12	2087	K	open_model_components	reviewed cases and judgments or compact documentation and manifests	rule
data/projects/open_model_data/components/decolonization/reviews/decol_lex_033.review.json	100644	995cf4d75e597c9065ffd7292dffdd090f817055	2252	K	open_model_components	reviewed cases and judgments or compact documentation and manifests	rule
data/projects/open_model_data/components/decolonization/reviews/decol_lex_034.review.json	100644	674340c6c67d8f39d094a2c3b4f6f43a1d05b09f	2013	K	open_model_components	reviewed cases and judgments or compact documentation and manifests	rule
data/projects/open_model_data/components/decolonization/reviews/decol_lex_035.review.json	100644	8c4042f7104ac840e0908ad5d2f64fde20017186	2012	K	open_model_components	reviewed cases and judgments or compact documentation and manifests	rule
data/projects/open_model_data/components/decolonization/reviews/decol_lex_036.review.json	100644	03a8e37a7ad48b494f0d8e040d89294432a411e1	2002	K	open_model_components	reviewed cases and judgments or compact documentation and manifests	rule
data/projects/open_model_data/components/decolonization/reviews/decol_lex_037.review.json	100644	20d8014b31d6972d7060bde18a4d654848f28a73	1951	K	open_model_components	reviewed cases and judgments or compact documentation and manifests	rule
data/projects/open_model_data/components/decolonization/reviews/decol_lex_038.review.json	100644	6eef2b0cefd864c43025c5828cdff728fd84ae0a	2038	K	open_model_components	reviewed cases and judgments or compact documentation and manifests	rule
data/projects/open_model_data/components/decolonization/reviews/decol_lex_039.review.json	100644	3b79a46802b10e4d21fd325b43396f50f4e67a25	2039	K	open_model_components	reviewed cases and judgments or compact documentation and manifests	rule
data/projects/open_model_data/components/decolonization/reviews/decol_lex_040.review.json	100644	52aef30eb085f931afde45526fa90a4eea810128	2075	K	open_model_components	reviewed cases and judgments or compact documentation and manifests	rule
data/projects/open_model_data/components/decolonization/reviews/decol_lex_041.review.json	100644	d3e5f3de10d2e05a3f77937fe9b83bbd72d6dae2	2060	K	open_model_components	reviewed cases and judgments or compact documentation and manifests	rule
data/projects/open_model_data/components/decolonization/reviews/decol_lex_042.review.json	100644	5f1006e948aea60b776cfd95cb6b44bace125112	2051	K	open_model_components	reviewed cases and judgments or compact documentation and manifests	rule
data/projects/open_model_data/components/decolonization/reviews/decol_lex_043.review.json	100644	2d7c2e124447966efbf4b8f87dd890696d2abdce	1942	K	open_model_components	reviewed cases and judgments or compact documentation and manifests	rule
data/projects/open_model_data/components/decolonization/reviews/decol_lex_044.review.json	100644	7e83c968ebef30a6d7dc1c09f2c41cdfeb9f8da2	2150	K	open_model_components	reviewed cases and judgments or compact documentation and manifests	rule
data/projects/open_model_data/components/decolonization/reviews/decol_lex_045.review.json	100644	bcfad0e6d91a95e97a5440c071a30203b38cbb8f	2018	K	open_model_components	reviewed cases and judgments or compact documentation and manifests	rule
data/projects/open_model_data/components/decolonization/reviews/decol_lex_046.review.json	100644	8b5f092e785235e470d04af0e22831d9f3949c56	2033	K	open_model_components	reviewed cases and judgments or compact documentation and manifests	rule
data/projects/open_model_data/components/decolonization/reviews/decol_lex_047.review.json	100644	2c39751eb9f59bb46709a5b332c781ff9980a6dc	1999	K	open_model_components	reviewed cases and judgments or compact documentation and manifests	rule
data/projects/open_model_data/components/decolonization/reviews/decol_lex_048.review.json	100644	ab653b0d0c55978f75cab947b2ecff236f507ac8	1942	K	open_model_components	reviewed cases and judgments or compact documentation and manifests	rule
data/projects/open_model_data/components/decolonization/reviews/decol_lex_049.review.json	100644	29a55a1d7ad454eb2be74a66008d1050d1fb2257	1985	K	open_model_components	reviewed cases and judgments or compact documentation and manifests	rule
data/projects/open_model_data/components/decolonization/reviews/decol_lex_050.review.json	100644	c224d8ea82b684865254fc8bee687078db987ff0	2033	K	open_model_components	reviewed cases and judgments or compact documentation and manifests	rule
data/projects/open_model_data/components/decolonization/reviews/decol_lex_051.review.json	100644	464595098c81638b3fa0c276b8c7ba4ee99b6192	2144	K	open_model_components	reviewed cases and judgments or compact documentation and manifests	rule
data/projects/open_model_data/components/decolonization/reviews/decol_lex_052.review.json	100644	8b07b4c25a0bb69cd8e56142d2bd22176785acd9	2055	K	open_model_components	reviewed cases and judgments or compact documentation and manifests	rule
data/projects/open_model_data/components/decolonization/reviews/decol_lex_053.review.json	100644	2f9503ad3ce7d4cc9948e6ee71a159869beb925c	2105	K	open_model_components	reviewed cases and judgments or compact documentation and manifests	rule
data/projects/open_model_data/components/decolonization/reviews/decol_lex_054.review.json	100644	9dbd955c7d40d0178934b47b25c76b86ddd97cc9	2010	K	open_model_components	reviewed cases and judgments or compact documentation and manifests	rule
data/projects/open_model_data/components/decolonization/reviews/decol_lex_055.review.json	100644	ae7670d7f5393fba15660280e6a1e22e3066832b	1985	K	open_model_components	reviewed cases and judgments or compact documentation and manifests	rule
data/projects/open_model_data/components/decolonization/reviews/decol_lex_056.review.json	100644	85d4e3f755fa4bf939a88900bc5ea95d0024a56d	1985	K	open_model_components	reviewed cases and judgments or compact documentation and manifests	rule
data/projects/open_model_data/components/decolonization/reviews/decol_lex_057.review.json	100644	487a4ec0a5a5ec5f950072c93e8a5e014341c057	2119	K	open_model_components	reviewed cases and judgments or compact documentation and manifests	rule
data/projects/open_model_data/components/decolonization/reviews/decol_lex_058.review.json	100644	b2fcd6e1bab90a63cc2a99ce56d7be3ac5c8078b	2187	K	open_model_components	reviewed cases and judgments or compact documentation and manifests	rule
data/projects/open_model_data/components/decolonization/reviews/decol_lex_059.review.json	100644	015723b0f8505bf853112f24470f903a53db16f8	1989	K	open_model_components	reviewed cases and judgments or compact documentation and manifests	rule
data/projects/open_model_data/components/decolonization/reviews/decol_lex_060.review.json	100644	329b3c5abe7a017e171396da2b3607a596f3b234	2087	K	open_model_components	reviewed cases and judgments or compact documentation and manifests	rule
data/projects/open_model_data/components/decolonization/reviews/decol_prep_001.review.json	100644	733d9dd692caeff3e139946c7cc6e9f616fa475a	2238	K	open_model_components	reviewed cases and judgments or compact documentation and manifests	rule
data/projects/open_model_data/components/decolonization/reviews/decol_prep_002.review.json	100644	69d4416f07d8d5a41bbf4c8c38d515713e893ebe	2370	K	open_model_components	reviewed cases and judgments or compact documentation and manifests	rule
data/projects/open_model_data/components/decolonization/reviews/decol_prep_003.review.json	100644	629e08cc224e11bd715cb7ec1e513e66798bc317	2386	K	open_model_components	reviewed cases and judgments or compact documentation and manifests	rule
data/projects/open_model_data/components/decolonization/reviews/decol_prep_004.review.json	100644	50cf403ab3642169848184413eb179fab32007e4	2297	K	open_model_components	reviewed cases and judgments or compact documentation and manifests	rule
data/projects/open_model_data/components/decolonization/reviews/decol_prep_005.review.json	100644	01c1fb28612dc536bab32faca43374c86176b8af	2219	K	open_model_components	reviewed cases and judgments or compact documentation and manifests	rule
data/projects/open_model_data/components/decolonization/reviews/decol_prep_006.review.json	100644	b4a3d88e647093620b1e3851540b055741008062	2229	K	open_model_components	reviewed cases and judgments or compact documentation and manifests	rule
data/projects/open_model_data/components/decolonization/reviews/decol_prep_007.review.json	100644	11f330e0cf3a1fe3e72f06073eb2410496d0f3b2	2244	K	open_model_components	reviewed cases and judgments or compact documentation and manifests	rule
data/projects/open_model_data/components/decolonization/reviews/decol_prep_008.review.json	100644	b258005c3a1c8ca0dbf8c7b4652b3ba0115961df	2239	K	open_model_components	reviewed cases and judgments or compact documentation and manifests	rule
data/projects/open_model_data/components/decolonization/reviews/decol_prep_009.review.json	100644	48b677c4a425ff22f45d15b81f30d831e63c9c8f	2305	K	open_model_components	reviewed cases and judgments or compact documentation and manifests	rule
data/projects/open_model_data/components/decolonization/reviews/decol_prep_010.review.json	100644	6470a03d6a85c17e53ce26953aced058265e1655	2333	K	open_model_components	reviewed cases and judgments or compact documentation and manifests	rule
data/projects/open_model_data/components/decolonization/reviews/decol_prep_011.review.json	100644	f951d63b48244e496d11d000c4d5a66686acf69f	2282	K	open_model_components	reviewed cases and judgments or compact documentation and manifests	rule
data/projects/open_model_data/components/decolonization/reviews/decol_prep_012.review.json	100644	94eef899a0f27c3002d9c84a04a670ebeae2891f	2294	K	open_model_components	reviewed cases and judgments or compact documentation and manifests	rule
data/projects/open_model_data/components/decolonization/reviews/decol_prep_013.review.json	100644	ddca45616f9c132cc90ea7f540fab9ca4811b60a	2200	K	open_model_components	reviewed cases and judgments or compact documentation and manifests	rule
data/projects/open_model_data/components/decolonization/reviews/decol_prep_014.review.json	100644	50cd458ed618ee62b819c89e7c2774996237b95f	2486	K	open_model_components	reviewed cases and judgments or compact documentation and manifests	rule
data/projects/open_model_data/components/decolonization/reviews/decol_prep_015.review.json	100644	2cbac0c0e8260896fd19ba189924bd20545a33aa	2273	K	open_model_components	reviewed cases and judgments or compact documentation and manifests	rule
data/projects/open_model_data/components/decolonization/reviews/decol_prep_016.review.json	100644	72c39f86ffd3454818c31451b2abf60ea52e0e41	2244	K	open_model_components	reviewed cases and judgments or compact documentation and manifests	rule
data/projects/open_model_data/components/decolonization/reviews/decol_prep_017.review.json	100644	4054ff575876c151d72acc1bc17cf8f0801d4ae9	2268	K	open_model_components	reviewed cases and judgments or compact documentation and manifests	rule
data/projects/open_model_data/components/decolonization/reviews/decol_prep_018.review.json	100644	8184a79f55c1557633c71dd700a7c04352a3963c	2404	K	open_model_components	reviewed cases and judgments or compact documentation and manifests	rule
data/projects/open_model_data/components/decolonization/reviews/decol_prep_019.review.json	100644	9cbc4d5dea39428693bda1dcea87822d4389750c	2295	K	open_model_components	reviewed cases and judgments or compact documentation and manifests	rule
data/projects/open_model_data/components/decolonization/reviews/decol_prep_020.review.json	100644	bdfb8e631b5241c5deb75df7eb83d5c660122231	2270	K	open_model_components	reviewed cases and judgments or compact documentation and manifests	rule
data/projects/open_model_data/components/decolonization/reviews/decol_prep_021.review.json	100644	4b7952be007489de95598c9f45be540dd5aa19ff	2248	K	open_model_components	reviewed cases and judgments or compact documentation and manifests	rule
data/projects/open_model_data/components/decolonization/reviews/decol_prep_022.review.json	100644	d8c0bb6ae044e2fd66c4b2233eb0ed69dcca0e91	2326	K	open_model_components	reviewed cases and judgments or compact documentation and manifests	rule
data/projects/open_model_data/components/decolonization/reviews/decol_prep_023.review.json	100644	b7d0621f20440e799752ab650543b9709d2114ba	2331	K	open_model_components	reviewed cases and judgments or compact documentation and manifests	rule
data/projects/open_model_data/components/decolonization/reviews/decol_prep_024.review.json	100644	39e9c06992a175d68dc6f83b0fbe85b0b551a427	2343	K	open_model_components	reviewed cases and judgments or compact documentation and manifests	rule
data/projects/open_model_data/components/decolonization/reviews/decol_prep_025.review.json	100644	651be9f55571c560357bb0d80bbcb7b46000e53b	2322	K	open_model_components	reviewed cases and judgments or compact documentation and manifests	rule
data/projects/open_model_data/components/decolonization/reviews/decol_prep_026.review.json	100644	9e8b97134ab2daf95cbd6ec30bfa411faff6b284	2223	K	open_model_components	reviewed cases and judgments or compact documentation and manifests	rule
data/projects/open_model_data/components/decolonization/reviews/decol_prep_027.review.json	100644	40b875b88324f3bba41bae812ac7519a53cb0329	2475	K	open_model_components	reviewed cases and judgments or compact documentation and manifests	rule
data/projects/open_model_data/components/decolonization/reviews/decol_prep_028.review.json	100644	533ba65b112095b5c6133d49460eb696e79cf322	2175	K	open_model_components	reviewed cases and judgments or compact documentation and manifests	rule
data/projects/open_model_data/components/decolonization/reviews/decol_prep_029.review.json	100644	65d38e2818b51ebcb99fe518665a56ce96b14854	2737	K	open_model_components	reviewed cases and judgments or compact documentation and manifests	rule
data/projects/open_model_data/components/decolonization/reviews/decol_prep_030.review.json	100644	a53723b2168fafa7c49f62359707f857d9c8ede1	2481	K	open_model_components	reviewed cases and judgments or compact documentation and manifests	rule
data/projects/open_model_data/components/decolonization/reviews/decol_prep_031.review.json	100644	67b2c8a2a92dd5a5fe1fc6c4a7e83a8513c0318f	2330	K	open_model_components	reviewed cases and judgments or compact documentation and manifests	rule
data/projects/open_model_data/components/decolonization/reviews/decol_prep_032.review.json	100644	79908df46e6a874309fba057d761c994e9545a4a	2295	K	open_model_components	reviewed cases and judgments or compact documentation and manifests	rule
data/projects/open_model_data/components/decolonization/reviews/decol_prep_033.review.json	100644	543e3ea4abce360a45ffa27c242e759640ec20fb	2271	K	open_model_components	reviewed cases and judgments or compact documentation and manifests	rule
data/projects/open_model_data/components/decolonization/reviews/decol_prep_034.review.json	100644	f1a1725e253181901f6dcaeeaff38a7b7132e195	2249	K	open_model_components	reviewed cases and judgments or compact documentation and manifests	rule
data/projects/open_model_data/components/decolonization/reviews/decol_prep_035.review.json	100644	d1bf3e5a81f34db0e06f632fb50f41dccfcfa9ff	2230	K	open_model_components	reviewed cases and judgments or compact documentation and manifests	rule
data/projects/open_model_data/components/decolonization/reviews/decol_prep_036.review.json	100644	d6180fc630a124b8199076a458e4ac9ed611b628	2343	K	open_model_components	reviewed cases and judgments or compact documentation and manifests	rule
data/projects/open_model_data/components/decolonization/reviews/decol_prep_037.review.json	100644	c0a5b039777c499319e963356bf2358b1ba48bbe	2255	K	open_model_components	reviewed cases and judgments or compact documentation and manifests	rule
data/projects/open_model_data/components/decolonization/reviews/decol_prep_038.review.json	100644	580d943076347cd7fce6d0e948e4883c37729ba9	2204	K	open_model_components	reviewed cases and judgments or compact documentation and manifests	rule
data/projects/open_model_data/components/decolonization/reviews/decol_prep_039.review.json	100644	0bdc167e5f65290130496505ac67854005e81bff	2298	K	open_model_components	reviewed cases and judgments or compact documentation and manifests	rule
data/projects/open_model_data/components/decolonization/reviews/decol_prep_040.review.json	100644	0ef8416654a158588abb912e59da94a5fc2eec46	2262	K	open_model_components	reviewed cases and judgments or compact documentation and manifests	rule
data/projects/open_model_data/components/decolonization/reviews/decol_prep_041.review.json	100644	11e11a54169bb2aa3a8ee273343088544db506c2	2292	K	open_model_components	reviewed cases and judgments or compact documentation and manifests	rule
data/projects/open_model_data/components/decolonization/reviews/decol_prep_042.review.json	100644	7d39878291f5b362c6343c9ba7f39c3d9a52ce53	2242	K	open_model_components	reviewed cases and judgments or compact documentation and manifests	rule
data/projects/open_model_data/components/decolonization/reviews/decol_prep_043.review.json	100644	8a5974d5bcfb657e359f763827bdd853d3e0884e	2514	K	open_model_components	reviewed cases and judgments or compact documentation and manifests	rule
data/projects/open_model_data/components/decolonization/reviews/decol_prep_044.review.json	100644	79def1afeb9e32b48f1c598a4a65857b38bb7aa0	2753	K	open_model_components	reviewed cases and judgments or compact documentation and manifests	rule
data/projects/open_model_data/components/decolonization/reviews/decol_prep_045.review.json	100644	4fc91bc13d5704131ae18f5d5c1d44795e2f548e	2216	K	open_model_components	reviewed cases and judgments or compact documentation and manifests	rule
data/projects/open_model_data/components/decolonization/reviews/decol_prep_046.review.json	100644	1ad3808611672fd201bd0b19a33fd81aab3df460	2198	K	open_model_components	reviewed cases and judgments or compact documentation and manifests	rule
data/projects/open_model_data/components/decolonization/reviews/decol_prep_047.review.json	100644	99885738e3cdf5679e1b64d3dfa29d4714c0ba4e	2210	K	open_model_components	reviewed cases and judgments or compact documentation and manifests	rule
data/projects/open_model_data/components/decolonization/reviews/decol_prep_048.review.json	100644	6245f762b5a0828e19e1e3f9dcf3dec0627a32fa	2203	K	open_model_components	reviewed cases and judgments or compact documentation and manifests	rule
data/projects/open_model_data/components/decolonization/reviews/decol_prep_049.review.json	100644	3fe49125800db8a9989d7bfcd3842d86434d2fc0	2531	K	open_model_components	reviewed cases and judgments or compact documentation and manifests	rule
data/projects/open_model_data/components/decolonization/reviews/decol_prep_050.review.json	100644	fa68f8847c39fe4adff2fd5a64deb9080b104adf	2308	K	open_model_components	reviewed cases and judgments or compact documentation and manifests	rule
data/projects/open_model_data/components/decolonization/reviews/decol_prot_001.review.json	100644	f26d5e720a3f00ec16876c0be87cccb394f10600	1980	K	open_model_components	reviewed cases and judgments or compact documentation and manifests	rule
data/projects/open_model_data/components/decolonization/reviews/decol_prot_002.review.json	100644	e371937876d6d6c2c5091926305bce6c63de27b5	2466	K	open_model_components	reviewed cases and judgments or compact documentation and manifests	rule
data/projects/open_model_data/components/decolonization/reviews/decol_prot_003.review.json	100644	5d217836bca74b2ce26b45c54675d769643d5840	1738	K	open_model_components	reviewed cases and judgments or compact documentation and manifests	rule
data/projects/open_model_data/components/decolonization/reviews/decol_prot_004.review.json	100644	d829365f8bf458f4cbf1d5ee6986e189d7224647	1685	K	open_model_components	reviewed cases and judgments or compact documentation and manifests	rule
data/projects/open_model_data/components/decolonization/reviews/decol_prot_005.review.json	100644	99957dc4f058bbbe11321c484cff6b39dff4f11c	1936	K	open_model_components	reviewed cases and judgments or compact documentation and manifests	rule
data/projects/open_model_data/components/decolonization/reviews/decol_prot_006.review.json	100644	bf8d9d4a77051ae3be0394433d5600a5388cc318	1752	K	open_model_components	reviewed cases and judgments or compact documentation and manifests	rule
data/projects/open_model_data/components/decolonization/reviews/decol_prot_007.review.json	100644	5f22765b46189fe8392a718202506dfe6310fbc1	1969	K	open_model_components	reviewed cases and judgments or compact documentation and manifests	rule
data/projects/open_model_data/components/decolonization/reviews/decol_prot_008.review.json	100644	a4b8b4e14115245e7aa15ab6b341a6ae7712c9e9	1994	K	open_model_components	reviewed cases and judgments or compact documentation and manifests	rule
data/projects/open_model_data/components/decolonization/reviews/decol_prot_009.review.json	100644	2bdeb5a4a36f451057f7f784a8d76fac6c90e6a9	2379	K	open_model_components	reviewed cases and judgments or compact documentation and manifests	rule
data/projects/open_model_data/components/decolonization/reviews/decol_prot_010.review.json	100644	d7470d0899bc428c95da7d1ce5a6334ad44b70ee	2077	K	open_model_components	reviewed cases and judgments or compact documentation and manifests	rule
data/projects/open_model_data/components/decolonization/reviews/decol_prot_011.review.json	100644	63daf03bef917d7cd76e348ef2ac93f86c5a0fdc	1968	K	open_model_components	reviewed cases and judgments or compact documentation and manifests	rule
data/projects/open_model_data/components/decolonization/reviews/decol_prot_012.review.json	100644	b716d9b130ab1db94b1b494f9a35dc4bfeae09be	1848	K	open_model_components	reviewed cases and judgments or compact documentation and manifests	rule
data/projects/open_model_data/components/decolonization/reviews/decol_prot_013.review.json	100644	f8302bd17997255acba02f10f1c836115887eaf4	1957	K	open_model_components	reviewed cases and judgments or compact documentation and manifests	rule
data/projects/open_model_data/components/decolonization/reviews/decol_prot_014.review.json	100644	9a40952e9003f20d8f7f7fc24f525f840cdecbb5	1969	K	open_model_components	reviewed cases and judgments or compact documentation and manifests	rule
data/projects/open_model_data/components/decolonization/reviews/decol_prot_015.review.json	100644	a11292b97d90dd1719e49b658ccf87788170b9eb	1936	K	open_model_components	reviewed cases and judgments or compact documentation and manifests	rule
data/projects/open_model_data/components/decolonization/reviews/decol_prot_016.review.json	100644	55daf2d084c5bd8e559dd950a7e9c5ddd8651289	2029	K	open_model_components	reviewed cases and judgments or compact documentation and manifests	rule
data/projects/open_model_data/components/decolonization/reviews/decol_prot_017.review.json	100644	ebfb9fa055a6bb21d2b437bc87919f2dfa3cbfa5	1665	K	open_model_components	reviewed cases and judgments or compact documentation and manifests	rule
data/projects/open_model_data/components/decolonization/reviews/decol_prot_018.review.json	100644	4718af32b28245847562cba5b2f56807ba5f8a6a	2058	K	open_model_components	reviewed cases and judgments or compact documentation and manifests	rule
data/projects/open_model_data/components/decolonization/reviews/decol_prot_019.review.json	100644	bb3c77fc89e5f5cd5d7038e95a21f8e06a9564d0	1776	K	open_model_components	reviewed cases and judgments or compact documentation and manifests	rule
data/projects/open_model_data/components/decolonization/reviews/decol_prot_020.review.json	100644	48ec491ba2b802cb91278a82270446fe1a15cd97	1889	K	open_model_components	reviewed cases and judgments or compact documentation and manifests	rule
data/projects/open_model_data/components/decolonization/reviews/decol_prot_021.review.json	100644	f6ac502f3b91ec62f87f9aae8dde35cbf337f8c0	1751	K	open_model_components	reviewed cases and judgments or compact documentation and manifests	rule
data/projects/open_model_data/components/decolonization/reviews/decol_prot_022.review.json	100644	dc1bd8c4ca1f4b52fe61139a9a946624c6feb94c	1808	K	open_model_components	reviewed cases and judgments or compact documentation and manifests	rule
data/projects/open_model_data/components/decolonization/reviews/decol_prot_023.review.json	100644	d37dad75d9de69fddedbe197f9992ff9e1de29ea	1937	K	open_model_components	reviewed cases and judgments or compact documentation and manifests	rule
data/projects/open_model_data/components/decolonization/reviews/decol_prot_024.review.json	100644	f909751a463d92edd7825d6522450acc17c060b8	1954	K	open_model_components	reviewed cases and judgments or compact documentation and manifests	rule
data/projects/open_model_data/components/decolonization/reviews/decol_prot_025.review.json	100644	8319474f06750105f79766a8fac324408126f91f	1743	K	open_model_components	reviewed cases and judgments or compact documentation and manifests	rule
data/projects/open_model_data/components/decolonization/reviews/decol_prot_026.review.json	100644	01309bafe989d1f694214e4616ce0e5e8f9832c3	1691	K	open_model_components	reviewed cases and judgments or compact documentation and manifests	rule
data/projects/open_model_data/components/decolonization/reviews/decol_prot_027.review.json	100644	31e35bcc14e5b2f45d095552066b72455b11251e	1705	K	open_model_components	reviewed cases and judgments or compact documentation and manifests	rule
data/projects/open_model_data/components/decolonization/reviews/decol_prot_028.review.json	100644	5bf9f1c63633872d69a394728954c2d8270e7cea	1690	K	open_model_components	reviewed cases and judgments or compact documentation and manifests	rule
data/projects/open_model_data/components/decolonization/reviews/decol_prot_029.review.json	100644	ee6308663556cf1baefb9757fca90eaa5ba443c0	1668	K	open_model_components	reviewed cases and judgments or compact documentation and manifests	rule
data/projects/open_model_data/components/decolonization/reviews/decol_prot_030.review.json	100644	776c31601532b401593777b72ec6bd0172f7705c	1678	K	open_model_components	reviewed cases and judgments or compact documentation and manifests	rule
data/projects/open_model_data/components/decolonization/reviews/decol_prot_031.review.json	100644	0f7107aed44d51e6b00a0d5c82166e72398ee56a	1664	K	open_model_components	reviewed cases and judgments or compact documentation and manifests	rule
data/projects/open_model_data/components/decolonization/reviews/decol_prot_032.review.json	100644	d82ad353445c2024a7df43fe932095b84d0717eb	1851	K	open_model_components	reviewed cases and judgments or compact documentation and manifests	rule
data/projects/open_model_data/components/decolonization/reviews/decol_prot_033.review.json	100644	67ffa97d0f66c6e84809995abe051f7cddc80191	1640	K	open_model_components	reviewed cases and judgments or compact documentation and manifests	rule
data/projects/open_model_data/components/decolonization/reviews/decol_prot_034.review.json	100644	77736e58cb2e16c779686a4c1f945e621e6ac5a2	1619	K	open_model_components	reviewed cases and judgments or compact documentation and manifests	rule
data/projects/open_model_data/components/decolonization/reviews/decol_prot_035.review.json	100644	a674225603760cf29016478d8547bdbb6bcb5a66	1631	K	open_model_components	reviewed cases and judgments or compact documentation and manifests	rule
data/projects/open_model_data/components/decolonization/reviews/decol_prot_036.review.json	100644	784dcb386fb2194d0042927af1f07d84d14c66a8	1672	K	open_model_components	reviewed cases and judgments or compact documentation and manifests	rule
data/projects/open_model_data/components/decolonization/reviews/decol_prot_037.review.json	100644	c00e18ba1a2a625e1a0e56c61bd013ddb233c7c1	1684	K	open_model_components	reviewed cases and judgments or compact documentation and manifests	rule
data/projects/open_model_data/components/decolonization/reviews/decol_prot_038.review.json	100644	9c888fa55853a023f4bac8e45b52a4fb315a0228	1691	K	open_model_components	reviewed cases and judgments or compact documentation and manifests	rule
data/projects/open_model_data/components/decolonization/reviews/decol_prot_039.review.json	100644	fc38df54b4723f89034c7831fd1ce550e3ada0d7	1694	K	open_model_components	reviewed cases and judgments or compact documentation and manifests	rule
data/projects/open_model_data/components/decolonization/reviews/decol_prot_040.review.json	100644	e09afb36969fd74a2b81c0fb4c17386e5afbe030	1647	K	open_model_components	reviewed cases and judgments or compact documentation and manifests	rule
data/projects/open_model_data/components/decolonization/reviews/decol_prot_041.review.json	100644	d9b357a00bed80956081bb72f589fca88e1dd5f5	1616	K	open_model_components	reviewed cases and judgments or compact documentation and manifests	rule
data/projects/open_model_data/components/decolonization/reviews/decol_prot_042.review.json	100644	e48f902a2963977f746ec2a9d1a4b7c72b2d276c	1624	K	open_model_components	reviewed cases and judgments or compact documentation and manifests	rule
data/projects/open_model_data/components/decolonization/reviews/decol_prot_043.review.json	100644	d1649c9fddf30e7b078321bc77fbd48385250e44	1647	K	open_model_components	reviewed cases and judgments or compact documentation and manifests	rule
data/projects/open_model_data/components/decolonization/reviews/decol_prot_044.review.json	100644	74b30b0992f0816e1ba346ffd8a062a60098d750	1622	K	open_model_components	reviewed cases and judgments or compact documentation and manifests	rule
data/projects/open_model_data/components/decolonization/reviews/decol_prot_045.review.json	100644	660097b692df4b9d6959f83d0b38257ddaefd83e	2255	K	open_model_components	reviewed cases and judgments or compact documentation and manifests	rule
data/projects/open_model_data/components/decolonization/reviews/decol_prot_046.review.json	100644	13c95d838a5841ee0943a8a34438e93d2a0644ac	1914	K	open_model_components	reviewed cases and judgments or compact documentation and manifests	rule
data/projects/open_model_data/components/decolonization/reviews/decol_prot_047.review.json	100644	0d0e18d04c79dee3c531957785fdcd9035a5b78c	2195	K	open_model_components	reviewed cases and judgments or compact documentation and manifests	rule
data/projects/open_model_data/components/decolonization/reviews/decol_prot_048.review.json	100644	099f275fc96381d06f7036bba416691e8058adeb	2507	K	open_model_components	reviewed cases and judgments or compact documentation and manifests	rule
data/projects/open_model_data/components/decolonization/reviews/decol_prot_049.review.json	100644	a12db40db7b6da906ea6f40c8d5ed3b10c389fbc	1645	K	open_model_components	reviewed cases and judgments or compact documentation and manifests	rule
data/projects/open_model_data/components/decolonization/reviews/decol_prot_050.review.json	100644	e4fb0c211a71a6ac1a2566afc1af4e848503c0b0	1995	K	open_model_components	reviewed cases and judgments or compact documentation and manifests	rule
data/projects/open_model_data/components/decolonization/reviews/decol_prot_051.review.json	100644	f602d4fb198feac01310c1c6f026f919942b4443	2156	K	open_model_components	reviewed cases and judgments or compact documentation and manifests	rule
data/projects/open_model_data/components/decolonization/reviews/decol_prot_052.review.json	100644	e252d7a1fdb6be9854fb31ab5dd8e1b53bcfcf96	2212	K	open_model_components	reviewed cases and judgments or compact documentation and manifests	rule
data/projects/open_model_data/components/decolonization/reviews/decol_prot_053.review.json	100644	97f4862802dc8de02f22ab382001f557f859a9cf	1837	K	open_model_components	reviewed cases and judgments or compact documentation and manifests	rule
data/projects/open_model_data/components/decolonization/reviews/decol_prot_054.review.json	100644	d47b032f7cd9d58767e4a6e7d82971e54673b13d	2112	K	open_model_components	reviewed cases and judgments or compact documentation and manifests	rule
data/projects/open_model_data/components/decolonization/reviews/decol_prot_055.review.json	100644	e3ad300c279f1734765e2176276ee04d442ef0d9	2104	K	open_model_components	reviewed cases and judgments or compact documentation and manifests	rule
data/projects/open_model_data/components/decolonization/reviews/decol_prot_056.review.json	100644	36facbfe3c738735576783a3d29e933d28ae443c	2097	K	open_model_components	reviewed cases and judgments or compact documentation and manifests	rule
data/projects/open_model_data/components/decolonization/reviews/decol_prot_057.review.json	100644	bc9ca5ecbc17b119f4082f84b981311c81f4ddb8	2333	K	open_model_components	reviewed cases and judgments or compact documentation and manifests	rule
data/projects/open_model_data/components/decolonization/reviews/decol_prot_058.review.json	100644	e58c3b727a79fa8b1b5309d445a973764facb7ba	2057	K	open_model_components	reviewed cases and judgments or compact documentation and manifests	rule
data/projects/open_model_data/components/decolonization/reviews/decol_prot_059.review.json	100644	c1d8ae08273d08a82ba1a964834315549d1136f0	2512	K	open_model_components	reviewed cases and judgments or compact documentation and manifests	rule
data/projects/open_model_data/components/decolonization/reviews/decol_prot_060.review.json	100644	913d91de635623e3074225ad6079a58de1400307	2128	K	open_model_components	reviewed cases and judgments or compact documentation and manifests	rule
data/projects/open_model_data/components/decolonization/reviews/decol_prot_061.review.json	100644	9d7ca7d027a79307dfeb30fcac5b38791ba4f92a	1745	K	open_model_components	reviewed cases and judgments or compact documentation and manifests	rule
data/projects/open_model_data/components/decolonization/reviews/decol_prot_062.review.json	100644	d6a29a6b9f56aebe10f00f49af4b74551ed7b636	1942	K	open_model_components	reviewed cases and judgments or compact documentation and manifests	rule
data/projects/open_model_data/components/decolonization/reviews/decol_prot_063.review.json	100644	66d7d86d49c3d0afbf19eb7d5f6431e6c7d12104	2509	K	open_model_components	reviewed cases and judgments or compact documentation and manifests	rule
data/projects/open_model_data/components/decolonization/reviews/decol_prot_064.review.json	100644	9bdfa32e77d1be332701a11918d4bd85adac100b	2286	K	open_model_components	reviewed cases and judgments or compact documentation and manifests	rule
data/projects/open_model_data/components/decolonization/reviews/decol_prot_065.review.json	100644	93ee32b8d1e07bfbbf6b44f555b057badfdad24d	2217	K	open_model_components	reviewed cases and judgments or compact documentation and manifests	rule
data/projects/open_model_data/components/decolonization/reviews/decol_prot_066.review.json	100644	079d13d3bf458e3eeaac53948a6e4c456d09e1d3	2313	K	open_model_components	reviewed cases and judgments or compact documentation and manifests	rule
data/projects/open_model_data/components/decolonization/reviews/decol_prot_067.review.json	100644	07621a6772a8774654b1758e3a13e616a235a853	2372	K	open_model_components	reviewed cases and judgments or compact documentation and manifests	rule
data/projects/open_model_data/components/decolonization/reviews/decol_prot_068.review.json	100644	1e03b2527435b0e597285a2d116628758bd946e1	1925	K	open_model_components	reviewed cases and judgments or compact documentation and manifests	rule
data/projects/open_model_data/components/decolonization/reviews/decol_prot_069.review.json	100644	bfafd350f943ec7030401b763d60260418282cf4	2270	K	open_model_components	reviewed cases and judgments or compact documentation and manifests	rule
data/projects/open_model_data/components/decolonization/reviews/decol_prot_070.review.json	100644	b7dc1705db8c958ea95a27b7dfb0d38679b4b6e8	2115	K	open_model_components	reviewed cases and judgments or compact documentation and manifests	rule
data/projects/open_model_data/components/decolonization/reviews/decol_prot_071.review.json	100644	957a5a7fcf44abe6381238548e02d1d503ed6469	2021	K	open_model_components	reviewed cases and judgments or compact documentation and manifests	rule
data/projects/open_model_data/components/decolonization/reviews/decol_prot_072.review.json	100644	98a74f84530f03cf8ca4abea5c8d355e239edb46	1602	K	open_model_components	reviewed cases and judgments or compact documentation and manifests	rule
data/projects/open_model_data/components/decolonization/reviews/decol_prot_073.review.json	100644	bcb515e21342be59ebfc632c0e897abeb0c107aa	2068	K	open_model_components	reviewed cases and judgments or compact documentation and manifests	rule
data/projects/open_model_data/components/decolonization/reviews/decol_prot_074.review.json	100644	9306aa428cb38a2ee0c3e6db7ab39a114a6d9dee	2318	K	open_model_components	reviewed cases and judgments or compact documentation and manifests	rule
data/projects/open_model_data/components/decolonization/reviews/decol_prot_075.review.json	100644	bb3d24b3e2f616acedfa5101c6719f1744400470	1984	K	open_model_components	reviewed cases and judgments or compact documentation and manifests	rule
data/projects/open_model_data/components/decolonization/reviews/decol_syn_001.review.json	100644	379a7173b37b82c3e0aa977d19fdf5e267b02e02	2630	K	open_model_components	reviewed cases and judgments or compact documentation and manifests	rule
data/projects/open_model_data/components/decolonization/reviews/decol_syn_002.review.json	100644	33af92a2edd9bddae746aa54add0a3ad25dfb072	2455	K	open_model_components	reviewed cases and judgments or compact documentation and manifests	rule
data/projects/open_model_data/components/decolonization/reviews/decol_syn_003.review.json	100644	bef35ea5ff46a476df04bf33cafa23314c04890a	2438	K	open_model_components	reviewed cases and judgments or compact documentation and manifests	rule
data/projects/open_model_data/components/decolonization/reviews/decol_syn_004.review.json	100644	72523adb19b7f4c5bb40b905d278674577adb88c	2478	K	open_model_components	reviewed cases and judgments or compact documentation and manifests	rule
data/projects/open_model_data/components/decolonization/reviews/decol_syn_005.review.json	100644	4a6080a9d00d63a3841fb6c51f752f25be62b991	2378	K	open_model_components	reviewed cases and judgments or compact documentation and manifests	rule
data/projects/open_model_data/components/decolonization/reviews/decol_syn_006.review.json	100644	9e52edbede4319f2bca66c486c4420446226c783	2319	K	open_model_components	reviewed cases and judgments or compact documentation and manifests	rule
data/projects/open_model_data/components/decolonization/reviews/decol_syn_007.review.json	100644	f8f822096c480dd156007748c0d2c0229373d25a	2317	K	open_model_components	reviewed cases and judgments or compact documentation and manifests	rule
data/projects/open_model_data/components/decolonization/reviews/decol_syn_008.review.json	100644	111acaddaf937c4963c538a0afbbfa79098252a4	2277	K	open_model_components	reviewed cases and judgments or compact documentation and manifests	rule
data/projects/open_model_data/components/decolonization/reviews/decol_syn_009.review.json	100644	1f45e15c57cb21d2531814f47bde743c4082bf4f	2566	K	open_model_components	reviewed cases and judgments or compact documentation and manifests	rule
data/projects/open_model_data/components/decolonization/reviews/decol_syn_010.review.json	100644	9291a7696bd23284eca909ed310db79b2c744874	2277	K	open_model_components	reviewed cases and judgments or compact documentation and manifests	rule
data/projects/open_model_data/components/decolonization/reviews/decol_syn_011.review.json	100644	74a536cc3b09e0cf1c6d8c15ba01891bfff2db11	2970	K	open_model_components	reviewed cases and judgments or compact documentation and manifests	rule
data/projects/open_model_data/components/decolonization/reviews/decol_syn_012.review.json	100644	fc1b6e0986d6f5ebe34f1467ab87d9a062e40786	2321	K	open_model_components	reviewed cases and judgments or compact documentation and manifests	rule
data/projects/open_model_data/components/decolonization/reviews/decol_syn_013.review.json	100644	cc0ef552e4d12819433019d631d46c4365d885a5	2521	K	open_model_components	reviewed cases and judgments or compact documentation and manifests	rule
data/projects/open_model_data/components/decolonization/reviews/decol_syn_014.review.json	100644	59cb88876848b2c5ba3401970d87e5976958607a	3190	K	open_model_components	reviewed cases and judgments or compact documentation and manifests	rule
data/projects/open_model_data/components/decolonization/reviews/decol_syn_015.review.json	100644	664e8d16bf8aa1a8a7d895f66b8ff81dad085ecb	2457	K	open_model_components	reviewed cases and judgments or compact documentation and manifests	rule
data/projects/open_model_data/components/decolonization/reviews/decol_syn_016.review.json	100644	31b88f71fd9a5ee631dcccd2d081cc9c1bc6a6da	2349	K	open_model_components	reviewed cases and judgments or compact documentation and manifests	rule
data/projects/open_model_data/components/decolonization/reviews/decol_syn_017.review.json	100644	877014ef8dc8bf97a9f1560470f5db75bc538b9d	2556	K	open_model_components	reviewed cases and judgments or compact documentation and manifests	rule
data/projects/open_model_data/components/decolonization/reviews/decol_syn_018.review.json	100644	f9544ab8efdae611a14fbd148cb29d46ce81a4c0	2284	K	open_model_components	reviewed cases and judgments or compact documentation and manifests	rule
data/projects/open_model_data/components/decolonization/reviews/decol_syn_019.review.json	100644	6e293cb30a431f4b5b6112b76b03411e1625448e	2258	K	open_model_components	reviewed cases and judgments or compact documentation and manifests	rule
data/projects/open_model_data/components/decolonization/reviews/decol_syn_020.review.json	100644	427bfe55181e18f1e78280849d0720024328da48	2409	K	open_model_components	reviewed cases and judgments or compact documentation and manifests	rule
data/projects/open_model_data/components/decolonization/reviews/decol_syn_021.review.json	100644	05a4e1a8495aab49e752dcc51204c908b38bcd64	2172	K	open_model_components	reviewed cases and judgments or compact documentation and manifests	rule
data/projects/open_model_data/components/decolonization/reviews/decol_syn_022.review.json	100644	b5adaee7729653746ad464e59cb500f8f40397a3	2144	K	open_model_components	reviewed cases and judgments or compact documentation and manifests	rule
data/projects/open_model_data/components/decolonization/reviews/decol_syn_023.review.json	100644	f61e039c163991d4418098f69a36fa7bc2063ecf	2671	K	open_model_components	reviewed cases and judgments or compact documentation and manifests	rule
data/projects/open_model_data/components/decolonization/reviews/decol_syn_024.review.json	100644	b22a0b9283aa69b6188e99a569da39ceb7be5a47	2393	K	open_model_components	reviewed cases and judgments or compact documentation and manifests	rule
data/projects/open_model_data/components/decolonization/reviews/decol_syn_025.review.json	100644	af0b857a9ad471daf19b96a77b0a9f84f1b966a4	2204	K	open_model_components	reviewed cases and judgments or compact documentation and manifests	rule
data/projects/open_model_data/components/decolonization/reviews/decol_syn_026.review.json	100644	93d93808d0798830db312d6c8e6e43c3863c864c	2463	K	open_model_components	reviewed cases and judgments or compact documentation and manifests	rule
data/projects/open_model_data/components/decolonization/reviews/decol_syn_027.review.json	100644	7fb5cb6dca5ad703df7100d87912b046503ca9d1	2443	K	open_model_components	reviewed cases and judgments or compact documentation and manifests	rule
data/projects/open_model_data/components/decolonization/reviews/decol_syn_028.review.json	100644	f03a1894ded28bafa1537643cf9aa3a993b35c1c	2442	K	open_model_components	reviewed cases and judgments or compact documentation and manifests	rule
data/projects/open_model_data/components/decolonization/reviews/decol_syn_029.review.json	100644	b54782a43bad2a4f4bfa4e0eee1395c2da5809b2	1916	K	open_model_components	reviewed cases and judgments or compact documentation and manifests	rule
data/projects/open_model_data/components/decolonization/reviews/decol_syn_030.review.json	100644	3e832fa9ff6e5fab4b2672957b72e2cebba606d1	2332	K	open_model_components	reviewed cases and judgments or compact documentation and manifests	rule
data/projects/open_model_data/components/decolonization/reviews/decol_syn_031.review.json	100644	a329c239ea4744eb6732c3859ebff2cced39e468	2294	K	open_model_components	reviewed cases and judgments or compact documentation and manifests	rule
data/projects/open_model_data/components/decolonization/reviews/decol_syn_032.review.json	100644	b569100db27700ef549273910dd63fa30abd8373	2526	K	open_model_components	reviewed cases and judgments or compact documentation and manifests	rule
data/projects/open_model_data/components/decolonization/reviews/decol_syn_033.review.json	100644	d4463fd69abd2fdd35daa03ab1555f6aa7a3db3a	2368	K	open_model_components	reviewed cases and judgments or compact documentation and manifests	rule
data/projects/open_model_data/components/decolonization/reviews/decol_syn_034.review.json	100644	d272cfa077598c446040092047a5094d39df147c	2268	K	open_model_components	reviewed cases and judgments or compact documentation and manifests	rule
data/projects/open_model_data/components/decolonization/reviews/decol_syn_035.review.json	100644	9a345778196d183799b57975f84acacf7f2cc025	2518	K	open_model_components	reviewed cases and judgments or compact documentation and manifests	rule
data/projects/open_model_data/components/decolonization/reviews/decol_syn_036.review.json	100644	d1c8bc879845b1fe52f4af1ee87cea459e170e6d	2296	K	open_model_components	reviewed cases and judgments or compact documentation and manifests	rule
data/projects/open_model_data/components/decolonization/reviews/decol_syn_037.review.json	100644	b58413c0ded32dc81de6c0486befe2d434b4d9f2	2305	K	open_model_components	reviewed cases and judgments or compact documentation and manifests	rule
data/projects/open_model_data/components/decolonization/reviews/decol_syn_038.review.json	100644	36e44f70910e50992849ecb371fd7bc511d91599	2445	K	open_model_components	reviewed cases and judgments or compact documentation and manifests	rule
data/projects/open_model_data/components/decolonization/reviews/decol_syn_039.review.json	100644	2b77201d524e82c88ed396a1a408cb133f0a1a4e	2221	K	open_model_components	reviewed cases and judgments or compact documentation and manifests	rule
data/projects/open_model_data/components/decolonization/reviews/decol_syn_040.review.json	100644	e69d05d6c063855b3d89930198861ee272ff6814	2385	K	open_model_components	reviewed cases and judgments or compact documentation and manifests	rule
data/projects/open_model_data/components/decolonization/reviews/decol_syn_041.review.json	100644	4370dee8ec240b306bc1b2393ff10d5cecab17cb	2315	K	open_model_components	reviewed cases and judgments or compact documentation and manifests	rule
data/projects/open_model_data/components/decolonization/reviews/decol_syn_042.review.json	100644	59337517c83b6732431669623545abfce85f9965	2487	K	open_model_components	reviewed cases and judgments or compact documentation and manifests	rule
data/projects/open_model_data/components/decolonization/reviews/decol_syn_043.review.json	100644	513963e797c1514dd584f4eb285b6617588fa6b4	2319	K	open_model_components	reviewed cases and judgments or compact documentation and manifests	rule
data/projects/open_model_data/components/decolonization/reviews/decol_syn_044.review.json	100644	6913212501b31486b58d38a9ae0d532993046d84	2424	K	open_model_components	reviewed cases and judgments or compact documentation and manifests	rule
data/projects/open_model_data/components/decolonization/reviews/decol_syn_045.review.json	100644	54897b43f01906fc60dfce053ee7fbec9bbb977a	2296	K	open_model_components	reviewed cases and judgments or compact documentation and manifests	rule
data/projects/open_model_data/components/decolonization/reviews/decol_syn_046.review.json	100644	70498b958e0c3053aa3575c17e96b2ec4c1169f3	2383	K	open_model_components	reviewed cases and judgments or compact documentation and manifests	rule
data/projects/open_model_data/components/decolonization/reviews/decol_syn_047.review.json	100644	20821b84defd6081a5f91d802fff2d3ca9349093	2438	K	open_model_components	reviewed cases and judgments or compact documentation and manifests	rule
data/projects/open_model_data/components/decolonization/reviews/decol_syn_048.review.json	100644	700fafee28a66b9b0939d9111e6ba6be321fe9bd	2316	K	open_model_components	reviewed cases and judgments or compact documentation and manifests	rule
data/projects/open_model_data/components/decolonization/reviews/decol_syn_049.review.json	100644	a713903a457e37af734fe7d6ae2f4531725a2b51	2322	K	open_model_components	reviewed cases and judgments or compact documentation and manifests	rule
data/projects/open_model_data/components/decolonization/reviews/decol_syn_050.review.json	100644	d6f273dd88e01711d867e351e71c2d566e2378aa	2262	K	open_model_components	reviewed cases and judgments or compact documentation and manifests	rule
data/projects/open_model_data/components/decolonization/reviews/decol_syn_051.review.json	100644	3abc5ffa955915069e8a967588f5397e98b52e20	2240	K	open_model_components	reviewed cases and judgments or compact documentation and manifests	rule
data/projects/open_model_data/components/decolonization/reviews/decol_syn_052.review.json	100644	59baf48ccb08406d3b82ed12f3ef03c534eca6db	2283	K	open_model_components	reviewed cases and judgments or compact documentation and manifests	rule
data/projects/open_model_data/components/decolonization/reviews/decol_syn_053.review.json	100644	61f7483c05cdbe060904b886d18366d9e3f952e3	2290	K	open_model_components	reviewed cases and judgments or compact documentation and manifests	rule
data/projects/open_model_data/components/decolonization/reviews/decol_syn_054.review.json	100644	5e939ad14f0b05768c87f5e98124983c983d2acc	2261	K	open_model_components	reviewed cases and judgments or compact documentation and manifests	rule
data/projects/open_model_data/components/decolonization/reviews/decol_syn_055.review.json	100644	c3187cf293041e9bf3009d247c48a91ff4bd2e5a	2327	K	open_model_components	reviewed cases and judgments or compact documentation and manifests	rule
data/projects/open_model_data/components/decolonization/reviews/decol_syn_056.review.json	100644	74a3d4a975e424d932efe6a3c690dd4a02a17482	2274	K	open_model_components	reviewed cases and judgments or compact documentation and manifests	rule
data/projects/open_model_data/components/decolonization/reviews/decol_syn_057.review.json	100644	a6f83b1b55cd569a5d53324128cafe356f93f9b9	2420	K	open_model_components	reviewed cases and judgments or compact documentation and manifests	rule
data/projects/open_model_data/components/decolonization/reviews/decol_syn_058.review.json	100644	64cc3925cf6c1b9c3456968daf05b3a8f1ba16b1	2339	K	open_model_components	reviewed cases and judgments or compact documentation and manifests	rule
data/projects/open_model_data/components/decolonization/reviews/decol_syn_059.review.json	100644	3c0e494a827167dbee0e4f10b21efb19fa591a23	2179	K	open_model_components	reviewed cases and judgments or compact documentation and manifests	rule
data/projects/open_model_data/components/decolonization/reviews/decol_syn_060.review.json	100644	b1ec76c14bb8ef11c3029fd0c956b39a9acb86de	2249	K	open_model_components	reviewed cases and judgments or compact documentation and manifests	rule
data/projects/open_model_data/components/decolonization/reviews/decol_syn_061.review.json	100644	c14af49b640129169e75bc2b3d19df95ac1d39fa	2325	K	open_model_components	reviewed cases and judgments or compact documentation and manifests	rule
data/projects/open_model_data/components/decolonization/reviews/decol_syn_062.review.json	100644	920d13f78f552edd1e91c7881ab13703a48a7ea7	2248	K	open_model_components	reviewed cases and judgments or compact documentation and manifests	rule
data/projects/open_model_data/components/decolonization/reviews/decol_syn_063.review.json	100644	f2857f81e460ac875a07a448cfa5126e9f96b3e5	2349	K	open_model_components	reviewed cases and judgments or compact documentation and manifests	rule
data/projects/open_model_data/components/decolonization/reviews/decol_syn_064.review.json	100644	ce2339481fd048409d67ff90018d19bb55e86c71	2830	K	open_model_components	reviewed cases and judgments or compact documentation and manifests	rule
data/projects/open_model_data/components/decolonization/reviews/decol_syn_065.review.json	100644	8370d750dd096eae2506c5e92e27c800d87c7e8e	2303	K	open_model_components	reviewed cases and judgments or compact documentation and manifests	rule
data/projects/open_model_data/components/dialects/README.md	100644	a58f007c320bc541e6c44dacce2e5e6dd358e6f8	739	K	open_model_components	reviewed cases and judgments or compact documentation and manifests	rule
data/projects/open_model_data/components/grammar/BROWN_UK_ATTRIBUTION.md	100644	7f5895e1033dbbbeaa467977b4e9431a6b46798d	15612	K	open_model_components	reviewed cases and judgments or compact documentation and manifests	rule
data/projects/open_model_data/components/grammar/README.md	100644	932f6589e423bf91b19dc3f7847a91ee8ab52d56	12213	K	open_model_components	reviewed cases and judgments or compact documentation and manifests	rule
data/projects/open_model_data/components/grammar/acceptance_review_sample.json	100644	9bf800d1d5b72ae54c8b2eaea3a69ad00495fd18	964460	A	open_model_component_payload	external; regenerable from reviewed cases and sample selector	rule
data/projects/open_model_data/components/grammar/acceptance_review_sample.md	100644	6f904efc6fc594fdd6675742391ccccfd3637a76	1459599	A	open_model_component_payload	external; regenerable from reviewed cases and sample selector	rule
data/projects/open_model_data/components/grammar/acceptance_review_sample.receipt.json	100644	6d7bdc071ba30f30b37c472fab885daa11cfdf8c	1826710	K	open_model_components	independent human review receipt binds sample hashes and verdicts	judgment
data/projects/open_model_data/components/grammar/acceptance_review_sample.signoff.json	100644	f9e7e9594ce9afa0f09ec17c620fbfa862c97e77	1112	K	open_model_components	reviewed cases and judgments or compact documentation and manifests	rule
data/projects/open_model_data/components/grammar/acceptance_review_sample.signoff_template.json	100644	0d5eb1a8860d322281c7d7ce4c3c02b44081596f	463	K	open_model_components	human review signoff template	rule
data/projects/open_model_data/components/grammar/candidate_exclusion_accounting.json	100644	bdffa4f3eaed4a21090a8ee42c8134326a31b83a	1676234	A	open_model_component_payload	build_grammar_component_8342.py; regenerable with external corpus	rule
data/projects/open_model_data/components/grammar/cases.json	100644	33f03cb6592ce1d683073c14483227fab9df4d4e	13808	K	open_model_components	reviewed cases and judgments or compact documentation and manifests	rule
data/projects/open_model_data/components/grammar/claude_review_findings.json	100644	a7bdde8c8edd2f7df5b171a76c1fa608ead45a74	364870	K	open_model_components	reviewed cases and judgments or compact documentation and manifests	rule
data/projects/open_model_data/components/grammar/grammar_eval_shard_01_of_02.jsonl	100644	3b7cd29ca579181f6851536ba086cce134d62309	214749	A	open_model_component_payload	build_decolonization_cases.py or build_grammar_component_8342.py; regenerable with external corpora	rule
data/projects/open_model_data/components/grammar/grammar_eval_shard_02_of_02.jsonl	100644	2de582b39ccaf79f70390ca8d80df4d02b747f79	205545	A	open_model_component_payload	build_decolonization_cases.py or build_grammar_component_8342.py; regenerable with external corpora	rule
data/projects/open_model_data/components/grammar/grammar_held_out_firewall_manifest.json	100644	abbd06868c07df1eefbae27867997e376c64c29a	1475431	K	open_model_components	reviewed cases and judgments or compact documentation and manifests	rule
data/projects/open_model_data/components/grammar/grammar_train_shard_01_of_08.jsonl	100644	f601ea1a4acd35c5cdd5c3f1a2e8804875f0e89a	525119	A	open_model_component_payload	build_decolonization_cases.py or build_grammar_component_8342.py; regenerable with external corpora	rule
data/projects/open_model_data/components/grammar/grammar_train_shard_02_of_08.jsonl	100644	3060fc59616c14589d99ea524121c525e19c807e	473733	A	open_model_component_payload	build_decolonization_cases.py or build_grammar_component_8342.py; regenerable with external corpora	rule
data/projects/open_model_data/components/grammar/grammar_train_shard_03_of_08.jsonl	100644	4d5672e6cf63eb4284af1eb1bb4ace5da0819876	479652	A	open_model_component_payload	build_decolonization_cases.py or build_grammar_component_8342.py; regenerable with external corpora	rule
data/projects/open_model_data/components/grammar/grammar_train_shard_04_of_08.jsonl	100644	42f2fbf8f95ee80b34ab89f1a3a0b43507cdab15	521413	A	open_model_component_payload	build_decolonization_cases.py or build_grammar_component_8342.py; regenerable with external corpora	rule
data/projects/open_model_data/components/grammar/grammar_train_shard_05_of_08.jsonl	100644	ce8c48ee4dabe458387b69ee3bb0dd127ddb5330	471937	A	open_model_component_payload	build_decolonization_cases.py or build_grammar_component_8342.py; regenerable with external corpora	rule
data/projects/open_model_data/components/grammar/grammar_train_shard_06_of_08.jsonl	100644	d60fbf705dbb975a9c08927d163373545da22d87	540190	A	open_model_component_payload	build_decolonization_cases.py or build_grammar_component_8342.py; regenerable with external corpora	rule
data/projects/open_model_data/components/grammar/grammar_train_shard_07_of_08.jsonl	100644	18c928cdd96747579cd7a73d90bb0744a5609787	482788	A	open_model_component_payload	build_decolonization_cases.py or build_grammar_component_8342.py; regenerable with external corpora	rule
data/projects/open_model_data/components/grammar/grammar_train_shard_08_of_08.jsonl	100644	6b4906ec7f57971ac3e62f22a2ee8018b7526c82	509308	A	open_model_component_payload	build_decolonization_cases.py or build_grammar_component_8342.py; regenerable with external corpora	rule
data/projects/open_model_data/components/grammar/manifest.json	100644	7bd1b0da23020b264bfc3a3a7d2f066d60ccb5de	5488	K	open_model_components	reviewed cases and judgments or compact documentation and manifests	rule
data/projects/open_model_data/components/idioms/README.md	100644	7c1774f9b061445428d50d92dc9c4569f4735827	779	K	open_model_components	reviewed cases and judgments or compact documentation and manifests	rule
data/projects/open_model_data/components/textbooks/README.md	100644	e2da9a0c674ca56c5cce2a4858c47203cfcbcaac	657	K	open_model_components	reviewed cases and judgments or compact documentation and manifests	rule
data/projects/open_model_data/contracts/continued_pretraining_view_v1.schema.json	100644	c6a262441a38517a674dbb24606197f7397fad43	3261	K	open_model_contracts	hand-authored schemas and contracts	rule
data/projects/open_model_data/contracts/corpus_admission_config_v1.schema.json	100644	f0179951dcb4eec5ab49487ed05f20eafa71d442	2649	K	open_model_contracts	hand-authored schemas and contracts	rule
data/projects/open_model_data/contracts/corpus_admission_evidence_v1.schema.json	100644	50e3cf06d3a9d815adf8cd1b9ac773c89424f9a2	6713	K	open_model_contracts	hand-authored schemas and contracts	rule
data/projects/open_model_data/contracts/corpus_admission_operator_packet_v1.schema.json	100644	e57ffc930b02aca27a0aa0c21a85a350c1a1625a	3035	K	open_model_contracts	hand-authored schemas and contracts	rule
data/projects/open_model_data/contracts/corpus_admission_receipt_v1.schema.json	100644	e250fd47611dccca1ee57d82ebf018cd78779c4c	2862	K	open_model_contracts	hand-authored schemas and contracts	rule
data/projects/open_model_data/contracts/corpus_profile_config_v1.schema.json	100644	22bfb4f0bacc553d09041d24a3ef8c96902e17e0	4755	K	open_model_contracts	hand-authored schemas and contracts	rule
data/projects/open_model_data/contracts/corpus_profile_receipt_v1.schema.json	100644	dee7af85f008c205526c9ab7ff1fe1a2d0dbd028	7424	K	open_model_contracts	hand-authored schemas and contracts	rule
data/projects/open_model_data/contracts/corpus_training_usability_decision_v1.schema.json	100644	43277c6a8d9f90dd488b52c4c4479169cb48ccbb	6069	K	open_model_contracts	hand-authored schemas and contracts	rule
data/projects/open_model_data/contracts/correction_candidate_v1.schema.json	100644	22a6dd3583796d6e45028d59c99c089b198cd527	11080	K	open_model_contracts	hand-authored schemas and contracts	rule
data/projects/open_model_data/contracts/correction_factory_receipt_v1.schema.json	100644	9ac4edf861725ef74936cbb9505e9e14624eca49	2719	K	open_model_contracts	hand-authored schemas and contracts	rule
data/projects/open_model_data/contracts/correction_instruction_view_v1.schema.json	100644	a95fe75f43da34a1c9022b86d2435d12a5f0833b	3050	K	open_model_contracts	hand-authored schemas and contracts	rule
data/projects/open_model_data/contracts/correction_protection_adapter_receipt_v1.schema.json	100644	7c52300fe2eb1405928615ad5dde1e5e3686bcc6	3361	K	open_model_contracts	hand-authored schemas and contracts	rule
data/projects/open_model_data/contracts/correction_protection_bundle_manifest_v1.schema.json	100644	bb662c1bd640c3456b82022c5ddb968a22b3d384	5349	K	open_model_contracts	hand-authored schemas and contracts	rule
data/projects/open_model_data/contracts/correction_protection_case_v1.schema.json	100644	99872f544e56c90fe3c9b839107e6ee9f8542824	4663	K	open_model_contracts	hand-authored schemas and contracts	rule
data/projects/open_model_data/contracts/correction_protection_consumer_view_v1.schema.json	100644	94206ce792e5aa8ab206f77397e22068b22b2f9a	4375	K	open_model_contracts	hand-authored schemas and contracts	rule
data/projects/open_model_data/contracts/correction_protection_coverage_contract_v1.schema.json	100644	11936cc4968cdd96dabc9af98357a0f282794931	16817	K	open_model_contracts	hand-authored schemas and contracts	rule
data/projects/open_model_data/contracts/correction_protection_disagreement_v1.schema.json	100644	3ef204c67b883f15fba0871528d3b9205de62108	2177	K	open_model_contracts	hand-authored schemas and contracts	rule
data/projects/open_model_data/contracts/correction_protection_evaluation_contract_v1.schema.json	100644	f17ee5b68c11bf34731b27258b8f67283342d41f	12283	K	open_model_contracts	hand-authored schemas and contracts	rule
data/projects/open_model_data/contracts/correction_protection_evaluation_contract_v2_2.schema.json	100644	b8f85f0701a73785e1c603980adfad419808bd57	5048	K	open_model_contracts	hand-authored schemas and contracts	rule
data/projects/open_model_data/contracts/correction_protection_evidence_v1.schema.json	100644	40bd2529b8742745cebc836fc9f1270f2f8c3388	3239	K	open_model_contracts	hand-authored schemas and contracts	rule
data/projects/open_model_data/contracts/correction_protection_functional_role_contract_v2_1.schema.json	100644	b5bcd9db363c88945dd6446793e158c53602097c	8143	K	open_model_contracts	hand-authored schemas and contracts	rule
data/projects/open_model_data/contracts/correction_protection_functional_role_contract_v2_2.schema.json	100644	5864f3527d9b9dd0ce1a4ba33fc0310ea558b984	5063	K	open_model_contracts	hand-authored schemas and contracts	rule
data/projects/open_model_data/contracts/correction_protection_model_lane_v1.schema.json	100644	830a57cc6a1ce78989e97c27ff7a4b05a2d8bd66	2763	K	open_model_contracts	hand-authored schemas and contracts	rule
data/projects/open_model_data/contracts/correction_protection_release_receipt_v1.schema.json	100644	ebd737c43b218cef76b359834170575b69c64885	6151	K	open_model_contracts	hand-authored schemas and contracts	rule
data/projects/open_model_data/contracts/correction_protection_role_contract_v1.schema.json	100644	edbc682ef407e71889d7eea69122e690003f88c0	8095	K	open_model_contracts	hand-authored schemas and contracts	rule
data/projects/open_model_data/contracts/correction_protection_source_v1.schema.json	100644	a0f63e575064d2004ef5125b2428fa1530755a67	3007	K	open_model_contracts	hand-authored schemas and contracts	rule
data/projects/open_model_data/contracts/correction_record_v1.schema.json	100644	b3f2a88c6cc89950acf99ae2e9c9e164a39ed9cd	1745	K	open_model_contracts	hand-authored schemas and contracts	rule
data/projects/open_model_data/contracts/correction_reviewer_decision_v1.schema.json	100644	49c5a618ba4e54fd4a8aeae08f4b132f7bf28ad7	4999	K	open_model_contracts	hand-authored schemas and contracts	rule
data/projects/open_model_data/contracts/dataset_v4_a10_pilot_review_gate_receipt_v1.schema.json	100644	6967c35fd99ed9c6cf2afc9a3c5f69c87a7a594a	19538	K	open_model_contracts	hand-authored schemas and contracts	rule
data/projects/open_model_data/contracts/dataset_v4_a11_silver_release_gate_receipt_v1.schema.json	100644	dd08370d831eade1ade7e46c638935ab2afedeef	22791	K	open_model_contracts	hand-authored schemas and contracts	rule
data/projects/open_model_data/contracts/dataset_v4_a12_gold_overlay_gate_receipt_v1.schema.json	100644	e8275c0aa45d88db2caf82ca82d18db5103154b6	25634	K	open_model_contracts	hand-authored schemas and contracts	rule
data/projects/open_model_data/contracts/dataset_v4_a13_cleanup_recovery_receipt_v1.schema.json	100644	06609055f6c73e74fd8e8d5d215deb7984283e8b	25482	K	open_model_contracts	hand-authored schemas and contracts	rule
data/projects/open_model_data/contracts/dataset_v4_a2_source_operation_admission_receipt_v1.schema.json	100644	add6058ec247a2e0036612a485514ca9813d982a	16769	K	open_model_contracts	hand-authored schemas and contracts	rule
data/projects/open_model_data/contracts/dataset_v4_a3_builder_packet_receipt_v1.schema.json	100644	61435c664326f5ff9142b9126f31037298eb8354	6682	K	open_model_contracts	hand-authored schemas and contracts	rule
data/projects/open_model_data/contracts/dataset_v4_a3_heldout_source_family_seal_receipt_v1.schema.json	100644	a5634e7f911bc74a545ab7671f13831debb3fd29	16508	K	open_model_contracts	hand-authored schemas and contracts	rule
data/projects/open_model_data/contracts/dataset_v4_a4_deterministic_extraction_receipt_v1.schema.json	100644	3859ccd3dbc42231e3e34e744388645b0d0e2799	14598	K	open_model_contracts	hand-authored schemas and contracts	rule
data/projects/open_model_data/contracts/dataset_v4_a5_evidence_enrichment_receipt_v1.schema.json	100644	91fa54a6f3054e974bc9800488ea787b3988ac0f	11974	K	open_model_contracts	hand-authored schemas and contracts	rule
data/projects/open_model_data/contracts/dataset_v4_a6_blind_arena_receipt_v1.schema.json	100644	64a02bb81c0d95397b7768a69ac7327f38b1228b	15417	K	open_model_contracts	hand-authored schemas and contracts	rule
data/projects/open_model_data/contracts/dataset_v4_a7_authorship_receipt_v1.schema.json	100644	88c8d7ed891fd305d5e1c4c0f48741da54ac1d23	2420	K	open_model_contracts	hand-authored schemas and contracts	rule
data/projects/open_model_data/contracts/dataset_v4_a7_original_row_factory_receipt_v1.schema.json	100644	98f6f1c3e00142274e32167d599e8e27d2ce28db	19549	K	open_model_contracts	hand-authored schemas and contracts	rule
data/projects/open_model_data/contracts/dataset_v4_a7_review_receipt_v1.schema.json	100644	f8828964441bd635081b69ce89c8a262f8d7d27d	2546	K	open_model_contracts	hand-authored schemas and contracts	rule
data/projects/open_model_data/contracts/dataset_v4_a8_admission_assembly_receipt_v1.schema.json	100644	03992538634451449db29636e3e1aedb18390084	19936	K	open_model_contracts	hand-authored schemas and contracts	rule
data/projects/open_model_data/contracts/dataset_v4_a9_evaluation_package_receipt_v1.schema.json	100644	56d2cd47c9e381f83828c9acdf43b4f78bd9e724	20712	K	open_model_contracts	hand-authored schemas and contracts	rule
data/projects/open_model_data/contracts/dataset_v4_per_slot_private_factory_receipt_v1.schema.json	100644	b6d6853c7a99e9b61b43fa9a9f8bcb01a342901e	11160	K	open_model_contracts	hand-authored schemas and contracts	rule
data/projects/open_model_data/contracts/dataset_v4_pilot_slot_manifest_v1.schema.json	100644	507b1393eb3c3dc7e083d3c4b503d8d9b6b5f332	7907	K	open_model_contracts	hand-authored schemas and contracts	rule
data/projects/open_model_data/contracts/dataset_v4_public_slot_commitment_assignment_receipt_v1.schema.json	100644	7b6b434cc34ec470e64d72fb25e147ccf61006e6	14541	K	open_model_contracts	hand-authored schemas and contracts	rule
data/projects/open_model_data/contracts/dataset_v4_source_byte_ingestion_admission_receipt_v1.schema.json	100644	5a070a327d5bd5fefe280eb4b31cbd5ef4aaad34	5853	K	open_model_contracts	hand-authored schemas and contracts	rule
data/projects/open_model_data/contracts/document_signal_receipt_v1.schema.json	100644	ff8e9fc472fd2ac8cfc6c72b65bde21695b7eec1	8546	K	open_model_contracts	hand-authored schemas and contracts	rule
data/projects/open_model_data/contracts/document_signal_record_v1.schema.json	100644	92593f911ec1cff2d62c59fcf2241800824ed099	8209	K	open_model_contracts	hand-authored schemas and contracts	rule
data/projects/open_model_data/contracts/evidence_resolution_item_v1.schema.json	100644	39545c0f390c3bb5fe14a3ae6c3ad49e12f4f827	3141	K	open_model_contracts	hand-authored schemas and contracts	rule
data/projects/open_model_data/contracts/foundry_run_receipt_v1.schema.json	100644	6c93d57ac71c0c8bd77d7e5dcdf88b11cb61cd6e	2857	K	open_model_contracts	hand-authored schemas and contracts	rule
data/projects/open_model_data/contracts/foundry_source_payload_v1.schema.json	100644	a2369bf00c74a8425797db3d6ae59bdcd78f5bb5	5170	K	open_model_contracts	hand-authored schemas and contracts	rule
data/projects/open_model_data/contracts/gemma_hardware_probe_authorization_v1.schema.json	100644	e4fc1c697d79d6044e30c25bf4886eed17876a3a	3445	K	open_model_contracts	hand-authored schemas and contracts	rule
data/projects/open_model_data/contracts/gemma_hardware_probe_plan_v1.schema.json	100644	e925fb9963b528d307eb90d32e88baebce0ebef5	5456	K	open_model_contracts	hand-authored schemas and contracts	rule
data/projects/open_model_data/contracts/gemma_hardware_probe_receipt_v1.schema.json	100644	3e8eb42da774dd929942e6d1defcb0a81d98acd9	11867	K	open_model_contracts	hand-authored schemas and contracts	rule
data/projects/open_model_data/contracts/heldout_evaluation_view_v1.schema.json	100644	f9ce4c088563e926d1d2f5a7458619e08a3a56f7	1934	K	open_model_contracts	hand-authored schemas and contracts	rule
data/projects/open_model_data/contracts/hf_model_snapshot_manifest_v1.schema.json	100644	d38e1a01f5f95ef3edd5720e0c88bf1bb6b2abdf	1890	K	open_model_contracts	hand-authored schemas and contracts	rule
data/projects/open_model_data/contracts/language_contact_blind_response_v1.schema.json	100644	e25881231a2ec902557ca67128d73319e42959b7	4708	K	open_model_contracts	hand-authored schemas and contracts	rule
data/projects/open_model_data/contracts/language_contact_blind_review_item_v1.schema.json	100644	832bf1a1e6e3fc067c89538b23b245b403037a49	3932	K	open_model_contracts	hand-authored schemas and contracts	rule
data/projects/open_model_data/contracts/language_contact_campaign_receipt_v1.schema.json	100644	bb0286872991b1fca43142cfb12ceea89e8c3c5f	3203	K	open_model_contracts	hand-authored schemas and contracts	rule
data/projects/open_model_data/contracts/language_contact_candidate_v1.schema.json	100644	d893b1e751dfb45fdc502e2b61f90850beed86f7	5671	K	open_model_contracts	hand-authored schemas and contracts	rule
data/projects/open_model_data/contracts/language_contact_config_v1.schema.json	100644	7bcbae9d732c7449147ceb134391cf6e49fcadaa	7669	K	open_model_contracts	hand-authored schemas and contracts	rule
data/projects/open_model_data/contracts/language_contact_first_pass_summary_v1.schema.json	100644	1d9eb5fb1dab51076d949c1148ef182d875390d9	3444	K	open_model_contracts	hand-authored schemas and contracts	rule
data/projects/open_model_data/contracts/language_contact_frame_item_v1.schema.json	100644	36fb480acfd05d571a36a32d23a26bf0e8f6959c	2027	K	open_model_contracts	hand-authored schemas and contracts	rule
data/projects/open_model_data/contracts/language_contact_frame_receipt_v1.schema.json	100644	caa43ecda8b7af5c4113a5d98b51ac0cebd157f5	2610	K	open_model_contracts	hand-authored schemas and contracts	rule
data/projects/open_model_data/contracts/language_contact_gold_freeze_receipt_v1.schema.json	100644	f02d32d4f007866d2657020ca7fc9da96fa7bcd2	2912	K	open_model_contracts	hand-authored schemas and contracts	rule
data/projects/open_model_data/contracts/language_contact_receipt_v1.schema.json	100644	a5d1536c8e072f925768f8f90f0270b203e3db45	5666	K	open_model_contracts	hand-authored schemas and contracts	rule
data/projects/open_model_data/contracts/language_contact_resolver_response_v1.schema.json	100644	af525ccbd8be452a79a0603914e49c8d9c84f9db	4703	K	open_model_contracts	hand-authored schemas and contracts	rule
data/projects/open_model_data/contracts/language_contact_resolver_review_item_v1.schema.json	100644	c65dee4e35b3bd44fc1255a3e1bfb508050dbadc	1453	K	open_model_contracts	hand-authored schemas and contracts	rule
data/projects/open_model_data/contracts/language_contact_sampling_plan_v1.schema.json	100644	870228caaae1ca604c9d92b19ca86f921c6c7a2e	5695	K	open_model_contracts	hand-authored schemas and contracts	rule
data/projects/open_model_data/contracts/language_contact_silver_observation_v1.schema.json	100644	6adf769f39c25e984bc0562f5ff52e1054039846	6247	K	open_model_contracts	hand-authored schemas and contracts	rule
data/projects/open_model_data/contracts/language_contact_silver_receipt_v1.schema.json	100644	8dd03c8d10a5ae6ea8313ad30f48ca005db60973	8295	K	open_model_contracts	hand-authored schemas and contracts	rule
data/projects/open_model_data/contracts/language_contact_silver_record_v1.schema.json	100644	87e5341d040249ec1de876ccaf7f3ed2d5f0715d	7401	K	open_model_contracts	hand-authored schemas and contracts	rule
data/projects/open_model_data/contracts/language_contact_wave_receipt_v1.schema.json	100644	319d6ea5582794dd42ab62a831b1ee877d25cfa2	3865	K	open_model_contracts	hand-authored schemas and contracts	rule
data/projects/open_model_data/contracts/model_ready_product_audit_v1.schema.json	100644	a51465d1c053ec06595149f86dbed4979df481db	9497	K	open_model_contracts	hand-authored schemas and contracts	rule
data/projects/open_model_data/contracts/model_ready_view_production_v1.schema.json	100644	a072dbdd52eec56ab03424219d26123ebc3b9575	12007	K	open_model_contracts	hand-authored schemas and contracts	rule
data/projects/open_model_data/contracts/model_view_export_receipt_v1.schema.json	100644	11d5e3f4417279695e2fc37a7093c8b2677211ff	6817	K	open_model_contracts	hand-authored schemas and contracts	rule
data/projects/open_model_data/contracts/phase3_audit_entropy_receipt_v1.schema.json	100644	162b1b4c8978530db1dc5f52d8130a75b2b4d09f	3098	K	open_model_contracts	hand-authored schemas and contracts	rule
data/projects/open_model_data/contracts/phase3_babych_acoustic_excerpt_candidate_v1.schema.json	100644	04e18c71dbb55edb1591377aa87cf8d6906f7d41	9384	K	open_model_contracts	hand-authored schemas and contracts	rule
data/projects/open_model_data/contracts/phase3_complete_source_policy_v4.schema.json	100644	062ad5487a544fb9b2f6bd28fe2747af21814313	10190	K	open_model_contracts	hand-authored schemas and contracts	rule
data/projects/open_model_data/contracts/phase3_cycle007_evidence_manifest_v1.schema.json	100644	95d55f0bb990292d87308ee307d014dfa387a96c	6443	K	open_model_contracts	hand-authored schemas and contracts	rule
data/projects/open_model_data/contracts/phase3_cycle007_evidence_sidecar_v1.schema.json	100644	cd5e10513907321d8b8c1d0d1f4fa2f6d6ab050b	4583	K	open_model_contracts	hand-authored schemas and contracts	rule
data/projects/open_model_data/contracts/phase3_cycle007_evidence_v1.schema.json	100644	b23f859ad0cba6b53cff2dce2dfb20431ab6bf81	4549	K	open_model_contracts	hand-authored schemas and contracts	rule
data/projects/open_model_data/contracts/phase3_cycle007_private_deny_corpus_v1.schema.json	100644	bf7a9c4fe88d8112c6b9371d1f13a743489f3d99	5074	K	open_model_contracts	hand-authored schemas and contracts	rule
data/projects/open_model_data/contracts/phase3_cycle007_storage_public_summary_v1.schema.json	100644	296f27a27383c1e2a9c9b2ef04f5a556427dc456	4721	K	open_model_contracts	hand-authored schemas and contracts	rule
data/projects/open_model_data/contracts/phase3_cycle_void_receipt_v1.schema.json	100644	9dccbd3afe3d7cf1c8d2105e18119896997b19d8	1595	K	open_model_contracts	hand-authored schemas and contracts	rule
data/projects/open_model_data/contracts/phase3_disposition_audit_bundle_v1.schema.json	100644	3fabf69cbd97a0055f45974a3a8f7519adcec831	30186	K	open_model_contracts	hand-authored schemas and contracts	rule
data/projects/open_model_data/contracts/phase3_donnu_2023_morphemics_word_formation_candidate_v1.schema.json	100644	2331a96e4f8667ef33ab6369c5dc664cd43e20d2	30620	K	open_model_contracts	hand-authored schemas and contracts	rule
data/projects/open_model_data/contracts/phase3_evaluation_context_manifest_receipt_v1.schema.json	100644	689e69c77b0007aa9398c5ec2cb485c755077024	7321	K	open_model_contracts	hand-authored schemas and contracts	rule
data/projects/open_model_data/contracts/phase3_evaluation_freeze_bundle_v1.schema.json	100644	9eb6b2ce64b7e50224387c5eb45413706aef6348	9553	K	open_model_contracts	hand-authored schemas and contracts	rule
data/projects/open_model_data/contracts/phase3_evaluation_reproduction_bundle_v1.schema.json	100644	48aae7c51fe459bd751aafbf32590189e703471f	13428	K	open_model_contracts	hand-authored schemas and contracts	rule
data/projects/open_model_data/contracts/phase3_evaluation_steward_run_state_v1.schema.json	100644	9c0523445f94d06e3cfefb923a1a3d1b19afecbf	1800	K	open_model_contracts	hand-authored schemas and contracts	rule
data/projects/open_model_data/contracts/phase3_fixed_release_manifest_v1.schema.json	100644	a1d11fd32ea647bfec91e07f598aba027b0b2534	4435	K	open_model_contracts	hand-authored schemas and contracts	rule
data/projects/open_model_data/contracts/phase3_heldout_clean_modern_label_prompt_v1.md	100644	37fc4a039a5d368ec94aa5275d43a15c0c372860	4969	K	open_model_contracts	reviewed prompt contract	rule
data/projects/open_model_data/contracts/phase3_heldout_label_transport_bundle_v1.schema.json	100644	cd68c03d9f82425b97c48468a82e6870fb193a7c	15996	K	open_model_contracts	hand-authored schemas and contracts	rule
data/projects/open_model_data/contracts/phase3_heldout_partition_bundle_v1.schema.json	100644	34f9e80687d37a1a43f1627050daa1fe99220a2b	22906	K	open_model_contracts	hand-authored schemas and contracts	rule
data/projects/open_model_data/contracts/phase3_heldout_semantic_gold_label_prompt_v1.md	100644	f42aa9fd2599e7615d45b21c8b735cc1611d4ff8	4367	K	open_model_contracts	reviewed prompt contract	rule
data/projects/open_model_data/contracts/phase3_historical_document_chronology_receipt_v1.schema.json	100644	9a0526d335c4b25357a373d90b6cf7d1e78a87e1	6734	K	open_model_contracts	hand-authored schemas and contracts	rule
data/projects/open_model_data/contracts/phase3_historical_document_chronology_receipt_v2.schema.json	100644	8b6429df66618310190178b95ac0f65730f31930	5748	K	open_model_contracts	hand-authored schemas and contracts	rule
data/projects/open_model_data/contracts/phase3_historical_document_chronology_record_v1.schema.json	100644	83390e21e1817a13cb555137513213d09b735265	5316	K	open_model_contracts	hand-authored schemas and contracts	rule
data/projects/open_model_data/contracts/phase3_historical_document_chronology_record_v2.schema.json	100644	526f17aa7587445e491106cc7a65fcafadf649a8	6747	K	open_model_contracts	hand-authored schemas and contracts	rule
data/projects/open_model_data/contracts/phase3_historical_evidence_spine_v1.schema.json	100644	c3e1f8a62fd00b8487d066673ef9ed286dc47aed	23074	K	open_model_contracts	hand-authored schemas and contracts	rule
data/projects/open_model_data/contracts/phase3_historical_evidence_spine_v2.schema.json	100644	ba3dfa020000172474dcbeda214330dbfad145fb	10303	K	open_model_contracts	hand-authored schemas and contracts	rule
data/projects/open_model_data/contracts/phase3_historical_full_materialization_gate_v1.schema.json	100644	aa0563dacd51e778529b1afb5502e5ce640f48ac	9322	K	open_model_contracts	hand-authored schemas and contracts	rule
data/projects/open_model_data/contracts/phase3_historical_full_materialization_receipt_v1.schema.json	100644	7d6e6c8f7f6f65b3e3205baa86b3477345f02988	7373	K	open_model_contracts	hand-authored schemas and contracts	rule
data/projects/open_model_data/contracts/phase3_historical_materialization_receipt_v1.schema.json	100644	2a93a4045b70d05fa0077b16600726bd14c8d177	6935	K	open_model_contracts	hand-authored schemas and contracts	rule
data/projects/open_model_data/contracts/phase3_historical_periodization_freeze_v1.schema.json	100644	a733b2b34ca8ff55633e0450c7292e39c872f1f3	10167	K	open_model_contracts	hand-authored schemas and contracts	rule
data/projects/open_model_data/contracts/phase3_historical_protection_channels_v1.schema.json	100644	e9dce0e3dd9c4c6209973c01d18a8cc213ea69ad	32122	K	open_model_contracts	hand-authored schemas and contracts	rule
data/projects/open_model_data/contracts/phase3_historical_representation_v3.schema.json	100644	8958777fc312ee55faadd7e4b70aac24a313e7df	18049	K	open_model_contracts	hand-authored schemas and contracts	rule
data/projects/open_model_data/contracts/phase3_lavra_near_caves_intake_receipt_v1.schema.json	100644	25c4044eb89356b126f521e19f76d4943d7a395d	7590	K	open_model_contracts	hand-authored schemas and contracts	rule
data/projects/open_model_data/contracts/phase3_linguistic_representation_v3.schema.json	100644	ac2c601315c92d00cd843ec0e551efa870379b4d	9924	K	open_model_contracts	hand-authored schemas and contracts	rule
data/projects/open_model_data/contracts/phase3_live_ingest_gate_v1.schema.json	100644	f07555c0b0161b8321f262eb9c4c097fcfaae8b5	8700	K	open_model_contracts	hand-authored schemas and contracts	rule
data/projects/open_model_data/contracts/phase3_lnu_2024_phonetics_phonology_candidate_v1.schema.json	100644	c342f38cc14471d41155771ec7591444fd10a210	13717	K	open_model_contracts	hand-authored schemas and contracts	rule
data/projects/open_model_data/contracts/phase3_middle_ukrainian_act_book_intake_receipt_v1.schema.json	100644	59e4bed8e9374efb42d1a013beecca97de1fdbdf	8497	K	open_model_contracts	hand-authored schemas and contracts	rule
data/projects/open_model_data/contracts/phase3_middle_ukrainian_lexis_intake_receipt_v1.schema.json	100644	5c634bbc990674fa0bd300f7d66f5cad7a4bf5cc	11136	K	open_model_contracts	hand-authored schemas and contracts	rule
data/projects/open_model_data/contracts/phase3_middle_ukrainian_page_sample_receipt_v1.schema.json	100644	19e6f92eead25060cd64d04363a19ba1bc691153	13513	K	open_model_contracts	hand-authored schemas and contracts	rule
data/projects/open_model_data/contracts/phase3_middle_ukrainian_text_extraction_receipt_v1.schema.json	100644	05f2f984ccf7095f1ed21909e00da61fc09138f5	8857	K	open_model_contracts	hand-authored schemas and contracts	rule
data/projects/open_model_data/contracts/phase3_minchak_phonetics_candidate_v1.schema.json	100644	d88e5530b04cf674bcfbfa16e664a9ce80514c5c	8624	K	open_model_contracts	hand-authored schemas and contracts	rule
data/projects/open_model_data/contracts/phase3_modern_contact_channels_v1.schema.json	100644	01ecf7498d9d21060380577f43679dd3e329f762	8352	K	open_model_contracts	hand-authored schemas and contracts	rule
data/projects/open_model_data/contracts/phase3_p1_dialect_regional_protection_amendment_v1.schema.json	100644	07ce3b18c3db530c73498e6cc9cf1daef05f6de6	3782	K	open_model_contracts	hand-authored schemas and contracts	rule
data/projects/open_model_data/contracts/phase3_p1_universe_freeze_v1.schema.json	100644	e3e8e45a5c8b244c78d1fa92a7d06c4b18784bd8	9911	K	open_model_contracts	hand-authored schemas and contracts	rule
data/projects/open_model_data/contracts/phase3_p2_canonical_contracts_v1.schema.json	100644	2bb3929283f03b567b3840d2cc67e34978effad7	18078	K	open_model_contracts	hand-authored schemas and contracts	rule
data/projects/open_model_data/contracts/phase3_p4_pilot_construction_v1.schema.json	100644	a68635ff8361c7b0fe2a01642e958ae2d4868768	7742	K	open_model_contracts	hand-authored schemas and contracts	rule
data/projects/open_model_data/contracts/phase3_pliush_2005_canonical_grammar_candidate_v1.schema.json	100644	f62813e5ef5e3bf2fbe1bf79c11949fa47766e5e	21833	K	open_model_contracts	hand-authored schemas and contracts	rule
data/projects/open_model_data/contracts/phase3_pravopys_delta_bundle_v1.schema.json	100644	635cb405e4791290e939cc283b3a96fd6bf5303c	13096	K	open_model_contracts	hand-authored schemas and contracts	rule
data/projects/open_model_data/contracts/phase3_pravopys_evaluation_context_receipt_v1.schema.json	100644	8b8d20ad0b0d7ce13dbcce421321e444abe76417	5065	K	open_model_contracts	hand-authored schemas and contracts	rule
data/projects/open_model_data/contracts/phase3_rule_author_packet_bundle_v1.schema.json	100644	99ce430e52a85358f8c0e542c5554973beceaf87	13751	K	open_model_contracts	hand-authored schemas and contracts	rule
data/projects/open_model_data/contracts/phase3_rule_author_run_manifest_v1.schema.json	100644	7c2cfff51e4730f9a1e832928996fd0e68b88281	8556	K	open_model_contracts	hand-authored schemas and contracts	rule
data/projects/open_model_data/contracts/phase3_rule_author_source_rows_v1.schema.json	100644	63ce07bb359552474621e2b7080a69d7f11057cf	11785	K	open_model_contracts	hand-authored schemas and contracts	rule
data/projects/open_model_data/contracts/phase3_saint_sophia_db_reconciliation_v1.schema.json	100644	08ab2dc1fbbbfdf8671ac0821efebbcb7a4ea247	3575	K	open_model_contracts	hand-authored schemas and contracts	rule
data/projects/open_model_data/contracts/phase3_school_context_negative_recovery_receipt_v1.schema.json	100644	41ac68297787e336199f592b06b2947fdddaaae6	7580	K	open_model_contracts	hand-authored schemas and contracts	rule
data/projects/open_model_data/contracts/phase3_school_parent_section_context_receipt_v1.schema.json	100644	889f05e82143dd127881fda8d47e356e55a9ab6e	6634	K	open_model_contracts	hand-authored schemas and contracts	rule
data/projects/open_model_data/contracts/phase3_scope_circularity_firewall_v1.schema.json	100644	dfb2f4a1b7c1a5696f04780eeb8ee18bcc08c207	8864	K	open_model_contracts	hand-authored schemas and contracts	rule
data/projects/open_model_data/contracts/phase3_scope_circularity_public_binding_receipt_v1.schema.json	100644	50ad159e33f84977de06e4b2f587c515b135b7cf	2073	K	open_model_contracts	hand-authored schemas and contracts	rule
data/projects/open_model_data/contracts/phase3_source_author_prompt_v1.md	100644	24ca1c8ebfe993b626432999664d4de2f76ea7d6	3740	K	open_model_contracts	reviewed prompt contract	rule
data/projects/open_model_data/contracts/phase3_source_disposition_input_v1.schema.json	100644	bcb7b508ca93797ba5c2f24b6fbdebe616d1fbd8	7864	K	open_model_contracts	hand-authored schemas and contracts	rule
data/projects/open_model_data/contracts/phase3_source_production_transport_v1.schema.json	100644	60e2f3b6aef7a756d4e59f80421e9c3d2a3fdd28	15024	K	open_model_contracts	hand-authored schemas and contracts	rule
data/projects/open_model_data/contracts/phase3_source_review_prompt_v1.md	100644	faac183d326d81a382f824b893b7e0905da6fca9	2924	K	open_model_contracts	reviewed prompt contract	rule
data/projects/open_model_data/contracts/phase3_source_unit_materialization_receipt_v1.schema.json	100644	56c987d2c177b967f5fc4edf5bec5c6ff351157f	1737	K	open_model_contracts	hand-authored schemas and contracts	rule
data/projects/open_model_data/contracts/phase3_source_universe_freeze_v1.schema.json	100644	28dfdc546ed0417f7212ed26aaaa9369fa933ade	12571	K	open_model_contracts	hand-authored schemas and contracts	rule
data/projects/open_model_data/contracts/phase3_spas_catalog_materialization_receipt_v1.schema.json	100644	4451b7ac5b88256a3b4e00c2725c92571117b510	7362	K	open_model_contracts	hand-authored schemas and contracts	rule
data/projects/open_model_data/contracts/phase3_spas_glyph_adapter_receipt_v1.schema.json	100644	5ac24c0f56d0ea3f0cd9fd29e4b616142896669f	7842	K	open_model_contracts	hand-authored schemas and contracts	rule
data/projects/open_model_data/contracts/phase3_spas_layout_candidate_receipt_v1.schema.json	100644	949fd3096cbe4dd93fdb597764aca8a87e6fc0ef	8579	K	open_model_contracts	hand-authored schemas and contracts	rule
data/projects/open_model_data/contracts/phase3_spas_source_attribution_receipt_v1.schema.json	100644	d3288e6dc515f312894cce08aeaa58cb5af8628c	7866	K	open_model_contracts	hand-authored schemas and contracts	rule
data/projects/open_model_data/contracts/phase3_textbook_nonhit_bundle_v1.schema.json	100644	d87ac8bba9389a27d7a54a2dd7ccf0d8288f155e	15798	K	open_model_contracts	hand-authored schemas and contracts	rule
data/projects/open_model_data/contracts/phase3_ua_gec_complete_context_receipt_v1.schema.json	100644	84043c689d37d273f329d8751740f0854d2ba17c	6339	K	open_model_contracts	hand-authored schemas and contracts	rule
data/projects/open_model_data/contracts/phase3_university_content_audit_freeze_v1.schema.json	100644	eb6f40d322a89107448dae27afc6a73f5e3195da	9844	K	open_model_contracts	hand-authored schemas and contracts	rule
data/projects/open_model_data/contracts/phase3_university_reconciliation_v3.schema.json	100644	467afc11cef2a6d8fe352122f8e0cdde0f2c6cd4	5784	K	open_model_contracts	hand-authored schemas and contracts	rule
data/projects/open_model_data/contracts/phase3_university_source_admission_gate_v1.schema.json	100644	6e72b513110aaa9d8126d7dfed20424d653a7d02	7776	K	open_model_contracts	hand-authored schemas and contracts	rule
data/projects/open_model_data/contracts/phase3_university_source_admission_review_v1.schema.json	100644	888aa3eb0a31b841abe90520c879b05f8b947974	6548	K	open_model_contracts	hand-authored schemas and contracts	rule
data/projects/open_model_data/contracts/phase3_university_source_scope_review_v1.schema.json	100644	0fb510bbf22f9122d6fcd241aa19b1a687505d19	5908	K	open_model_contracts	hand-authored schemas and contracts	rule
data/projects/open_model_data/contracts/phase3_uzhnu_2023_morphemology_derivatology_candidate_v1.schema.json	100644	7ab62769ddd9a43c2e9f6a09911d1bf84a328ad0	9399	K	open_model_contracts	hand-authored schemas and contracts	rule
data/projects/open_model_data/contracts/phase3_uzhnu_2023_phonetics_orthoepy_candidate_v1.schema.json	100644	680b2e41a60e582fe4430160f7c51e748dccfd02	9554	K	open_model_contracts	hand-authored schemas and contracts	rule
data/projects/open_model_data/contracts/phase3_v2_compatibility_matrix_v1.schema.json	100644	5794e22e018db66268028f28fa5288d1978a9f72	8538	K	open_model_contracts	hand-authored schemas and contracts	rule
data/projects/open_model_data/contracts/phase3_v3_cooperative_control_plane_v1.schema.json	100644	e36323b28356ee85fc564441699fef3754dae63a	31379	K	open_model_contracts	hand-authored schemas and contracts	rule
data/projects/open_model_data/contracts/phase3_v3_prefreeze_readiness_v1.schema.json	100644	766d4a0132ada81bf77e7c25d762d6eec1edbb2b	11883	K	open_model_contracts	hand-authored schemas and contracts	rule
data/projects/open_model_data/contracts/phase3_v3_prefreeze_readiness_v2.schema.json	100644	eaf49d68bc611376a505f5543c25e7774bfde667	12948	K	open_model_contracts	hand-authored schemas and contracts	rule
data/projects/open_model_data/contracts/phase3_v3a_compatibility_matrix_v1.json	100644	2b6701a77f5f5e8e91c0473580e2f18083527658	13593	K	open_model_contracts	hand-authored schemas and contracts	rule
data/projects/open_model_data/contracts/phase3_v3a_taxonomy_denominator_compatibility_v1.json	100644	e66367c84bbaa62471901e930d5c1e9091414454	145363	K	open_model_contracts	hand-authored schemas and contracts	rule
data/projects/open_model_data/contracts/phase3_v3a_taxonomy_denominator_compatibility_v1.schema.json	100644	5820dfab4bda2f10a2edf2adff5eb8e5ca413671	17169	K	open_model_contracts	hand-authored schemas and contracts	rule
data/projects/open_model_data/contracts/phase3_v3b_cooperative_control_plane_v1.json	100644	1912cb9deac2e844080555c2da2027d839c2fa19	17173	K	open_model_contracts	hand-authored schemas and contracts	rule
data/projects/open_model_data/contracts/phase3_v3b_cooperative_control_plane_v1.schema.json	100644	3f6ccd9ac55a75c919e557487c4cea020dae4b87	10046	K	open_model_contracts	hand-authored schemas and contracts	rule
data/projects/open_model_data/contracts/phase3_v3c_heldout_extension_solo_custody_v1.json	100644	d738d7465dfe38fba01e19e58b9a67a2f09e4c44	46633	K	open_model_contracts	hand-authored schemas and contracts	rule
data/projects/open_model_data/contracts/phase3_v3c_heldout_extension_solo_custody_v1.schema.json	100644	403b59d723554ad7299ec7db855b7d28cbda1d51	21893	K	open_model_contracts	hand-authored schemas and contracts	rule
data/projects/open_model_data/contracts/phase3_vspu_2025_morphemics_word_formation_candidate_v1.schema.json	100644	2a7a7142592fd722613fb88d519066d7f496c291	21179	K	open_model_contracts	hand-authored schemas and contracts	rule
data/projects/open_model_data/contracts/phase3_vspu_db_cutover_v1.schema.json	100644	631fc11d8bb2b216a1ab202478e301f04699d972	10604	K	open_model_contracts	hand-authored schemas and contracts	rule
data/projects/open_model_data/contracts/phase3_vspu_modern_theory_candidate_v1.schema.json	100644	34dd6db01b5868f08357f0b0eaad191d1de7f8fd	7772	K	open_model_contracts	hand-authored schemas and contracts	rule
data/projects/open_model_data/contracts/phase3_vspu_post_ingest_audit_v1.schema.json	100644	682ed0857137e7654118a5f826dfb17cbdf95241	6501	K	open_model_contracts	hand-authored schemas and contracts	rule
data/projects/open_model_data/contracts/phase3_vspu_source_materialization_v1.schema.json	100644	fec5985567cbe469e352be57cc52c2c635aea5f7	8456	K	open_model_contracts	hand-authored schemas and contracts	rule
data/projects/open_model_data/contracts/phase3_wave_l_modern_phonetics_reviewed_v1.schema.json	100644	8020e81b77e1f9450a83ac1ee8264a2453c41151	11220	K	open_model_contracts	hand-authored schemas and contracts	rule
data/projects/open_model_data/contracts/phase3_zhdu_2026_lexicology_phraseology_candidate_v1.schema.json	100644	f3002f65e56bf63fdf31fcdc5ea49b3ff0ae3346	17474	K	open_model_contracts	hand-authored schemas and contracts	rule
data/projects/open_model_data/contracts/portable_corpus_record_v1.schema.json	100644	f41bff962a8852024e5ec407c16146dca7d3b6f2	5372	K	open_model_contracts	hand-authored schemas and contracts	rule
data/projects/open_model_data/contracts/preference_view_v1.schema.json	100644	5ec1c84112fe351baa390aa3fc4db4189df5e97f	2683	K	open_model_contracts	hand-authored schemas and contracts	rule
data/projects/open_model_data/contracts/prepared_data_complement_receipt_v1.schema.json	100644	ea284b82048a0e7ff27ebcaa19ba07d7217f78b7	5725	K	open_model_contracts	hand-authored schemas and contracts	rule
data/projects/open_model_data/contracts/prepared_data_complement_record_v1.schema.json	100644	1bc11364e7430e1c8793529b313f365fd7083634	9554	K	open_model_contracts	hand-authored schemas and contracts	rule
data/projects/open_model_data/contracts/quality_filter_view_v1.schema.json	100644	148049ad868ebb25fbdb2afc82d3c943f0a607f5	2558	K	open_model_contracts	hand-authored schemas and contracts	rule
data/projects/open_model_data/contracts/reference_build_config_v1.schema.json	100644	c6e4d1c0e13741cc472abf26f4a0734f28acbcb1	5723	K	open_model_contracts	hand-authored schemas and contracts	rule
data/projects/open_model_data/contracts/reference_build_manifest_v1.schema.json	100644	b72ca4efa53ee156d83ae2461e6b87540f7d98e4	16812	K	open_model_contracts	hand-authored schemas and contracts	rule
data/projects/open_model_data/contracts/reference_build_observation_v1.schema.json	100644	e6b1964c3a0755e8c04a76b58f611cf59dd08937	2461	K	open_model_contracts	hand-authored schemas and contracts	rule
data/projects/open_model_data/contracts/review_candidate_v1.schema.json	100644	fc7b826d17765b2564b72ac198b4784184fee5e2	1890	K	open_model_contracts	hand-authored schemas and contracts	rule
data/projects/open_model_data/contracts/source_capability_policy_v1.schema.json	100644	79ca60e952fecd15f2dadfcd13c28eeb26abe51c	5068	K	open_model_contracts	hand-authored schemas and contracts	rule
data/projects/open_model_data/contracts/source_payload_preparation_receipt_v1.schema.json	100644	dc4b9c442cce326a525bd48366af63f8e0427811	7640	K	open_model_contracts	hand-authored schemas and contracts	rule
data/projects/open_model_data/contracts/source_record_v1.example.json	100644	2a4f6f7b1e5aeac4033d75301c6cfd4f5b725abe	2530	K	open_model_contracts	hand-authored schemas and contracts	rule
data/projects/open_model_data/contracts/source_record_v1.schema.json	100644	f14e075bd01d9150bf874183a0e3d394cd657f77	4859	K	open_model_contracts	hand-authored schemas and contracts	rule
data/projects/open_model_data/contracts/source_work_locator_v1.schema.json	100644	c9b0c42f4c232a0ef84728e57ae694c190785965	11654	K	open_model_contracts	hand-authored schemas and contracts	rule
data/projects/open_model_data/contracts/tokenizer_diagnostics_v1.schema.json	100644	e31efa70344c08e55ddba2e7dbfe72e84acb5061	10269	K	open_model_contracts	hand-authored schemas and contracts	rule
data/projects/open_model_data/contracts/training_recipe_config_v1.schema.json	100644	8d7a7523b151547a55a000580d6aa721b49ae339	3855	K	open_model_contracts	hand-authored schemas and contracts	rule
data/projects/open_model_data/contracts/training_recipe_manifest_v1.schema.json	100644	fa36830e21d0669ab4263d2371acee82854bf70d	2848	K	open_model_contracts	hand-authored schemas and contracts	rule
data/projects/open_model_data/contracts/treatment_authorization_v1.schema.json	100644	523bd42185b2f09c5aface267836e5ee2e570b23	2474	K	open_model_contracts	hand-authored schemas and contracts	rule
data/projects/open_model_data/contracts/treatment_execution_receipt_v1.schema.json	100644	390a207378f26ff7a481d3288da5d28e93493097	4061	K	open_model_contracts	hand-authored schemas and contracts	rule
data/projects/open_model_data/contracts/treatment_preregistration_v1.schema.json	100644	fc08f8ab50ec96fba069b33f02717c0418b03b15	12279	K	open_model_contracts	hand-authored schemas and contracts	rule
data/projects/open_model_data/contracts/treatment_safety_probe_receipt_v1.schema.json	100644	6075b10f7ac35baffde06c2d1b690b1b64b776c2	4020	K	open_model_contracts	hand-authored schemas and contracts	rule
data/projects/open_model_data/contracts/treatment_stage0_preflight_v1.schema.json	100644	5531afabeb5c998530d203edea7b55bc934af2ac	2730	K	open_model_contracts	hand-authored schemas and contracts	rule
data/projects/open_model_data/contracts/ukrainian_nlp_ecosystem_delta_v1.schema.json	100644	23f4732f36b362bffe064c5c89b922d7dec325b7	2491	K	open_model_contracts	hand-authored schemas and contracts	rule
data/projects/open_model_data/contracts/v1_cot_claim_verification_receipt.schema.json	100644	ea080fafde6e001134147093d3693c70c49a193b	4715	K	open_model_contracts	hand-authored schemas and contracts	rule
data/projects/open_model_data/contracts/v1_decolonization_dpo_pair.schema.json	100644	cba566b692d1fe42f95cd23b20e9d4c8e8151015	1565	K	open_model_contracts	hand-authored schemas and contracts	rule
data/projects/open_model_data/contracts/v1_decolonization_mined_candidates.schema.json	100644	3d7fda88ee34a67e63a86aa27e61e719716363c3	8193	K	open_model_contracts	hand-authored schemas and contracts	rule
data/projects/open_model_data/contracts/v1_decolonization_partition_manifest.schema.json	100644	c3314a1c6e5718fdb259e1df7a8ed42043db2693	5321	K	open_model_contracts	hand-authored schemas and contracts	rule
data/projects/open_model_data/contracts/v1_decolonization_trajectory.schema.json	100644	132b575d4193f671fde0d77e05437adb6f41c6be	4633	K	open_model_contracts	hand-authored schemas and contracts	rule
data/projects/open_model_data/contracts/v1_dialect_historical_protection_receipt.schema.json	100644	09964cb5e46e6e365d18de343e768e8882a0acf4	5411	K	open_model_contracts	hand-authored schemas and contracts	rule
data/projects/open_model_data/contracts/v1_dialect_historical_protection_record.schema.json	100644	1be7217401ba8b52c3a5963453d7b586544fdc8a	2298	K	open_model_contracts	hand-authored schemas and contracts	rule
data/projects/open_model_data/contracts/v1_dialect_multizone_evaluation_record.schema.json	100644	aafd77da2f76bc208055ca3009bcd1bf1fa4710e	3065	K	open_model_contracts	hand-authored schemas and contracts	rule
data/projects/open_model_data/contracts/v1_dialect_multizone_release_receipt.schema.json	100644	7d3112920130cd78fc3699d030dff4fe8e838c47	3745	K	open_model_contracts	hand-authored schemas and contracts	rule
data/projects/open_model_data/contracts/v1_differential_soviet_candidate.schema.json	100644	ed5ce8dd1a1499eddeb063ddc52de32d991f750b	2673	K	open_model_contracts	hand-authored schemas and contracts	rule
data/projects/open_model_data/contracts/v1_differential_soviet_receipt.schema.json	100644	163456649337614f09080615cab18b30655228a7	4522	K	open_model_contracts	hand-authored schemas and contracts	rule
data/projects/open_model_data/contracts/v1_general_assistant_eval_record.schema.json	100644	52483885fa29a43393d21e48d90542fc8f4e7d06	2102	K	open_model_contracts	hand-authored schemas and contracts	rule
data/projects/open_model_data/contracts/v1_general_assistant_release_receipt.schema.json	100644	eac2602dd97381745e392ad3b3471f5c3c673661	4839	K	open_model_contracts	hand-authored schemas and contracts	rule
data/projects/open_model_data/contracts/v1_grammar_valency_eval_record.schema.json	100644	875f5aa6639f521cab03bc785cb8925d2d520f78	1711	K	open_model_contracts	hand-authored schemas and contracts	rule
data/projects/open_model_data/contracts/v1_grammar_valency_release_receipt.schema.json	100644	faab6dad961505193ecf4165fb5f9714ff43c67c	4020	K	open_model_contracts	hand-authored schemas and contracts	rule
data/projects/open_model_data/contracts/v1_kyivan_rus_epigraphic_eval_record.schema.json	100644	17a657613922f9b774f0300145525140f981a5a4	2791	K	open_model_contracts	hand-authored schemas and contracts	rule
data/projects/open_model_data/contracts/v1_kyivan_rus_release_receipt.schema.json	100644	d8bbe645f3a028adf6bbf49cba841e88b91095c7	4861	K	open_model_contracts	hand-authored schemas and contracts	rule
data/projects/open_model_data/contracts/v1_middle_ukrainian_eval_record.schema.json	100644	6b2a2e6d5eb68c57c395bb7194819be7ba3c676d	2736	K	open_model_contracts	hand-authored schemas and contracts	rule
data/projects/open_model_data/contracts/v1_middle_ukrainian_release_receipt.schema.json	100644	a1dd76571d26bac84aea199f7659bd5788fc33b8	5953	K	open_model_contracts	hand-authored schemas and contracts	rule
data/projects/open_model_data/contracts/v1_pilot_canary_receipt.schema.json	100644	6a192634f376c513188a208af653ac150575b1da	13146	K	open_model_contracts	hand-authored schemas and contracts	rule
data/projects/open_model_data/contracts/v1_production_release_receipt.schema.json	100644	ec8fea9f3364730cdd81fb9928d32a39c846224e	8963	K	open_model_contracts	hand-authored schemas and contracts	rule
data/projects/open_model_data/contracts/v1_stem_controls_receipt.schema.json	100644	07ff4d195c1b1ecb2270300a077255ba927f800c	5726	K	open_model_contracts	hand-authored schemas and contracts	rule
data/projects/open_model_data/contracts/v1_ulif_phraseology_eval_record.schema.json	100644	4d3572d8c2f026debf7a563427f87d9e1194dc8b	2009	K	open_model_contracts	hand-authored schemas and contracts	rule
data/projects/open_model_data/contracts/v1_ulif_phraseology_release_receipt.schema.json	100644	6278e78ebfb7df1fe34e8561ede69541bb4a7fd6	6109	K	open_model_contracts	hand-authored schemas and contracts	rule
data/projects/open_model_data/contracts/v4_dataset_quality_evaluation_v1.schema.json	100644	642a4a60893ffa5c1ce6ad54df946f80d15b1fc7	7539	K	open_model_contracts	hand-authored schemas and contracts	rule
data/projects/open_model_data/contracts/v4_delivery_reproduction_receipt_v1.schema.json	100644	309c5016b23360805508ac582578ef9d69978770	5141	K	open_model_contracts	hand-authored schemas and contracts	rule
data/projects/open_model_data/contracts/v4_human_source_dataset_manifest_v1.schema.json	100644	ea5a2d2acab77374b495b7b5dc11500b8b9a67f5	6251	K	open_model_contracts	hand-authored schemas and contracts	rule
data/projects/open_model_data/contracts/v4_human_source_dataset_receipt_v1.schema.json	100644	900dbb750fa4f9b314c2c5f24c5c961f5a9ddefc	4383	K	open_model_contracts	hand-authored schemas and contracts	rule
data/projects/open_model_data/contracts/v4_human_source_dataset_record_v1.schema.json	100644	0f4359138cfb525e6c63c59c1c183c31f16442ce	5754	K	open_model_contracts	hand-authored schemas and contracts	rule
data/projects/open_model_data/contracts/v4_human_source_pilot_manifest_v1.schema.json	100644	162dc6c6310bad2e7ad84bb094d046869cbb7c46	4536	K	open_model_contracts	hand-authored schemas and contracts	rule
data/projects/open_model_data/contracts/v4_human_source_pilot_receipt_v1.schema.json	100644	cf1f1978abd1c0ef74641e697883af6852f56cc7	3579	K	open_model_contracts	hand-authored schemas and contracts	rule
data/projects/open_model_data/contracts/v4_human_source_pilot_record_v1.schema.json	100644	a3d2ae6736eb0e89bd44a94f9ca333452672e7ac	4364	K	open_model_contracts	hand-authored schemas and contracts	rule
data/projects/open_model_data/contracts/v4_language_usage_config_v1.schema.json	100644	9763d320b2282521e069af7e3894dfab3e68746e	2882	K	open_model_contracts	hand-authored schemas and contracts	rule
data/projects/open_model_data/contracts/v4_language_usage_item_v1.schema.json	100644	5ca740ea16dc783cefab4b2a7d369223ad132690	5814	K	open_model_contracts	hand-authored schemas and contracts	rule
data/projects/open_model_data/contracts/v4_language_usage_receipt_v1.schema.json	100644	722d12dbe08fb245a9cc017d5f296d7658f3f1ef	3720	K	open_model_contracts	hand-authored schemas and contracts	rule
data/projects/open_model_data/contracts/v4_learning_study_execution_v1.schema.json	100644	d78a79aecbff4e04eac3ab34145e4b3a63c60b55	2706	K	open_model_contracts	hand-authored schemas and contracts	rule
data/projects/open_model_data/contracts/v4_learning_study_receipt_v1.schema.json	100644	c69e93929d0af3b5b3c53930e4c7628d12213212	3536	K	open_model_contracts	hand-authored schemas and contracts	rule
data/projects/open_model_data/contracts/v4_learning_study_recipe_v1.schema.json	100644	e1338dee38739a540fd8d162c05b92fd499a6af9	4052	K	open_model_contracts	hand-authored schemas and contracts	rule
data/projects/open_model_data/contracts/v4_native_extraction_config_v1.schema.json	100644	6ddbb47526e85b3894325f52b72b6e8e9a53cb0d	3953	K	open_model_contracts	hand-authored schemas and contracts	rule
data/projects/open_model_data/contracts/v4_native_extraction_item_v1.schema.json	100644	c7543391f4c88c33505124999f99f39a6d6ab3b6	3885	K	open_model_contracts	hand-authored schemas and contracts	rule
data/projects/open_model_data/contracts/v4_native_extraction_quarantine_report_v1.schema.json	100644	364165822fff4b26ea9e6fe6b6d46d1cb50be74c	2524	K	open_model_contracts	hand-authored schemas and contracts	rule
data/projects/open_model_data/contracts/v4_native_extraction_receipt_v1.schema.json	100644	a0001dd392e86328e3634b75d9a959768e016400	2557	K	open_model_contracts	hand-authored schemas and contracts	rule
data/projects/open_model_data/contracts/v4_provenance_restoration_v1.schema.json	100644	46b9e18fc80ec2f9011ddf67dd1f653c03433733	19904	K	open_model_contracts	hand-authored schemas and contracts	rule
data/projects/open_model_data/contracts/v4_source_custody_access_config_v1.schema.json	100644	c8e90dc2e8764cdb2773c41d75200f304449facb	3709	K	open_model_contracts	hand-authored schemas and contracts	rule
data/projects/open_model_data/contracts/v4_source_custody_access_item_v1.schema.json	100644	87f8b0bb9f220bfefc55780749650f4ccfca5d90	6188	K	open_model_contracts	hand-authored schemas and contracts	rule
data/projects/open_model_data/contracts/v4_source_custody_access_receipt_v1.schema.json	100644	849175bb1bce3e9294e0b45a5547f10b09809394	5019	K	open_model_contracts	hand-authored schemas and contracts	rule
data/projects/open_model_data/contracts/v4_source_custody_missing_report_v1.schema.json	100644	0e753926bc2b5b63a6391b9bdc19152b63d0ab09	2465	K	open_model_contracts	hand-authored schemas and contracts	rule
data/projects/open_model_data/contracts/v4_work_grouping_split_config_v1.schema.json	100644	9be4b57c002add5e96d21bf2793f74c769dbf577	3105	K	open_model_contracts	hand-authored schemas and contracts	rule
data/projects/open_model_data/contracts/v4_work_grouping_split_item_v1.schema.json	100644	59b601dd0f9d8f5c44247a03052cb02ac26cc34f	3279	K	open_model_contracts	hand-authored schemas and contracts	rule
data/projects/open_model_data/contracts/v4_work_grouping_split_receipt_v1.schema.json	100644	0afb44de17da9eb8ad562b88fbb9817b962ea06d	4625	K	open_model_contracts	hand-authored schemas and contracts	rule
data/projects/open_model_data/contracts/vesum_unattested_sample_receipt_v1.schema.json	100644	7d31ff1c9228eb46b85df2264783c131c1f00493	3697	K	open_model_contracts	hand-authored schemas and contracts	rule
data/projects/open_model_data/contracts/vesum_unattested_sample_record_v1.schema.json	100644	e80d9767daa0bff98b0d53a3c9acecfbf33bb9b3	2602	K	open_model_contracts	hand-authored schemas and contracts	rule
data/projects/open_model_data/custody/v4_source_custody_access_config_v1.json	100644	58cc0950fefdfb885adf6aec2dae039b601a35aa	2328	K	open_model_controls	source custody config receipt or exception report	rule
data/projects/open_model_data/custody/v4_source_custody_access_index_v1.jsonl	100644	36ae419bb6f05a202f6e595206fb8960350bb3d4	321737	A	open_model_other_indexes	external; regenerable with source custody database	rule
data/projects/open_model_data/custody/v4_source_custody_access_receipt_v1.json	100644	4da08fe31a7bee58ada636bb985f8d5fc6277ce6	1454	K	open_model_controls	source custody config receipt or exception report	rule
data/projects/open_model_data/custody/v4_source_custody_missing_report_v1.json	100644	660e6a9876edb7901dcfd2a3386b21bdd3e5e850	63335	K	open_model_controls	source custody config receipt or exception report	rule
data/projects/open_model_data/dataset/v4_human_source_dataset_manifest_v1.json	100644	061c706dbd5e955f43350520ea8e5a1c8825058b	3567	K	open_model_controls	dataset manifest or receipt binding payload hashes	rule
data/projects/open_model_data/dataset/v4_human_source_dataset_receipt_v1.json	100644	0e75cc271684320079cb4533224ac95f512b8196	1540	K	open_model_controls	dataset manifest or receipt binding payload hashes	rule
data/projects/open_model_data/dataset/v4_human_source_dataset_records_v1.jsonl	100644	c0908ebb9be1034a63a9f1285007bcc3f0fb10ae	1852653	A	open_model_other_indexes	external; regenerable with source dataset inputs	rule
data/projects/open_model_data/decolonization/consumer/consumer_formats_manifest.json	100644	f25a605a1727b40a3f1662219011cd554ee1ff27	2412	K	open_model_controls	seed or manifest binding generated payload	rule
data/projects/open_model_data/decolonization/consumer/uldr_dpo_held_out_part001.jsonl	100644	51723a76568f5391771426c4f284587760726f19	759032	A	open_model_other_indexes	external; regenerable with source cases and decolonization builders	rule
data/projects/open_model_data/decolonization/consumer/uldr_dpo_train_part001.jsonl	100644	09c7b3fe7b402ee5ea4e2d9dcf4c56865a8f3fc7	1295493	A	open_model_other_indexes	external; regenerable with source cases and decolonization builders	rule
data/projects/open_model_data/decolonization/consumer/uldr_dpo_train_part002.jsonl	100644	53e3fee360102d584ce98d9135552a135bb312c1	1290006	A	open_model_other_indexes	external; regenerable with source cases and decolonization builders	rule
data/projects/open_model_data/decolonization/consumer/uldr_dpo_train_part003.jsonl	100644	06393059b9f66bc9246e9d68739240faed452ac3	537684	A	open_model_other_indexes	external; regenerable with source cases and decolonization builders	rule
data/projects/open_model_data/decolonization/consumer/uldr_sharegpt_held_out_part001.jsonl	100644	0b2911bd06212245b80adf32fef1340a2c322a72	973952	A	open_model_other_indexes	external; regenerable with source cases and decolonization builders	rule
data/projects/open_model_data/decolonization/consumer/uldr_sharegpt_train_part001.jsonl	100644	fb8cf00a5ff1a69e85b8de60f8a2d5cd12bef38d	1663396	A	open_model_other_indexes	external; regenerable with source cases and decolonization builders	rule
data/projects/open_model_data/decolonization/consumer/uldr_sharegpt_train_part002.jsonl	100644	f530d61bcd3570412849dbdbb5645b5d0738f630	1643309	A	open_model_other_indexes	external; regenerable with source cases and decolonization builders	rule
data/projects/open_model_data/decolonization/consumer/uldr_sharegpt_train_part003.jsonl	100644	d466fbe770376acf9521cb310a3bfab50ea26825	689677	A	open_model_other_indexes	external; regenerable with source cases and decolonization builders	rule
data/projects/open_model_data/decolonization/generated/decolonization_dpo_pairs_held_out_part001.jsonl	100644	ab94e5c4b3c5b8d6b5b2517b586e94481282fc09	422775	A	open_model_other_indexes	external; regenerable with source cases and decolonization builders	rule
data/projects/open_model_data/decolonization/generated/decolonization_dpo_pairs_train_part001.jsonl	100644	62fb2d877f7bcc1b73992a3596937579553b7782	622423	A	open_model_other_indexes	external; regenerable with source cases and decolonization builders	rule
data/projects/open_model_data/decolonization/generated/decolonization_dpo_pairs_train_part002.jsonl	100644	85ee9e2fe5f7190b645e610a27046077934b2ff8	611427	A	open_model_other_indexes	external; regenerable with source cases and decolonization builders	rule
data/projects/open_model_data/decolonization/generated/decolonization_dpo_pairs_train_part003.jsonl	100644	7ea0c6922de340d18b303c19f6e698f806da088c	556684	A	open_model_other_indexes	external; regenerable with source cases and decolonization builders	rule
data/projects/open_model_data/decolonization/generated/decolonization_manifest.json	100644	1c72b4633ee3889c226f395dbc8eec3024ecb220	2789	K	open_model_controls	seed or manifest binding generated payload	rule
data/projects/open_model_data/decolonization/generated/decolonization_trajectories_held_out_part001.jsonl	100644	def15b8251b97643bf099556ff25818fa777d414	1263048	A	open_model_other_indexes	external; regenerable with source cases and decolonization builders	rule
data/projects/open_model_data/decolonization/generated/decolonization_trajectories_train_part001.jsonl	100644	bbf5c3e9e88d9c242f1a128859081902b8c9df8e	1798839	A	open_model_other_indexes	external; regenerable with source cases and decolonization builders	rule
data/projects/open_model_data/decolonization/generated/decolonization_trajectories_train_part002.jsonl	100644	5b7dfbc4581de64641676c5820cb19fe8b742c88	1799547	A	open_model_other_indexes	external; regenerable with source cases and decolonization builders	rule
data/projects/open_model_data/decolonization/generated/decolonization_trajectories_train_part003.jsonl	100644	57d1185ab6e87f46d60bca2c8c78aff8ceef23fd	1714756	A	open_model_other_indexes	external; regenerable with source cases and decolonization builders	rule
data/projects/open_model_data/decolonization/mined/corpus_contrast_tables.jsonl	100644	5ed21d2aa0392314364b8985f1195085c66c8874	268288	A	open_model_other_indexes	external; regenerable with source cases and decolonization builders	rule
data/projects/open_model_data/decolonization/mined/decolonization_mined_manifest.json	100644	953fe5de21a41fc003316984757f26fc152a0512	2142	K	open_model_controls	seed or manifest binding generated payload	rule
data/projects/open_model_data/decolonization/mined/uagec_mined_calques.jsonl	100644	00f102b41ba3fc7d2b27a5e7b485f9bc16d8d7e0	1245390	A	open_model_other_indexes	external; regenerable with source cases and decolonization builders	rule
data/projects/open_model_data/decolonization/mined/zno_distractor_tasks.jsonl	100644	d1c6110088c3eb62307b3e99cdf0a50d7886683a	3393838	A	open_model_other_indexes	external; regenerable with source cases and decolonization builders	rule
data/projects/open_model_data/decolonization/partitions/decolonization_partition_manifest.json	100644	e6dd7ec24ef4dc98d6c9f2ae5e9e8589e56358ca	2193	K	open_model_controls	seed or manifest binding generated payload	rule
data/projects/open_model_data/decolonization/partitions/dialect_historical_protection_receipt_v1.json	100644	f2996cc6e7da17808028506917783d5eb0e8ee2e	1718	K	open_model_controls	decolonization review or release receipt	rule
data/projects/open_model_data/decolonization/partitions/dialect_historical_protection_suite_600.jsonl	100644	6c8e66129f34532f09900099182189f4080646eb	808082	A	open_model_other_indexes	external; regenerable with source cases and decolonization builders	rule
data/projects/open_model_data/decolonization/partitions/dialect_historical_protection_suite_600.sha256	100644	4c100d63800e39f2e6bec7684a8fa0c9d5bd4619	112	K	open_model_controls	decolonization payload hash	rule
data/projects/open_model_data/decolonization/partitions/heldout_evaluation_suite_1000.jsonl	100644	8b42495913345aac75514df5f43c64cc0dc7e462	488483	A	open_model_other_indexes	external; regenerable with source cases and decolonization builders	rule
data/projects/open_model_data/decolonization/partitions/minhash_dedup_summary.json	100644	ef57193a5c4454dee05efb5794a8ba13975bd065	469	K	open_model_controls	partition audit summary	rule
data/projects/open_model_data/decolonization/partitions/train_source_custody.json	100644	d97c4946a7434037217e793617b5c15272903b08	324	K	open_model_controls	partition source custody record	rule
data/projects/open_model_data/decolonization/seeds/human_gold_seeds_150_dpo.jsonl	100644	85089152c61cb37ccd72c2c8b970d095bcfa337a	152382	K	open_model_controls	frozen human-reviewed gold seed input, not a disposable materialized index	judgment
data/projects/open_model_data/decolonization/seeds/human_gold_seeds_150_trajectories.jsonl	100644	ba36bf89d15977c893efd5919f2145ee8ecd7062	501124	K	open_model_controls	frozen human-reviewed gold seed input, not a disposable materialized index	judgment
data/projects/open_model_data/decolonization/seeds/human_gold_seeds_manifest.json	100644	5f92794f4f406353876a100b18cabb32a3ffcd3a	1705	K	open_model_controls	seed or manifest binding generated payload	rule
data/projects/open_model_data/decolonization/seeds/lemko_dialect_attested_seeds.jsonl	100644	f5a7d8a623b33053b7d6956c76e9f8607e3a0091	18058	A	open_model_other_indexes	external; regenerable with source cases and decolonization builders	rule
data/projects/open_model_data/decolonization/seeds/middle_ukrainian_attested_seeds.jsonl	100644	badf83a1daa47b6b3b76e00c4019344c9d8f1fbf	1177	A	open_model_other_indexes	external; regenerable with source cases and decolonization builders	rule
data/projects/open_model_data/decolonization/seeds/oes_diplomatic_monument_seeds.jsonl	100644	5a3e1d137f3780c6b5eabe44bb6c4a0077bad8d9	27722	A	open_model_other_indexes	external; regenerable with source cases and decolonization builders	rule
data/projects/open_model_data/decolonization/seeds/seed_decolonization_dpo_pairs.jsonl	100644	b51fc05f4f1407fddaa587ae74731a24eb6624a5	4728	A	open_model_other_indexes	external; regenerable with source cases and decolonization builders	rule
data/projects/open_model_data/decolonization/seeds/seed_decolonization_trajectories.jsonl	100644	83e61fc9da2cb0e8bc6a2ce026c2db94f4044ed1	15829	A	open_model_other_indexes	external; regenerable with source cases and decolonization builders	rule
data/projects/open_model_data/decolonization/stem_controls/stem_controls_index.jsonl	100644	1385b07ca13dc9e4325a59ff6cf0ed45a46ff33a	678885	A	open_model_other_indexes	external; regenerable with source cases and decolonization builders	rule
data/projects/open_model_data/decolonization/stem_controls/stem_controls_receipt.json	100644	80e301b217379acb2336ef1397f92d03cf592489	2014	K	open_model_controls	decolonization review or release receipt	rule
data/projects/open_model_data/delivery/v4_delivery_reproduction_receipt_v1.json	100644	9d04138e9b6cc893e04d9f7c0aa96a40c3ccb789	2600	K	open_model_controls	delivery reproduction receipt	rule
data/projects/open_model_data/detector/correction_protection_known_answers_v1.json	100644	64a391ec4cb177bb36c83e5b5c32060a7371f4ae	21092	K	open_model_controls	detector configuration or reviewed fixture	rule
data/projects/open_model_data/detector/correction_protection_thresholds_v1.json	100644	464f96ea6538107238fbe8f2a80af3ef91f21a65	6504	K	open_model_controls	detector configuration or reviewed fixture	rule
data/projects/open_model_data/detector/language_contact_config_v1.json	100644	0fbaa45819b090e81b22cbe9251df44a7fb830d9	6867	K	open_model_controls	detector configuration or reviewed fixture	rule
data/projects/open_model_data/detector/language_contact_receipt_v1.json	100644	7b754afce9733851d440b178315f0ecdb1d85f01	10265	K	open_model_controls	detector receipt	rule
data/projects/open_model_data/detector/r2u_evidence_cache_v1.json	100644	e2bd36fd25be3cd67afc99f5093ad3913b73c13a	3010	A	open_model_other_indexes	external; regenerable with detector source inputs	rule
data/projects/open_model_data/detector/regression_fixture_v1.json	100644	d1d5901b8cd429f9b3c43cecef7c61fa05c116d3	6835	K	open_model_controls	detector configuration or reviewed fixture	rule
data/projects/open_model_data/evidence/correction_protection_adapter_receipt_v1.json	100644	0cac6b41e5d48a88e7e04de2a77ee38ceb5f09e8	1466	K	open_model_evidence_controls	reviewed policy contract receipt or compact frozen evidence	rule
data/projects/open_model_data/evidence/correction_protection_bundle_manifest_v1.json	100644	439f49f28604ed0c2784cfcdd0785f885b4d482b	7838	K	open_model_evidence_controls	reviewed policy contract receipt or compact frozen evidence	rule
data/projects/open_model_data/evidence/correction_protection_coverage_contract_v1.json	100644	3d2d78fa69f1567bf7a3765c42c2f21d262f5bc0	29357	K	open_model_evidence_controls	reviewed policy contract receipt or compact frozen evidence	rule
data/projects/open_model_data/evidence/correction_protection_evaluation_contract_v1.json	100644	4595831ced391c21042a7f9f3acdc28674cb96a2	7047	K	open_model_evidence_controls	reviewed policy contract receipt or compact frozen evidence	rule
data/projects/open_model_data/evidence/correction_protection_evaluation_contract_v2_2.json	100644	c04b3c81919b20bf222af247e65e3f33ede2fd23	3211	K	open_model_evidence_controls	reviewed policy contract receipt or compact frozen evidence	rule
data/projects/open_model_data/evidence/correction_protection_functional_role_contract_v2_1.json	100644	ef12b616099cc4ba942e2856c98cca8e65c3f44d	9037	K	open_model_evidence_controls	reviewed policy contract receipt or compact frozen evidence	rule
data/projects/open_model_data/evidence/correction_protection_functional_role_contract_v2_2.json	100644	1c55ea3aea936cbd652e7facf5d2b464ea435a0c	3216	K	open_model_evidence_controls	reviewed policy contract receipt or compact frozen evidence	rule
data/projects/open_model_data/evidence/correction_protection_model_lanes_v1.json	100644	fa320238e077cbd88049feef5637316da628cecf	4341	K	open_model_evidence_controls	reviewed policy contract receipt or compact frozen evidence	rule
data/projects/open_model_data/evidence/correction_protection_near_duplicate_policy_v1.json	100644	b49627404ec7dc40ad94254fb2391e0ec6a9fe2f	2519	K	open_model_evidence_controls	reviewed policy contract receipt or compact frozen evidence	rule
data/projects/open_model_data/evidence/correction_protection_release_receipt_v1.json	100644	8ab90dc34e13dec0c2fe7338f5a5ae54de51b7ae	7531	K	open_model_evidence_controls	reviewed policy contract receipt or compact frozen evidence	rule
data/projects/open_model_data/evidence/correction_protection_role_contract_v1.json	100644	2a23663204e7888569c9ad8d96fb45465401a80f	8728	K	open_model_evidence_controls	reviewed policy contract receipt or compact frozen evidence	rule
data/projects/open_model_data/evidence/document_signal_config_v1.json	100644	f75920f6ccd7332826ea811d7776be0554ab3eb2	412	K	open_model_evidence_controls	evidence source configuration	rule
data/projects/open_model_data/evidence/document_signal_receipt_v1.json	100644	22ab53ec3804da6c914930ff87248498ae3ece66	4810	K	open_model_evidence_controls	reviewed policy contract receipt or compact frozen evidence	rule
data/projects/open_model_data/evidence/phase3_cycle001_void_receipt_v1.json	100644	963e2341c7083dbbfb9274f5cac7ddad75ff5660	789	K	open_model_evidence_controls	reviewed policy contract receipt or compact frozen evidence	rule
data/projects/open_model_data/evidence/phase3_heldout_label_public_receipt_v1.json	100644	ec2e712ff632b72f1e5a691c6a860630aede0895	1968	K	open_model_evidence_controls	reviewed policy contract receipt or compact frozen evidence	rule
data/projects/open_model_data/evidence/phase3_heldout_partition_v1/public_receipt_v1.json	100644	466c089a1f6b9120827164a29225a213a4cf4e8d	2460	K	open_model_evidence_controls	reviewed policy contract receipt or compact frozen evidence	rule
data/projects/open_model_data/evidence/phase3_p1_dialect_regional_protection_amendment_v1.json	100644	2e009edd5c623764f3de14000fd430778f077182	1707	K	open_model_evidence_controls	reviewed policy contract receipt or compact frozen evidence	rule
data/projects/open_model_data/evidence/phase3_p1_universe_freeze_v1.json	100644	4593fdafa4608a39dcb49113767987065385fce3	62733	K	open_model_evidence_controls	reviewed policy contract receipt or compact frozen evidence	rule
data/projects/open_model_data/evidence/phase3_p2_canonical_contracts_v1.json	100644	5d2d3c9f8b21e678681b809a562e6b1acc106ce3	10223	K	open_model_evidence_controls	reviewed policy contract receipt or compact frozen evidence	rule
data/projects/open_model_data/evidence/phase3_scope_circularity_firewall_v1.json	100644	9b632ab2664ddaf38e88cc937a4c99a0a9e2de6b	4553	K	open_model_evidence_controls	reviewed policy contract receipt or compact frozen evidence	rule
data/projects/open_model_data/evidence/phase3_university_source_policy_v1.json	100644	31ff1503e0f18f41f421ecc20c3497e9140593d2	11597	K	open_model_evidence_controls	reviewed policy contract receipt or compact frozen evidence	rule
data/projects/open_model_data/evidence/phase3_v2_compatibility_matrix_v1.json	100644	5c50e6bcc82d8282517b9d578f1f6f6217e1e888	34368	K	open_model_evidence_controls	reviewed policy contract receipt or compact frozen evidence	rule
data/projects/open_model_data/evidence/phase3_v3_cooperative_control_plane_v1.json	100644	15fe409784366454a2f2db0fba2d16ad528327e6	62597	K	open_model_evidence_controls	reviewed policy contract receipt or compact frozen evidence	rule
data/projects/open_model_data/evidence/prepared_data_complement_receipt_v1.json	100644	760e28030d721054a0c87e45415135ed8a067137	32380	K	open_model_evidence_controls	reviewed policy contract receipt or compact frozen evidence	rule
data/projects/open_model_data/evidence/source_capability_policy_v1.json	100644	15c1b0fc4d6b411c0e738b8ef1e4567db3aa121b	6238	K	open_model_evidence_controls	reviewed policy contract receipt or compact frozen evidence	rule
data/projects/open_model_data/evidence/source_universe_v1/antonenko_style_guide.units.jsonl	100644	531096c3fe1e1962dab65809a06ea2b3ee7ac2a9	279648	A	open_model_evidence_indexes	external; regenerable with exact source-unit inputs and builders	rule
data/projects/open_model_data/evidence/source_universe_v1/antonenko_textbook_representation.units.jsonl	100644	da89e65d1aa0b6e705a6af864427457778a5880d	143711	A	open_model_evidence_indexes	external; regenerable with exact source-unit inputs and builders	rule
data/projects/open_model_data/evidence/source_universe_v1/calque_inventory.units.jsonl	100644	38f0ff0524a6fe23c96d913e6ca239f564637a6e	48132	A	open_model_evidence_indexes	external; regenerable with exact source-unit inputs and builders	rule
data/projects/open_model_data/evidence/source_universe_v1/lexical_structural_freeze_v1.json	100644	417b78cd0e0fcbfc0d43d6538638ac88329cfc3b	5590	K	open_model_evidence_controls	reviewed policy contract receipt or compact frozen evidence	rule
data/projects/open_model_data/evidence/source_universe_v1/other_normative_style_inventory.units.jsonl	100644	e69de29bb2d1d6434b8b29ae775ad8c2e48c5391	0	A	open_model_evidence_indexes	external; regenerable with exact source-unit inputs and builders	rule
data/projects/open_model_data/evidence/source_universe_v1/pravopys_2019_complete.units.jsonl	100644	96855a2f795a2100c97d468e96bae39a2fb7d764	1091697	A	open_model_evidence_indexes	external; regenerable with exact source-unit inputs and builders	rule
data/projects/open_model_data/evidence/source_universe_v1/pravopys_2026_complete.units.jsonl	100644	8a397361c09bfcfc08967a23c89d895668ec4071	1507388	A	open_model_evidence_indexes	external; regenerable with exact source-unit inputs and builders	rule
data/projects/open_model_data/evidence/source_universe_v1/school_textbooks.units.jsonl	100644	62943dac0b11cf5dd4620cd5a36021cef2a825b1	45236611	A	open_model_evidence_indexes	external; regenerable with exact source-unit inputs and builders	rule
data/projects/open_model_data/evidence/source_universe_v1/source-universe-freeze-receipt.json	100644	263b0e6757891ee0d6b27221834df3bc0f59affc	9734	K	open_model_evidence_controls	reviewed policy contract receipt or compact frozen evidence	rule
data/projects/open_model_data/evidence/source_universe_v1/ua_gec.units.jsonl	100644	a6cdc6766f3cd39d1f49e39f3c2952d0b4bc035f	7407666	A	open_model_evidence_indexes	external; regenerable with exact source-unit inputs and builders	rule
data/projects/open_model_data/evidence/source_work_locator_config_v1.json	100644	9a10ecdc6d5639dc7fea7ee828af6fb8c0aa0e27	1659	K	open_model_evidence_controls	evidence source configuration	rule
data/projects/open_model_data/evidence/source_work_locator_index_v1.compact.jsonl	100644	718eaaede2e32e2624e2224be21dbf4cc103a628	11523406	A	open_model_evidence_indexes	external; regenerable with source-work locator inputs	rule
data/projects/open_model_data/evidence/ukrainian_nlp_ecosystem_delta_v1.jsonl	100644	e684db6b27d87c64e3f1315a6a2ddc5dc00d0836	10928	A	open_model_evidence_indexes	external; regenerable with source inventory inputs	rule
data/projects/open_model_data/examples/portable-corpus-v1.jsonl	100644	3975f2ec78bdfc91dbe1fb66dae3f77cc2c87460	12667	K	open_model_controls	small portable reference fixture	rule
data/projects/open_model_data/examples/portable-cost-v1.json	100644	ed4121fd19dc0a17379da034734a03580efb37b6	317	K	open_model_controls	small portable reference fixture	rule
data/projects/open_model_data/extraction/v4_native_extraction_config_v1.json	100644	1a2e22342d50ffd671bdd1dec2ecf8c23367d41e	1574	K	open_model_controls	extraction configuration receipt or exception report	rule
data/projects/open_model_data/extraction/v4_native_extraction_index_v1.jsonl	100644	58d861eeb0f4aab2632841c1826f937e24b28568	1026001	A	open_model_other_indexes	external; regenerable with source extraction inputs	rule
data/projects/open_model_data/extraction/v4_native_extraction_quarantine_report_v1.json	100644	f9a32733da3978d1434cc9153eec60548c8c78fa	744	K	open_model_controls	extraction configuration receipt or exception report	rule
data/projects/open_model_data/extraction/v4_native_extraction_receipt_v1.json	100644	eef5d238f435d44c83bbf423cf1e8870497d1f29	837	K	open_model_controls	extraction configuration receipt or exception report	rule
data/projects/open_model_data/integrations/upstream-locks.json	100644	f0bdc2e5af2005037b3746532b7168b38a999286	614	K	open_model_controls	upstream lock record	rule
data/projects/open_model_data/inventory/aggregate_summary_v1.json	100644	f2950064b61e27b2bc4fb70d26a37ab69f57e8c9	7884	A	open_model_other_indexes	inventory_existing_assets.py; regenerable with the same external asset inventory	rule
data/projects/open_model_data/inventory/corpus_training_usability_decision_v1.json	100644	a211fa4260f8f87e4a9174df77ae0b13011640d4	3151	K	open_model_controls	inventory decision schema or receipt	rule
data/projects/open_model_data/inventory/existing_asset_inventory_v1.schema.json	100644	ce29592bc335d406c00b652a0a9e164fd610ac44	5532	K	open_model_controls	inventory decision schema or receipt	rule
data/projects/open_model_data/inventory/phase3_evaluation_context_manifest_receipt_v1.json	100644	b0467c7b1b52a87708dadc77b4ce6b522b9ffdf6	2952	K	open_model_controls	inventory decision schema or receipt	rule
data/projects/open_model_data/inventory/phase3_pravopys_evaluation_context_receipt_v1.json	100644	c602cf0ea5a7932a9ff2650eaf53b7fae0f1e481	2004	K	open_model_controls	inventory decision schema or receipt	rule
data/projects/open_model_data/inventory/phase3_school_context_negative_recovery_receipt_v1.json	100644	a926a8271c8a89ef7fd2f804bee0b88a2ce9cb1b	2934	K	open_model_controls	inventory decision schema or receipt	rule
data/projects/open_model_data/inventory/phase3_school_parent_section_context_receipt_v1.json	100644	58c48735d82cad22f000b2f35a3fde92bdc8ee9a	2837	K	open_model_controls	inventory decision schema or receipt	rule
data/projects/open_model_data/inventory/recovery_ledger_v1.jsonl	100644	1cf72e74e44204790db34330a99a5795bad129b8	49448	A	open_model_other_indexes	external; regenerable with source inventory inputs	rule
data/projects/open_model_data/language/v4_language_usage_config_v1.json	100644	b5147cb198cbd60586b90e802d42f698a758ecb0	1333	K	open_model_controls	language-usage configuration or receipt	rule
data/projects/open_model_data/language/v4_language_usage_index_v1.jsonl	100644	bf755586e1fb2472018a69ec5f06c3ebca05cfc1	1682483	A	open_model_other_indexes	external; regenerable with language-usage source inputs	rule
data/projects/open_model_data/language/v4_language_usage_receipt_v1.json	100644	4035e03b03b47ac4592580303d96bcf1eaf9ce1f	1087	K	open_model_controls	language-usage configuration or receipt	rule
data/projects/open_model_data/model_views/heldout_evaluation_export_receipt_v1.json	100644	a575bbd55236898b86bb120832c5f87a06a2c0ad	3117	K	open_model_controls	model-view recipe or receipt	rule
data/projects/open_model_data/model_views/model_ready_product_audit_v1.json	100644	9e178ae08f98ed6604860a478afe446c295cace3	8659	K	open_model_controls	model-view audit	rule
data/projects/open_model_data/model_views/model_ready_view_production_v1.json	100644	ab5b032abbcb3feb033ef08ba897bc548e25e1e0	7387	K	open_model_controls	model-view production plan or audit	rule
data/projects/open_model_data/model_views/source_payload_preparation_receipt_v1.json	100644	16fe01406532a61d06b9a4f996a6b99818ec5886	4628	K	open_model_controls	model-view recipe or receipt	rule
data/projects/open_model_data/model_views/tokenizer_diagnostics_v1.json	100644	1bc2e00630ebc455209e52bee1ce4dc95e3ad166	8398	K	open_model_controls	model-view tokenizer diagnostics	rule
data/projects/open_model_data/model_views/wikipedia_faithful_cpt_export_receipt_v1.json	100644	39f95791a31df00893a54c219afd425d1b71ec57	3744	K	open_model_controls	model-view recipe or receipt	rule
data/projects/open_model_data/model_views/wikipedia_faithful_cpt_recipe_manifest_v1.json	100644	341932fdb66b8e502ba03dd8a474a8ab44ba2de4	2812	K	open_model_controls	model-view recipe or receipt	rule
data/projects/open_model_data/model_views/wikipedia_faithful_cpt_recipe_v1.json	100644	87d9c5d4d52606ec5d95a807650840e04b488bdb	1451	K	open_model_controls	model-view recipe or receipt	rule
data/projects/open_model_data/model_views/wikipedia_modern_cpt_export_receipt_v1.json	100644	9384deba6588d752da0ae45246ca02aced1bc4de	3744	K	open_model_controls	model-view recipe or receipt	rule
data/projects/open_model_data/model_views/wikipedia_modern_cpt_recipe_manifest_v1.json	100644	6080c59f64aed0b2b77fcfda44e536cb470c82b2	2808	K	open_model_controls	model-view recipe or receipt	rule
data/projects/open_model_data/model_views/wikipedia_modern_cpt_recipe_v1.json	100644	648381d285692cf863344518e169695b47001bb6	1447	K	open_model_controls	model-view recipe or receipt	rule
data/projects/open_model_data/pilot/v4_human_source_pilot_manifest_v1.json	100644	2f5769fa2b96571a8414dee0f07a20b5426e490a	2248	K	open_model_controls	pilot manifest quality decision or receipt	rule
data/projects/open_model_data/pilot/v4_human_source_pilot_quality_assessment_v1.json	100644	4296532d8d0303ee36cd3583aa122054505d1f7d	3992	K	open_model_controls	pilot manifest quality decision or receipt	rule
data/projects/open_model_data/pilot/v4_human_source_pilot_receipt_v1.json	100644	9f36fc0c0cecbb30709d5900effb371bd08ee77f	1311	K	open_model_controls	pilot manifest quality decision or receipt	rule
data/projects/open_model_data/pilot/v4_human_source_pilot_records_v1.jsonl	100644	eba01b02822449b3bebb47138f3d4281b29c118c	1736053	A	open_model_other_indexes	external; regenerable with pilot source inputs	rule
data/projects/open_model_data/profiles/full_corpus_profile_v1.json	100644	9c3424ee835ac6a8f1bff5cef4066843a0758123	19913	K	open_model_controls	profile or source sample configuration and receipt	rule
data/projects/open_model_data/profiles/public_external_full_corpus_v1.json	100644	77511148017f583227cf59df32119c7212c8e6a2	4390	K	open_model_controls	profile or source sample configuration and receipt	rule
data/projects/open_model_data/profiles/vesum_unattested_sample_config_v1.json	100644	7b6219e8bbf8f4d1918b3902677132dd0d055179	1495	K	open_model_controls	profile or source sample configuration and receipt	rule
data/projects/open_model_data/profiles/vesum_unattested_sample_receipt_v1.json	100644	824222a3965330a590cee9c385e63e336bb5ecfb	22761	K	open_model_controls	profile or source sample configuration and receipt	rule
data/projects/open_model_data/profiles/vesum_unattested_sample_v1.jsonl	100644	6ebf2fb64e50083c3645665d831dd1f0effc4a48	289991	A	open_model_other_indexes	external; regenerable with VESUM source sample inputs	rule
data/projects/open_model_data/provenance/v4_provenance_restoration_config_v1.json	100644	ae3089fb84dff6455334aacd958c97bac768df57	6978	K	open_model_controls	provenance configuration receipt or unresolved decision	rule
data/projects/open_model_data/provenance/v4_provenance_restoration_index_v1.jsonl	100644	9fb6c34b0ef4070b734b2910d14624f05eb391b4	40638013	A	open_model_other_indexes	v4_provenance_restoration.py; regenerable with external source databases	rule
data/projects/open_model_data/provenance/v4_provenance_restoration_receipt_v1.json	100644	609d72bc640474a3001a449a44e86def4942a8c2	504458	K	open_model_controls	provenance configuration receipt or unresolved decision	rule
data/projects/open_model_data/provenance/v4_provenance_restoration_unresolved_v1.json	100644	a9986ec5fa5abff0f971c28c7d2b078eadcb762f	1029	K	open_model_controls	provenance configuration receipt or unresolved decision	rule
data/projects/open_model_data/reference/phase3_cycle007_storage_public_summary_v1.json	100644	5721b8cb8914362a2e42266f3eade9732528e239	1839	K	open_model_controls	reference configuration or public summary	rule
data/projects/open_model_data/reference/phase3_cyrillic_slavic_predecessor_handoff_v1.json	100644	347f8611d67f9070d61cf5a9a305ec297c868018	2208	K	open_model_controls	reference handoff record	rule
data/projects/open_model_data/reference/reference_build_config_v1.json	100644	b9283c629c6b04f9e9b89683626bb9c1b7cda6f2	2920	K	open_model_controls	reference configuration or public summary	rule
data/projects/open_model_data/reference/reference_build_manifest_v1.json	100644	1945c2189ba083150fc8e53245c2084b672ed9ad	13485	A	open_model_other_indexes	external; regenerable with reference-build source inputs	rule
data/projects/open_model_data/reference/reference_build_observation_v1.json	100644	ea68d975349881f27c6936c751c298a6ac9ae119	713	A	open_model_other_indexes	reference_build.py; not regenerable from tracked inputs alone; preserve run observation	rule
data/projects/open_model_data/release/correction_protection_v1/cases.jsonl	100644	11319ce341b933126c6b19ed8ed6236d33dc52d2	191089	A	open_model_release_payload	correction_protection_consumer.py; regenerable with external source inputs	rule
data/projects/open_model_data/release/correction_protection_v1/coverage.json	100644	c90fe48c2347a514b626f98e21cf366477228e13	8976	K	open_model_release_evidence	release coverage evidence	rule
data/projects/open_model_data/release/correction_protection_v1/disagreements.jsonl	100644	5e04af52b5a5eaf0e663c0e7d6f17c134bf7a593	7031	A	open_model_release_payload	correction_protection_consumer.py; regenerable with external source inputs	rule
data/projects/open_model_data/release/correction_protection_v1/evidence.jsonl	100644	e44d7c773484a3e5d53d530defaaf66ceae851e5	267423	A	open_model_release_payload	correction_protection_consumer.py; regenerable with external source inputs	rule
data/projects/open_model_data/release/correction_protection_v1/model_neutral_views.jsonl	100644	75d61236f26e4d263e205f720a01aeccc1c5130b	259971	A	open_model_release_payload	correction_protection_consumer.py; regenerable with external source inputs	rule
data/projects/open_model_data/release/correction_protection_v1/receipt.json	100644	cc2b0abd0f4400321f84eb92c77326bfe26b1840	3294	K	open_model_release_evidence	frozen release receipt manifest hash or review evidence	rule
data/projects/open_model_data/release/correction_protection_v1/sources.jsonl	100644	474ecc4c191579b87d58688741107ed92985ec84	132707	A	open_model_release_payload	correction_protection_consumer.py; regenerable with external source inputs	rule
data/projects/open_model_data/release/uldr_v03_dialect/dialect_corpus_expanded_1500.jsonl	100644	c46f971140369fe1338e85c28a2ed6e56015f754	1821889	A	open_model_release_payload	v5_mine_dialect_corpus.py; regenerable with external source inputs	rule
data/projects/open_model_data/release/uldr_v03_dialect/dialect_corpus_expanded_1500.sha256	100644	8b26d3aefdb7ae2b9c56bf38ab05ce364f8883b5	101	K	open_model_release_evidence	frozen release receipt manifest hash or review evidence	rule
data/projects/open_model_data/release/uldr_v03_dialect/release_receipt.json	100644	d3c496f6788968a10c7dad91e4eaf998cb3635d5	1408	K	open_model_release_evidence	frozen release receipt manifest hash or review evidence	rule
data/projects/open_model_data/release/uldr_v03_dialect/release_receipt.json.sha256	100644	b6bcecf80b4a4a05fd3aae17b641c3dbd18fbd37	87	K	open_model_release_evidence	frozen release receipt manifest hash or review evidence	rule
data/projects/open_model_data/release/uldr_v03_dialect/sft_dialect_protection_500.jsonl	100644	927992e645fe03fb65d5cf61f35d6430597105fe	1612280	A	open_model_release_payload	v5_mine_dialect_corpus.py; regenerable with external source inputs	rule
data/projects/open_model_data/release/uldr_v03_dialect/sft_dialect_protection_500.sha256	100644	042fe06e3470257a27df8d80fa4b9c252373ce6d	99	K	open_model_release_evidence	frozen release receipt manifest hash or review evidence	rule
data/projects/open_model_data/release/uldr_v05_grammar_valency/TOMBSTONE.md	100644	537bb0a507bc5d1b5216a9c027f70e39cf5e4495	3004	K	open_model_release_evidence	release tombstone documents withdrawn payload	rule
data/projects/open_model_data/release/uldr_v05_grammar_valency/brown_uk_negative_control_eval.jsonl	100644	9d970ea844e00afe4637951a15ddeb48911dc9af	532312	A	open_model_release_payload	v6_mine_grammar_valency.py; regenerable with external source inputs	rule
data/projects/open_model_data/release/uldr_v05_grammar_valency/brown_uk_negative_control_eval.sha256	100644	aa60e4ad9d836dcd60175f3d4ab55ccdab3ae250	103	K	open_model_release_evidence	frozen release receipt manifest hash or review evidence	rule
data/projects/open_model_data/release/uldr_v05_grammar_valency/release_receipt.json	100644	f0964e4bd7822925302eaaa9bc162b6ca267bf70	4861	K	open_model_release_evidence	frozen release receipt manifest hash or review evidence	rule
data/projects/open_model_data/release/uldr_v05_grammar_valency/release_receipt.json.sha256	100644	10f16297d966beed16ab649005e97196bec5a322	87	K	open_model_release_evidence	frozen release receipt manifest hash or review evidence	rule
data/projects/open_model_data/release/uldr_v05_grammar_valency/sft/manifest.json	100644	645bea76f06b5ddbbb77df86df7ea09a0aaa3ba1	14469	K	open_model_release_evidence	frozen release receipt manifest hash or review evidence	rule
data/projects/open_model_data/release/uldr_v05_grammar_valency/sft/manifest.json.sha256	100644	80574a421b977fa17889cc1a0bc7ef5329fa263c	80	K	open_model_release_evidence	frozen release receipt manifest hash or review evidence	rule
data/projects/open_model_data/release/uldr_v05_grammar_valency/sft/sft_shard_001_of_070.jsonl	100644	93b9d2935325f821d6d4e2b0b118e64aacfdb018	1633896	A	open_model_release_payload	v6_mine_grammar_valency.py; regenerable with external source inputs	rule
data/projects/open_model_data/release/uldr_v05_grammar_valency/sft/sft_shard_002_of_070.jsonl	100644	d71ffc4a47eb93c6192acb98039b6de5af7f0e01	1635414	A	open_model_release_payload	v6_mine_grammar_valency.py; regenerable with external source inputs	rule
data/projects/open_model_data/release/uldr_v05_grammar_valency/sft/sft_shard_003_of_070.jsonl	100644	5a1c425b8d4bd4682c78e0b3ee496ebd2e239702	1609820	A	open_model_release_payload	v6_mine_grammar_valency.py; regenerable with external source inputs	rule
data/projects/open_model_data/release/uldr_v05_grammar_valency/sft/sft_shard_004_of_070.jsonl	100644	67cce923aebc108292d3e355d154db9c10bde3a3	1630676	A	open_model_release_payload	v6_mine_grammar_valency.py; regenerable with external source inputs	rule
data/projects/open_model_data/release/uldr_v05_grammar_valency/sft/sft_shard_005_of_070.jsonl	100644	a1973f16e9c7559a22ec541f6d2e6584989fac92	1640334	A	open_model_release_payload	v6_mine_grammar_valency.py; regenerable with external source inputs	rule
data/projects/open_model_data/release/uldr_v05_grammar_valency/sft/sft_shard_006_of_070.jsonl	100644	57fe1fcf360e5199384640c723e6566da362733e	1614131	A	open_model_release_payload	v6_mine_grammar_valency.py; regenerable with external source inputs	rule
data/projects/open_model_data/release/uldr_v05_grammar_valency/sft/sft_shard_007_of_070.jsonl	100644	42aad45f003426fd74633f246e9e9c3c0f797c59	1620262	A	open_model_release_payload	v6_mine_grammar_valency.py; regenerable with external source inputs	rule
data/projects/open_model_data/release/uldr_v05_grammar_valency/sft/sft_shard_008_of_070.jsonl	100644	620602938b805d39bc40c08dd70f2b449583d36f	1626414	A	open_model_release_payload	v6_mine_grammar_valency.py; regenerable with external source inputs	rule
data/projects/open_model_data/release/uldr_v05_grammar_valency/sft/sft_shard_009_of_070.jsonl	100644	255defeeb3f9fc8a0355e9500185fc34b9629101	1606834	A	open_model_release_payload	v6_mine_grammar_valency.py; regenerable with external source inputs	rule
data/projects/open_model_data/release/uldr_v05_grammar_valency/sft/sft_shard_010_of_070.jsonl	100644	c1ab4f469deb76a3f5c40cb99f637f88fc219dd2	1626947	A	open_model_release_payload	v6_mine_grammar_valency.py; regenerable with external source inputs	rule
data/projects/open_model_data/release/uldr_v05_grammar_valency/sft/sft_shard_011_of_070.jsonl	100644	2828233d5847b05b975e3e13c14fd21c12aa283d	1620204	A	open_model_release_payload	v6_mine_grammar_valency.py; regenerable with external source inputs	rule
data/projects/open_model_data/release/uldr_v05_grammar_valency/sft/sft_shard_012_of_070.jsonl	100644	612227ee537698d8a3339187e80991c05cd4d7ae	1618005	A	open_model_release_payload	v6_mine_grammar_valency.py; regenerable with external source inputs	rule
data/projects/open_model_data/release/uldr_v05_grammar_valency/sft/sft_shard_013_of_070.jsonl	100644	140a49f11fd6dd8494113da675b8a3da068fb48b	1626335	A	open_model_release_payload	v6_mine_grammar_valency.py; regenerable with external source inputs	rule
data/projects/open_model_data/release/uldr_v05_grammar_valency/sft/sft_shard_014_of_070.jsonl	100644	275212b8a8fe7df775d1d15beae67d3a82e8387d	1615338	A	open_model_release_payload	v6_mine_grammar_valency.py; regenerable with external source inputs	rule
data/projects/open_model_data/release/uldr_v05_grammar_valency/sft/sft_shard_015_of_070.jsonl	100644	095a217f42c7895064aed3f22a851a0fba152a2c	1630011	A	open_model_release_payload	v6_mine_grammar_valency.py; regenerable with external source inputs	rule
data/projects/open_model_data/release/uldr_v05_grammar_valency/sft/sft_shard_016_of_070.jsonl	100644	5acb894113053fe3cc7848f7a5b6d54a4da49fb4	1611278	A	open_model_release_payload	v6_mine_grammar_valency.py; regenerable with external source inputs	rule
data/projects/open_model_data/release/uldr_v05_grammar_valency/sft/sft_shard_017_of_070.jsonl	100644	8c81d29931a5b0f9701f03a8e2d6bae6788243d1	1631444	A	open_model_release_payload	v6_mine_grammar_valency.py; regenerable with external source inputs	rule
data/projects/open_model_data/release/uldr_v05_grammar_valency/sft/sft_shard_018_of_070.jsonl	100644	d396085502b14c798ac7d916cebe638442338a55	1633108	A	open_model_release_payload	v6_mine_grammar_valency.py; regenerable with external source inputs	rule
data/projects/open_model_data/release/uldr_v05_grammar_valency/sft/sft_shard_019_of_070.jsonl	100644	03accacad7fad6807469ac29994821a2dbb695dc	1623444	A	open_model_release_payload	v6_mine_grammar_valency.py; regenerable with external source inputs	rule
data/projects/open_model_data/release/uldr_v05_grammar_valency/sft/sft_shard_020_of_070.jsonl	100644	e7c1db39e1059080c61f4465cec637a375d083fe	1627704	A	open_model_release_payload	v6_mine_grammar_valency.py; regenerable with external source inputs	rule
data/projects/open_model_data/release/uldr_v05_grammar_valency/sft/sft_shard_021_of_070.jsonl	100644	f229f388a9f423d9664f0607d3c23ec81ba25fde	1631320	A	open_model_release_payload	v6_mine_grammar_valency.py; regenerable with external source inputs	rule
data/projects/open_model_data/release/uldr_v05_grammar_valency/sft/sft_shard_022_of_070.jsonl	100644	afc477f1e83438dfef8b2aa93deb95a38878b264	1639578	A	open_model_release_payload	v6_mine_grammar_valency.py; regenerable with external source inputs	rule
data/projects/open_model_data/release/uldr_v05_grammar_valency/sft/sft_shard_023_of_070.jsonl	100644	4b165fb2f47dd14887aa22d21683c069313f89a0	1600630	A	open_model_release_payload	v6_mine_grammar_valency.py; regenerable with external source inputs	rule
data/projects/open_model_data/release/uldr_v05_grammar_valency/sft/sft_shard_024_of_070.jsonl	100644	5b92d2f0dbe63cab225b7e66a752b682f13f033c	1628006	A	open_model_release_payload	v6_mine_grammar_valency.py; regenerable with external source inputs	rule
data/projects/open_model_data/release/uldr_v05_grammar_valency/sft/sft_shard_025_of_070.jsonl	100644	8f2793cf1817e17e48231ffe57defc663b62185d	1619504	A	open_model_release_payload	v6_mine_grammar_valency.py; regenerable with external source inputs	rule
data/projects/open_model_data/release/uldr_v05_grammar_valency/sft/sft_shard_026_of_070.jsonl	100644	34764854bd67b0e31b1da388090824f80f941262	1624755	A	open_model_release_payload	v6_mine_grammar_valency.py; regenerable with external source inputs	rule
data/projects/open_model_data/release/uldr_v05_grammar_valency/sft/sft_shard_027_of_070.jsonl	100644	9f28ff5dbfc47ea9dffb3cc1eb58745d068ada55	1610710	A	open_model_release_payload	v6_mine_grammar_valency.py; regenerable with external source inputs	rule
data/projects/open_model_data/release/uldr_v05_grammar_valency/sft/sft_shard_028_of_070.jsonl	100644	aba65293c8f44845a3ff7359224067b58f6b9b76	1640778	A	open_model_release_payload	v6_mine_grammar_valency.py; regenerable with external source inputs	rule
data/projects/open_model_data/release/uldr_v05_grammar_valency/sft/sft_shard_029_of_070.jsonl	100644	3f47a8b44c033fae5cc20884c5839e8a43fd7223	1622349	A	open_model_release_payload	v6_mine_grammar_valency.py; regenerable with external source inputs	rule
data/projects/open_model_data/release/uldr_v05_grammar_valency/sft/sft_shard_030_of_070.jsonl	100644	58e7d6cdd94581ba9edeb1acb843131962b1eb3a	1626443	A	open_model_release_payload	v6_mine_grammar_valency.py; regenerable with external source inputs	rule
data/projects/open_model_data/release/uldr_v05_grammar_valency/sft/sft_shard_031_of_070.jsonl	100644	3cde7fabe5646e9c6881f2e0983902eea46e07e4	1634499	A	open_model_release_payload	v6_mine_grammar_valency.py; regenerable with external source inputs	rule
data/projects/open_model_data/release/uldr_v05_grammar_valency/sft/sft_shard_032_of_070.jsonl	100644	d04d51368ceb06c2901fe68a5b3271bc0fa59f25	1609613	A	open_model_release_payload	v6_mine_grammar_valency.py; regenerable with external source inputs	rule
data/projects/open_model_data/release/uldr_v05_grammar_valency/sft/sft_shard_033_of_070.jsonl	100644	36ceda4312516e4b8f457e939426a175616e878e	1609618	A	open_model_release_payload	v6_mine_grammar_valency.py; regenerable with external source inputs	rule
data/projects/open_model_data/release/uldr_v05_grammar_valency/sft/sft_shard_034_of_070.jsonl	100644	8006e70572e948a7dfc37b1c5d813343cba9e314	1634622	A	open_model_release_payload	v6_mine_grammar_valency.py; regenerable with external source inputs	rule
data/projects/open_model_data/release/uldr_v05_grammar_valency/sft/sft_shard_035_of_070.jsonl	100644	b4f51a9abcdf767bd35b7e51d7b3aa075c2518b2	1624403	A	open_model_release_payload	v6_mine_grammar_valency.py; regenerable with external source inputs	rule
data/projects/open_model_data/release/uldr_v05_grammar_valency/sft/sft_shard_036_of_070.jsonl	100644	db0958ddae01c47f6383fca801c1d540bdf0a0f8	1628494	A	open_model_release_payload	v6_mine_grammar_valency.py; regenerable with external source inputs	rule
data/projects/open_model_data/release/uldr_v05_grammar_valency/sft/sft_shard_037_of_070.jsonl	100644	1998fbaa631717840a2529dfbbd3bf736fc5ef6c	1632633	A	open_model_release_payload	v6_mine_grammar_valency.py; regenerable with external source inputs	rule
data/projects/open_model_data/release/uldr_v05_grammar_valency/sft/sft_shard_038_of_070.jsonl	100644	0dfba06f1bf76d0fdb9a7fb56a8e22d67c955a65	1619532	A	open_model_release_payload	v6_mine_grammar_valency.py; regenerable with external source inputs	rule
data/projects/open_model_data/release/uldr_v05_grammar_valency/sft/sft_shard_039_of_070.jsonl	100644	e0e914e5072f390aa0b4837386c04023a2ee4bd8	1619504	A	open_model_release_payload	v6_mine_grammar_valency.py; regenerable with external source inputs	rule
data/projects/open_model_data/release/uldr_v05_grammar_valency/sft/sft_shard_040_of_070.jsonl	100644	9469353b2e31cb1ecdf8a3aca169186be06b5085	1620570	A	open_model_release_payload	v6_mine_grammar_valency.py; regenerable with external source inputs	rule
data/projects/open_model_data/release/uldr_v05_grammar_valency/sft/sft_shard_041_of_070.jsonl	100644	3e7e3615e0a18ce36b9f04541cb69192b934f06f	1629030	A	open_model_release_payload	v6_mine_grammar_valency.py; regenerable with external source inputs	rule
data/projects/open_model_data/release/uldr_v05_grammar_valency/sft/sft_shard_042_of_070.jsonl	100644	71ade229adf68b78f8261374d275059c94de57c4	1633026	A	open_model_release_payload	v6_mine_grammar_valency.py; regenerable with external source inputs	rule
data/projects/open_model_data/release/uldr_v05_grammar_valency/sft/sft_shard_043_of_070.jsonl	100644	dacd173463722c5c34fcd81d7793f74ab728c0af	1630169	A	open_model_release_payload	v6_mine_grammar_valency.py; regenerable with external source inputs	rule
data/projects/open_model_data/release/uldr_v05_grammar_valency/sft/sft_shard_044_of_070.jsonl	100644	42cacc22e64014cbd9573e0b421553d7ad156f93	1623845	A	open_model_release_payload	v6_mine_grammar_valency.py; regenerable with external source inputs	rule
data/projects/open_model_data/release/uldr_v05_grammar_valency/sft/sft_shard_045_of_070.jsonl	100644	fcc9ffa81d730ecf734ba229afcb2d1f32b7f6e5	1609934	A	open_model_release_payload	v6_mine_grammar_valency.py; regenerable with external source inputs	rule
data/projects/open_model_data/release/uldr_v05_grammar_valency/sft/sft_shard_046_of_070.jsonl	100644	33bea37bec0b0ceea7c632ec3a655bf08c329924	1613149	A	open_model_release_payload	v6_mine_grammar_valency.py; regenerable with external source inputs	rule
data/projects/open_model_data/release/uldr_v05_grammar_valency/sft/sft_shard_047_of_070.jsonl	100644	b533fdd4a18bc873bb0ec98f9560e7d937e10c40	1619686	A	open_model_release_payload	v6_mine_grammar_valency.py; regenerable with external source inputs	rule
data/projects/open_model_data/release/uldr_v05_grammar_valency/sft/sft_shard_048_of_070.jsonl	100644	ca8d87a6e9cd13b4ae7d157a3edf80b3c414a80a	1592701	A	open_model_release_payload	v6_mine_grammar_valency.py; regenerable with external source inputs	rule
data/projects/open_model_data/release/uldr_v05_grammar_valency/sft/sft_shard_049_of_070.jsonl	100644	561daa13a32a7f09da3e221c16501591a689b08b	1609484	A	open_model_release_payload	v6_mine_grammar_valency.py; regenerable with external source inputs	rule
data/projects/open_model_data/release/uldr_v05_grammar_valency/sft/sft_shard_050_of_070.jsonl	100644	2e6f73512d47c32a9f8a2bc678d1daa6159879db	1626278	A	open_model_release_payload	v6_mine_grammar_valency.py; regenerable with external source inputs	rule
data/projects/open_model_data/release/uldr_v05_grammar_valency/sft/sft_shard_051_of_070.jsonl	100644	db5ca2efadddd5a9a8634b7a7dd257acbdecf144	1636287	A	open_model_release_payload	v6_mine_grammar_valency.py; regenerable with external source inputs	rule
data/projects/open_model_data/release/uldr_v05_grammar_valency/sft/sft_shard_052_of_070.jsonl	100644	0f063eab784de4010c06435c28098b7cd9b5c838	1620451	A	open_model_release_payload	v6_mine_grammar_valency.py; regenerable with external source inputs	rule
data/projects/open_model_data/release/uldr_v05_grammar_valency/sft/sft_shard_053_of_070.jsonl	100644	f8082a44028ab8c575047a933d43a2aaf3225e24	1608823	A	open_model_release_payload	v6_mine_grammar_valency.py; regenerable with external source inputs	rule
data/projects/open_model_data/release/uldr_v05_grammar_valency/sft/sft_shard_054_of_070.jsonl	100644	f0969cd4af47822cff2783f9e53be12e4b7224bd	1613460	A	open_model_release_payload	v6_mine_grammar_valency.py; regenerable with external source inputs	rule
data/projects/open_model_data/release/uldr_v05_grammar_valency/sft/sft_shard_055_of_070.jsonl	100644	6f0320601958501cf008ffee387efa4350d67487	1628416	A	open_model_release_payload	v6_mine_grammar_valency.py; regenerable with external source inputs	rule
data/projects/open_model_data/release/uldr_v05_grammar_valency/sft/sft_shard_056_of_070.jsonl	100644	81386a7644c2c2b34ff53a9c8e7ae084098c2574	1609326	A	open_model_release_payload	v6_mine_grammar_valency.py; regenerable with external source inputs	rule
data/projects/open_model_data/release/uldr_v05_grammar_valency/sft/sft_shard_057_of_070.jsonl	100644	80a86266fc6f68c73610d82b8120f7509ced6f27	1608493	A	open_model_release_payload	v6_mine_grammar_valency.py; regenerable with external source inputs	rule
data/projects/open_model_data/release/uldr_v05_grammar_valency/sft/sft_shard_058_of_070.jsonl	100644	40e3d6518eae36c7bf7e178e75f17191977d071d	1636451	A	open_model_release_payload	v6_mine_grammar_valency.py; regenerable with external source inputs	rule
data/projects/open_model_data/release/uldr_v05_grammar_valency/sft/sft_shard_059_of_070.jsonl	100644	ac8f8b469c822d3bbd3facc7e224333ae8324bfb	1640264	A	open_model_release_payload	v6_mine_grammar_valency.py; regenerable with external source inputs	rule
data/projects/open_model_data/release/uldr_v05_grammar_valency/sft/sft_shard_060_of_070.jsonl	100644	a37049a1c2920f476faa666f7cb6e34ec5b0e9c4	1621353	A	open_model_release_payload	v6_mine_grammar_valency.py; regenerable with external source inputs	rule
data/projects/open_model_data/release/uldr_v05_grammar_valency/sft/sft_shard_061_of_070.jsonl	100644	4fb838554a7036186944cb90cbe35033434c0def	1640039	A	open_model_release_payload	v6_mine_grammar_valency.py; regenerable with external source inputs	rule
data/projects/open_model_data/release/uldr_v05_grammar_valency/sft/sft_shard_062_of_070.jsonl	100644	9158fa0dddb196932310515f1038f497ec1b32c0	1635500	A	open_model_release_payload	v6_mine_grammar_valency.py; regenerable with external source inputs	rule
data/projects/open_model_data/release/uldr_v05_grammar_valency/sft/sft_shard_063_of_070.jsonl	100644	e6eb5c036cc9d16d98267c5800c1db734d0a7088	1611426	A	open_model_release_payload	v6_mine_grammar_valency.py; regenerable with external source inputs	rule
data/projects/open_model_data/release/uldr_v05_grammar_valency/sft/sft_shard_064_of_070.jsonl	100644	56089308c3edbbbfd03c9e346f8618be37c2422c	1644526	A	open_model_release_payload	v6_mine_grammar_valency.py; regenerable with external source inputs	rule
data/projects/open_model_data/release/uldr_v05_grammar_valency/sft/sft_shard_065_of_070.jsonl	100644	ae5b4acc8f2fc47f156fecd21ac17a5aca6bbf62	1610873	A	open_model_release_payload	v6_mine_grammar_valency.py; regenerable with external source inputs	rule
data/projects/open_model_data/release/uldr_v05_grammar_valency/sft/sft_shard_066_of_070.jsonl	100644	dc3e164c86110c8dd001bb86e181164deaf80058	1623465	A	open_model_release_payload	v6_mine_grammar_valency.py; regenerable with external source inputs	rule
data/projects/open_model_data/release/uldr_v05_grammar_valency/sft/sft_shard_067_of_070.jsonl	100644	88fe8d0d0020f95510552db8148068f3da271a62	1632615	A	open_model_release_payload	v6_mine_grammar_valency.py; regenerable with external source inputs	rule
data/projects/open_model_data/release/uldr_v05_grammar_valency/sft/sft_shard_068_of_070.jsonl	100644	e87f48dfbd82d2c8b37f6f24e5dd6debd5176ad0	1609969	A	open_model_release_payload	v6_mine_grammar_valency.py; regenerable with external source inputs	rule
data/projects/open_model_data/release/uldr_v05_grammar_valency/sft/sft_shard_069_of_070.jsonl	100644	d1c61a4e165dafa674b6d655c276fda86654da2f	1639888	A	open_model_release_payload	v6_mine_grammar_valency.py; regenerable with external source inputs	rule
data/projects/open_model_data/release/uldr_v05_grammar_valency/sft/sft_shard_070_of_070.jsonl	100644	3bd784a26309f94917f7fe5ceb5cb12ba6ac47be	1624485	A	open_model_release_payload	v6_mine_grammar_valency.py; regenerable with external source inputs	rule
data/projects/open_model_data/release/uldr_v06_general_assistant/EVAL_INDEPENDENT_SEAT_JUDGMENT.md	100644	bad28b46e1202f7b3734355a74c91d710070f98f	48579	K	open_model_release_evidence	frozen release receipt manifest hash or review evidence	rule
data/projects/open_model_data/release/uldr_v06_general_assistant/SAMPLE_INSPECTION_150.md	100644	2ed8837c9b3ce8ac6c8c66c8d6f9237ea38134b7	135308	K	open_model_release_evidence	frozen release receipt manifest hash or review evidence	rule
data/projects/open_model_data/release/uldr_v06_general_assistant/SAMPLE_INSPECTION_50.md	100644	00d98742ca6a18e9d36b8a9ab9e2944fbe5b8713	43300	K	open_model_release_evidence	frozen release receipt manifest hash or review evidence	rule
data/projects/open_model_data/release/uldr_v06_general_assistant/eval/eval_shard_001_of_005.jsonl	100644	aa9c93d9fbe4db10b0e6ba34f957028175e18984	98655	A	open_model_release_payload	v6_mine_general_assistant_textbooks.py; regenerable with external source inputs	rule
data/projects/open_model_data/release/uldr_v06_general_assistant/eval/eval_shard_002_of_005.jsonl	100644	163711635d8a2afc2d56320943194a25b3e17112	103134	A	open_model_release_payload	v6_mine_general_assistant_textbooks.py; regenerable with external source inputs	rule
data/projects/open_model_data/release/uldr_v06_general_assistant/eval/eval_shard_003_of_005.jsonl	100644	bf8c569824b40473eac1ab35c79bdbecb52a5011	101422	A	open_model_release_payload	v6_mine_general_assistant_textbooks.py; regenerable with external source inputs	rule
data/projects/open_model_data/release/uldr_v06_general_assistant/eval/eval_shard_004_of_005.jsonl	100644	c28b933d1da5b0001bc40fda14c9ed7b50827d00	97578	A	open_model_release_payload	v6_mine_general_assistant_textbooks.py; regenerable with external source inputs	rule
data/projects/open_model_data/release/uldr_v06_general_assistant/eval/eval_shard_005_of_005.jsonl	100644	8a89de138d4e518c3e78118dddfe74fb99eec069	102514	A	open_model_release_payload	v6_mine_general_assistant_textbooks.py; regenerable with external source inputs	rule
data/projects/open_model_data/release/uldr_v06_general_assistant/eval/manifest.json	100644	0f729dfcf8e1fe9a91aff52584e6e9318e5142c4	1222	K	open_model_release_evidence	frozen release receipt manifest hash or review evidence	rule
data/projects/open_model_data/release/uldr_v06_general_assistant/eval/manifest.json.sha256	100644	ac04bb0ba006d5538fe18fb88c1126679c5e2fae	80	K	open_model_release_evidence	frozen release receipt manifest hash or review evidence	rule
data/projects/open_model_data/release/uldr_v06_general_assistant/eval_claude_verdicts.json	100644	a73dff04a981a9bc0a78ecf0ecfe0aee12410350	45478	K	open_model_release_evidence	frozen release receipt manifest hash or review evidence	rule
data/projects/open_model_data/release/uldr_v06_general_assistant/release_receipt.json	100644	5cc75e43b8c4a3b29be7119f7c1881be66b52c15	3555	K	open_model_release_evidence	frozen release receipt manifest hash or review evidence	rule
data/projects/open_model_data/release/uldr_v06_general_assistant/release_receipt.json.sha256	100644	a04f4ac68efa6ada7c99f9058fbc8ae22dc6aca2	152	K	open_model_release_evidence	frozen release receipt manifest hash or review evidence	rule
data/projects/open_model_data/release/uldr_v06_general_assistant/sft/manifest.json	100644	62024ca8eb8efc790cf9097f90a28290ba1eead3	30888	K	open_model_release_evidence	frozen release receipt manifest hash or review evidence	rule
data/projects/open_model_data/release/uldr_v06_general_assistant/sft/manifest.json.sha256	100644	5514f2ead7b31cb98c6a57d4f4faf5d86a858fb2	80	K	open_model_release_evidence	frozen release receipt manifest hash or review evidence	rule
data/projects/open_model_data/release/uldr_v06_general_assistant/sft/sft_shard_001_of_150.jsonl	100644	0e24e3e5f3697a1a4551d789b395bceb5907dd5c	1472480	A	open_model_release_payload	v6_mine_general_assistant_textbooks.py; regenerable with external source inputs	rule
data/projects/open_model_data/release/uldr_v06_general_assistant/sft/sft_shard_002_of_150.jsonl	100644	52efff9e1005f305c5266c5b43fe5b68ad9cac29	1474225	A	open_model_release_payload	v6_mine_general_assistant_textbooks.py; regenerable with external source inputs	rule
data/projects/open_model_data/release/uldr_v06_general_assistant/sft/sft_shard_003_of_150.jsonl	100644	e637bc2a55a95e04253d4a7bf182cdcfd8689830	1463012	A	open_model_release_payload	v6_mine_general_assistant_textbooks.py; regenerable with external source inputs	rule
data/projects/open_model_data/release/uldr_v06_general_assistant/sft/sft_shard_004_of_150.jsonl	100644	f93e533e8efd274e79c904cc84e496e703c04cdf	1472664	A	open_model_release_payload	v6_mine_general_assistant_textbooks.py; regenerable with external source inputs	rule
data/projects/open_model_data/release/uldr_v06_general_assistant/sft/sft_shard_005_of_150.jsonl	100644	d8c3c8e5e476b48f6367c60b5b06e81bc5ae3913	1480251	A	open_model_release_payload	v6_mine_general_assistant_textbooks.py; regenerable with external source inputs	rule
data/projects/open_model_data/release/uldr_v06_general_assistant/sft/sft_shard_006_of_150.jsonl	100644	535bce4fbb07baf210faad77845c2418b89aa3ed	1474608	A	open_model_release_payload	v6_mine_general_assistant_textbooks.py; regenerable with external source inputs	rule
data/projects/open_model_data/release/uldr_v06_general_assistant/sft/sft_shard_007_of_150.jsonl	100644	ae538d8bc5ba05810409796a6d779e2a574870d1	1473744	A	open_model_release_payload	v6_mine_general_assistant_textbooks.py; regenerable with external source inputs	rule
data/projects/open_model_data/release/uldr_v06_general_assistant/sft/sft_shard_008_of_150.jsonl	100644	44e22d23efd4cb942eb38bbaf18098a94cd54caa	1472738	A	open_model_release_payload	v6_mine_general_assistant_textbooks.py; regenerable with external source inputs	rule
data/projects/open_model_data/release/uldr_v06_general_assistant/sft/sft_shard_009_of_150.jsonl	100644	2c3265b75f23bb5226b8275fa57a68fb5d5e964c	1459959	A	open_model_release_payload	v6_mine_general_assistant_textbooks.py; regenerable with external source inputs	rule
data/projects/open_model_data/release/uldr_v06_general_assistant/sft/sft_shard_010_of_150.jsonl	100644	ee10d74eb5059228cfa91f199e59230ae7739cf6	1481728	A	open_model_release_payload	v6_mine_general_assistant_textbooks.py; regenerable with external source inputs	rule
data/projects/open_model_data/release/uldr_v06_general_assistant/sft/sft_shard_011_of_150.jsonl	100644	933838bad9e4e17ad7a6c2fde9dd2812260131cd	1471186	A	open_model_release_payload	v6_mine_general_assistant_textbooks.py; regenerable with external source inputs	rule
data/projects/open_model_data/release/uldr_v06_general_assistant/sft/sft_shard_012_of_150.jsonl	100644	55d3313a1825b6d0666a9f60d34901893fb0b482	1463873	A	open_model_release_payload	v6_mine_general_assistant_textbooks.py; regenerable with external source inputs	rule
data/projects/open_model_data/release/uldr_v06_general_assistant/sft/sft_shard_013_of_150.jsonl	100644	cd20c6d8e7c2a9371be074cacd329916dc4e463f	1469371	A	open_model_release_payload	v6_mine_general_assistant_textbooks.py; regenerable with external source inputs	rule
data/projects/open_model_data/release/uldr_v06_general_assistant/sft/sft_shard_014_of_150.jsonl	100644	797fa8059be50420fd681b957e0f1323c0edbf32	1477202	A	open_model_release_payload	v6_mine_general_assistant_textbooks.py; regenerable with external source inputs	rule
data/projects/open_model_data/release/uldr_v06_general_assistant/sft/sft_shard_015_of_150.jsonl	100644	dc6ab953f58abca20e5735551fa86eac796a0db0	1466307	A	open_model_release_payload	v6_mine_general_assistant_textbooks.py; regenerable with external source inputs	rule
data/projects/open_model_data/release/uldr_v06_general_assistant/sft/sft_shard_016_of_150.jsonl	100644	4092e99afb906f6c16b5b054aeec1f2757fac30e	1473644	A	open_model_release_payload	v6_mine_general_assistant_textbooks.py; regenerable with external source inputs	rule
data/projects/open_model_data/release/uldr_v06_general_assistant/sft/sft_shard_017_of_150.jsonl	100644	cc866edfb8e8e8e25b7055f59acdee09d0ee2aee	1475451	A	open_model_release_payload	v6_mine_general_assistant_textbooks.py; regenerable with external source inputs	rule
data/projects/open_model_data/release/uldr_v06_general_assistant/sft/sft_shard_018_of_150.jsonl	100644	0a99de088f2d58ea9bc1e8e8adf9421fd3f978d6	1471708	A	open_model_release_payload	v6_mine_general_assistant_textbooks.py; regenerable with external source inputs	rule
data/projects/open_model_data/release/uldr_v06_general_assistant/sft/sft_shard_019_of_150.jsonl	100644	39b5508257f10098e4b6bb1a1867e4d801407901	1465770	A	open_model_release_payload	v6_mine_general_assistant_textbooks.py; regenerable with external source inputs	rule
data/projects/open_model_data/release/uldr_v06_general_assistant/sft/sft_shard_020_of_150.jsonl	100644	cee15462164ab2cabf33750b53c438a9fa5f5d2e	1472591	A	open_model_release_payload	v6_mine_general_assistant_textbooks.py; regenerable with external source inputs	rule
data/projects/open_model_data/release/uldr_v06_general_assistant/sft/sft_shard_021_of_150.jsonl	100644	8db6cca35e469dae309303db0ee4b1566f8bfd0c	1475775	A	open_model_release_payload	v6_mine_general_assistant_textbooks.py; regenerable with external source inputs	rule
data/projects/open_model_data/release/uldr_v06_general_assistant/sft/sft_shard_022_of_150.jsonl	100644	030c7662b3837e799f4bb3adbe167dcbc1cbb8ef	1479167	A	open_model_release_payload	v6_mine_general_assistant_textbooks.py; regenerable with external source inputs	rule
data/projects/open_model_data/release/uldr_v06_general_assistant/sft/sft_shard_023_of_150.jsonl	100644	21cdb8fb4e349ac45c5cdd172dcd836c7436f29e	1483059	A	open_model_release_payload	v6_mine_general_assistant_textbooks.py; regenerable with external source inputs	rule
data/projects/open_model_data/release/uldr_v06_general_assistant/sft/sft_shard_024_of_150.jsonl	100644	7e7220421252ef945ac465eea73c04769ab54250	1476582	A	open_model_release_payload	v6_mine_general_assistant_textbooks.py; regenerable with external source inputs	rule
data/projects/open_model_data/release/uldr_v06_general_assistant/sft/sft_shard_025_of_150.jsonl	100644	5743d37ea031f2373a1f06b9f984c370895ad91e	1466190	A	open_model_release_payload	v6_mine_general_assistant_textbooks.py; regenerable with external source inputs	rule
data/projects/open_model_data/release/uldr_v06_general_assistant/sft/sft_shard_026_of_150.jsonl	100644	aef7edbbc1fce89ffb1af2e231f23d485db54426	1472401	A	open_model_release_payload	v6_mine_general_assistant_textbooks.py; regenerable with external source inputs	rule
data/projects/open_model_data/release/uldr_v06_general_assistant/sft/sft_shard_027_of_150.jsonl	100644	44db96f3f867778209e5f5b156b507c3af018f0f	1468146	A	open_model_release_payload	v6_mine_general_assistant_textbooks.py; regenerable with external source inputs	rule
data/projects/open_model_data/release/uldr_v06_general_assistant/sft/sft_shard_028_of_150.jsonl	100644	2b28752db30da8e092c14e23f227fafd823f538b	1482038	A	open_model_release_payload	v6_mine_general_assistant_textbooks.py; regenerable with external source inputs	rule
data/projects/open_model_data/release/uldr_v06_general_assistant/sft/sft_shard_029_of_150.jsonl	100644	3bb1d5d1f669a5efd3de74a294d17890e0253e5a	1471282	A	open_model_release_payload	v6_mine_general_assistant_textbooks.py; regenerable with external source inputs	rule
data/projects/open_model_data/release/uldr_v06_general_assistant/sft/sft_shard_030_of_150.jsonl	100644	5774279e407df39e31a7d653626de98a13be3c50	1471631	A	open_model_release_payload	v6_mine_general_assistant_textbooks.py; regenerable with external source inputs	rule
data/projects/open_model_data/release/uldr_v06_general_assistant/sft/sft_shard_031_of_150.jsonl	100644	024a5fac688da446bbff084dd05a7828b678c770	1477264	A	open_model_release_payload	v6_mine_general_assistant_textbooks.py; regenerable with external source inputs	rule
data/projects/open_model_data/release/uldr_v06_general_assistant/sft/sft_shard_032_of_150.jsonl	100644	8175fa47503c1b72be0c507b57627dedb3636a9a	1479771	A	open_model_release_payload	v6_mine_general_assistant_textbooks.py; regenerable with external source inputs	rule
data/projects/open_model_data/release/uldr_v06_general_assistant/sft/sft_shard_033_of_150.jsonl	100644	e78944a9550b5257442d6b36b1e465d15be4bcd3	1471647	A	open_model_release_payload	v6_mine_general_assistant_textbooks.py; regenerable with external source inputs	rule
data/projects/open_model_data/release/uldr_v06_general_assistant/sft/sft_shard_034_of_150.jsonl	100644	dd17b81eadfb84d9b4f86b6b339ee3bc7cca8e3d	1478767	A	open_model_release_payload	v6_mine_general_assistant_textbooks.py; regenerable with external source inputs	rule
data/projects/open_model_data/release/uldr_v06_general_assistant/sft/sft_shard_035_of_150.jsonl	100644	ab47e8f11670883f46c65e2e770556d2c1f5f216	1478435	A	open_model_release_payload	v6_mine_general_assistant_textbooks.py; regenerable with external source inputs	rule
data/projects/open_model_data/release/uldr_v06_general_assistant/sft/sft_shard_036_of_150.jsonl	100644	643d892d603a4d9a43b33a3573ec53225f977392	1477943	A	open_model_release_payload	v6_mine_general_assistant_textbooks.py; regenerable with external source inputs	rule
data/projects/open_model_data/release/uldr_v06_general_assistant/sft/sft_shard_037_of_150.jsonl	100644	d9c1d461be077540bf6c8a8323528120e716f8d5	1461098	A	open_model_release_payload	v6_mine_general_assistant_textbooks.py; regenerable with external source inputs	rule
data/projects/open_model_data/release/uldr_v06_general_assistant/sft/sft_shard_038_of_150.jsonl	100644	27f77e1fc29af8d57d25e2ca72f1e6de6f10d0b0	1468088	A	open_model_release_payload	v6_mine_general_assistant_textbooks.py; regenerable with external source inputs	rule
data/projects/open_model_data/release/uldr_v06_general_assistant/sft/sft_shard_039_of_150.jsonl	100644	3d147d67493891e0d2d6d0bbf6b7737163e35396	1471083	A	open_model_release_payload	v6_mine_general_assistant_textbooks.py; regenerable with external source inputs	rule
data/projects/open_model_data/release/uldr_v06_general_assistant/sft/sft_shard_040_of_150.jsonl	100644	bc274298d801c454650353fc56b9fb6d35caa79e	1468978	A	open_model_release_payload	v6_mine_general_assistant_textbooks.py; regenerable with external source inputs	rule
data/projects/open_model_data/release/uldr_v06_general_assistant/sft/sft_shard_041_of_150.jsonl	100644	b4c33c463921e5d1acb5e401132151f190fdd103	1478615	A	open_model_release_payload	v6_mine_general_assistant_textbooks.py; regenerable with external source inputs	rule
data/projects/open_model_data/release/uldr_v06_general_assistant/sft/sft_shard_042_of_150.jsonl	100644	04e5bda47634a719a51b0088d104b0d6c6319806	1479322	A	open_model_release_payload	v6_mine_general_assistant_textbooks.py; regenerable with external source inputs	rule
data/projects/open_model_data/release/uldr_v06_general_assistant/sft/sft_shard_043_of_150.jsonl	100644	434c3535829fd4ca6515f293796a4ff23d169f64	1477300	A	open_model_release_payload	v6_mine_general_assistant_textbooks.py; regenerable with external source inputs	rule
data/projects/open_model_data/release/uldr_v06_general_assistant/sft/sft_shard_044_of_150.jsonl	100644	16eaebfa2fdcc2faf4dce63f92a39bda5ba5b5fb	1462155	A	open_model_release_payload	v6_mine_general_assistant_textbooks.py; regenerable with external source inputs	rule
data/projects/open_model_data/release/uldr_v06_general_assistant/sft/sft_shard_045_of_150.jsonl	100644	4a9b193531c41c962f8f855bfe8703faf019a031	1472703	A	open_model_release_payload	v6_mine_general_assistant_textbooks.py; regenerable with external source inputs	rule
data/projects/open_model_data/release/uldr_v06_general_assistant/sft/sft_shard_046_of_150.jsonl	100644	5fc58df0231430b45087a42dd1fa05d435bfd0d1	1470890	A	open_model_release_payload	v6_mine_general_assistant_textbooks.py; regenerable with external source inputs	rule
data/projects/open_model_data/release/uldr_v06_general_assistant/sft/sft_shard_047_of_150.jsonl	100644	133032d9085ef9f1725309493ff15f4dac337aae	1474244	A	open_model_release_payload	v6_mine_general_assistant_textbooks.py; regenerable with external source inputs	rule
data/projects/open_model_data/release/uldr_v06_general_assistant/sft/sft_shard_048_of_150.jsonl	100644	4678f473e5beaa8ff9656e82b1dda4d2730b9111	1477136	A	open_model_release_payload	v6_mine_general_assistant_textbooks.py; regenerable with external source inputs	rule
data/projects/open_model_data/release/uldr_v06_general_assistant/sft/sft_shard_049_of_150.jsonl	100644	465e6a2efc606e8cb9e5cee33f9fb8568311f285	1476266	A	open_model_release_payload	v6_mine_general_assistant_textbooks.py; regenerable with external source inputs	rule
data/projects/open_model_data/release/uldr_v06_general_assistant/sft/sft_shard_050_of_150.jsonl	100644	28a8728bcd73d76b5ca055c982946a333665f95b	1473137	A	open_model_release_payload	v6_mine_general_assistant_textbooks.py; regenerable with external source inputs	rule
data/projects/open_model_data/release/uldr_v06_general_assistant/sft/sft_shard_051_of_150.jsonl	100644	ee3d29298c465fb5088b6a7b3386d0620cd272ee	1470815	A	open_model_release_payload	v6_mine_general_assistant_textbooks.py; regenerable with external source inputs	rule
data/projects/open_model_data/release/uldr_v06_general_assistant/sft/sft_shard_052_of_150.jsonl	100644	ca20cf0194a1e3ad3b6276be73d6385dde69a2d6	1470871	A	open_model_release_payload	v6_mine_general_assistant_textbooks.py; regenerable with external source inputs	rule
data/projects/open_model_data/release/uldr_v06_general_assistant/sft/sft_shard_053_of_150.jsonl	100644	399c096f941a9d6cafa991c7f8e776582a9817b1	1474611	A	open_model_release_payload	v6_mine_general_assistant_textbooks.py; regenerable with external source inputs	rule
data/projects/open_model_data/release/uldr_v06_general_assistant/sft/sft_shard_054_of_150.jsonl	100644	63ec7782f2a20730e4f4f046376222a36b805704	1472821	A	open_model_release_payload	v6_mine_general_assistant_textbooks.py; regenerable with external source inputs	rule
data/projects/open_model_data/release/uldr_v06_general_assistant/sft/sft_shard_055_of_150.jsonl	100644	3983598bba33fc9fb3cae523affe331238cb5b87	1475808	A	open_model_release_payload	v6_mine_general_assistant_textbooks.py; regenerable with external source inputs	rule
data/projects/open_model_data/release/uldr_v06_general_assistant/sft/sft_shard_056_of_150.jsonl	100644	a8df8a5f7613bae7d8442164dee98a9392b0b6b2	1475682	A	open_model_release_payload	v6_mine_general_assistant_textbooks.py; regenerable with external source inputs	rule
data/projects/open_model_data/release/uldr_v06_general_assistant/sft/sft_shard_057_of_150.jsonl	100644	72313abad90c3545b5ff05751d3c0408b88de128	1474325	A	open_model_release_payload	v6_mine_general_assistant_textbooks.py; regenerable with external source inputs	rule
data/projects/open_model_data/release/uldr_v06_general_assistant/sft/sft_shard_058_of_150.jsonl	100644	d73472a7565b092b3c4654e7d6b8099da0ae945a	1465531	A	open_model_release_payload	v6_mine_general_assistant_textbooks.py; regenerable with external source inputs	rule
data/projects/open_model_data/release/uldr_v06_general_assistant/sft/sft_shard_059_of_150.jsonl	100644	29b3436c40325ad686e40ce6b55e7fdad929cb97	1465551	A	open_model_release_payload	v6_mine_general_assistant_textbooks.py; regenerable with external source inputs	rule
data/projects/open_model_data/release/uldr_v06_general_assistant/sft/sft_shard_060_of_150.jsonl	100644	c479d76a570699d61403f6b6aa2740c0e816f35f	1469068	A	open_model_release_payload	v6_mine_general_assistant_textbooks.py; regenerable with external source inputs	rule
data/projects/open_model_data/release/uldr_v06_general_assistant/sft/sft_shard_061_of_150.jsonl	100644	d25331df2464dc60c200b236b132da510736d765	1475851	A	open_model_release_payload	v6_mine_general_assistant_textbooks.py; regenerable with external source inputs	rule
data/projects/open_model_data/release/uldr_v06_general_assistant/sft/sft_shard_062_of_150.jsonl	100644	446312adf4a15cd6b598f4c44a90c7f1180a5e30	1472722	A	open_model_release_payload	v6_mine_general_assistant_textbooks.py; regenerable with external source inputs	rule
data/projects/open_model_data/release/uldr_v06_general_assistant/sft/sft_shard_063_of_150.jsonl	100644	e6b89c6f3f711c1ae577d98465c5c1019cca69cf	1465615	A	open_model_release_payload	v6_mine_general_assistant_textbooks.py; regenerable with external source inputs	rule
data/projects/open_model_data/release/uldr_v06_general_assistant/sft/sft_shard_064_of_150.jsonl	100644	1ec23e81e821edffc06594296fb5849f5a2c8018	1470546	A	open_model_release_payload	v6_mine_general_assistant_textbooks.py; regenerable with external source inputs	rule
data/projects/open_model_data/release/uldr_v06_general_assistant/sft/sft_shard_065_of_150.jsonl	100644	fe9bf183375a4c191673279d7effe037b13f5760	1473944	A	open_model_release_payload	v6_mine_general_assistant_textbooks.py; regenerable with external source inputs	rule
data/projects/open_model_data/release/uldr_v06_general_assistant/sft/sft_shard_066_of_150.jsonl	100644	706f80950bb037c1cdd27e66a0b92da0cfad12ca	1481124	A	open_model_release_payload	v6_mine_general_assistant_textbooks.py; regenerable with external source inputs	rule
data/projects/open_model_data/release/uldr_v06_general_assistant/sft/sft_shard_067_of_150.jsonl	100644	a989e8994728027a8d4e45d07df67ceb9ffc873a	1476570	A	open_model_release_payload	v6_mine_general_assistant_textbooks.py; regenerable with external source inputs	rule
data/projects/open_model_data/release/uldr_v06_general_assistant/sft/sft_shard_068_of_150.jsonl	100644	3daec93017b68bb6c3837017cdc713d72a5718e4	1471666	A	open_model_release_payload	v6_mine_general_assistant_textbooks.py; regenerable with external source inputs	rule
data/projects/open_model_data/release/uldr_v06_general_assistant/sft/sft_shard_069_of_150.jsonl	100644	c777677e6d17136d2ce10bafb820f99f0ce896e8	1478844	A	open_model_release_payload	v6_mine_general_assistant_textbooks.py; regenerable with external source inputs	rule
data/projects/open_model_data/release/uldr_v06_general_assistant/sft/sft_shard_070_of_150.jsonl	100644	a161d7c8499fbeb9013fe1d424279963477f6fdb	1471778	A	open_model_release_payload	v6_mine_general_assistant_textbooks.py; regenerable with external source inputs	rule
data/projects/open_model_data/release/uldr_v06_general_assistant/sft/sft_shard_071_of_150.jsonl	100644	fbd51a5d24597f5516db1eb415565e0ec3942c38	1458468	A	open_model_release_payload	v6_mine_general_assistant_textbooks.py; regenerable with external source inputs	rule
data/projects/open_model_data/release/uldr_v06_general_assistant/sft/sft_shard_072_of_150.jsonl	100644	f44dacc5a36757a60c423548d586a458d7944f78	1478050	A	open_model_release_payload	v6_mine_general_assistant_textbooks.py; regenerable with external source inputs	rule
data/projects/open_model_data/release/uldr_v06_general_assistant/sft/sft_shard_073_of_150.jsonl	100644	b7311e4497eb60a01fc6b2d4eeba9b9e37dd1094	1471699	A	open_model_release_payload	v6_mine_general_assistant_textbooks.py; regenerable with external source inputs	rule
data/projects/open_model_data/release/uldr_v06_general_assistant/sft/sft_shard_074_of_150.jsonl	100644	34ffc76cddba369240a22bc587bf5c679d8b9017	1469756	A	open_model_release_payload	v6_mine_general_assistant_textbooks.py; regenerable with external source inputs	rule
data/projects/open_model_data/release/uldr_v06_general_assistant/sft/sft_shard_075_of_150.jsonl	100644	30be8a63b667a02585b6e4a12493d6e6de695087	1470718	A	open_model_release_payload	v6_mine_general_assistant_textbooks.py; regenerable with external source inputs	rule
data/projects/open_model_data/release/uldr_v06_general_assistant/sft/sft_shard_076_of_150.jsonl	100644	f276045478c2d854e39d51f7aad679af85cc7c32	1479731	A	open_model_release_payload	v6_mine_general_assistant_textbooks.py; regenerable with external source inputs	rule
data/projects/open_model_data/release/uldr_v06_general_assistant/sft/sft_shard_077_of_150.jsonl	100644	d98cd4d90445fa568d14f37757776c13b5f6996c	1473904	A	open_model_release_payload	v6_mine_general_assistant_textbooks.py; regenerable with external source inputs	rule
data/projects/open_model_data/release/uldr_v06_general_assistant/sft/sft_shard_078_of_150.jsonl	100644	17fe3b4c7d7e39ec1b2ebd80d7a6f94990af8dd8	1460229	A	open_model_release_payload	v6_mine_general_assistant_textbooks.py; regenerable with external source inputs	rule
data/projects/open_model_data/release/uldr_v06_general_assistant/sft/sft_shard_079_of_150.jsonl	100644	f287240404966c8ca8860b6c7ecdf26d2e57a43e	1470083	A	open_model_release_payload	v6_mine_general_assistant_textbooks.py; regenerable with external source inputs	rule
data/projects/open_model_data/release/uldr_v06_general_assistant/sft/sft_shard_080_of_150.jsonl	100644	dd38d749701fe1a1f72fd424754103b6a1595298	1464492	A	open_model_release_payload	v6_mine_general_assistant_textbooks.py; regenerable with external source inputs	rule
data/projects/open_model_data/release/uldr_v06_general_assistant/sft/sft_shard_081_of_150.jsonl	100644	f8571f28735232030f5611870c750ac737b95d53	1469411	A	open_model_release_payload	v6_mine_general_assistant_textbooks.py; regenerable with external source inputs	rule
data/projects/open_model_data/release/uldr_v06_general_assistant/sft/sft_shard_082_of_150.jsonl	100644	c450fecbd3fa0796a5ea30b00bed7ca5e623edf4	1467442	A	open_model_release_payload	v6_mine_general_assistant_textbooks.py; regenerable with external source inputs	rule
data/projects/open_model_data/release/uldr_v06_general_assistant/sft/sft_shard_083_of_150.jsonl	100644	0b43f56602ca2f112bf9a27c8bab2b1090d46ccc	1472568	A	open_model_release_payload	v6_mine_general_assistant_textbooks.py; regenerable with external source inputs	rule
data/projects/open_model_data/release/uldr_v06_general_assistant/sft/sft_shard_084_of_150.jsonl	100644	fad4a9a91fc9bcd75d6a054303850dcee2c944d9	1477976	A	open_model_release_payload	v6_mine_general_assistant_textbooks.py; regenerable with external source inputs	rule
data/projects/open_model_data/release/uldr_v06_general_assistant/sft/sft_shard_085_of_150.jsonl	100644	49737440a69c2369d634cb74c5d6e74dcecab947	1472839	A	open_model_release_payload	v6_mine_general_assistant_textbooks.py; regenerable with external source inputs	rule
data/projects/open_model_data/release/uldr_v06_general_assistant/sft/sft_shard_086_of_150.jsonl	100644	007f8332cefb3eedabb48ab621242620eb82afe1	1470461	A	open_model_release_payload	v6_mine_general_assistant_textbooks.py; regenerable with external source inputs	rule
data/projects/open_model_data/release/uldr_v06_general_assistant/sft/sft_shard_087_of_150.jsonl	100644	0aa43c534899c557e560ea63d75e6b90807fbde2	1468767	A	open_model_release_payload	v6_mine_general_assistant_textbooks.py; regenerable with external source inputs	rule
data/projects/open_model_data/release/uldr_v06_general_assistant/sft/sft_shard_088_of_150.jsonl	100644	6519db1c75276dcbe4cd115b259a0938fe033b25	1474237	A	open_model_release_payload	v6_mine_general_assistant_textbooks.py; regenerable with external source inputs	rule
data/projects/open_model_data/release/uldr_v06_general_assistant/sft/sft_shard_089_of_150.jsonl	100644	4fd2c7c6df55793a54719326c7d493370ba2d6af	1479653	A	open_model_release_payload	v6_mine_general_assistant_textbooks.py; regenerable with external source inputs	rule
data/projects/open_model_data/release/uldr_v06_general_assistant/sft/sft_shard_090_of_150.jsonl	100644	e2b6ec0b8c0be7ae57b6adc19532e2509c531b7b	1472745	A	open_model_release_payload	v6_mine_general_assistant_textbooks.py; regenerable with external source inputs	rule
data/projects/open_model_data/release/uldr_v06_general_assistant/sft/sft_shard_091_of_150.jsonl	100644	53e845705ca0f8e78aa55cf95f511b50fa703e67	1458764	A	open_model_release_payload	v6_mine_general_assistant_textbooks.py; regenerable with external source inputs	rule
data/projects/open_model_data/release/uldr_v06_general_assistant/sft/sft_shard_092_of_150.jsonl	100644	151bc4d3e68526b305cb1c0f5c729d9c6dfe8de9	1469010	A	open_model_release_payload	v6_mine_general_assistant_textbooks.py; regenerable with external source inputs	rule
data/projects/open_model_data/release/uldr_v06_general_assistant/sft/sft_shard_093_of_150.jsonl	100644	305926e5095f64ff73781dc52ad78ec30a4ef029	1465053	A	open_model_release_payload	v6_mine_general_assistant_textbooks.py; regenerable with external source inputs	rule
data/projects/open_model_data/release/uldr_v06_general_assistant/sft/sft_shard_094_of_150.jsonl	100644	7a07401e30061ae89f797139045d7a45243fa5d6	1468530	A	open_model_release_payload	v6_mine_general_assistant_textbooks.py; regenerable with external source inputs	rule
data/projects/open_model_data/release/uldr_v06_general_assistant/sft/sft_shard_095_of_150.jsonl	100644	2985fa06b9bdf89ae7fedb121eabaa6d0aa4ed01	1479885	A	open_model_release_payload	v6_mine_general_assistant_textbooks.py; regenerable with external source inputs	rule
data/projects/open_model_data/release/uldr_v06_general_assistant/sft/sft_shard_096_of_150.jsonl	100644	8c0a34aff352de82077a41fc9265372331dc7752	1477883	A	open_model_release_payload	v6_mine_general_assistant_textbooks.py; regenerable with external source inputs	rule
data/projects/open_model_data/release/uldr_v06_general_assistant/sft/sft_shard_097_of_150.jsonl	100644	18148679ade681af817f54b75e457f2c4f17a31f	1472825	A	open_model_release_payload	v6_mine_general_assistant_textbooks.py; regenerable with external source inputs	rule
data/projects/open_model_data/release/uldr_v06_general_assistant/sft/sft_shard_098_of_150.jsonl	100644	a1e9b6117e7655e9761cd1263dc48d0ba75f9c61	1475858	A	open_model_release_payload	v6_mine_general_assistant_textbooks.py; regenerable with external source inputs	rule
data/projects/open_model_data/release/uldr_v06_general_assistant/sft/sft_shard_099_of_150.jsonl	100644	2a8106cf4b677c3991bf903224547d11199f1457	1472622	A	open_model_release_payload	v6_mine_general_assistant_textbooks.py; regenerable with external source inputs	rule
data/projects/open_model_data/release/uldr_v06_general_assistant/sft/sft_shard_100_of_150.jsonl	100644	e23c31b005cfbaafa12cb9809f213d629d195df4	1473182	A	open_model_release_payload	v6_mine_general_assistant_textbooks.py; regenerable with external source inputs	rule
data/projects/open_model_data/release/uldr_v06_general_assistant/sft/sft_shard_101_of_150.jsonl	100644	7981e2e6999ed75d5af0b9b4779436027516d008	1479173	A	open_model_release_payload	v6_mine_general_assistant_textbooks.py; regenerable with external source inputs	rule
data/projects/open_model_data/release/uldr_v06_general_assistant/sft/sft_shard_102_of_150.jsonl	100644	bda27d2de321033eda5874207f01f876d80aad0c	1467712	A	open_model_release_payload	v6_mine_general_assistant_textbooks.py; regenerable with external source inputs	rule
data/projects/open_model_data/release/uldr_v06_general_assistant/sft/sft_shard_103_of_150.jsonl	100644	2b8242b2cfa6b001ff61ecd9df5e91a8700a0abc	1478992	A	open_model_release_payload	v6_mine_general_assistant_textbooks.py; regenerable with external source inputs	rule
data/projects/open_model_data/release/uldr_v06_general_assistant/sft/sft_shard_104_of_150.jsonl	100644	cc6cfec909ad64318701af42264b603e07249032	1460006	A	open_model_release_payload	v6_mine_general_assistant_textbooks.py; regenerable with external source inputs	rule
data/projects/open_model_data/release/uldr_v06_general_assistant/sft/sft_shard_105_of_150.jsonl	100644	9173085cca7309c335e9d72dd453d905c1ee967b	1474764	A	open_model_release_payload	v6_mine_general_assistant_textbooks.py; regenerable with external source inputs	rule
data/projects/open_model_data/release/uldr_v06_general_assistant/sft/sft_shard_106_of_150.jsonl	100644	8e89375e209314beaf072cbc7340b729367bc195	1462589	A	open_model_release_payload	v6_mine_general_assistant_textbooks.py; regenerable with external source inputs	rule
data/projects/open_model_data/release/uldr_v06_general_assistant/sft/sft_shard_107_of_150.jsonl	100644	1e6772f739b45998acfcc22d1fd7cfdc5f3230c5	1478077	A	open_model_release_payload	v6_mine_general_assistant_textbooks.py; regenerable with external source inputs	rule
data/projects/open_model_data/release/uldr_v06_general_assistant/sft/sft_shard_108_of_150.jsonl	100644	45120bc76f305faa6962fa62a731e1d139f448b4	1466044	A	open_model_release_payload	v6_mine_general_assistant_textbooks.py; regenerable with external source inputs	rule
data/projects/open_model_data/release/uldr_v06_general_assistant/sft/sft_shard_109_of_150.jsonl	100644	192c83477e3eebdce3d4717811a70d538f51cdd1	1480242	A	open_model_release_payload	v6_mine_general_assistant_textbooks.py; regenerable with external source inputs	rule
data/projects/open_model_data/release/uldr_v06_general_assistant/sft/sft_shard_110_of_150.jsonl	100644	cd23c53e30609593446a2a2d34c31ed761e79b5c	1488476	A	open_model_release_payload	v6_mine_general_assistant_textbooks.py; regenerable with external source inputs	rule
data/projects/open_model_data/release/uldr_v06_general_assistant/sft/sft_shard_111_of_150.jsonl	100644	2c717b885e25c3e8f0370d48a0d82bde4ee2508d	1471492	A	open_model_release_payload	v6_mine_general_assistant_textbooks.py; regenerable with external source inputs	rule
data/projects/open_model_data/release/uldr_v06_general_assistant/sft/sft_shard_112_of_150.jsonl	100644	a9d3bb0611a6844cf2270ccba821a251cdd2ea70	1469115	A	open_model_release_payload	v6_mine_general_assistant_textbooks.py; regenerable with external source inputs	rule
data/projects/open_model_data/release/uldr_v06_general_assistant/sft/sft_shard_113_of_150.jsonl	100644	c8ac18d917364a8913c9cbf4e2132a55ba766c6e	1479333	A	open_model_release_payload	v6_mine_general_assistant_textbooks.py; regenerable with external source inputs	rule
data/projects/open_model_data/release/uldr_v06_general_assistant/sft/sft_shard_114_of_150.jsonl	100644	aa29da9be75ebf8494901f0ab611e96a4714cb5a	1471270	A	open_model_release_payload	v6_mine_general_assistant_textbooks.py; regenerable with external source inputs	rule
data/projects/open_model_data/release/uldr_v06_general_assistant/sft/sft_shard_115_of_150.jsonl	100644	d3deb590c33e3815eded93e8d4f82adf90010723	1475830	A	open_model_release_payload	v6_mine_general_assistant_textbooks.py; regenerable with external source inputs	rule
data/projects/open_model_data/release/uldr_v06_general_assistant/sft/sft_shard_116_of_150.jsonl	100644	ce876e35c7ff2e11672b7f951b2e753424278458	1468420	A	open_model_release_payload	v6_mine_general_assistant_textbooks.py; regenerable with external source inputs	rule
data/projects/open_model_data/release/uldr_v06_general_assistant/sft/sft_shard_117_of_150.jsonl	100644	ff6ffd2b43f85065dd66b30b0c258faaa5538f04	1482191	A	open_model_release_payload	v6_mine_general_assistant_textbooks.py; regenerable with external source inputs	rule
data/projects/open_model_data/release/uldr_v06_general_assistant/sft/sft_shard_118_of_150.jsonl	100644	a078f102c3805b148c5c5733e8f0608d1578a3cd	1484860	A	open_model_release_payload	v6_mine_general_assistant_textbooks.py; regenerable with external source inputs	rule
data/projects/open_model_data/release/uldr_v06_general_assistant/sft/sft_shard_119_of_150.jsonl	100644	6cfd3e12efd9e233757fe8b08c1a7b882db795b2	1475819	A	open_model_release_payload	v6_mine_general_assistant_textbooks.py; regenerable with external source inputs	rule
data/projects/open_model_data/release/uldr_v06_general_assistant/sft/sft_shard_120_of_150.jsonl	100644	32d5cba11a3912fb026788bc48a811d2d986e490	1473990	A	open_model_release_payload	v6_mine_general_assistant_textbooks.py; regenerable with external source inputs	rule
data/projects/open_model_data/release/uldr_v06_general_assistant/sft/sft_shard_121_of_150.jsonl	100644	91361469bb92374f2d01370de2e1d6260c3907ec	1468554	A	open_model_release_payload	v6_mine_general_assistant_textbooks.py; regenerable with external source inputs	rule
data/projects/open_model_data/release/uldr_v06_general_assistant/sft/sft_shard_122_of_150.jsonl	100644	8142d4de349771e46cdc86eef0f90c1968bc0882	1474464	A	open_model_release_payload	v6_mine_general_assistant_textbooks.py; regenerable with external source inputs	rule
data/projects/open_model_data/release/uldr_v06_general_assistant/sft/sft_shard_123_of_150.jsonl	100644	25b8a5d236211958b27c0f223ec31d3221d16fad	1473706	A	open_model_release_payload	v6_mine_general_assistant_textbooks.py; regenerable with external source inputs	rule
data/projects/open_model_data/release/uldr_v06_general_assistant/sft/sft_shard_124_of_150.jsonl	100644	2960b71f4ddabf401a536aa6a253dd6d44369ff0	1470783	A	open_model_release_payload	v6_mine_general_assistant_textbooks.py; regenerable with external source inputs	rule
data/projects/open_model_data/release/uldr_v06_general_assistant/sft/sft_shard_125_of_150.jsonl	100644	781fce5f518accf1ae1a3de9566a9a2b19dd4817	1470990	A	open_model_release_payload	v6_mine_general_assistant_textbooks.py; regenerable with external source inputs	rule
data/projects/open_model_data/release/uldr_v06_general_assistant/sft/sft_shard_126_of_150.jsonl	100644	5187e3296728f7a0d1f793d42133f62d6aca0914	1467776	A	open_model_release_payload	v6_mine_general_assistant_textbooks.py; regenerable with external source inputs	rule
data/projects/open_model_data/release/uldr_v06_general_assistant/sft/sft_shard_127_of_150.jsonl	100644	33ce995702a96d530a9ca3073da65b3169fbe1d6	1478536	A	open_model_release_payload	v6_mine_general_assistant_textbooks.py; regenerable with external source inputs	rule
data/projects/open_model_data/release/uldr_v06_general_assistant/sft/sft_shard_128_of_150.jsonl	100644	5998301f84455dc15a139372ad16f36d6ecd7830	1465908	A	open_model_release_payload	v6_mine_general_assistant_textbooks.py; regenerable with external source inputs	rule
data/projects/open_model_data/release/uldr_v06_general_assistant/sft/sft_shard_129_of_150.jsonl	100644	a2afdeb6ad79fb395858e65fcb958072762dd309	1481734	A	open_model_release_payload	v6_mine_general_assistant_textbooks.py; regenerable with external source inputs	rule
data/projects/open_model_data/release/uldr_v06_general_assistant/sft/sft_shard_130_of_150.jsonl	100644	5b5f9e613d79acd703ce33d770f817abaae1a469	1475898	A	open_model_release_payload	v6_mine_general_assistant_textbooks.py; regenerable with external source inputs	rule
data/projects/open_model_data/release/uldr_v06_general_assistant/sft/sft_shard_131_of_150.jsonl	100644	07ae415fe1ad9aa5e3aca45c496dae620f3b46d6	1467869	A	open_model_release_payload	v6_mine_general_assistant_textbooks.py; regenerable with external source inputs	rule
data/projects/open_model_data/release/uldr_v06_general_assistant/sft/sft_shard_132_of_150.jsonl	100644	24608bf5d5bda6a90f45cea9829c6c31ba9f6fe7	1473953	A	open_model_release_payload	v6_mine_general_assistant_textbooks.py; regenerable with external source inputs	rule
data/projects/open_model_data/release/uldr_v06_general_assistant/sft/sft_shard_133_of_150.jsonl	100644	3b6911bacb3811d4f302f87098e826893849ff66	1479966	A	open_model_release_payload	v6_mine_general_assistant_textbooks.py; regenerable with external source inputs	rule
data/projects/open_model_data/release/uldr_v06_general_assistant/sft/sft_shard_134_of_150.jsonl	100644	6ff09df67d9999025ae4b79b21fa3f04a7549068	1479664	A	open_model_release_payload	v6_mine_general_assistant_textbooks.py; regenerable with external source inputs	rule
data/projects/open_model_data/release/uldr_v06_general_assistant/sft/sft_shard_135_of_150.jsonl	100644	c748faa8fdb6c1fa1c96fea58e1924b678ae6dce	1468083	A	open_model_release_payload	v6_mine_general_assistant_textbooks.py; regenerable with external source inputs	rule
data/projects/open_model_data/release/uldr_v06_general_assistant/sft/sft_shard_136_of_150.jsonl	100644	33d248415494616acece33ec440a6eccef3f26de	1469186	A	open_model_release_payload	v6_mine_general_assistant_textbooks.py; regenerable with external source inputs	rule
data/projects/open_model_data/release/uldr_v06_general_assistant/sft/sft_shard_137_of_150.jsonl	100644	15b40908aef80acdf620398755b90193bf963bc2	1465446	A	open_model_release_payload	v6_mine_general_assistant_textbooks.py; regenerable with external source inputs	rule
data/projects/open_model_data/release/uldr_v06_general_assistant/sft/sft_shard_138_of_150.jsonl	100644	378a5a615d14f66d9a607640bb15af704aacc75c	1483619	A	open_model_release_payload	v6_mine_general_assistant_textbooks.py; regenerable with external source inputs	rule
data/projects/open_model_data/release/uldr_v06_general_assistant/sft/sft_shard_139_of_150.jsonl	100644	656bba03b8cbb96182a0451aefca270dc22a5a4a	1476431	A	open_model_release_payload	v6_mine_general_assistant_textbooks.py; regenerable with external source inputs	rule
data/projects/open_model_data/release/uldr_v06_general_assistant/sft/sft_shard_140_of_150.jsonl	100644	acf582b7bd1fd8f571604975755abe1edd86977f	1461635	A	open_model_release_payload	v6_mine_general_assistant_textbooks.py; regenerable with external source inputs	rule
data/projects/open_model_data/release/uldr_v06_general_assistant/sft/sft_shard_141_of_150.jsonl	100644	67812670ff331b83656b254439c34dbcf4271037	1469151	A	open_model_release_payload	v6_mine_general_assistant_textbooks.py; regenerable with external source inputs	rule
data/projects/open_model_data/release/uldr_v06_general_assistant/sft/sft_shard_142_of_150.jsonl	100644	97fbdf906a08356076ad756c6ae98f2fdc6e36b6	1474245	A	open_model_release_payload	v6_mine_general_assistant_textbooks.py; regenerable with external source inputs	rule
data/projects/open_model_data/release/uldr_v06_general_assistant/sft/sft_shard_143_of_150.jsonl	100644	65a15f5e8866090f6e05b79f6d52f960025d2f4a	1471656	A	open_model_release_payload	v6_mine_general_assistant_textbooks.py; regenerable with external source inputs	rule
data/projects/open_model_data/release/uldr_v06_general_assistant/sft/sft_shard_144_of_150.jsonl	100644	800842e82144b40efac0f13d83b21492337d61d4	1474983	A	open_model_release_payload	v6_mine_general_assistant_textbooks.py; regenerable with external source inputs	rule
data/projects/open_model_data/release/uldr_v06_general_assistant/sft/sft_shard_145_of_150.jsonl	100644	e1ba404cf3fd9b16bcae7f68d6ff0132a5210b43	1464383	A	open_model_release_payload	v6_mine_general_assistant_textbooks.py; regenerable with external source inputs	rule
data/projects/open_model_data/release/uldr_v06_general_assistant/sft/sft_shard_146_of_150.jsonl	100644	6be021c04b17d8c76b33642a3a18337f3ac85f32	1470588	A	open_model_release_payload	v6_mine_general_assistant_textbooks.py; regenerable with external source inputs	rule
data/projects/open_model_data/release/uldr_v06_general_assistant/sft/sft_shard_147_of_150.jsonl	100644	c8733693966ab3d0a12d06cc0c6131d94dd25c7e	1476804	A	open_model_release_payload	v6_mine_general_assistant_textbooks.py; regenerable with external source inputs	rule
data/projects/open_model_data/release/uldr_v06_general_assistant/sft/sft_shard_148_of_150.jsonl	100644	d3de40bbe0e4e8987f2fad7227452d99d148f05a	1478996	A	open_model_release_payload	v6_mine_general_assistant_textbooks.py; regenerable with external source inputs	rule
data/projects/open_model_data/release/uldr_v06_general_assistant/sft/sft_shard_149_of_150.jsonl	100644	bac8fd84bc28952014d5586cdb5801974d26c7a1	1474054	A	open_model_release_payload	v6_mine_general_assistant_textbooks.py; regenerable with external source inputs	rule
data/projects/open_model_data/release/uldr_v06_general_assistant/sft/sft_shard_150_of_150.jsonl	100644	df54b6c57c6c56c8eb9fa1e779d4be201de1aab4	1470144	A	open_model_release_payload	v6_mine_general_assistant_textbooks.py; regenerable with external source inputs	rule
data/projects/open_model_data/silver/external_articles_silver_receipt_v1.json	100644	b59ec24513d4b482bd6660c9dd6a174a4ca9a355	5616	K	open_model_controls	silver release configuration or receipt	rule
data/projects/open_model_data/silver/external_articles_validation_config_v1.json	100644	bb0d293da0bfc22b5b8eba6ebf3a25dee64e5316	3965	K	open_model_controls	silver release configuration or receipt	rule
data/projects/open_model_data/silver/language_contact_silver_receipt_v1.json	100644	f98943885e56ed8862718c9169a915b9ef757c31	6598	K	open_model_controls	silver release configuration or receipt	rule
data/projects/open_model_data/soviet_candidates/differential_soviet_candidates.jsonl	100644	217049d178f8c64e477ea966168317e03cb42927	85667	A	open_model_other_indexes	external; regenerable with source corpora and candidate builder	rule
data/projects/open_model_data/soviet_candidates/differential_soviet_manifest.json	100644	3720278338bd2847f896d49d311a8db952dae8dd	281	K	open_model_controls	candidate manifest or receipt	rule
data/projects/open_model_data/soviet_candidates/differential_soviet_receipt.json	100644	3c8877e62be772bee6906e0fc8e1966fa9077df3	1225	K	open_model_controls	candidate manifest or receipt	rule
data/projects/open_model_data/soviet_candidates/r2u_differential_cache.json	100644	30e2f94cab8897f560af5ec062d5f01af4503306	129369	A	open_model_other_indexes	external; regenerable with source corpora and candidate builder	rule
data/projects/open_model_data/splits/v4_work_grouping_split_config_v1.json	100644	27c477ac67a7b61d4bdf7206fba3e580f4ac3f8b	1156	K	open_model_controls	split configuration or receipt	rule
data/projects/open_model_data/splits/v4_work_grouping_split_index_v1.jsonl	100644	e5c2959fa9e2287595964f62d8ef7f059b2431ec	1361162	A	open_model_other_indexes	v4_work_grouping_split.py; regenerable with external source databases	rule
data/projects/open_model_data/splits/v4_work_grouping_split_receipt_v1.json	100644	cfee83af3896e2d825e31a21a0d0547e0964f366	1176	K	open_model_controls	split configuration or receipt	rule
data/projects/open_model_data/study/eval_baseline_heldout_1000.json	100644	34fae78b0b06e293dc1e9d42f084ccfa893424fe	678929	A	open_model_study_outputs	external; not regenerable from tracked inputs alone; preserve evaluation run	rule
data/projects/open_model_data/study/eval_baseline_heldout_1000.md	100644	afca942f7467eeb59b44b75371586cea7526e842	1923	A	open_model_study_outputs	external; not regenerable from tracked inputs alone; preserve evaluation run	rule
data/projects/open_model_data/study/eval_baseline_protection_600.json	100644	52359f07b203f3b578a3205f4e495340f9d93880	878	A	open_model_study_outputs	external; not regenerable from tracked inputs alone; preserve evaluation run	rule
data/projects/open_model_data/study/eval_baseline_protection_600.md	100644	2c836ba4372c4d13fc532caad83dd5bac351ae36	2068	A	open_model_study_outputs	external; not regenerable from tracked inputs alone; preserve evaluation run	rule
data/projects/open_model_data/study/eval_trained_heldout_1000.json	100644	80a28a2929c3476c785c827c292aebee43e2e556	542812	A	open_model_study_outputs	external; not regenerable from tracked inputs alone; preserve evaluation run	rule
data/projects/open_model_data/study/eval_trained_heldout_1000.md	100644	811cad5962163c81aa22bae8ee1c7dc4ed5f19e3	1924	A	open_model_study_outputs	external; not regenerable from tracked inputs alone; preserve evaluation run	rule
data/projects/open_model_data/study/eval_trained_protection_600.json	100644	a5d59d92060f733aa00d98c35b3005db72e58012	883	A	open_model_study_outputs	external; not regenerable from tracked inputs alone; preserve evaluation run	rule
data/projects/open_model_data/study/eval_trained_protection_600.md	100644	af2091d6e85833b18e034950a6380d56bf2059b5	2052	A	open_model_study_outputs	external; not regenerable from tracked inputs alone; preserve evaluation run	rule
data/projects/open_model_data/study/real_training_run_scorecard.json	100644	2c396a8534a1aa979a49ba86073c85d98696d312	3454	A	open_model_study_outputs	external; not regenerable from tracked inputs alone; preserve run scorecard	rule
data/projects/open_model_data/study/run_output/adapter/README.md	100644	276ac897422dbac0d6a96843be7a1852843704c3	5207	A	open_model_study_outputs	external; not regenerable from tracked inputs alone; preserve run snapshot	rule
data/projects/open_model_data/study/run_output/adapter/adapter_config.json	100644	6653d722fc9daea1855890a744a5e1e92d004cc5	1160	A	open_model_study_outputs	external; not regenerable from tracked inputs alone; preserve run snapshot	rule
data/projects/open_model_data/study/run_output/adapter/adapter_model.safetensors	100644	9403c2ce1a88db9165c30b8457f4daf74569116c	35237104	A	open_model_study_outputs	external; not regenerable from tracked inputs alone; preserve run snapshot	rule
data/projects/open_model_data/study/run_output/preds_baseline_heldout_1000.jsonl	100644	aaaacb512fc96798b5fea9dd2c2fe556132c1fe4	458068	A	open_model_study_outputs	external; not regenerable from tracked inputs alone; preserve run snapshot	rule
data/projects/open_model_data/study/run_output/preds_baseline_protection_600.jsonl	100644	aff18f790c5c610baa2a1b883a33c736bac7f16c	281390	A	open_model_study_outputs	external; not regenerable from tracked inputs alone; preserve run snapshot	rule
data/projects/open_model_data/study/run_output/preds_trained_heldout_1000.jsonl	100644	d1a9070a61288f13266cf17f289ab3f8a7e2c8af	494216	A	open_model_study_outputs	external; not regenerable from tracked inputs alone; preserve run snapshot	rule
data/projects/open_model_data/study/run_output/preds_trained_protection_600.jsonl	100644	0bd3ec707290430b98ec87b25b5d7206ae0035f3	306486	A	open_model_study_outputs	external; not regenerable from tracked inputs alone; preserve run snapshot	rule
data/projects/open_model_data/study/run_output/training_log.jsonl	100644	169d45496e87a04e3358369fb2fe240a438a0e4e	19793	A	open_model_study_outputs	external; not regenerable from tracked inputs alone; preserve run snapshot	rule
data/projects/open_model_data/study/run_output/training_run_manifest.json	100644	89ab307a027bf46a4be43a21ca0d7fc3dc7d4b6f	1052	A	open_model_study_outputs	external; not regenerable from tracked inputs alone; preserve run snapshot	rule
data/projects/open_model_data/study/uldr_v1_acceptance_audit.json	100644	abe6dd289583c1c5e387fd30f8ed2f439e961160	8097	A	open_model_study_outputs	external; not regenerable from tracked inputs alone; preserve acceptance run output	rule
data/projects/open_model_data/study/uldr_v1_acceptance_sample.json	100644	c2093c5b3f6cc23386cd5dbfc6525200fb9e19fb	516222	A	open_model_study_outputs	external; not regenerable from tracked inputs alone; preserve acceptance sample	rule
data/projects/open_model_data/study/uldr_v1_acceptance_sample.md	100644	608ae229f876e4064d5e2559685364d4fa5d5255	748644	A	open_model_study_outputs	external; not regenerable from tracked inputs alone; preserve acceptance sample	rule
data/projects/open_model_data/study/uldr_v1_acceptance_sample.signoff_template.json	100644	5827d1794ce1ce555e5561dca49d183fa388cd2b	463	K	open_model_study_recipes	hand-authored recipe or reviewed acceptance template	rule
data/projects/open_model_data/study/v4_learning_study_execution_runs_v1.jsonl	100644	9c7b9dfb5ab45c8e1375e2d64b469a969a9a6161	6304	A	open_model_study_outputs	external; not regenerable from tracked inputs alone; preserve run record	rule
data/projects/open_model_data/study/v4_learning_study_receipt_v1.json	100644	155153d6bc40241dc88171bd7f9512006f3c7a42	1451	A	open_model_study_outputs	v4_open_weight_learning_study.py; not regenerable from tracked inputs alone; preserve run outcome	rule
data/projects/open_model_data/study/v4_learning_study_recipe_v1.json	100644	3250d9c863499544824fe018031335259a245773	1235	K	open_model_study_recipes	hand-authored recipe or reviewed acceptance template	rule
data/projects/open_model_data/trajectories/cot_claim_verification_receipt.json	100644	4f62a75036bf31907842152225b1399f855c192c	1323	K	open_model_controls	trajectory verification receipt	rule
data/projects/open_model_data/trajectories/rejected_trajectories.jsonl	100644	e69de29bb2d1d6434b8b29ae775ad8c2e48c5391	0	A	open_model_other_indexes	external; regenerable with source trajectories and verification inputs	rule
data/projects/open_model_data/trajectories/verified_trajectories.jsonl	100644	83e61fc9da2cb0e8bc6a2ce026c2db94f4044ed1	15829	A	open_model_other_indexes	external; regenerable with source trajectories and verification inputs	rule
data/projects/open_model_data/treatments/gemma4_it_l40s_hf_jobs_probe_plan_v1.json	100644	7307cb0e00f1339e822513cbcf8f14cf6f950468	2537	K	open_model_controls	treatment plan config or preregistration	rule
data/projects/open_model_data/treatments/gemma4_it_model_snapshot_manifest_v1.json	100644	97467c8a6a81de7be7354f46c46e187213e03d2f	1994	K	open_model_controls	treatment model snapshot manifest	rule
data/projects/open_model_data/treatments/gemma4_it_safety_probe_receipt_v1.json	100644	d40d49725ee33857d77a27d0d099a5737504549a	2009	K	open_model_controls	treatment probe receipt	rule
data/projects/open_model_data/treatments/gemma4_it_stage0_preflight_v1.json	100644	c6a6fda9a7259df4634df3d5d4b9f54595c605d5	3325	K	open_model_controls	treatment preflight record	rule
data/projects/open_model_data/treatments/gemma4_it_tokenizer_diagnostics_v1.json	100644	4d7441838fbf31c5e08de2c07312e880b1371f61	8401	K	open_model_controls	treatment tokenizer diagnostics	rule
data/projects/open_model_data/treatments/gemma4_it_wikipedia_mask_ablation_preregistration_v1.json	100644	42119d4ea9a0ceaae93da6bf60b9a601383fecd5	9948	K	open_model_controls	treatment plan config or preregistration	rule
data/projects/open_model_data/trust/v4_child_profile_v2.json	100644	c600d95bff180338d926020ef8f6984faf7851db	3437	K	open_model_controls	child trust profile	rule
data/projects/open_model_data/trust/v4_child_profile_v3.json	100644	19973827fb1934ad12bd3ec78792bd9ee7339452	3679	K	open_model_controls	child trust profile	rule
data/projects/open_model_data/trust/v4_review_rubric_v1.txt	100644	0fe202ef1724217542de26985621a403c305d131	258	K	open_model_controls	review rubric or trust policy	rule
data/projects/open_model_data/trust/v4_review_rubric_v2.txt	100644	a1f1742f3b8f4726b8c895aedc2f5aa3b430fb66	3484	K	open_model_controls	review rubric or trust policy	rule
data/projects/open_model_data/trust/v4_trust_policy_v1.json	100644	feb59989d1d5a824109d16cc3b3f270e1e9e3bc5	95	K	open_model_controls	review rubric or trust policy	rule
data/projects/open_model_data/trust/v4_trust_policy_v2.json	100644	807e762c277a4f4426e0df78c33989cf5c31d876	497	K	open_model_controls	review rubric or trust policy	rule
data/projects/ua_eval_harness/analysis/v0.1.1/item_evidence.jsonl	100644	816061688b1a9429099139c021251b0a0504fb10	1593108	K	evaluation_frozen	frozen evaluation input, schema, baseline, or run evidence	rule
data/projects/ua_eval_harness/analysis/v0.1.1/summary.json	100644	8fd243f57bb9c45a18a899cddcb012ab1d552e10	11383	K	evaluation_frozen	frozen evaluation input, schema, baseline, or run evidence	rule
data/projects/ua_eval_harness/baselines/v1/README.md	100644	ae55b6d8c50441bee62877c09d1bc87262590f34	3691	K	evaluation_frozen	evaluation baseline documentation	rule
data/projects/ua_eval_harness/baselines/v1/fixture-rules.report.json	100644	3a589aaca7de9832dbd4704350bb835e6bf52cee	14855	K	evaluation_frozen	frozen evaluation input, schema, baseline, or run evidence	rule
data/projects/ua_eval_harness/baselines/v1/fixture-rules.responses.jsonl	100644	619ddf3fa7de39ec198db624275c4f14021923a4	385552	K	evaluation_frozen	frozen evaluation input, schema, baseline, or run evidence	rule
data/projects/ua_eval_harness/baselines/v1/generation_requests.jsonl	100644	de33f6f3e345fd303c6d85fabb535a444d40c649	378815	K	evaluation_frozen	frozen evaluation input, schema, baseline, or run evidence	rule
data/projects/ua_eval_harness/baselines/v1/gpt-5.6-terra.report.json	100644	3d84fa4e4d644b526c4d78a616d142d20e7adc7a	17397	K	evaluation_frozen	frozen evaluation input, schema, baseline, or run evidence	rule
data/projects/ua_eval_harness/baselines/v1/gpt-5.6-terra.responses.jsonl	100644	83ac33f32b308826bdd07e621713b5f9e79ead7d	387217	K	evaluation_frozen	frozen evaluation input, schema, baseline, or run evidence	rule
data/projects/ua_eval_harness/baselines/v1/identity.report.json	100644	6b1ec1da92247bef11f7c03b1e8efff5cc10f5d2	14631	K	evaluation_frozen	frozen evaluation input, schema, baseline, or run evidence	rule
data/projects/ua_eval_harness/baselines/v1/identity.responses.jsonl	100644	0354431f216b8f7f9c04ed5b967e30eb6dd50b6a	385347	K	evaluation_frozen	frozen evaluation input, schema, baseline, or run evidence	rule
data/projects/ua_eval_harness/baselines/v2/README.md	100644	a10b03cc85708e39f3e9936f9eb4fd7ca660a6bc	5483	K	evaluation_frozen	evaluation baseline documentation	rule
data/projects/ua_eval_harness/baselines/v2/gemma-4-31b-it.failed-attempts.jsonl	100644	b2aa0a2395302a4d3ded06f819988f57f8e659aa	9606	K	evaluation_frozen	frozen evaluation input, schema, baseline, or run evidence	rule
data/projects/ua_eval_harness/baselines/v2/gemma-4-31b-it.metadata.json	100644	26784da29e8f5061cd43b7574293c61e96951800	19851	K	evaluation_frozen	frozen evaluation input, schema, baseline, or run evidence	rule
data/projects/ua_eval_harness/baselines/v2/gemma-4-31b-it.model-output.jsonl	100644	d6b40fbad34f2b0daf95ab821320bc186997f23d	201882	K	evaluation_frozen	frozen evaluation input, schema, baseline, or run evidence	rule
data/projects/ua_eval_harness/baselines/v2/gemma-4-31b-it.raw-provider-output.jsonl	100644	11faa379c52f446dcf907ce7e56160f08d0546a4	261573	K	evaluation_frozen	frozen evaluation input, schema, baseline, or run evidence	rule
data/projects/ua_eval_harness/baselines/v2/gemma-4-31b-it.report.json	100644	95deb28d8fc9342611c0d93f4f9978ec85de98d9	35198	K	evaluation_frozen	frozen evaluation input, schema, baseline, or run evidence	rule
data/projects/ua_eval_harness/baselines/v2/gemma-4-31b-it.responses.jsonl	100644	f1db866760dfe6ed7bae18568164dafa0f960af8	401384	K	evaluation_frozen	frozen evaluation input, schema, baseline, or run evidence	rule
data/projects/ua_eval_harness/baselines/v2/gemma-4-31b-it.run-config.json	100644	046144aafdca9b79bebbb199a932a3c2acf36061	1107	K	evaluation_frozen	evaluation configuration	rule
data/projects/ua_eval_harness/development/taxonomy.yaml	100644	3fd986347425fd56e90adddf237db561013dca4d	1796	K	evaluation_frozen	frozen evaluation input, schema, baseline, or run evidence	rule
data/projects/ua_eval_harness/evalset_v1.jsonl	100644	dd1a1940649d5d4da18eb1660c05177b4c72e095	61154	K	evaluation_frozen	frozen evaluation input, schema, baseline, or run evidence	rule
data/projects/ua_eval_harness/heldout_manifest_config.json	100644	0809423daa4cdccf0bebdf9ed91e739f51983fc9	1312	K	evaluation_frozen	evaluation configuration	rule
data/projects/ua_eval_harness/heldout_manifest_v1.json	100644	efe9b71ebf8aacbcb247f8a003f96e4873c4db3e	896527	K	evaluation_frozen	frozen evaluation input, schema, baseline, or run evidence	rule
data/projects/ua_eval_harness/minimal_edit_prompt_v1.txt	100644	ca58ccd981cac6db6cecbf06e6e82b9998a14f7b	846	K	evaluation_frozen	evaluation prompt or instructions	rule
data/projects/ua_eval_harness/model_output_schema_v1.json	100644	7231f4e1c4d0c16df5c828e58747ff818c16c68a	562	K	evaluation_frozen	frozen evaluation input, schema, baseline, or run evidence	rule
data/projects/ua_eval_harness/model_run_config.example.json	100644	f6e79fc198b275c68c634e33cd53aa6d0876b9de	868	K	evaluation_frozen	evaluation configuration	rule
data/projects/ua_eval_harness/model_run_config_schema_v1.json	100644	f3df87c6849a91092e0ed8a54824cfe498ab7a09	2186	K	evaluation_frozen	evaluation configuration schema	rule
data/projects/ua_eval_harness/releases/v0.1.0/freeze_manifest.json	100644	a2434a81b4f9593459bc3675309a319e1df6bea2	14294	K	evaluation_frozen	frozen evaluation input, schema, baseline, or run evidence	rule
data/projects/ua_eval_harness/releases/v0.1.0/split_integrity.json	100644	e309f5bf4d0d10ee357bc2b29aa2c669dc57d326	36151	K	evaluation_frozen	frozen evaluation input, schema, baseline, or run evidence	rule
data/projects/ua_eval_harness/releases/v0.1.1/freeze_manifest.json	100644	280501b55c5786369bfe24bd1b8ad9ab9defcefd	15626	K	evaluation_frozen	frozen evaluation input, schema, baseline, or run evidence	rule
data/projects/ua_eval_harness/releases/v0.1.1/split_integrity.json	100644	223d5c559cc13693ffca64f77ec77d035df96a65	36151	K	evaluation_frozen	frozen evaluation input, schema, baseline, or run evidence	rule
data/projects/ua_eval_harness/scoring_disposition_config.json	100644	f8a58d2d09112965a1e62755ccd36c9d30ea5c18	4169	K	evaluation_frozen	evaluation configuration	rule
data/projects/ua_eval_harness/scoring_dispositions_v1.json	100644	41e7738457e80648c28db4c54158c5163ec4c43c	241285	K	evaluation_frozen	frozen evaluation input, schema, baseline, or run evidence	rule
data/projects/ua_eval_harness/v0.2/annotation_schema_v1.json	100644	5cb34102c898443a9ec7469d3639dd46874a8274	2389	K	evaluation_frozen	frozen evaluation input, schema, baseline, or run evidence	rule
data/projects/ua_eval_harness/v0.2/review_packet_priority_v1.jsonl	100644	4bbb89f4580b6071ab87124eb6d2953bb8f14c72	26584	K	evaluation_frozen	frozen evaluation input, schema, baseline, or run evidence	rule
data/projects/ua_eval_harness/v0.2/reviewer_decision_schema_v1.json	100644	e6351c686504977bb420d3e039b6c5ec1101ab4a	2908	K	evaluation_frozen	frozen evaluation input, schema, baseline, or run evidence	rule
data/projects/ua_open_weight_eval/runs/gemma4_qat_q4_0_hf_jobs_v1.disposition.json	100644	95102dc46c033ab9972851bfaa4bc3fa08ab1ea2	3190	K	evaluation_frozen	open-weight evaluation run record or disposition	rule
data/projects/ua_open_weight_eval/runs/gemma4_qat_q4_0_hf_jobs_v1.json	100644	3958bf1c2bd483beb05c45b839caab29342156fb	10389	K	evaluation_frozen	open-weight evaluation run record or disposition	rule
data/projects/ua_open_weight_eval/v0.1.0/build_config.json	100644	ed476c902e2651bee3893a2989d95404b1ee7c87	871	K	evaluation_frozen	open-weight evaluation configuration	rule
data/projects/ua_open_weight_eval/v0.1.0/cases.jsonl	100644	74d87b97b4dd1c52aa9b2a452f312439facb23e2	4243503	K	evaluation_frozen	frozen evaluation cases, controlled seeds, or release receipt	rule
data/projects/ua_open_weight_eval/v0.1.0/controlled_seeds.jsonl	100644	a295319386ba0fa7612f56cf8666db1e0e466054	9126	K	evaluation_frozen	frozen evaluation cases, controlled seeds, or release receipt	rule
data/projects/ua_open_weight_eval/v0.1.0/local_run_config.example.json	100644	d01ab1f70b3fb8c3c8644f7fd749cb3733e16150	409	K	evaluation_frozen	open-weight evaluation configuration	rule
data/projects/ua_open_weight_eval/v0.1.0/release_receipt.json	100644	12a9d42bec63b12639af630bf2718a7113246911	2266	K	evaluation_frozen	frozen evaluation cases, controlled seeds, or release receipt	rule
data/projects/ua_open_weight_eval/v0.1.0/saved_response.schema.json	100644	b01001127c59a98af2ecafdba1b6880df32a94f6	550	K	evaluation_frozen	open-weight evaluation response schema	rule
data/raw/pravopys.html	100644	02db91b63fa6a4709543d5bb62d469fbfa8c0e44	36769	A	raw_source	external; not regenerable without the exact source snapshot	rule
data/references/interference-patterns-walexy.json	100644	f677ab0a123db2f1e2fd5d373e3add3cb04db919	12925	A	zero_reader	external; not regenerable from tracked inputs; zero-reader bytes retained	rule
data/russianism-patterns-ua-gec.csv	100644	8591a6f7453ffe1a0dcdbbb5930c964753dd834d	19941	K	reference_inputs	frozen UA-GEC reference input	rule
data/telemetry/.gitkeep	100644	8b137891791fe96927ad78e64b0aad7bded08bdc	1	S	placeholders	tracked directory placeholder; handle at seal	rule
data/textbook_curriculum_denominator.yaml	100644	0666c4c068bfc8ab5eab4347623c1e3e14db0aba	174865	K	reference_inputs	frozen curriculum denominator	rule
data/translations/README.md	100644	3ba19d356fd5bc26956f54940cb039cac71fcea4	1235	K	translation_archive	translation archive guidance	rule
data/translations/all-translations.json	100644	d849e33f5a59ab7492838d0556dcf35ef59f1af8	7149	K	translation_archive	nonregenerable translation reapplication record	rule
data/translations/b1-manual-translations.json	100644	199771e3d41a39971f66cbda677109961d9ce160	313	K	translation_archive	nonregenerable translation reapplication record	rule
data/translations/batch-aa-translations.json	100644	9f9596a6b029a54a6175275769a5edd25926bc20	665	K	translation_archive	nonregenerable translation reapplication record	rule
data/translations/batch-ab-translations.json	100644	671eefe1ef42db58c2e6fa00e5a5f3ebb7b5e6d1	473	K	translation_archive	nonregenerable translation reapplication record	rule
data/translations/gemini-batch-1-translations.json	100644	071865b2e6ceecb56e9f5c2f703cc8d6dc7fcff5	3264	K	translation_archive	nonregenerable translation reapplication record	rule
data/translations/gemini-batch-2-translations.json	100644	65babb64260a30c70de293474c0001379c9e7c3b	1874	K	translation_archive	nonregenerable translation reapplication record	rule
data/translations/input/INSTRUCTIONS.md	100644	d8482406a3c5c9a7adcc087b988b1d54586f6ad7	855	K	translation_archive	translation source batch or instructions	rule
data/translations/input/README.md	100644	d2b2c804d7f017ea246c7821b485d69e6989f256	591	K	translation_archive	translation source batch or instructions	rule
data/translations/input/TRANSLATE-ME.txt	100644	5e35b4b699bcf1aa676d425bcc27047d1abb60cf	1465	K	translation_archive	translation source batch or instructions	rule
data/translations/input/all-remaining-words.txt	100644	d93ae5ab51b8769b2aa58a1b432f9b545b9c087b	5703	K	translation_archive	translation source batch or instructions	rule
data/translations/input/batch-aa	100644	6e9e3ed05abc099535f83c069cfe0bff716aca20	1557	K	translation_archive	translation source batch or instructions	rule
data/translations/input/batch-ab	100644	f8d1621b589cdd10588f8bc6d6d9bafdae2591a3	1403	K	translation_archive	translation source batch or instructions	rule
data/translations/input/batch-ac	100644	332e1508b57beb8a04c674309a81b2c27ccaafc3	1411	K	translation_archive	translation source batch or instructions	rule
data/translations/input/batch-ad	100644	e3e278ae4c81165e542aa1e1a9966413dbf6a4fa	1292	K	translation_archive	translation source batch or instructions	rule
data/translations/input/batch-ae	100644	98d3e1e9235ab1118a0455508c66099c73af1dfb	542	K	translation_archive	translation source batch or instructions	rule
data/translations/input/show-prompt.sh	100755	c9ed76dd78b161f43de403c74b8b52ffc96e8296	1093	K	translation_archive	translation prompt helper	rule
data/ua-gec-gold/ua-gec-gold.contested.json	100644	dd8edf4bae70403b6550d4a178582a1c8e39bd38	10467	K	reference_inputs	frozen UA-GEC gold input	rule
data/ua-gec-gold/ua-gec-gold.json	100644	18dc078eb0ea8e75999adc910c400447a2bd201f	146203	K	reference_inputs	frozen UA-GEC gold input	rule
data/ubertext-freq/.gitignore	100644	afed0735dc96c6fc6a05ec52e959b8175f27cee5	6	S	placeholders	tracked ignore control; handle at seal	rule
data/university_corpus_denominator.yaml	100644	a1b8a92b47de9b9d978871ee27bc7986a66646f7	34911	K	reference_inputs	frozen university source denominator	rule
data/youtube_discovery/patterns.yaml	100644	b3e56194ed94c0edcbf29c518c0bbfc2a57359a1	114	K	reference_inputs	curated channel patterns	rule
data/youtube_discovery/ulp_grammar_guide_backfill.jsonl	100644	e8aaec3ab5691e1dd28db37e5880dd3a3e390d80	1509	A	zero_reader	external; not regenerable from tracked inputs; zero-reader bytes retained	rule
