"artifact"	"consumer"	"check"
"base:DATA_DIR"	"docs/design/monitor-api-router-inventory.md"	"doc-only: historical, provenance, or human guidance; runnable K paths are reviewed in notes-P2.md"
"base:DATA_DIR"	"scripts/generate_mdx/generate_ipa.py"	"logical-id: generic base symbol in unchanged code does not resolve a P2 path"
"base:DATA_DIR"	"scripts/rag/config.py"	"logical-id: generic base symbol in unchanged code does not resolve a P2 path"
"base:DATA_DIR"	"scripts/rag/prepare_antonenko.py"	"logical-id: generic base symbol in unchanged code does not resolve a P2 path"
"base:DATA_DIR"	"scripts/rag/prepare_grinchenko.py"	"logical-id: generic base symbol in unchanged code does not resolve a P2 path"
"base:DATA_DIR"	"scripts/rag/scrape_wikisource.py"	"logical-id: generic base symbol in unchanged code does not resolve a P2 path"
"base:DATA_DIR"	"scripts/storage/consumers.py"	"logical-id: generic base symbol in unchanged code does not resolve a P2 path"
"base:DATA_DIR"	"tests/projects/open_model_data/test_real_training_run_8338.py"	"logical-id: generic base symbol in unchanged code does not resolve a P2 path"
"base:DATA_DIR"	"tests/projects/open_model_data/test_v5_dialect_historical_protection.py"	"logical-id: generic base symbol in unchanged code does not resolve a P2 path"
"base:DATA_DIR"	"tests/test_coverage_misc.py"	"logical-id: generic base symbol in unchanged code does not resolve a P2 path"
"base:DATA_ROOT"	"scripts/analytics/vocab_progression.py"	"logical-id: generic base symbol in unchanged code does not resolve a P2 path"
"base:DATA_ROOT"	"scripts/audit/source_inventory_review_decisions.py"	"tests.test_source_inventory_review_decisions::test_committed_decision_validation_reuses_shared_source_index"
"base:DATA_ROOT"	"scripts/storage/consumers.py"	"logical-id: generic base symbol in unchanged code does not resolve a P2 path"
"base:DATA_ROOT"	"scripts/storage/paths.py"	"logical-id: generic base symbol in unchanged code does not resolve a P2 path"
"base:DATA_ROOT"	"tests/conftest.py"	"logical-id: frozen classification, untracked host state, or unchanged synthetic sparse tree name"
"base:DATA_ROOT"	"tests/storage/test_consumers.py"	"logical-id: generic base symbol in unchanged code does not resolve a P2 path"
"base:DATA_ROOT"	"tests/storage/test_needs_artifact_hook.py"	"logical-id: generic base symbol in unchanged code does not resolve a P2 path"
"base:LEXICON_DATA_DIR"	"scripts/storage/consumers.py"	"logical-id: generic base symbol in unchanged code does not resolve a P2 path"
"base:artifact_path"	"scripts/audit/generate_practice_deck.py"	"tests.test_generate_practice_deck::test_a2_classify_items_do_not_raise_english_labels"
"base:artifact_path"	"scripts/audit/layerb_label_scaffold.py"	"tests.test_layerb_label_tools::test_adversarial_corpus_select_all_scaffolds_all_cases_without_proposed_labels"
"base:artifact_path"	"scripts/audit/llm_qg_shadow_store.py"	"tests.audit.test_qg_shadow_run::test_artifact_survival_probe_passes_then_fails_on_loss_and_drift"
"base:artifact_path"	"scripts/audit/qg_bakeoff.py"	"tests.audit.test_qg_bakeoff::test_arm_bare_after_tooled_scorecard_keeps_both_arms"
"base:artifact_path"	"scripts/audit/qg_shadow_run.py"	"tests.audit.test_qg_shadow_run::test_artifact_survival_probe_passes_then_fails_on_loss_and_drift"
"base:artifact_path"	"scripts/audit/source_inventory_review_decisions.py"	"tests.test_source_inventory_review_decisions::test_committed_decision_validation_reuses_shared_source_index"
"base:artifact_path"	"scripts/build/convergence_loop.py"	"logical-id: generic base symbol in unchanged code does not resolve a P2 path"
"base:artifact_path"	"scripts/build/linear_pipeline.py"	"logical-id: generic base symbol in unchanged code does not resolve a P2 path"
"base:artifact_path"	"scripts/build/module_memory.py"	"logical-id: generic base symbol in unchanged code does not resolve a P2 path"
"base:artifact_path"	"scripts/lexicon/admit_stem_slice_2a.py"	"tests.test_admit_fmu_boosters::test_fmu_booster_decisions_are_valid"
"base:artifact_path"	"scripts/lexicon/admit_teacher_table.py"	"tests.test_admit_teacher_table::test_admit_and_enrich_keeps_expressions_and_accounts_for_single_token_residuals"
"base:artifact_path"	"scripts/lexicon/build_teacher_deck_cloze.py"	"tests.test_build_teacher_deck_cloze::test_accepts_apostrophe_variants"
"base:artifact_path"	"scripts/lexicon/enrich_manifest.py"	"tests.test_enrich_manifest_cli::test_build_help_exits_zero_and_leaves_manifest_untouched"
"base:artifact_path"	"scripts/lexicon/load_relation_candidates.py"	"tests.test_load_relation_candidates::test_loader_dry_run_is_read_only_and_source_filter_is_precise"
"base:artifact_path"	"scripts/lexicon/ohoiko_paired_headword_split.py"	"tests.test_ohoiko_paired_headword_split::test_analyze_paired_splits_never_promotes_a_no_gloss_leg"
"base:artifact_path"	"scripts/lexicon/park_thin_entries.py"	"tests.test_park_thin_entries::test_artifact_is_written_before_manifest_shrinks_on_write_failure"
"base:artifact_path"	"scripts/lexicon/runner/enrich_offline_20k.py"	"tests.test_lexicon_runner_enrich_offline_20k::test_bare_invocation_refuses_without_running"
"base:artifact_path"	"scripts/lexicon/runner/launch_reenrich_class_b.sh"	"/home/ops/learn-ukrainian/.venv/bin/python -m pytest -q tests/test_launch_reenrich_venv_preflight.py tests/test_lexicon_enrich_manifest.py::test_enrich_uses_base_form_for_pair_single_form_sections tests/test_lexicon_enrich_manifest.py::test_enrich_populates_antonyms_phraseology_and_variant_etymology"
"base:artifact_path"	"scripts/lexicon/runner/reduce_ulif_20k.py"	"tests.test_lexicon_runner_reduce_ulif_20k::test_help_exits_zero_without_side_effects"
"base:artifact_path"	"scripts/navsi200_asr_bakeoff.py"	"logical-id: generic base symbol in unchanged code does not resolve a P2 path"
"base:artifact_path"	"scripts/navsi200_captions.py"	"logical-id: generic base symbol in unchanged code does not resolve a P2 path"
"base:artifact_path"	"scripts/orchestration/curriculum_readiness.py"	"logical-id: generic base symbol in unchanged code does not resolve a P2 path"
"base:artifact_path"	"scripts/projects/open_model_data/phase3_recovery_contracts.py"	"logical-id: generic base symbol in unchanged code does not resolve a P2 path"
"base:artifact_path"	"scripts/projects/open_model_data/v4_reproduce_deliverables.py"	"logical-id: generic base symbol in unchanged code does not resolve a P2 path"
"base:artifact_path"	"scripts/projects/ua_open_weight_eval/hf_jobs_transport.py"	"logical-id: generic base symbol in unchanged code does not resolve a P2 path"
"base:artifact_path"	"scripts/storage/consumers.py"	"logical-id: generic base symbol in unchanged code does not resolve a P2 path"
"base:artifact_path"	"scripts/storage/paths.py"	"logical-id: generic base symbol in unchanged code does not resolve a P2 path"
"base:artifact_path"	"scripts/wiki/diagnostics/corpus_gaps/audit.py"	"logical-id: generic base symbol in unchanged code does not resolve a P2 path"
"base:artifact_path"	"tests/audit/test_classify_grounding_failures.py"	"logical-id: generic base symbol in unchanged code does not resolve a P2 path"
"base:artifact_path"	"tests/audit/test_qg_bakeoff.py"	"logical-id: generic base symbol in unchanged code does not resolve a P2 path"
"base:artifact_path"	"tests/audit/test_qg_run_serializer.py"	"logical-id: generic base symbol in unchanged code does not resolve a P2 path"
"base:artifact_path"	"tests/audit/test_qg_shadow_run.py"	"logical-id: generic base symbol in unchanged code does not resolve a P2 path"
"base:artifact_path"	"tests/build/test_wiki_coverage_correction_yaml_guard.py"	"logical-id: generic base symbol in unchanged code does not resolve a P2 path"
"base:artifact_path"	"tests/fixtures/curriculum_qg/layer_b_adversarial/manifest.yaml"	"logical-id: generic base symbol in unchanged code does not resolve a P2 path"
"base:artifact_path"	"tests/storage/test_artifacts.py"	"logical-id: generic base symbol in unchanged code does not resolve a P2 path"
"base:artifact_path"	"tests/test_convergence_loop.py"	"logical-id: generic base symbol in unchanged code does not resolve a P2 path"
"base:artifact_path"	"tests/test_docs_router.py"	"logical-id: generic base symbol in unchanged code does not resolve a P2 path"
"base:artifact_path"	"tests/test_layerb_label_tools.py"	"logical-id: generic base symbol in unchanged code does not resolve a P2 path"
"base:artifact_path"	"tests/test_lexicon_enrich_manifest.py"	"/home/ops/learn-ukrainian/.venv/bin/python -m pytest -q tests/test_launch_reenrich_venv_preflight.py tests/test_lexicon_enrich_manifest.py::test_enrich_uses_base_form_for_pair_single_form_sections tests/test_lexicon_enrich_manifest.py::test_enrich_populates_antonyms_phraseology_and_variant_etymology"
"base:artifact_path"	"tests/test_miyklas_relation_miner.py"	"tests.test_miyklas_relation_miner::test_clean_candidate_records_removes_labels_without_losing_valid_terms"
"base:artifact_path"	"tests/test_module_memory.py"	"logical-id: generic base symbol in unchanged code does not resolve a P2 path"
"base:artifact_path"	"tests/test_ohoiko_paired_headword_split.py"	"logical-id: generic base symbol in unchanged code does not resolve a P2 path"
"base:artifact_path"	"tests/test_open_model_phase3_recovery_contracts.py"	"logical-id: generic base symbol in unchanged code does not resolve a P2 path"
"base:artifact_path"	"tests/test_v6_contract_flow.py"	"logical-id: generic base symbol in unchanged code does not resolve a P2 path"
"base:artifact_path"	"tests/wiki/diagnostics/test_corpus_gaps.py"	"logical-id: generic base symbol in unchanged code does not resolve a P2 path"
"base:data-prefix"	"scripts/delegate.py"	"logical-id: frozen classification, untracked host state, or unchanged synthetic sparse tree name"
"base:data-prefix"	"scripts/deploy/auto_deploy_eligibility.py"	"logical-id: generic base symbol in unchanged code does not resolve a P2 path"
"base:data-prefix"	"scripts/lexicon/curated_ohoiko_ulp_repromote.py"	"tests.test_curated_ohoiko_ulp_repromote::test_collect_ulp_headwords_signature_has_no_sum_connection"
"base:data-prefix"	"scripts/lexicon/curated_textbook_jsonl_repromote.py"	"tests.test_curriculum_atlas_intake::test_capitalized_proper_nouns_resolve_to_canonical_lemma"
"base:data-prefix"	"scripts/projects/open_model_data/phase3_heldout_partition.py"	"logical-id: generic base symbol in unchanged code does not resolve a P2 path"
"base:data-prefix"	"scripts/storage/artifacts.py"	"logical-id: generic base symbol in unchanged code does not resolve a P2 path"
"base:data-prefix"	"scripts/storage/consumers.py"	"logical-id: generic base symbol in unchanged code does not resolve a P2 path"
"base:data-prefix"	"scripts/storage/paths.py"	"logical-id: generic base symbol in unchanged code does not resolve a P2 path"
"base:data-prefix"	"tests/projects/open_model_data/_v4_a7_real_slot_fixture.py"	"logical-id: generic base symbol in unchanged code does not resolve a P2 path"
"base:data-prefix"	"tests/storage/test_consumers.py"	"logical-id: generic base symbol in unchanged code does not resolve a P2 path"
"base:data-prefix"	"tests/test_delegate.py"	"logical-id: generic base symbol in unchanged code does not resolve a P2 path"
"base:data-segment-join"	"scripts/audit/grow_lexicon_from_lemmas.py"	"tests.test_grow_lexicon_from_lemmas::test_generate_candidates_reads_lemma_file_and_splits_candidates"
"base:data-segment-join"	"scripts/audit/grow_lexicon_from_sources.py"	"tests.test_grow_lexicon_from_sources::test_generate_candidates_from_source_inventory_retains_provenance"
"base:data-segment-join"	"scripts/audit/source_inventory_intake.py"	"tests.test_source_inventory_intake::test_committed_source_inventory_files_are_valid"
"base:data-segment-join"	"scripts/lexicon/admit_teacher_table.py"	"tests.test_admit_teacher_table::test_admit_and_enrich_keeps_expressions_and_accounts_for_single_token_residuals"
"base:data-segment-join"	"scripts/lexicon/anchor_curation_evidence.py"	"tests.test_anchor_curation_worksheet::test_anchor_curation_worksheet_has_exactly_158_unique_evidenced_records"
"base:data-segment-join"	"scripts/lexicon/apply_anchor_worksheet.py"	"tests.test_apply_anchor_worksheet::test_agy_dry_run_does_not_apply_legacy_cached_fill"
"base:data-segment-join"	"scripts/lexicon/atlas_intake_core.py"	"tests.test_ohoiko_atlas_intake::test_build_intake_classifies_book_and_running_text_candidates"
"base:data-segment-join"	"scripts/lexicon/build_data_manifest.py"	"tests.etymology.test_build_data_manifest::test_entry_fields_include_cognates_and_proto"
"base:data-segment-join"	"scripts/lexicon/build_kaikki_lookup.py"	"tests.test_build_kaikki_lookup::test_build_lookup_aggregates_ipa_etymology_and_pos"
"base:data-segment-join"	"scripts/lexicon/curriculum_atlas_intake.py"	"tests.test_curriculum_atlas_intake::test_capitalized_proper_nouns_resolve_to_canonical_lemma"
"base:data-segment-join"	"scripts/lexicon/enrich_manifest.py"	"tests.test_enrich_manifest_cli::test_build_help_exits_zero_and_leaves_manifest_untouched"
"base:data-segment-join"	"scripts/lexicon/esum_garbled.py"	"logical-id: dynamic data join targets runtime cache, runner state, or unrelated data; no P2 tracked K resolver"
"base:data-segment-join"	"scripts/lexicon/extract_grinchyshyn_paronym_candidates.py"	"tests.test_extract_grinchyshyn_paronym_candidates::test_expands_groups_and_accepts_wrapped_slash_lines"
"base:data-segment-join"	"scripts/lexicon/generate_antonym_candidates.py"	"logical-id: dynamic data join targets runtime cache, runner state, or unrelated data; no P2 tracked K resolver"
"base:data-segment-join"	"scripts/lexicon/generate_needs_review_ledger.py"	"tests.test_generate_needs_review_ledger::test_cli_refuses_without_write_or_dry_run"
"base:data-segment-join"	"scripts/lexicon/generate_vesum_aliases.py"	"tests.test_generate_vesum_aliases::test_build_alias_map_gates"
"base:data-segment-join"	"scripts/lexicon/grow_lexicon_from_content.py"	"tests.test_grow_lexicon_from_content::test_build_skeleton_entry_prefers_non_archaic_exact_pos"
"base:data-segment-join"	"scripts/lexicon/heritage_calque_wave.py"	"tests.test_heritage_calque_wave::test_candidate_sentences_splits_on_terminal_punctuation"
"base:data-segment-join"	"scripts/lexicon/heritage_classifier.py"	"tests.test_heritage_classifier::test_atlas_heritage_labels_use_source_backed_evidence"
"base:data-segment-join"	"scripts/lexicon/load_relation_candidates.py"	"tests.test_load_relation_candidates::test_loader_dry_run_is_read_only_and_source_filter_is_precise"
"base:data-segment-join"	"scripts/lexicon/mine_wikipedia_relations.py"	"logical-id: dynamic data join targets runtime cache, runner state, or unrelated data; no P2 tracked K resolver"
"base:data-segment-join"	"scripts/lexicon/ohoiko_atlas_intake.py"	"tests.test_ohoiko_atlas_intake::test_build_intake_classifies_book_and_running_text_candidates"
"base:data-segment-join"	"scripts/lexicon/park_thin_entries.py"	"tests.test_park_thin_entries::test_artifact_is_written_before_manifest_shrinks_on_write_failure"
"base:data-segment-join"	"scripts/lexicon/promote_grow_candidates.py"	"tests.test_promote_grow_candidates::test_allow_preexisting_conformance_checks_only_promoted_entries"
"base:data-segment-join"	"scripts/lexicon/promote_teacher_lesson_intake.py"	"tests.test_promote_teacher_lesson_intake::test_build_teacher_lesson_membership_unions_existing_atlas_routes"
"base:data-segment-join"	"scripts/lexicon/reconcile_calque_clusters.py"	"tests.test_reconcile_calque_clusters::test_candidate_alternative_validation"
"base:data-segment-join"	"scripts/lexicon/runner/atlas_job.py"	"logical-id: dynamic data join targets runtime cache, runner state, or unrelated data; no P2 tracked K resolver"
"base:data-segment-join"	"scripts/lexicon/runner/enrich_offline_20k.py"	"tests.test_lexicon_runner_enrich_offline_20k::test_bare_invocation_refuses_without_running"
"base:data-segment-join"	"scripts/lexicon/thin_page_report.py"	"tests.test_thin_page_report::test_classify_tier_rule"
"base:data-segment-join"	"scripts/lexicon/triage_needs_review.py"	"tests.test_triage_needs_review::test_batch_dict_siblings_with_fixture_db"
"base:data-segment-join"	"scripts/practice_deck/end_dictionaries.py"	"tests.test_end_dictionaries::test_classify_section_title_dominant_kinds"
"base:data-segment-join"	"tests/test_curriculum_atlas_intake.py"	"tests.test_curriculum_atlas_intake::test_capitalized_proper_nouns_resolve_to_canonical_lemma"
"base:data-segment-join"	"tests/test_delegate.py"	"logical-id: generic base symbol in unchanged code does not resolve a P2 path"
"base:data-segment-join"	"tests/test_launch_reenrich_venv_preflight.py"	"/home/ops/learn-ukrainian/.venv/bin/python -m pytest -q tests/test_launch_reenrich_venv_preflight.py tests/test_lexicon_enrich_manifest.py::test_enrich_uses_base_form_for_pair_single_form_sections tests/test_lexicon_enrich_manifest.py::test_enrich_populates_antonyms_phraseology_and_variant_etymology"
"base:data-segment-join"	"tests/test_ohoiko_atlas_intake.py"	"tests.test_ohoiko_atlas_intake::test_build_intake_classifies_book_and_running_text_candidates"
"base:data-segment-join"	"tests/test_source_inventory_intake.py"	"tests.test_source_inventory_intake::test_committed_source_inventory_files_are_valid"
"base:data-segment-join"	"tests/test_sparse_collection_guard.py"	"logical-id: frozen classification, untracked host state, or unchanged synthetic sparse tree name"
"base:data-segment-join"	"tests/test_synonym_verdicts_pipeline.py"	"logical-id: generic base symbol in unchanged code does not resolve a P2 path"
"base:phase-directory-prefix"	".github/workflows/atlas-grow.yml"	"gh run view 36243687964 --json conclusion (success; final branch CI follows)"
"base:phase-directory-prefix"	"agents_extensions/shared/rules/delegate-must-use-worktree.md"	"doc-only: historical, provenance, or human guidance; runnable K paths are reviewed in notes-P2.md"
"base:phase-directory-prefix"	"docs/SCRIPTS.md"	"doc-only: historical, provenance, or human guidance; runnable K paths are reviewed in notes-P2.md"
"base:phase-directory-prefix"	"docs/architecture/adr/adr-017-atlas-schema-and-lifecycle.md"	"doc-only: historical, provenance, or human guidance; runnable K paths are reviewed in notes-P2.md"
"base:phase-directory-prefix"	"docs/best-practices/word-atlas-design.md"	"doc-only: historical, provenance, or human guidance; runnable K paths are reviewed in notes-P2.md"
"base:phase-directory-prefix"	"docs/decisions/2026-09-11-atlas-enrich-first-and-deterministic-decolonization.md"	"doc-only: historical, provenance, or human guidance; runnable K paths are reviewed in notes-P2.md"
"base:phase-directory-prefix"	"docs/dispatch-briefs/2026-06-12-atlas-heritage-classifier-strict-fix.md"	"doc-only: historical, provenance, or human guidance; runnable K paths are reviewed in notes-P2.md"
"base:phase-directory-prefix"	"docs/dispatch-briefs/2026-06-12-kaikki-ipa-etymology-wiring.md"	"doc-only: historical, provenance, or human guidance; runnable K paths are reviewed in notes-P2.md"
"base:phase-directory-prefix"	"docs/plans/2026-07-25-atlas-open-lexical-layer.md"	"doc-only: historical, provenance, or human guidance; runnable K paths are reviewed in notes-P2.md"
"base:phase-directory-prefix"	"docs/plans/atlas-entry-model-v1-and-corpus-fill.md"	"doc-only: historical, provenance, or human guidance; runnable K paths are reviewed in notes-P2.md"
"base:phase-directory-prefix"	"docs/poc/word-atlas/PRACTICE-HUB-SPEC.md"	"doc-only: historical, provenance, or human guidance; runnable K paths are reviewed in notes-P2.md"
"base:phase-directory-prefix"	"docs/practice/curated-membership-and-sources.md"	"doc-only: historical, provenance, or human guidance; runnable K paths are reviewed in notes-P2.md"
"base:phase-directory-prefix"	"docs/practice/heritage-calque-wave1-residual.md"	"doc-only: historical, provenance, or human guidance; runnable K paths are reviewed in notes-P2.md"
"base:phase-directory-prefix"	"docs/practice/heritage-pairs-growth.md"	"doc-only: historical, provenance, or human guidance; runnable K paths are reviewed in notes-P2.md"
"base:phase-directory-prefix"	"docs/practice/paronym-residual-taxonomy.md"	"doc-only: historical, provenance, or human guidance; runnable K paths are reviewed in notes-P2.md"
"base:phase-directory-prefix"	"docs/practice/textbook-end-dictionaries.md"	"doc-only: historical, provenance, or human guidance; runnable K paths are reviewed in notes-P2.md"
"base:phase-directory-prefix"	"docs/projects/open-model-data/DATASET_ACCEPTANCE_CHECK_SPEC.md"	"doc-only: historical, provenance, or human guidance; runnable K paths are reviewed in notes-P2.md"
"base:phase-directory-prefix"	"docs/runbooks/atlas-20k-runner-durability.md"	"doc-only: historical, provenance, or human guidance; runnable K paths are reviewed in notes-P2.md"
"base:phase-directory-prefix"	"docs/runbooks/atlas-job-protocol.md"	"doc-only: historical, provenance, or human guidance; runnable K paths are reviewed in notes-P2.md"
"base:phase-directory-prefix"	"docs/runbooks/data-backup.md"	"doc-only: historical, provenance, or human guidance; runnable K paths are reviewed in notes-P2.md"
"base:phase-directory-prefix"	"docs/runbooks/word-atlas-ohoiko-ulp-source-scope.md"	"doc-only: historical, provenance, or human guidance; runnable K paths are reviewed in notes-P2.md"
"base:phase-directory-prefix"	"docs/runbooks/word-atlas-private-teacher-source-scope.md"	"doc-only: historical, provenance, or human guidance; runnable K paths are reviewed in notes-P2.md"
"base:phase-directory-prefix"	"docs/runbooks/word-atlas-source-inventory-review-candidates.md"	"doc-only: historical, provenance, or human guidance; runnable K paths are reviewed in notes-P2.md"
"base:phase-directory-prefix"	"docs/runbooks/word-atlas-textbook-source-scope.md"	"doc-only: historical, provenance, or human guidance; runnable K paths are reviewed in notes-P2.md"
"base:phase-directory-prefix"	"registry/lexicon/grow-triage-ledgers/2026-07-10-grow-automerge-deferred-adjudication.yaml"	"logical-id: stored source provenance path; physical readers map it to registry or artifact_path()"
"base:phase-directory-prefix"	"registry/lexicon/grow-triage-ledgers/README.md"	"doc-only: historical, provenance, or human guidance; runnable K paths are reviewed in notes-P2.md"
"base:phase-directory-prefix"	"registry/lexicon/intake/private_teacher_lesson_intake_decisions.yaml"	"logical-id: stored source provenance path; physical readers map it to registry or artifact_path()"
"base:phase-directory-prefix"	"registry/lexicon/source-inventory-review-decisions/2026-06-29-first-approved-publish-batch.yaml"	"logical-id: stored source provenance path; physical readers map it to registry or artifact_path()"
"base:phase-directory-prefix"	"registry/lexicon/source-inventory-review-decisions/2026-06-30-second-approved-ledger-batch.yaml"	"logical-id: stored source provenance path; physical readers map it to registry or artifact_path()"
"base:phase-directory-prefix"	"registry/lexicon/source-inventory-review-decisions/2026-06-30-third-approved-textbook-ledger-batch.yaml"	"logical-id: stored source provenance path; physical readers map it to registry or artifact_path()"
"base:phase-directory-prefix"	"registry/lexicon/source-inventory-review-decisions/2026-07-02-first-approved-teacher-lesson-ledger-batch.yaml"	"logical-id: stored source provenance path; physical readers map it to registry or artifact_path()"
"base:phase-directory-prefix"	"registry/lexicon/source-inventory-review-decisions/2026-07-03-eighth-approved-teacher-lesson-ledger-batch.yaml"	"logical-id: stored source provenance path; physical readers map it to registry or artifact_path()"
"base:phase-directory-prefix"	"registry/lexicon/source-inventory-review-decisions/2026-07-03-eleventh-approved-teacher-lesson-ledger-batch.yaml"	"logical-id: stored source provenance path; physical readers map it to registry or artifact_path()"
"base:phase-directory-prefix"	"registry/lexicon/source-inventory-review-decisions/2026-07-03-fifth-approved-teacher-lesson-ledger-batch.yaml"	"logical-id: stored source provenance path; physical readers map it to registry or artifact_path()"
"base:phase-directory-prefix"	"registry/lexicon/source-inventory-review-decisions/2026-07-03-fifth-approved-textbook-ledger-batch.yaml"	"logical-id: stored source provenance path; physical readers map it to registry or artifact_path()"
"base:phase-directory-prefix"	"registry/lexicon/source-inventory-review-decisions/2026-07-03-fourth-approved-teacher-lesson-ledger-batch.yaml"	"logical-id: stored source provenance path; physical readers map it to registry or artifact_path()"
"base:phase-directory-prefix"	"registry/lexicon/source-inventory-review-decisions/2026-07-03-fourth-approved-textbook-ledger-batch.yaml"	"logical-id: stored source provenance path; physical readers map it to registry or artifact_path()"
"base:phase-directory-prefix"	"registry/lexicon/source-inventory-review-decisions/2026-07-03-ninth-approved-teacher-lesson-ledger-batch.yaml"	"logical-id: stored source provenance path; physical readers map it to registry or artifact_path()"
"base:phase-directory-prefix"	"registry/lexicon/source-inventory-review-decisions/2026-07-03-second-approved-ohoiko-ledger-batch.yaml"	"logical-id: stored source provenance path; physical readers map it to registry or artifact_path()"
"base:phase-directory-prefix"	"registry/lexicon/source-inventory-review-decisions/2026-07-03-second-approved-teacher-lesson-ledger-batch.yaml"	"logical-id: stored source provenance path; physical readers map it to registry or artifact_path()"
"base:phase-directory-prefix"	"registry/lexicon/source-inventory-review-decisions/2026-07-03-seventh-approved-teacher-lesson-ledger-batch.yaml"	"logical-id: stored source provenance path; physical readers map it to registry or artifact_path()"
"base:phase-directory-prefix"	"registry/lexicon/source-inventory-review-decisions/2026-07-03-sixth-approved-teacher-lesson-ledger-batch.yaml"	"logical-id: stored source provenance path; physical readers map it to registry or artifact_path()"
"base:phase-directory-prefix"	"registry/lexicon/source-inventory-review-decisions/2026-07-03-tenth-approved-teacher-lesson-ledger-batch.yaml"	"logical-id: stored source provenance path; physical readers map it to registry or artifact_path()"
"base:phase-directory-prefix"	"registry/lexicon/source-inventory-review-decisions/2026-07-03-third-approved-teacher-lesson-ledger-batch.yaml"	"logical-id: stored source provenance path; physical readers map it to registry or artifact_path()"
"base:phase-directory-prefix"	"registry/lexicon/source-inventory-review-decisions/2026-07-05-fifteenth-approved-teacher-lesson-ledger-batch.yaml"	"logical-id: stored source provenance path; physical readers map it to registry or artifact_path()"
"base:phase-directory-prefix"	"registry/lexicon/source-inventory-review-decisions/2026-07-05-fourteenth-approved-teacher-lesson-ledger-batch.yaml"	"logical-id: stored source provenance path; physical readers map it to registry or artifact_path()"
"base:phase-directory-prefix"	"registry/lexicon/source-inventory-review-decisions/2026-07-05-sixteenth-approved-teacher-lesson-ledger-batch.yaml"	"logical-id: stored source provenance path; physical readers map it to registry or artifact_path()"
"base:phase-directory-prefix"	"registry/lexicon/source-inventory-review-decisions/2026-07-05-thirteenth-approved-teacher-lesson-ledger-batch.yaml"	"logical-id: stored source provenance path; physical readers map it to registry or artifact_path()"
"base:phase-directory-prefix"	"registry/lexicon/source-inventory-review-decisions/2026-07-05-twelfth-approved-teacher-lesson-ledger-batch.yaml"	"logical-id: stored source provenance path; physical readers map it to registry or artifact_path()"
"base:phase-directory-prefix"	"registry/lexicon/source-inventory-review-decisions/2026-07-14-curriculum-intake-bulk-reject-R1.yaml"	"logical-id: stored source provenance path; physical readers map it to registry or artifact_path()"
"base:phase-directory-prefix"	"registry/lexicon/source-inventory-review-decisions/2026-07-14-curriculum-review-queue-batch-00-calibration.yaml"	"logical-id: stored source provenance path; physical readers map it to registry or artifact_path()"
"base:phase-directory-prefix"	"registry/lexicon/source-inventory-review-decisions/2026-07-14-ohoiko-corpus-intake-batch-01.yaml"	"logical-id: stored source provenance path; physical readers map it to registry or artifact_path()"
"base:phase-directory-prefix"	"registry/lexicon/source-inventory-review-decisions/2026-07-14-ohoiko-corpus-intake-batch-02.yaml"	"logical-id: stored source provenance path; physical readers map it to registry or artifact_path()"
"base:phase-directory-prefix"	"registry/lexicon/source-inventory-review-decisions/2026-07-14-ohoiko-corpus-intake-batch-03.yaml"	"logical-id: stored source provenance path; physical readers map it to registry or artifact_path()"
"base:phase-directory-prefix"	"registry/lexicon/source-inventory-review-decisions/2026-07-14-ohoiko-corpus-intake-batch-04.yaml"	"logical-id: stored source provenance path; physical readers map it to registry or artifact_path()"
"base:phase-directory-prefix"	"registry/lexicon/source-inventory-review-decisions/2026-07-14-ohoiko-corpus-intake-batch-05.yaml"	"logical-id: stored source provenance path; physical readers map it to registry or artifact_path()"
"base:phase-directory-prefix"	"registry/lexicon/source-inventory-review-decisions/2026-07-14-ohoiko-corpus-intake-batch-06.yaml"	"logical-id: stored source provenance path; physical readers map it to registry or artifact_path()"
"base:phase-directory-prefix"	"registry/lexicon/source-inventory-review-decisions/2026-07-14-ohoiko-corpus-intake-batch-07.yaml"	"logical-id: stored source provenance path; physical readers map it to registry or artifact_path()"
"base:phase-directory-prefix"	"registry/lexicon/source-inventory-review-decisions/2026-07-14-ohoiko-corpus-intake-batch-08.yaml"	"logical-id: stored source provenance path; physical readers map it to registry or artifact_path()"
"base:phase-directory-prefix"	"registry/lexicon/source-inventory-review-decisions/2026-07-14-ohoiko-corpus-intake-batch-09.yaml"	"logical-id: stored source provenance path; physical readers map it to registry or artifact_path()"
"base:phase-directory-prefix"	"registry/lexicon/source-inventory-review-decisions/2026-07-14-ohoiko-corpus-intake-batch-10.yaml"	"logical-id: stored source provenance path; physical readers map it to registry or artifact_path()"
"base:phase-directory-prefix"	"registry/lexicon/source-inventory-review-decisions/2026-07-14-ohoiko-corpus-intake-batch-11.yaml"	"logical-id: stored source provenance path; physical readers map it to registry or artifact_path()"
"base:phase-directory-prefix"	"registry/lexicon/source-inventory-review-decisions/2026-07-14-ohoiko-corpus-intake-batch-12.yaml"	"logical-id: stored source provenance path; physical readers map it to registry or artifact_path()"
"base:phase-directory-prefix"	"registry/lexicon/source-inventory-review-decisions/2026-07-14-ohoiko-corpus-intake-batch-13.yaml"	"logical-id: stored source provenance path; physical readers map it to registry or artifact_path()"
"base:phase-directory-prefix"	"registry/lexicon/source-inventory-review-decisions/2026-07-14-ohoiko-corpus-intake-batch-14.yaml"	"logical-id: stored source provenance path; physical readers map it to registry or artifact_path()"
"base:phase-directory-prefix"	"registry/lexicon/source-inventory-review-decisions/2026-07-14-ohoiko-corpus-intake-batch-15.yaml"	"logical-id: stored source provenance path; physical readers map it to registry or artifact_path()"
"base:phase-directory-prefix"	"registry/lexicon/source-inventory-review-decisions/2026-07-14-ohoiko-corpus-intake-batch-16.yaml"	"logical-id: stored source provenance path; physical readers map it to registry or artifact_path()"
"base:phase-directory-prefix"	"registry/lexicon/source-inventory-review-decisions/2026-07-14-ohoiko-corpus-intake-batch-17.yaml"	"logical-id: stored source provenance path; physical readers map it to registry or artifact_path()"
"base:phase-directory-prefix"	"registry/lexicon/source-inventory-review-decisions/2026-07-14-ohoiko-corpus-intake-batch-18.yaml"	"logical-id: stored source provenance path; physical readers map it to registry or artifact_path()"
"base:phase-directory-prefix"	"registry/lexicon/source-inventory-review-decisions/2026-07-14-ohoiko-corpus-intake-batch-19.yaml"	"logical-id: stored source provenance path; physical readers map it to registry or artifact_path()"
"base:phase-directory-prefix"	"registry/lexicon/source-inventory-review-decisions/2026-07-14-ohoiko-corpus-intake-batch-20.yaml"	"logical-id: stored source provenance path; physical readers map it to registry or artifact_path()"
"base:phase-directory-prefix"	"registry/lexicon/source-inventory-review-decisions/2026-07-14-ohoiko-corpus-intake-batch-21.yaml"	"logical-id: stored source provenance path; physical readers map it to registry or artifact_path()"
"base:phase-directory-prefix"	"registry/lexicon/source-inventory-review-decisions/2026-07-15-curriculum-review-queue-batch-01.yaml"	"logical-id: stored source provenance path; physical readers map it to registry or artifact_path()"
"base:phase-directory-prefix"	"registry/lexicon/source-inventory-review-decisions/2026-07-15-curriculum-review-queue-batch-02.yaml"	"logical-id: stored source provenance path; physical readers map it to registry or artifact_path()"
"base:phase-directory-prefix"	"registry/lexicon/source-inventory-review-decisions/2026-07-18-teacher-lesson-bulk-approve-new-heads.yaml"	"logical-id: stored source provenance path; physical readers map it to registry or artifact_path()"
"base:phase-directory-prefix"	"registry/lexicon/source-inventory-review-decisions/2026-07-19-ohoiko-ulp-curated-bulk-approve.yaml"	"logical-id: stored source provenance path; physical readers map it to registry or artifact_path()"
"base:phase-directory-prefix"	"registry/lexicon/source-inventory-review-decisions/2026-07-19-textbook-jsonl-curated-bulk-approve.yaml"	"logical-id: stored source provenance path; physical readers map it to registry or artifact_path()"
"base:phase-directory-prefix"	"registry/lexicon/source-inventory-review-decisions/2026-07-23-alona-full-document-intake.yaml"	"logical-id: stored source provenance path; physical readers map it to registry or artifact_path()"
"base:phase-directory-prefix"	"registry/lexicon/source-inventory-review-decisions/2026-07-23-teacher-lesson-full-document-intake-batch-01.yaml"	"logical-id: stored source provenance path; physical readers map it to registry or artifact_path()"
"base:phase-directory-prefix"	"registry/lexicon/source-inventory-review-decisions/2026-07-23-teacher-lesson-full-document-intake-batch-02.yaml"	"logical-id: stored source provenance path; physical readers map it to registry or artifact_path()"
"base:phase-directory-prefix"	"registry/lexicon/source-inventory-review-decisions/2026-07-23-teacher-lesson-full-document-intake-batch-03.yaml"	"logical-id: stored source provenance path; physical readers map it to registry or artifact_path()"
"base:phase-directory-prefix"	"registry/lexicon/source-inventory-review-decisions/2026-08-12-ohoiko-ulp-paired-split-legs-approve.yaml"	"logical-id: stored source provenance path; physical readers map it to registry or artifact_path()"
"base:phase-directory-prefix"	"registry/lexicon/source-inventory-review-decisions/2026-08-14-ohoiko-ulp-ocr-space-collapse-approve.yaml"	"logical-id: stored source provenance path; physical readers map it to registry or artifact_path()"
"base:phase-directory-prefix"	"registry/lexicon/source-inventory-review-decisions/2026-08-19-curriculum-review-queue-batch-03.yaml"	"logical-id: stored source provenance path; physical readers map it to registry or artifact_path()"
"base:phase-directory-prefix"	"registry/lexicon/source-inventory-review-decisions/2026-08-23-atlas-6370-paired-split-multiword-leg-approve.yaml"	"logical-id: stored source provenance path; physical readers map it to registry or artifact_path()"
"base:phase-directory-prefix"	"registry/lexicon/source-inventory-review-decisions/2026-09-02-teacher-lesson-delta-approve.yaml"	"logical-id: stored source provenance path; physical readers map it to registry or artifact_path()"
"base:phase-directory-prefix"	"registry/lexicon/source-inventory-review-decisions/2026-09-13-ohoiko-fmu-booster-approve.yaml"	"logical-id: stored source provenance path; physical readers map it to registry or artifact_path()"
"base:phase-directory-prefix"	"registry/lexicon/source-inventory/grade-01/README.md"	"doc-only: historical, provenance, or human guidance; runnable K paths are reviewed in notes-P2.md"
"base:phase-directory-prefix"	"registry/lexicon/source-inventory/grade-02/README.md"	"doc-only: historical, provenance, or human guidance; runnable K paths are reviewed in notes-P2.md"
"base:phase-directory-prefix"	"registry/lexicon/source-inventory/grade-03/README.md"	"doc-only: historical, provenance, or human guidance; runnable K paths are reviewed in notes-P2.md"
"base:phase-directory-prefix"	"registry/lexicon/source-inventory/grade-04/README.md"	"doc-only: historical, provenance, or human guidance; runnable K paths are reviewed in notes-P2.md"
"base:phase-directory-prefix"	"registry/lexicon/source-inventory/grade-05/README.md"	"doc-only: historical, provenance, or human guidance; runnable K paths are reviewed in notes-P2.md"
"base:phase-directory-prefix"	"registry/lexicon/source-inventory/grade-06/README.md"	"doc-only: historical, provenance, or human guidance; runnable K paths are reviewed in notes-P2.md"
"base:phase-directory-prefix"	"registry/lexicon/source-inventory/grade-07/README.md"	"doc-only: historical, provenance, or human guidance; runnable K paths are reviewed in notes-P2.md"
"base:phase-directory-prefix"	"registry/lexicon/source-inventory/grade-08/README.md"	"doc-only: historical, provenance, or human guidance; runnable K paths are reviewed in notes-P2.md"
"base:phase-directory-prefix"	"registry/lexicon/source-inventory/grade-09/README.md"	"doc-only: historical, provenance, or human guidance; runnable K paths are reviewed in notes-P2.md"
"base:phase-directory-prefix"	"registry/lexicon/source-inventory/grade-10/README.md"	"doc-only: historical, provenance, or human guidance; runnable K paths are reviewed in notes-P2.md"
"base:phase-directory-prefix"	"registry/lexicon/source-inventory/grade-11/README.md"	"doc-only: historical, provenance, or human guidance; runnable K paths are reviewed in notes-P2.md"
"base:phase-directory-prefix"	"registry/lexicon/source-inventory/ohoiko-corpus-intake.summary.md"	"doc-only: historical, provenance, or human guidance; runnable K paths are reviewed in notes-P2.md"
"base:phase-directory-prefix"	"registry/lexicon/source-inventory/ohoiko-fmu-booster-vocabulary.yaml"	"logical-id: stored source provenance path; physical readers map it to registry or artifact_path()"
"base:phase-directory-prefix"	"registry/lexicon/source-inventory/oneshot/textbook-leftover-residual-census-6371.md"	"doc-only: historical, provenance, or human guidance; runnable K paths are reviewed in notes-P2.md"
"base:phase-directory-prefix"	"scripts/atlas/fill_local.py"	"tests.test_launch_reenrich_target_detection::test_full_catalog_does_not_carry_slugs_file"
"base:phase-directory-prefix"	"scripts/audit/apply_source_inventory_promotion.py"	"tests.test_apply_source_inventory_promotion::test_apply_existing_provenance_overlay_updates_existing_entries"
"base:phase-directory-prefix"	"scripts/audit/atlas_intake_census.py"	"tests.test_ohoiko_atlas_intake::test_build_intake_classifies_book_and_running_text_candidates"
"base:phase-directory-prefix"	"scripts/audit/generate_practice_deck.py"	"tests.test_generate_practice_deck::test_a2_classify_items_do_not_raise_english_labels"
"base:phase-directory-prefix"	"scripts/audit/grow_lexicon_from_sources.py"	"tests.test_grow_lexicon_from_sources::test_generate_candidates_from_source_inventory_retains_provenance"
"base:phase-directory-prefix"	"scripts/audit/scrub_decision_ledger_keys.py"	"tests.test_scrub_decision_ledger_keys::test_scrubbed_key_formula"
"base:phase-directory-prefix"	"scripts/audit/source_inventory_review_decisions.py"	"tests.test_source_inventory_review_decisions::test_committed_decision_validation_reuses_shared_source_index"
"base:phase-directory-prefix"	"scripts/backup-data.sh"	"logical-id: frozen classification, untracked host state, or unchanged synthetic sparse tree name"
"base:phase-directory-prefix"	"scripts/delegate.py"	"logical-id: frozen classification, untracked host state, or unchanged synthetic sparse tree name"
"base:phase-directory-prefix"	"scripts/lexicon/README.md"	"doc-only: human workflow guidance; moved K links updated"
"base:phase-directory-prefix"	"scripts/lexicon/admit_fmu_boosters.py"	"tests.test_admit_fmu_boosters::test_fmu_booster_decisions_are_valid"
"base:phase-directory-prefix"	"scripts/lexicon/admit_stem_slice_2a.py"	"tests.test_admit_fmu_boosters::test_fmu_booster_decisions_are_valid"
"base:phase-directory-prefix"	"scripts/lexicon/admit_textbook_book_glossary.py"	"tests.test_admit_textbook_book_glossary::test_admit_candidates_requires_both_gates"
"base:phase-directory-prefix"	"scripts/lexicon/anchor_curation_evidence.py"	"tests.test_anchor_curation_worksheet::test_anchor_curation_worksheet_has_exactly_158_unique_evidenced_records"
"base:phase-directory-prefix"	"scripts/lexicon/apply_anchor_worksheet.py"	"tests.test_apply_anchor_worksheet::test_agy_dry_run_does_not_apply_legacy_cached_fill"
"base:phase-directory-prefix"	"scripts/lexicon/atlas_intake_core.py"	"tests.test_ohoiko_atlas_intake::test_build_intake_classifies_book_and_running_text_candidates"
"base:phase-directory-prefix"	"scripts/lexicon/build_fmu_booster_inventory.py"	"tests.test_admit_fmu_boosters::test_fmu_booster_decisions_are_valid"
"base:phase-directory-prefix"	"scripts/lexicon/build_kaikki_lookup.py"	"tests.test_build_kaikki_lookup::test_build_lookup_aggregates_ipa_etymology_and_pos"
"base:phase-directory-prefix"	"scripts/lexicon/build_slovnyk_mirror.py"	"tests.test_build_slovnyk_mirror::test_is_fully_cached_accepts_current_schema_version"
"base:phase-directory-prefix"	"scripts/lexicon/census_atlas_6371_textbook_leftover.py"	"tests.test_census_atlas_6371_textbook_leftover::test_admission_allowed_keys_are_only_named_teacher_p1"
"base:phase-directory-prefix"	"scripts/lexicon/curated_ohoiko_ulp_repromote.py"	"tests.test_curated_ohoiko_ulp_repromote::test_collect_ulp_headwords_signature_has_no_sum_connection"
"base:phase-directory-prefix"	"scripts/lexicon/curated_textbook_jsonl_repromote.py"	"tests.test_curriculum_atlas_intake::test_capitalized_proper_nouns_resolve_to_canonical_lemma"
"base:phase-directory-prefix"	"scripts/lexicon/curriculum_atlas_intake.py"	"tests.test_curriculum_atlas_intake::test_capitalized_proper_nouns_resolve_to_canonical_lemma"
"base:phase-directory-prefix"	"scripts/lexicon/enrich_manifest.py"	"tests.test_enrich_manifest_cli::test_build_help_exits_zero_and_leaves_manifest_untouched"
"base:phase-directory-prefix"	"scripts/lexicon/generate_needs_review_ledger.py"	"tests.test_generate_needs_review_ledger::test_cli_refuses_without_write_or_dry_run"
"base:phase-directory-prefix"	"scripts/lexicon/generate_vesum_aliases.py"	"tests.test_generate_vesum_aliases::test_build_alias_map_gates"
"base:phase-directory-prefix"	"scripts/lexicon/heritage_calque_wave.py"	"tests.test_heritage_calque_wave::test_candidate_sentences_splits_on_terminal_punctuation"
"base:phase-directory-prefix"	"scripts/lexicon/obvious_noise_classifier.py"	"tests.test_obvious_noise_classifier::test_classify_lemma[...-punctuation_debris]"
"base:phase-directory-prefix"	"scripts/lexicon/ohoiko_atlas_intake.py"	"tests.test_ohoiko_atlas_intake::test_build_intake_classifies_book_and_running_text_candidates"
"base:phase-directory-prefix"	"scripts/lexicon/ohoiko_paired_headword_split.py"	"tests.test_ohoiko_paired_headword_split::test_analyze_paired_splits_never_promotes_a_no_gloss_leg"
"base:phase-directory-prefix"	"scripts/lexicon/park_thin_entries.py"	"tests.test_park_thin_entries::test_artifact_is_written_before_manifest_shrinks_on_write_failure"
"base:phase-directory-prefix"	"scripts/lexicon/promote_atlas_6370_named_multiword_residual.py"	"tests.test_promote_atlas_6370_named_multiword_residual::test_all_nine_candidates_have_standard_classification_and_not_standard_modern"
"base:phase-directory-prefix"	"scripts/lexicon/promote_grow_candidates.py"	"tests.test_promote_grow_candidates::test_allow_preexisting_conformance_checks_only_promoted_entries"
"base:phase-directory-prefix"	"scripts/lexicon/promote_teacher_lesson_intake.py"	"tests.test_promote_teacher_lesson_intake::test_build_teacher_lesson_membership_unions_existing_atlas_routes"
"base:phase-directory-prefix"	"scripts/lexicon/reconcile_calque_clusters.py"	"tests.test_reconcile_calque_clusters::test_candidate_alternative_validation"
"base:phase-directory-prefix"	"scripts/lexicon/runner/durable_mirror.py"	"logical-id: dynamic data join targets runtime cache, runner state, or unrelated data; no P2 tracked K resolver"
"base:phase-directory-prefix"	"scripts/lexicon/runner/fetch_ulif_20k.py"	"tests.test_lexicon_runner_fetch_ulif_20k::test_help_exits_zero_without_side_effects"
"base:phase-directory-prefix"	"scripts/lexicon/runner/health_20k_runner.sh"	"bash -n scripts/lexicon/runner/launch_enrich.sh scripts/lexicon/runner/launch_reduce.sh scripts/lexicon/runner/launch_reenrich_class_b.sh scripts/lexicon/runner/launch_reenrich_class_b_remote.sh scripts/lexicon/runner/mirror_20k_runner.sh"
"base:phase-directory-prefix"	"scripts/lexicon/runner/launch_enrich.sh"	"bash -n scripts/lexicon/runner/launch_enrich.sh scripts/lexicon/runner/launch_reduce.sh scripts/lexicon/runner/launch_reenrich_class_b.sh scripts/lexicon/runner/launch_reenrich_class_b_remote.sh scripts/lexicon/runner/mirror_20k_runner.sh"
"base:phase-directory-prefix"	"scripts/lexicon/runner/launch_reduce.sh"	"bash -n scripts/lexicon/runner/launch_enrich.sh scripts/lexicon/runner/launch_reduce.sh scripts/lexicon/runner/launch_reenrich_class_b.sh scripts/lexicon/runner/launch_reenrich_class_b_remote.sh scripts/lexicon/runner/mirror_20k_runner.sh"
"base:phase-directory-prefix"	"scripts/lexicon/runner/launch_reenrich_class_b.sh"	"bash -n scripts/lexicon/runner/launch_enrich.sh scripts/lexicon/runner/launch_reduce.sh scripts/lexicon/runner/launch_reenrich_class_b.sh scripts/lexicon/runner/launch_reenrich_class_b_remote.sh scripts/lexicon/runner/mirror_20k_runner.sh"
"base:phase-directory-prefix"	"scripts/lexicon/runner/launch_reenrich_class_b_remote.sh"	"bash -n scripts/lexicon/runner/launch_enrich.sh scripts/lexicon/runner/launch_reduce.sh scripts/lexicon/runner/launch_reenrich_class_b.sh scripts/lexicon/runner/launch_reenrich_class_b_remote.sh scripts/lexicon/runner/mirror_20k_runner.sh"
"base:phase-directory-prefix"	"scripts/lexicon/runner/mirror_20k_runner.sh"	"bash -n scripts/lexicon/runner/launch_enrich.sh scripts/lexicon/runner/launch_reduce.sh scripts/lexicon/runner/launch_reenrich_class_b.sh scripts/lexicon/runner/launch_reenrich_class_b_remote.sh scripts/lexicon/runner/mirror_20k_runner.sh"
"base:phase-directory-prefix"	"scripts/lexicon/runner/reduce_ulif_20k.py"	"tests.test_lexicon_runner_reduce_ulif_20k::test_help_exits_zero_without_side_effects"
"base:phase-directory-prefix"	"scripts/lexicon/tools/import_ulif_dump.py"	"tests.test_import_ulif_dump::test_import_batch_inserts_entries_and_sections"
"base:phase-directory-prefix"	"scripts/lexicon/tools/migrate_ulif_raw.py"	"tests.test_migrate_ulif_raw::test_caller_transaction_cannot_publish_entry_before_cache"
"base:phase-directory-prefix"	"scripts/lexicon/triage_needs_review.py"	"tests.test_triage_needs_review::test_batch_dict_siblings_with_fixture_db"
"base:phase-directory-prefix"	"scripts/lexicon/ulif_raw_cache.py"	"logical-id: dynamic data join targets runtime cache, runner state, or unrelated data; no P2 tracked K resolver"
"base:phase-directory-prefix"	"scripts/lexicon/ulp_taught_pair_extractor.py"	"tests.test_ulp_taught_pair_extractor::test_extract_basic_margin_pair"
"base:phase-directory-prefix"	"scripts/lexicon/verify_synonym_pairs.py"	"tests.test_synonym_verdicts_pipeline::test_approved_verdict_emits_without_manifest_relation_links"
"base:phase-directory-prefix"	"scripts/practice/CREATION_REVIEW.md"	"doc-only: human workflow guidance; moved K links updated"
"base:phase-directory-prefix"	"scripts/practice_deck/end_dictionaries.py"	"tests.test_end_dictionaries::test_classify_section_title_dominant_kinds"
"base:phase-directory-prefix"	"scripts/projects/open_model_data/v4_decolonization_reasoning.py"	"tests.projects.open_model_data.test_v4_decolonization_reasoning::test_classify_calque_type"
"base:phase-directory-prefix"	"scripts/storage/artifacts.py"	"logical-id: generic base symbol in unchanged code does not resolve a P2 path"
"base:phase-directory-prefix"	"scripts/storage/build_classification_table.py"	"logical-id: frozen classification, untracked host state, or unchanged synthetic sparse tree name"
"base:phase-directory-prefix"	"scripts/storage/consumers.py"	"logical-id: generic base symbol in unchanged code does not resolve a P2 path"
"base:phase-directory-prefix"	"site/tests/unit/practice-activity-adapters.test.ts"	"cd site && PYTHON=/home/ops/learn-ukrainian/.venv/bin/python npm run test:unit"
"base:phase-directory-prefix"	"tests/conftest.py"	"logical-id: frozen classification, untracked host state, or unchanged synthetic sparse tree name"
"base:phase-directory-prefix"	"tests/sparse_trees.py"	"logical-id: frozen classification, untracked host state, or unchanged synthetic sparse tree name"
"base:phase-directory-prefix"	"tests/storage/test_consumers.py"	"logical-id: generic base symbol in unchanged code does not resolve a P2 path"
"base:phase-directory-prefix"	"tests/test_admit_fmu_boosters.py"	"tests.test_admit_fmu_boosters::test_fmu_booster_decisions_are_valid"
"base:phase-directory-prefix"	"tests/test_anchor_curation_worksheet.py"	"tests.test_anchor_curation_worksheet::test_anchor_curation_worksheet_has_exactly_158_unique_evidenced_records"
"base:phase-directory-prefix"	"tests/test_apply_source_inventory_promotion.py"	"logical-id: generic base symbol in unchanged code does not resolve a P2 path"
"base:phase-directory-prefix"	"tests/test_apply_source_inventory_provenance.py"	"logical-id: generic base symbol in unchanged code does not resolve a P2 path"
"base:phase-directory-prefix"	"tests/test_atlas_job_protocol.py"	"logical-id: generic base symbol in unchanged code does not resolve a P2 path"
"base:phase-directory-prefix"	"tests/test_backup_data_script.py"	"logical-id: generic base symbol in unchanged code does not resolve a P2 path"
"base:phase-directory-prefix"	"tests/test_curriculum_atlas_intake.py"	"tests.test_curriculum_atlas_intake::test_capitalized_proper_nouns_resolve_to_canonical_lemma"
"base:phase-directory-prefix"	"tests/test_delegate.py"	"logical-id: generic base symbol in unchanged code does not resolve a P2 path"
"base:phase-directory-prefix"	"tests/test_generate_practice_deck.py"	"tests.test_generate_practice_deck::test_a2_classify_items_do_not_raise_english_labels"
"base:phase-directory-prefix"	"tests/test_launch_reenrich_target_detection.py"	"logical-id: generic base symbol in unchanged code does not resolve a P2 path"
"base:phase-directory-prefix"	"tests/test_ohoiko_atlas_intake.py"	"tests.test_ohoiko_atlas_intake::test_build_intake_classifies_book_and_running_text_candidates"
"base:phase-directory-prefix"	"tests/test_ohoiko_paired_headword_split.py"	"logical-id: generic base symbol in unchanged code does not resolve a P2 path"
"base:phase-directory-prefix"	"tests/test_ohoiko_source_inventory_scope.py"	"tests.test_ohoiko_source_inventory_scope::test_ohoiko_abetka_inventory_covers_all_committed_key_words"
"base:phase-directory-prefix"	"tests/test_private_teacher_lesson_source_inventory.py"	"tests.test_private_teacher_lesson_source_inventory::test_private_teacher_decision_ledgers_cover_seed_without_live_surfaces"
"base:phase-directory-prefix"	"tests/test_promote_teacher_lesson_intake.py"	"tests.test_promote_teacher_lesson_intake::test_build_teacher_lesson_membership_unions_existing_atlas_routes"
"base:phase-directory-prefix"	"tests/test_repo_wide_marker_invariant.py"	"logical-id: generic base symbol in unchanged code does not resolve a P2 path"
"base:phase-directory-prefix"	"tests/test_scrub_decision_ledger_keys.py"	"logical-id: generic base symbol in unchanged code does not resolve a P2 path"
"base:phase-directory-prefix"	"tests/test_source_inventory_intake.py"	"tests.test_source_inventory_intake::test_committed_source_inventory_files_are_valid"
"base:phase-directory-prefix"	"tests/test_source_inventory_promotion_plan.py"	"logical-id: generic base symbol in unchanged code does not resolve a P2 path"
"base:phase-directory-prefix"	"tests/test_source_inventory_review_candidates.py"	"tests.test_source_inventory_review_candidates::test_lemma_validity_screen_demotes_vesum_absent_auto_merge"
"base:phase-directory-prefix"	"tests/test_source_inventory_review_decisions.py"	"logical-id: generic base symbol in unchanged code does not resolve a P2 path"
"base:phase-directory-prefix"	"tests/test_sparse_collection_guard.py"	"logical-id: frozen classification, untracked host state, or unchanged synthetic sparse tree name"
"base:phase-directory-prefix"	"tests/test_sparse_worktree_skip.py"	"logical-id: generic base symbol in unchanged code does not resolve a P2 path"
"base:phase-directory-prefix"	"tests/test_storage_classification_table.py"	"logical-id: generic base symbol in unchanged code does not resolve a P2 path"
"base:phase-directory-prefix"	"tests/test_textbook_source_inventory_scope.py"	"tests.test_textbook_source_inventory_scope::test_bolshakova_inventory_rows_are_backed_by_tracked_notes"
"base:root:data-join"	"tests/test_manifest_io.py"	"logical-id: generic base symbol in unchanged code does not resolve a P2 path"
"data/lexicon/agy_en_slice51_worksheet.yaml"	"scripts/lexicon/apply_anchor_worksheet.py"	"tests.test_apply_anchor_worksheet::test_agy_dry_run_does_not_apply_legacy_cached_fill"
"data/lexicon/anchor_curation_worksheet.yaml"	"scripts/lexicon/apply_anchor_worksheet.py"	"tests.test_apply_anchor_worksheet::test_agy_dry_run_does_not_apply_legacy_cached_fill"
"data/lexicon/anchor_curation_worksheet.yaml"	"tests/test_anchor_curation_worksheet.py"	"tests.test_anchor_curation_worksheet::test_anchor_curation_worksheet_has_exactly_158_unique_evidenced_records"
"data/lexicon/antonym_pairs.yaml"	"scripts/audit/generate_practice_deck.py"	"tests.test_generate_practice_deck::test_a2_classify_items_do_not_raise_english_labels"
"data/lexicon/antonym_pairs.yaml"	"tests/test_generate_practice_deck.py"	"tests.test_generate_practice_deck::test_a2_classify_items_do_not_raise_english_labels"
"data/lexicon/calque_inflow_queue.json"	"scripts/storage/build_classification_table.py"	"logical-id: frozen classification, untracked host state, or unchanged synthetic sparse tree name"
"data/lexicon/cohort-20k-20260717.txt"	"scripts/lexicon/runner/fetch_ulif_20k.py"	"tests.test_lexicon_runner_fetch_ulif_20k::test_help_exits_zero_without_side_effects"
"data/lexicon/cohort-20k-20260717.txt"	"scripts/lexicon/runner/launch_reduce.sh"	"bash -n scripts/lexicon/runner/launch_enrich.sh scripts/lexicon/runner/launch_reduce.sh scripts/lexicon/runner/launch_reenrich_class_b.sh scripts/lexicon/runner/launch_reenrich_class_b_remote.sh scripts/lexicon/runner/mirror_20k_runner.sh"
"data/lexicon/cohort-20k-20260717.txt"	"scripts/lexicon/runner/reduce_ulif_20k.py"	"tests.test_lexicon_runner_reduce_ulif_20k::test_help_exits_zero_without_side_effects"
"data/lexicon/esum_garbled_etymologies.json"	"scripts/storage/build_classification_table.py"	"logical-id: frozen classification, untracked host state, or unchanged synthetic sparse tree name"
"data/lexicon/grow-triage-ledgers/README.md"	"scripts/audit/source_inventory_review_decisions.py"	"tests.test_source_inventory_review_decisions::test_committed_decision_validation_reuses_shared_source_index"
"data/lexicon/grow-triage-ledgers/README.md"	"scripts/storage/build_classification_table.py"	"logical-id: frozen classification, untracked host state, or unchanged synthetic sparse tree name"
"data/lexicon/heritage_pairs.wave1-calque.residual.json"	"docs/practice/heritage-calque-wave1-residual.md"	"doc-only: historical, provenance, or human guidance; runnable K paths are reviewed in notes-P2.md"
"data/lexicon/heritage_pairs.wave1-calque.residual.json"	"scripts/lexicon/heritage_calque_wave.py"	"artifact_path() P2 all-entry resolution probe: lexicon_candidates/lexicon/heritage_pairs.wave1-calque.residual.json (173/173 passed)"
"data/lexicon/heritage_pairs.wave1-calque.yaml"	"docs/practice/heritage-calque-wave1-residual.md"	"doc-only: historical, provenance, or human guidance; runnable K paths are reviewed in notes-P2.md"
"data/lexicon/heritage_pairs.wave1-calque.yaml"	"scripts/lexicon/heritage_calque_wave.py"	"tests.test_heritage_calque_wave::test_candidate_sentences_splits_on_terminal_punctuation"
"data/lexicon/heritage_pairs.wave1-calque.yaml"	"scripts/projects/open_model_data/v4_decolonization_reasoning.py"	"tests.projects.open_model_data.test_v4_decolonization_reasoning::test_classify_calque_type"
"data/lexicon/heritage_pairs.yaml"	"docs/decisions/2026-09-11-atlas-enrich-first-and-deterministic-decolonization.md"	"doc-only: historical, provenance, or human guidance; runnable K paths are reviewed in notes-P2.md"
"data/lexicon/heritage_pairs.yaml"	"docs/poc/word-atlas/PRACTICE-HUB-SPEC.md"	"doc-only: historical, provenance, or human guidance; runnable K paths are reviewed in notes-P2.md"
"data/lexicon/heritage_pairs.yaml"	"docs/practice/curated-membership-and-sources.md"	"doc-only: historical, provenance, or human guidance; runnable K paths are reviewed in notes-P2.md"
"data/lexicon/heritage_pairs.yaml"	"docs/practice/heritage-pairs-growth.md"	"doc-only: historical, provenance, or human guidance; runnable K paths are reviewed in notes-P2.md"
"data/lexicon/heritage_pairs.yaml"	"scripts/audit/generate_practice_deck.py"	"tests.test_generate_practice_deck::test_a2_classify_items_do_not_raise_english_labels"
"data/lexicon/heritage_pairs.yaml"	"scripts/lexicon/enrich_manifest.py"	"tests.test_enrich_manifest_cli::test_build_help_exits_zero_and_leaves_manifest_untouched"
"data/lexicon/heritage_pairs.yaml"	"scripts/lexicon/heritage_calque_wave.py"	"tests.test_heritage_calque_wave::test_candidate_sentences_splits_on_terminal_punctuation"
"data/lexicon/heritage_pairs.yaml"	"scripts/lexicon/reconcile_calque_clusters.py"	"tests.test_reconcile_calque_clusters::test_candidate_alternative_validation"
"data/lexicon/heritage_pairs.yaml"	"scripts/projects/open_model_data/v4_decolonization_reasoning.py"	"tests.projects.open_model_data.test_v4_decolonization_reasoning::test_classify_calque_type"
"data/lexicon/heritage_pairs.yaml"	"site/tests/unit/practice-activity-adapters.test.ts"	"cd site && PYTHON=/home/ops/learn-ukrainian/.venv/bin/python npm run test:unit"
"data/lexicon/homonym_pairs.yaml"	"scripts/audit/generate_practice_deck.py"	"tests.test_generate_practice_deck::test_a2_classify_items_do_not_raise_english_labels"
"data/lexicon/homonym_pairs.yaml"	"tests/test_generate_practice_deck.py"	"tests.test_generate_practice_deck::test_a2_classify_items_do_not_raise_english_labels"
"data/lexicon/intake/private_teacher_lesson_intake_decisions.yaml"	"scripts/lexicon/promote_teacher_lesson_intake.py"	"tests.test_promote_teacher_lesson_intake::test_build_teacher_lesson_membership_unions_existing_atlas_routes"
"data/lexicon/kaikki_uk_lookup.json"	"docs/dispatch-briefs/2026-06-12-kaikki-ipa-etymology-wiring.md"	"doc-only: historical, provenance, or human guidance; runnable K paths are reviewed in notes-P2.md"
"data/lexicon/kaikki_uk_lookup.json"	"scripts/atlas/fill_local.py"	"artifact_path() P2 all-entry resolution probe: lexicon_kaikki/lexicon/kaikki_uk_lookup.json (173/173 passed)"
"data/lexicon/kaikki_uk_lookup.json"	"scripts/lexicon/build_kaikki_lookup.py"	"artifact_path() P2 all-entry resolution probe: lexicon_kaikki/lexicon/kaikki_uk_lookup.json (173/173 passed)"
"data/lexicon/kaikki_uk_lookup.json"	"scripts/lexicon/runner/launch_enrich.sh"	"bash -n scripts/lexicon/runner/launch_enrich.sh scripts/lexicon/runner/launch_reduce.sh scripts/lexicon/runner/launch_reenrich_class_b.sh scripts/lexicon/runner/launch_reenrich_class_b_remote.sh scripts/lexicon/runner/mirror_20k_runner.sh"
"data/lexicon/kaikki_uk_lookup.json"	"scripts/lexicon/runner/launch_reenrich_class_b.sh"	"bash -n scripts/lexicon/runner/launch_enrich.sh scripts/lexicon/runner/launch_reduce.sh scripts/lexicon/runner/launch_reenrich_class_b.sh scripts/lexicon/runner/launch_reenrich_class_b_remote.sh scripts/lexicon/runner/mirror_20k_runner.sh"
"data/lexicon/kaikki_uk_lookup.json"	"scripts/storage/build_classification_table.py"	"logical-id: frozen classification, untracked host state, or unchanged synthetic sparse tree name"
"data/lexicon/parked/parked-thin-entries-2026-07-10.json"	"scripts/lexicon/park_thin_entries.py"	"artifact_path() P2 all-entry resolution probe: lexicon_parked/lexicon/parked/parked-thin-entries-2026-07-10.json (173/173 passed)"
"data/lexicon/paronym_pairs.yaml"	"docs/practice/paronym-residual-taxonomy.md"	"doc-only: historical, provenance, or human guidance; runnable K paths are reviewed in notes-P2.md"
"data/lexicon/paronym_pairs.yaml"	"scripts/audit/generate_practice_deck.py"	"tests.test_generate_practice_deck::test_a2_classify_items_do_not_raise_english_labels"
"data/lexicon/paronym_pairs.yaml"	"tests/test_generate_practice_deck.py"	"tests.test_generate_practice_deck::test_a2_classify_items_do_not_raise_english_labels"
"data/lexicon/practice-creation-review.json"	"scripts/practice/CREATION_REVIEW.md"	"doc-only: human workflow guidance; moved K links updated"
"data/lexicon/practice-creation-review.json"	"scripts/storage/build_classification_table.py"	"logical-id: frozen classification, untracked host state, or unchanged synthetic sparse tree name"
"data/lexicon/recovery-audit/2026-08-14-ocr-space-collapse-manual-review.json"	"scripts/lexicon/ohoiko_paired_headword_split.py"	"tests.test_ohoiko_paired_headword_split::test_analyze_paired_splits_never_promotes_a_no_gloss_leg"
"data/lexicon/recovery-audit/2026-08-14-ocr-space-collapse.jsonl"	"scripts/lexicon/ohoiko_paired_headword_split.py"	"artifact_path() P2 all-entry resolution probe: lexicon_recovery_snapshots/lexicon/recovery-audit/2026-08-14-ocr-space-collapse.jsonl (173/173 passed)"
"data/lexicon/recovery-audit/2026-09-06-anna-taught-residual-census.json"	"scripts/lexicon/ohoiko_paired_headword_split.py"	"artifact_path() P2 all-entry resolution probe: lexicon_recovery_snapshots/lexicon/recovery-audit/2026-09-06-anna-taught-residual-census.json (173/173 passed)"
"data/lexicon/recovery-audit/2026-09-06-anna-taught-residual-census.json"	"tests/test_ohoiko_paired_headword_split.py"	"artifact_path() P2 all-entry resolution probe: lexicon_recovery_snapshots/lexicon/recovery-audit/2026-09-06-anna-taught-residual-census.json (173/173 passed)"
"data/lexicon/source-inventory-review-decisions/2026-06-30-third-approved-textbook-ledger-batch.yaml"	"registry/lexicon/source-inventory/oneshot/textbook-leftover-residual-census-6371.md"	"doc-only: historical, provenance, or human guidance; runnable K paths are reviewed in notes-P2.md"
"data/lexicon/source-inventory-review-decisions/2026-07-03-fifth-approved-textbook-ledger-batch.yaml"	"docs/runbooks/word-atlas-textbook-source-scope.md"	"doc-only: historical, provenance, or human guidance; runnable K paths are reviewed in notes-P2.md"
"data/lexicon/source-inventory-review-decisions/2026-07-03-fifth-approved-textbook-ledger-batch.yaml"	"registry/lexicon/source-inventory/oneshot/textbook-leftover-residual-census-6371.md"	"doc-only: historical, provenance, or human guidance; runnable K paths are reviewed in notes-P2.md"
"data/lexicon/source-inventory-review-decisions/2026-07-03-fifth-approved-textbook-ledger-batch.yaml"	"tests/test_textbook_source_inventory_scope.py"	"tests.test_textbook_source_inventory_scope::test_bolshakova_inventory_rows_are_backed_by_tracked_notes"
"data/lexicon/source-inventory-review-decisions/2026-07-03-fourth-approved-textbook-ledger-batch.yaml"	"registry/lexicon/source-inventory/oneshot/textbook-leftover-residual-census-6371.md"	"doc-only: historical, provenance, or human guidance; runnable K paths are reviewed in notes-P2.md"
"data/lexicon/source-inventory-review-decisions/2026-07-14-curriculum-intake-bulk-reject-R1.yaml"	"scripts/lexicon/obvious_noise_classifier.py"	"tests.test_obvious_noise_classifier::test_classify_lemma[...-punctuation_debris]"
"data/lexicon/source-inventory-review-decisions/2026-07-19-ohoiko-ulp-curated-bulk-approve.yaml"	"scripts/lexicon/curated_ohoiko_ulp_repromote.py"	"tests.test_curated_ohoiko_ulp_repromote::test_collect_ulp_headwords_signature_has_no_sum_connection"
"data/lexicon/source-inventory-review-decisions/2026-07-19-ohoiko-ulp-curated-bulk-approve.yaml"	"scripts/lexicon/promote_atlas_6370_named_multiword_residual.py"	"tests.test_promote_atlas_6370_named_multiword_residual::test_all_nine_candidates_have_standard_classification_and_not_standard_modern"
"data/lexicon/source-inventory-review-decisions/2026-07-19-textbook-jsonl-curated-bulk-approve.yaml"	"registry/lexicon/source-inventory/oneshot/textbook-leftover-residual-census-6371.md"	"doc-only: historical, provenance, or human guidance; runnable K paths are reviewed in notes-P2.md"
"data/lexicon/source-inventory-review-decisions/2026-07-23-alona-full-document-intake.yaml"	"scripts/lexicon/promote_teacher_lesson_intake.py"	"tests.test_promote_teacher_lesson_intake::test_build_teacher_lesson_membership_unions_existing_atlas_routes"
"data/lexicon/source-inventory-review-decisions/2026-08-14-ohoiko-ulp-ocr-space-collapse-approve.yaml"	"scripts/lexicon/promote_atlas_6370_named_multiword_residual.py"	"tests.test_promote_atlas_6370_named_multiword_residual::test_all_nine_candidates_have_standard_classification_and_not_standard_modern"
"data/lexicon/source-inventory-review-decisions/2026-09-02-teacher-lesson-delta-approve.yaml"	"tests/test_promote_teacher_lesson_intake.py"	"tests.test_promote_teacher_lesson_intake::test_build_teacher_lesson_membership_unions_existing_atlas_routes"
"data/lexicon/source-inventory-review-decisions/2026-09-13-ohoiko-fmu-booster-approve.yaml"	"scripts/lexicon/admit_fmu_boosters.py"	"tests.test_admit_fmu_boosters::test_fmu_booster_decisions_are_valid"
"data/lexicon/source-inventory-review-decisions/2026-09-13-ohoiko-fmu-booster-approve.yaml"	"scripts/lexicon/build_fmu_booster_inventory.py"	"tests.test_admit_fmu_boosters::test_fmu_booster_decisions_are_valid"
"data/lexicon/source-inventory-review-decisions/2026-09-13-ohoiko-fmu-booster-approve.yaml"	"tests/test_admit_fmu_boosters.py"	"tests.test_admit_fmu_boosters::test_fmu_booster_decisions_are_valid"
"data/lexicon/source-inventory/bolshakova-bukvar-keywords.yaml"	"docs/runbooks/word-atlas-source-inventory-review-candidates.md"	"doc-only: historical, provenance, or human guidance; runnable K paths are reviewed in notes-P2.md"
"data/lexicon/source-inventory/bolshakova-bukvar-keywords.yaml"	"docs/runbooks/word-atlas-textbook-source-scope.md"	"doc-only: historical, provenance, or human guidance; runnable K paths are reviewed in notes-P2.md"
"data/lexicon/source-inventory/bolshakova-bukvar-keywords.yaml"	"registry/lexicon/source-inventory-review-decisions/2026-06-29-first-approved-publish-batch.yaml"	"logical-id: stored source provenance path; physical readers map it to registry or artifact_path()"
"data/lexicon/source-inventory/bolshakova-bukvar-keywords.yaml"	"registry/lexicon/source-inventory-review-decisions/2026-06-30-second-approved-ledger-batch.yaml"	"logical-id: stored source provenance path; physical readers map it to registry or artifact_path()"
"data/lexicon/source-inventory/bolshakova-bukvar-keywords.yaml"	"registry/lexicon/source-inventory-review-decisions/2026-06-30-third-approved-textbook-ledger-batch.yaml"	"logical-id: stored source provenance path; physical readers map it to registry or artifact_path()"
"data/lexicon/source-inventory/bolshakova-bukvar-keywords.yaml"	"registry/lexicon/source-inventory-review-decisions/2026-07-03-fourth-approved-textbook-ledger-batch.yaml"	"logical-id: stored source provenance path; physical readers map it to registry or artifact_path()"
"data/lexicon/source-inventory/bolshakova-bukvar-keywords.yaml"	"registry/lexicon/source-inventory/oneshot/textbook-leftover-residual-census-6371.md"	"doc-only: historical, provenance, or human guidance; runnable K paths are reviewed in notes-P2.md"
"data/lexicon/source-inventory/bolshakova-bukvar-keywords.yaml"	"scripts/lexicon/census_atlas_6371_textbook_leftover.py"	"tests.test_census_atlas_6371_textbook_leftover::test_admission_allowed_keys_are_only_named_teacher_p1"
"data/lexicon/source-inventory/bolshakova-bukvar-keywords.yaml"	"tests/test_textbook_source_inventory_scope.py"	"tests.test_textbook_source_inventory_scope::test_bolshakova_inventory_rows_are_backed_by_tracked_notes"
"data/lexicon/source-inventory/grade-01/README.md"	"registry/lexicon/source-inventory/grade-02/README.md"	"doc-only: historical, provenance, or human guidance; runnable K paths are reviewed in notes-P2.md"
"data/lexicon/source-inventory/grade-01/README.md"	"registry/lexicon/source-inventory/grade-03/README.md"	"doc-only: historical, provenance, or human guidance; runnable K paths are reviewed in notes-P2.md"
"data/lexicon/source-inventory/grade-01/README.md"	"registry/lexicon/source-inventory/grade-04/README.md"	"doc-only: historical, provenance, or human guidance; runnable K paths are reviewed in notes-P2.md"
"data/lexicon/source-inventory/grade-01/README.md"	"registry/lexicon/source-inventory/grade-05/README.md"	"doc-only: historical, provenance, or human guidance; runnable K paths are reviewed in notes-P2.md"
"data/lexicon/source-inventory/grade-01/README.md"	"registry/lexicon/source-inventory/grade-06/README.md"	"doc-only: historical, provenance, or human guidance; runnable K paths are reviewed in notes-P2.md"
"data/lexicon/source-inventory/grade-01/README.md"	"registry/lexicon/source-inventory/grade-07/README.md"	"doc-only: historical, provenance, or human guidance; runnable K paths are reviewed in notes-P2.md"
"data/lexicon/source-inventory/grade-01/README.md"	"registry/lexicon/source-inventory/grade-08/README.md"	"doc-only: historical, provenance, or human guidance; runnable K paths are reviewed in notes-P2.md"
"data/lexicon/source-inventory/grade-01/README.md"	"registry/lexicon/source-inventory/grade-09/README.md"	"doc-only: historical, provenance, or human guidance; runnable K paths are reviewed in notes-P2.md"
"data/lexicon/source-inventory/grade-01/README.md"	"registry/lexicon/source-inventory/grade-10/README.md"	"doc-only: historical, provenance, or human guidance; runnable K paths are reviewed in notes-P2.md"
"data/lexicon/source-inventory/grade-01/README.md"	"registry/lexicon/source-inventory/grade-11/README.md"	"doc-only: historical, provenance, or human guidance; runnable K paths are reviewed in notes-P2.md"
"data/lexicon/source-inventory/grade-01/bukvar-zaharijchuk-grade1-2025-glossary.yaml"	"scripts/lexicon/admit_textbook_book_glossary.py"	"tests.test_admit_textbook_book_glossary::test_admit_candidates_requires_both_gates"
"data/lexicon/source-inventory/grade-02/README.md"	"registry/lexicon/source-inventory/grade-03/README.md"	"doc-only: historical, provenance, or human guidance; runnable K paths are reviewed in notes-P2.md"
"data/lexicon/source-inventory/ohoiko-abetka-keywords.yaml"	"docs/runbooks/word-atlas-ohoiko-ulp-source-scope.md"	"doc-only: historical, provenance, or human guidance; runnable K paths are reviewed in notes-P2.md"
"data/lexicon/source-inventory/ohoiko-abetka-keywords.yaml"	"docs/runbooks/word-atlas-source-inventory-review-candidates.md"	"doc-only: historical, provenance, or human guidance; runnable K paths are reviewed in notes-P2.md"
"data/lexicon/source-inventory/ohoiko-abetka-keywords.yaml"	"registry/lexicon/source-inventory-review-decisions/2026-06-29-first-approved-publish-batch.yaml"	"logical-id: stored source provenance path; physical readers map it to registry or artifact_path()"
"data/lexicon/source-inventory/ohoiko-abetka-keywords.yaml"	"registry/lexicon/source-inventory-review-decisions/2026-07-03-second-approved-ohoiko-ledger-batch.yaml"	"logical-id: stored source provenance path; physical readers map it to registry or artifact_path()"
"data/lexicon/source-inventory/ohoiko-abetka-keywords.yaml"	"tests/test_ohoiko_source_inventory_scope.py"	"tests.test_ohoiko_source_inventory_scope::test_ohoiko_abetka_inventory_covers_all_committed_key_words"
"data/lexicon/source-inventory/ohoiko-abetka-keywords.yaml"	"tests/test_source_inventory_review_decisions.py"	"tests.test_source_inventory_review_decisions::test_committed_decision_validation_reuses_shared_source_index"
"data/lexicon/source-inventory/ohoiko-corpus-intake.summary.md"	"scripts/lexicon/README.md"	"doc-only: human workflow guidance; moved K links updated"
"data/lexicon/source-inventory/ohoiko-fmu-booster-vocabulary.yaml"	"registry/lexicon/source-inventory-review-decisions/2026-09-13-ohoiko-fmu-booster-approve.yaml"	"logical-id: stored source provenance path; physical readers map it to registry or artifact_path()"
"data/lexicon/source-inventory/ohoiko-fmu-booster-vocabulary.yaml"	"registry/lexicon/source-inventory/ohoiko-fmu-booster-vocabulary.yaml"	"logical-id: stored source provenance path; physical readers map it to registry or artifact_path()"
"data/lexicon/source-inventory/ohoiko-fmu-booster-vocabulary.yaml"	"scripts/lexicon/admit_fmu_boosters.py"	"tests.test_admit_fmu_boosters::test_fmu_booster_decisions_are_valid"
"data/lexicon/source-inventory/ohoiko-fmu-booster-vocabulary.yaml"	"scripts/lexicon/build_fmu_booster_inventory.py"	"tests.test_admit_fmu_boosters::test_fmu_booster_decisions_are_valid"
"data/lexicon/source-inventory/ohoiko-fmu-booster-vocabulary.yaml"	"tests/test_admit_fmu_boosters.py"	"tests.test_admit_fmu_boosters::test_fmu_booster_decisions_are_valid"
"data/lexicon/source-inventory/oneshot/ohoiko-ulp-curated-2026-07-19-bulk.yaml"	"registry/lexicon/source-inventory-review-decisions/2026-07-19-ohoiko-ulp-curated-bulk-approve.yaml"	"logical-id: stored source provenance path; physical readers map it to registry or artifact_path()"
"data/lexicon/source-inventory/oneshot/ohoiko-ulp-curated-2026-07-19-bulk.yaml"	"scripts/lexicon/curated_ohoiko_ulp_repromote.py"	"tests.test_curated_ohoiko_ulp_repromote::test_collect_ulp_headwords_signature_has_no_sum_connection"
"data/lexicon/source-inventory/oneshot/ohoiko-ulp-curated-2026-07-19-bulk.yaml"	"scripts/lexicon/ohoiko_paired_headword_split.py"	"tests.test_ohoiko_paired_headword_split::test_analyze_paired_splits_never_promotes_a_no_gloss_leg"
"data/lexicon/source-inventory/oneshot/ohoiko-ulp-curated-2026-07-19-bulk.yaml"	"scripts/lexicon/promote_atlas_6370_named_multiword_residual.py"	"tests.test_promote_atlas_6370_named_multiword_residual::test_all_nine_candidates_have_standard_classification_and_not_standard_modern"
"data/lexicon/source-inventory/oneshot/ohoiko-ulp-curated-2026-07-19-bulk.yaml"	"scripts/lexicon/ulp_taught_pair_extractor.py"	"tests.test_ulp_taught_pair_extractor::test_extract_basic_margin_pair"
"data/lexicon/source-inventory/oneshot/ohoiko-ulp-ocr-space-collapse-2026-08-14.yaml"	"registry/lexicon/source-inventory-review-decisions/2026-08-14-ohoiko-ulp-ocr-space-collapse-approve.yaml"	"logical-id: stored source provenance path; physical readers map it to registry or artifact_path()"
"data/lexicon/source-inventory/oneshot/ohoiko-ulp-ocr-space-collapse-2026-08-14.yaml"	"scripts/lexicon/ohoiko_paired_headword_split.py"	"tests.test_ohoiko_paired_headword_split::test_analyze_paired_splits_never_promotes_a_no_gloss_leg"
"data/lexicon/source-inventory/oneshot/ohoiko-ulp-ocr-space-collapse-2026-08-14.yaml"	"scripts/lexicon/promote_atlas_6370_named_multiword_residual.py"	"tests.test_promote_atlas_6370_named_multiword_residual::test_all_nine_candidates_have_standard_classification_and_not_standard_modern"
"data/lexicon/source-inventory/oneshot/ohoiko-ulp-paired-split-legs-2026-08-12.yaml"	"registry/lexicon/source-inventory-review-decisions/2026-08-12-ohoiko-ulp-paired-split-legs-approve.yaml"	"logical-id: stored source provenance path; physical readers map it to registry or artifact_path()"
"data/lexicon/source-inventory/oneshot/ohoiko-ulp-paired-split-legs-2026-08-12.yaml"	"scripts/lexicon/ohoiko_paired_headword_split.py"	"tests.test_ohoiko_paired_headword_split::test_analyze_paired_splits_never_promotes_a_no_gloss_leg"
"data/lexicon/source-inventory/oneshot/ohoiko-ulp-paired-split-multiword-legs-2026-08-23.yaml"	"registry/lexicon/source-inventory-review-decisions/2026-08-23-atlas-6370-paired-split-multiword-leg-approve.yaml"	"logical-id: stored source provenance path; physical readers map it to registry or artifact_path()"
"data/lexicon/source-inventory/oneshot/ohoiko-ulp-paired-split-multiword-legs-2026-08-23.yaml"	"scripts/lexicon/promote_atlas_6370_named_multiword_residual.py"	"tests.test_promote_atlas_6370_named_multiword_residual::test_all_nine_candidates_have_standard_classification_and_not_standard_modern"
"data/lexicon/source-inventory/oneshot/private-teacher-lesson-vocabulary-2026-07-18-bulk.yaml"	"registry/lexicon/source-inventory-review-decisions/2026-07-18-teacher-lesson-bulk-approve-new-heads.yaml"	"logical-id: stored source provenance path; physical readers map it to registry or artifact_path()"
"data/lexicon/source-inventory/oneshot/private-teacher-lesson-vocabulary-2026-07-18-bulk.yaml"	"scripts/lexicon/promote_teacher_lesson_intake.py"	"tests.test_promote_teacher_lesson_intake::test_build_teacher_lesson_membership_unions_existing_atlas_routes"
"data/lexicon/source-inventory/oneshot/private-teacher-lesson-vocabulary-2026-09-02-delta.yaml"	"registry/lexicon/source-inventory-review-decisions/2026-09-02-teacher-lesson-delta-approve.yaml"	"logical-id: stored source provenance path; physical readers map it to registry or artifact_path()"
"data/lexicon/source-inventory/oneshot/private-teacher-lesson-vocabulary-2026-09-02-delta.yaml"	"tests/test_promote_teacher_lesson_intake.py"	"tests.test_promote_teacher_lesson_intake::test_build_teacher_lesson_membership_unions_existing_atlas_routes"
"data/lexicon/source-inventory/oneshot/textbook-jsonl-curated-2026-07-19-bulk.yaml"	"registry/lexicon/source-inventory-review-decisions/2026-07-19-textbook-jsonl-curated-bulk-approve.yaml"	"logical-id: stored source provenance path; physical readers map it to registry or artifact_path()"
"data/lexicon/source-inventory/oneshot/textbook-jsonl-curated-2026-07-19-bulk.yaml"	"registry/lexicon/source-inventory/grade-01/README.md"	"doc-only: historical, provenance, or human guidance; runnable K paths are reviewed in notes-P2.md"
"data/lexicon/source-inventory/oneshot/textbook-jsonl-curated-2026-07-19-bulk.yaml"	"registry/lexicon/source-inventory/grade-02/README.md"	"doc-only: historical, provenance, or human guidance; runnable K paths are reviewed in notes-P2.md"
"data/lexicon/source-inventory/oneshot/textbook-jsonl-curated-2026-07-19-bulk.yaml"	"registry/lexicon/source-inventory/grade-03/README.md"	"doc-only: historical, provenance, or human guidance; runnable K paths are reviewed in notes-P2.md"
"data/lexicon/source-inventory/oneshot/textbook-jsonl-curated-2026-07-19-bulk.yaml"	"registry/lexicon/source-inventory/grade-04/README.md"	"doc-only: historical, provenance, or human guidance; runnable K paths are reviewed in notes-P2.md"
"data/lexicon/source-inventory/oneshot/textbook-jsonl-curated-2026-07-19-bulk.yaml"	"registry/lexicon/source-inventory/grade-05/README.md"	"doc-only: historical, provenance, or human guidance; runnable K paths are reviewed in notes-P2.md"
"data/lexicon/source-inventory/oneshot/textbook-jsonl-curated-2026-07-19-bulk.yaml"	"registry/lexicon/source-inventory/grade-06/README.md"	"doc-only: historical, provenance, or human guidance; runnable K paths are reviewed in notes-P2.md"
"data/lexicon/source-inventory/oneshot/textbook-jsonl-curated-2026-07-19-bulk.yaml"	"registry/lexicon/source-inventory/grade-07/README.md"	"doc-only: historical, provenance, or human guidance; runnable K paths are reviewed in notes-P2.md"
"data/lexicon/source-inventory/oneshot/textbook-jsonl-curated-2026-07-19-bulk.yaml"	"registry/lexicon/source-inventory/grade-08/README.md"	"doc-only: historical, provenance, or human guidance; runnable K paths are reviewed in notes-P2.md"
"data/lexicon/source-inventory/oneshot/textbook-jsonl-curated-2026-07-19-bulk.yaml"	"registry/lexicon/source-inventory/grade-09/README.md"	"doc-only: historical, provenance, or human guidance; runnable K paths are reviewed in notes-P2.md"
"data/lexicon/source-inventory/oneshot/textbook-jsonl-curated-2026-07-19-bulk.yaml"	"registry/lexicon/source-inventory/grade-10/README.md"	"doc-only: historical, provenance, or human guidance; runnable K paths are reviewed in notes-P2.md"
"data/lexicon/source-inventory/oneshot/textbook-jsonl-curated-2026-07-19-bulk.yaml"	"registry/lexicon/source-inventory/grade-11/README.md"	"doc-only: historical, provenance, or human guidance; runnable K paths are reviewed in notes-P2.md"
"data/lexicon/source-inventory/oneshot/textbook-jsonl-curated-2026-07-19-bulk.yaml"	"registry/lexicon/source-inventory/oneshot/textbook-leftover-residual-census-6371.md"	"doc-only: historical, provenance, or human guidance; runnable K paths are reviewed in notes-P2.md"
"data/lexicon/source-inventory/oneshot/textbook-jsonl-curated-2026-07-19-bulk.yaml"	"scripts/lexicon/census_atlas_6371_textbook_leftover.py"	"tests.test_census_atlas_6371_textbook_leftover::test_admission_allowed_keys_are_only_named_teacher_p1"
"data/lexicon/source-inventory/oneshot/textbook-leftover-residual-census-6371.json"	"scripts/lexicon/census_atlas_6371_textbook_leftover.py"	"tests.test_census_atlas_6371_textbook_leftover::test_admission_allowed_keys_are_only_named_teacher_p1"
"data/lexicon/source-inventory/oneshot/textbook-leftover-residual-census-6371.md"	"scripts/lexicon/census_atlas_6371_textbook_leftover.py"	"tests.test_census_atlas_6371_textbook_leftover::test_admission_allowed_keys_are_only_named_teacher_p1"
"data/lexicon/source-inventory/pos-balanced-grammar-sample.yaml"	"docs/runbooks/word-atlas-source-inventory-review-candidates.md"	"doc-only: historical, provenance, or human guidance; runnable K paths are reviewed in notes-P2.md"
"data/lexicon/source-inventory/pos-balanced-grammar-sample.yaml"	"registry/lexicon/source-inventory-review-decisions/2026-06-29-first-approved-publish-batch.yaml"	"logical-id: stored source provenance path; physical readers map it to registry or artifact_path()"
"data/lexicon/source-inventory/pos-balanced-grammar-sample.yaml"	"registry/lexicon/source-inventory-review-decisions/2026-06-30-second-approved-ledger-batch.yaml"	"logical-id: stored source provenance path; physical readers map it to registry or artifact_path()"
"data/lexicon/source-inventory/pos-balanced-grammar-sample.yaml"	"tests/test_source_inventory_intake.py"	"tests.test_source_inventory_intake::test_committed_source_inventory_files_are_valid"
"data/lexicon/source-inventory/private-teacher-lesson-vocabulary-seed.yaml"	"docs/runbooks/word-atlas-private-teacher-source-scope.md"	"doc-only: historical, provenance, or human guidance; runnable K paths are reviewed in notes-P2.md"
"data/lexicon/source-inventory/private-teacher-lesson-vocabulary-seed.yaml"	"docs/runbooks/word-atlas-source-inventory-review-candidates.md"	"doc-only: historical, provenance, or human guidance; runnable K paths are reviewed in notes-P2.md"
"data/lexicon/source-inventory/private-teacher-lesson-vocabulary-seed.yaml"	"registry/lexicon/source-inventory-review-decisions/2026-07-02-first-approved-teacher-lesson-ledger-batch.yaml"	"logical-id: stored source provenance path; physical readers map it to registry or artifact_path()"
"data/lexicon/source-inventory/private-teacher-lesson-vocabulary-seed.yaml"	"registry/lexicon/source-inventory-review-decisions/2026-07-03-second-approved-teacher-lesson-ledger-batch.yaml"	"logical-id: stored source provenance path; physical readers map it to registry or artifact_path()"
"data/lexicon/source-inventory/private-teacher-lesson-vocabulary-seed.yaml"	"tests/test_apply_source_inventory_promotion.py"	"tests.test_apply_source_inventory_promotion::test_apply_existing_provenance_overlay_updates_existing_entries"
"data/lexicon/source-inventory/private-teacher-lesson-vocabulary-seed.yaml"	"tests/test_private_teacher_lesson_source_inventory.py"	"tests.test_private_teacher_lesson_source_inventory::test_private_teacher_decision_ledgers_cover_seed_without_live_surfaces"
"data/lexicon/source-inventory/private-teacher-lesson-vocabulary-table-1-rows-119-138.yaml"	"docs/runbooks/word-atlas-private-teacher-source-scope.md"	"doc-only: historical, provenance, or human guidance; runnable K paths are reviewed in notes-P2.md"
"data/lexicon/source-inventory/private-teacher-lesson-vocabulary-table-1-rows-119-138.yaml"	"docs/runbooks/word-atlas-source-inventory-review-candidates.md"	"doc-only: historical, provenance, or human guidance; runnable K paths are reviewed in notes-P2.md"
"data/lexicon/source-inventory/private-teacher-lesson-vocabulary-table-1-rows-119-138.yaml"	"registry/lexicon/source-inventory-review-decisions/2026-07-03-seventh-approved-teacher-lesson-ledger-batch.yaml"	"logical-id: stored source provenance path; physical readers map it to registry or artifact_path()"
"data/lexicon/source-inventory/private-teacher-lesson-vocabulary-table-1-rows-119-138.yaml"	"tests/test_private_teacher_lesson_source_inventory.py"	"tests.test_private_teacher_lesson_source_inventory::test_private_teacher_decision_ledgers_cover_seed_without_live_surfaces"
"data/lexicon/source-inventory/private-teacher-lesson-vocabulary-table-1-rows-139-158.yaml"	"docs/runbooks/word-atlas-private-teacher-source-scope.md"	"doc-only: historical, provenance, or human guidance; runnable K paths are reviewed in notes-P2.md"
"data/lexicon/source-inventory/private-teacher-lesson-vocabulary-table-1-rows-139-158.yaml"	"docs/runbooks/word-atlas-source-inventory-review-candidates.md"	"doc-only: historical, provenance, or human guidance; runnable K paths are reviewed in notes-P2.md"
"data/lexicon/source-inventory/private-teacher-lesson-vocabulary-table-1-rows-139-158.yaml"	"registry/lexicon/source-inventory-review-decisions/2026-07-03-eighth-approved-teacher-lesson-ledger-batch.yaml"	"logical-id: stored source provenance path; physical readers map it to registry or artifact_path()"
"data/lexicon/source-inventory/private-teacher-lesson-vocabulary-table-1-rows-139-158.yaml"	"tests/test_private_teacher_lesson_source_inventory.py"	"tests.test_private_teacher_lesson_source_inventory::test_private_teacher_decision_ledgers_cover_seed_without_live_surfaces"
"data/lexicon/source-inventory/private-teacher-lesson-vocabulary-table-1-rows-159-178.yaml"	"docs/runbooks/word-atlas-private-teacher-source-scope.md"	"doc-only: historical, provenance, or human guidance; runnable K paths are reviewed in notes-P2.md"
"data/lexicon/source-inventory/private-teacher-lesson-vocabulary-table-1-rows-159-178.yaml"	"docs/runbooks/word-atlas-source-inventory-review-candidates.md"	"doc-only: historical, provenance, or human guidance; runnable K paths are reviewed in notes-P2.md"
"data/lexicon/source-inventory/private-teacher-lesson-vocabulary-table-1-rows-159-178.yaml"	"registry/lexicon/source-inventory-review-decisions/2026-07-03-ninth-approved-teacher-lesson-ledger-batch.yaml"	"logical-id: stored source provenance path; physical readers map it to registry or artifact_path()"
"data/lexicon/source-inventory/private-teacher-lesson-vocabulary-table-1-rows-159-178.yaml"	"tests/test_private_teacher_lesson_source_inventory.py"	"tests.test_private_teacher_lesson_source_inventory::test_private_teacher_decision_ledgers_cover_seed_without_live_surfaces"
"data/lexicon/source-inventory/private-teacher-lesson-vocabulary-table-1-rows-179-198.yaml"	"docs/runbooks/word-atlas-private-teacher-source-scope.md"	"doc-only: historical, provenance, or human guidance; runnable K paths are reviewed in notes-P2.md"
"data/lexicon/source-inventory/private-teacher-lesson-vocabulary-table-1-rows-179-198.yaml"	"docs/runbooks/word-atlas-source-inventory-review-candidates.md"	"doc-only: historical, provenance, or human guidance; runnable K paths are reviewed in notes-P2.md"
"data/lexicon/source-inventory/private-teacher-lesson-vocabulary-table-1-rows-179-198.yaml"	"registry/lexicon/source-inventory-review-decisions/2026-07-03-tenth-approved-teacher-lesson-ledger-batch.yaml"	"logical-id: stored source provenance path; physical readers map it to registry or artifact_path()"
"data/lexicon/source-inventory/private-teacher-lesson-vocabulary-table-1-rows-179-198.yaml"	"tests/test_private_teacher_lesson_source_inventory.py"	"tests.test_private_teacher_lesson_source_inventory::test_private_teacher_decision_ledgers_cover_seed_without_live_surfaces"
"data/lexicon/source-inventory/private-teacher-lesson-vocabulary-table-1-rows-199-218.yaml"	"docs/runbooks/word-atlas-private-teacher-source-scope.md"	"doc-only: historical, provenance, or human guidance; runnable K paths are reviewed in notes-P2.md"
"data/lexicon/source-inventory/private-teacher-lesson-vocabulary-table-1-rows-199-218.yaml"	"docs/runbooks/word-atlas-source-inventory-review-candidates.md"	"doc-only: historical, provenance, or human guidance; runnable K paths are reviewed in notes-P2.md"
"data/lexicon/source-inventory/private-teacher-lesson-vocabulary-table-1-rows-199-218.yaml"	"registry/lexicon/source-inventory-review-decisions/2026-07-03-eleventh-approved-teacher-lesson-ledger-batch.yaml"	"logical-id: stored source provenance path; physical readers map it to registry or artifact_path()"
"data/lexicon/source-inventory/private-teacher-lesson-vocabulary-table-1-rows-199-218.yaml"	"tests/test_private_teacher_lesson_source_inventory.py"	"tests.test_private_teacher_lesson_source_inventory::test_private_teacher_decision_ledgers_cover_seed_without_live_surfaces"
"data/lexicon/source-inventory/private-teacher-lesson-vocabulary-table-1-rows-219-238.yaml"	"registry/lexicon/source-inventory-review-decisions/2026-07-05-twelfth-approved-teacher-lesson-ledger-batch.yaml"	"logical-id: stored source provenance path; physical readers map it to registry or artifact_path()"
"data/lexicon/source-inventory/private-teacher-lesson-vocabulary-table-1-rows-239-258.yaml"	"registry/lexicon/source-inventory-review-decisions/2026-07-05-thirteenth-approved-teacher-lesson-ledger-batch.yaml"	"logical-id: stored source provenance path; physical readers map it to registry or artifact_path()"
"data/lexicon/source-inventory/private-teacher-lesson-vocabulary-table-1-rows-259-278.yaml"	"registry/lexicon/source-inventory-review-decisions/2026-07-05-fourteenth-approved-teacher-lesson-ledger-batch.yaml"	"logical-id: stored source provenance path; physical readers map it to registry or artifact_path()"
"data/lexicon/source-inventory/private-teacher-lesson-vocabulary-table-1-rows-279-298.yaml"	"registry/lexicon/source-inventory-review-decisions/2026-07-05-fifteenth-approved-teacher-lesson-ledger-batch.yaml"	"logical-id: stored source provenance path; physical readers map it to registry or artifact_path()"
"data/lexicon/source-inventory/private-teacher-lesson-vocabulary-table-1-rows-299-610.yaml"	"registry/lexicon/source-inventory-review-decisions/2026-07-05-sixteenth-approved-teacher-lesson-ledger-batch.yaml"	"logical-id: stored source provenance path; physical readers map it to registry or artifact_path()"
"data/lexicon/source-inventory/private-teacher-lesson-vocabulary-table-1-rows-39-58.yaml"	"docs/runbooks/word-atlas-private-teacher-source-scope.md"	"doc-only: historical, provenance, or human guidance; runnable K paths are reviewed in notes-P2.md"
"data/lexicon/source-inventory/private-teacher-lesson-vocabulary-table-1-rows-39-58.yaml"	"docs/runbooks/word-atlas-source-inventory-review-candidates.md"	"doc-only: historical, provenance, or human guidance; runnable K paths are reviewed in notes-P2.md"
"data/lexicon/source-inventory/private-teacher-lesson-vocabulary-table-1-rows-39-58.yaml"	"registry/lexicon/source-inventory-review-decisions/2026-07-03-third-approved-teacher-lesson-ledger-batch.yaml"	"logical-id: stored source provenance path; physical readers map it to registry or artifact_path()"
"data/lexicon/source-inventory/private-teacher-lesson-vocabulary-table-1-rows-39-58.yaml"	"tests/test_private_teacher_lesson_source_inventory.py"	"tests.test_private_teacher_lesson_source_inventory::test_private_teacher_decision_ledgers_cover_seed_without_live_surfaces"
"data/lexicon/source-inventory/private-teacher-lesson-vocabulary-table-1-rows-59-78.yaml"	"docs/runbooks/word-atlas-private-teacher-source-scope.md"	"doc-only: historical, provenance, or human guidance; runnable K paths are reviewed in notes-P2.md"
"data/lexicon/source-inventory/private-teacher-lesson-vocabulary-table-1-rows-59-78.yaml"	"docs/runbooks/word-atlas-source-inventory-review-candidates.md"	"doc-only: historical, provenance, or human guidance; runnable K paths are reviewed in notes-P2.md"
"data/lexicon/source-inventory/private-teacher-lesson-vocabulary-table-1-rows-59-78.yaml"	"registry/lexicon/source-inventory-review-decisions/2026-07-03-fourth-approved-teacher-lesson-ledger-batch.yaml"	"logical-id: stored source provenance path; physical readers map it to registry or artifact_path()"
"data/lexicon/source-inventory/private-teacher-lesson-vocabulary-table-1-rows-59-78.yaml"	"tests/test_private_teacher_lesson_source_inventory.py"	"tests.test_private_teacher_lesson_source_inventory::test_private_teacher_decision_ledgers_cover_seed_without_live_surfaces"
"data/lexicon/source-inventory/private-teacher-lesson-vocabulary-table-1-rows-79-98.yaml"	"docs/runbooks/word-atlas-private-teacher-source-scope.md"	"doc-only: historical, provenance, or human guidance; runnable K paths are reviewed in notes-P2.md"
"data/lexicon/source-inventory/private-teacher-lesson-vocabulary-table-1-rows-79-98.yaml"	"docs/runbooks/word-atlas-source-inventory-review-candidates.md"	"doc-only: historical, provenance, or human guidance; runnable K paths are reviewed in notes-P2.md"
"data/lexicon/source-inventory/private-teacher-lesson-vocabulary-table-1-rows-79-98.yaml"	"registry/lexicon/source-inventory-review-decisions/2026-07-03-fifth-approved-teacher-lesson-ledger-batch.yaml"	"logical-id: stored source provenance path; physical readers map it to registry or artifact_path()"
"data/lexicon/source-inventory/private-teacher-lesson-vocabulary-table-1-rows-79-98.yaml"	"tests/test_private_teacher_lesson_source_inventory.py"	"tests.test_private_teacher_lesson_source_inventory::test_private_teacher_decision_ledgers_cover_seed_without_live_surfaces"
"data/lexicon/source-inventory/private-teacher-lesson-vocabulary-table-1-rows-99-118.yaml"	"docs/runbooks/word-atlas-private-teacher-source-scope.md"	"doc-only: historical, provenance, or human guidance; runnable K paths are reviewed in notes-P2.md"
"data/lexicon/source-inventory/private-teacher-lesson-vocabulary-table-1-rows-99-118.yaml"	"docs/runbooks/word-atlas-source-inventory-review-candidates.md"	"doc-only: historical, provenance, or human guidance; runnable K paths are reviewed in notes-P2.md"
"data/lexicon/source-inventory/private-teacher-lesson-vocabulary-table-1-rows-99-118.yaml"	"registry/lexicon/source-inventory-review-decisions/2026-07-03-sixth-approved-teacher-lesson-ledger-batch.yaml"	"logical-id: stored source provenance path; physical readers map it to registry or artifact_path()"
"data/lexicon/source-inventory/private-teacher-lesson-vocabulary-table-1-rows-99-118.yaml"	"tests/test_private_teacher_lesson_source_inventory.py"	"tests.test_private_teacher_lesson_source_inventory::test_private_teacher_decision_ledgers_cover_seed_without_live_surfaces"
"data/lexicon/source-inventory/vashulenko-grade3-family-numerals.yaml"	"docs/runbooks/word-atlas-source-inventory-review-candidates.md"	"doc-only: historical, provenance, or human guidance; runnable K paths are reviewed in notes-P2.md"
"data/lexicon/source-inventory/vashulenko-grade3-family-numerals.yaml"	"docs/runbooks/word-atlas-textbook-source-scope.md"	"doc-only: historical, provenance, or human guidance; runnable K paths are reviewed in notes-P2.md"
"data/lexicon/source-inventory/vashulenko-grade3-family-numerals.yaml"	"registry/lexicon/source-inventory-review-decisions/2026-07-03-fifth-approved-textbook-ledger-batch.yaml"	"logical-id: stored source provenance path; physical readers map it to registry or artifact_path()"
"data/lexicon/source-inventory/vashulenko-grade3-family-numerals.yaml"	"registry/lexicon/source-inventory/oneshot/textbook-leftover-residual-census-6371.md"	"doc-only: historical, provenance, or human guidance; runnable K paths are reviewed in notes-P2.md"
"data/lexicon/source-inventory/vashulenko-grade3-family-numerals.yaml"	"scripts/lexicon/census_atlas_6371_textbook_leftover.py"	"tests.test_census_atlas_6371_textbook_leftover::test_admission_allowed_keys_are_only_named_teacher_p1"
"data/lexicon/source-inventory/vashulenko-grade3-family-numerals.yaml"	"tests/test_textbook_source_inventory_scope.py"	"tests.test_textbook_source_inventory_scope::test_bolshakova_inventory_rows_are_backed_by_tracked_notes"
"data/lexicon/source-inventory/vashulenko-grade3-headwords.yaml"	"docs/runbooks/word-atlas-source-inventory-review-candidates.md"	"doc-only: historical, provenance, or human guidance; runnable K paths are reviewed in notes-P2.md"
"data/lexicon/source-inventory/vashulenko-grade3-headwords.yaml"	"docs/runbooks/word-atlas-textbook-source-scope.md"	"doc-only: historical, provenance, or human guidance; runnable K paths are reviewed in notes-P2.md"
"data/lexicon/source-inventory/vashulenko-grade3-headwords.yaml"	"registry/lexicon/source-inventory-review-decisions/2026-06-29-first-approved-publish-batch.yaml"	"logical-id: stored source provenance path; physical readers map it to registry or artifact_path()"
"data/lexicon/source-inventory/vashulenko-grade3-headwords.yaml"	"registry/lexicon/source-inventory-review-decisions/2026-06-30-second-approved-ledger-batch.yaml"	"logical-id: stored source provenance path; physical readers map it to registry or artifact_path()"
"data/lexicon/source-inventory/vashulenko-grade3-headwords.yaml"	"registry/lexicon/source-inventory-review-decisions/2026-06-30-third-approved-textbook-ledger-batch.yaml"	"logical-id: stored source provenance path; physical readers map it to registry or artifact_path()"
"data/lexicon/source-inventory/vashulenko-grade3-headwords.yaml"	"registry/lexicon/source-inventory-review-decisions/2026-07-03-fourth-approved-textbook-ledger-batch.yaml"	"logical-id: stored source provenance path; physical readers map it to registry or artifact_path()"
"data/lexicon/source-inventory/vashulenko-grade3-headwords.yaml"	"registry/lexicon/source-inventory/oneshot/textbook-leftover-residual-census-6371.md"	"doc-only: historical, provenance, or human guidance; runnable K paths are reviewed in notes-P2.md"
"data/lexicon/source-inventory/vashulenko-grade3-headwords.yaml"	"scripts/lexicon/census_atlas_6371_textbook_leftover.py"	"tests.test_census_atlas_6371_textbook_leftover::test_admission_allowed_keys_are_only_named_teacher_p1"
"data/lexicon/source-inventory/vashulenko-grade3-headwords.yaml"	"scripts/storage/build_classification_table.py"	"logical-id: frozen classification, untracked host state, or unchanged synthetic sparse tree name"
"data/lexicon/source-inventory/vashulenko-grade3-headwords.yaml"	"tests/test_textbook_source_inventory_scope.py"	"tests.test_textbook_source_inventory_scope::test_bolshakova_inventory_rows_are_backed_by_tracked_notes"
"data/lexicon/stem_slice_2a_candidates.json"	"scripts/lexicon/admit_stem_slice_2a.py"	"artifact_path() P2 all-entry resolution probe: lexicon_candidates/lexicon/stem_slice_2a_candidates.json (173/173 passed)"
"data/lexicon/synonym_pair_verdicts.yaml"	"docs/practice/curated-membership-and-sources.md"	"doc-only: historical, provenance, or human guidance; runnable K paths are reviewed in notes-P2.md"
"data/lexicon/synonym_pair_verdicts.yaml"	"scripts/audit/generate_practice_deck.py"	"tests.test_generate_practice_deck::test_a2_classify_items_do_not_raise_english_labels"
"data/lexicon/synonym_pair_verdicts.yaml"	"scripts/lexicon/verify_synonym_pairs.py"	"tests.test_synonym_verdicts_pipeline::test_approved_verdict_emits_without_manifest_relation_links"
"data/lexicon/textbook-end-dictionaries/inventory.json"	"scripts/audit/generate_practice_deck.py"	"artifact_path() P2 all-entry resolution probe: lexicon_end_dictionaries/lexicon/textbook-end-dictionaries/inventory.json (173/173 passed)"
"data/lexicon/vesum_inflection_aliases.json"	"scripts/lexicon/generate_vesum_aliases.py"	"tests.test_generate_vesum_aliases::test_build_alias_map_gates"
"data/lexicon/vesum_inflection_aliases.json"	"scripts/storage/build_classification_table.py"	"logical-id: frozen classification, untracked host state, or unchanged synthetic sparse tree name"
