"artifact"	"consumer"	"check"
"base:ARTIFACT_ARCHIVED_ULDR_V1_DIR"	"scripts/projects/open_model_data/paths.py"	""
"base:ARTIFACT_ARCHIVED_ULDR_V1_DIR"	"scripts/storage/consumers.py"	""
"base:ARTIFACT_ARCHIVED_ULDR_V1_DIR"	"tests/projects/open_model_data/test_paths.py"	""
"base:ARTIFACT_ARCHIVED_ULDR_V1_DIR"	"tests/storage/test_consumers.py"	""
"base:ARTIFACT_ARCHIVE_DIR"	"scripts/projects/open_model_data/paths.py"	""
"base:ARTIFACT_ARCHIVE_DIR"	"scripts/storage/consumers.py"	""
"base:ARTIFACT_ARCHIVE_DIR"	"tests/projects/open_model_data/test_paths.py"	""
"base:ARTIFACT_ARCHIVE_DIR"	"tests/storage/test_consumers.py"	""
"base:ARTIFACT_COMPONENTS_DIR"	"scripts/projects/open_model_data/paths.py"	""
"base:ARTIFACT_COMPONENTS_DIR"	"scripts/storage/consumers.py"	""
"base:ARTIFACT_COMPONENTS_DIR"	"tests/projects/open_model_data/test_paths.py"	""
"base:ARTIFACT_COMPONENTS_DIR"	"tests/storage/test_consumers.py"	""
"base:ARTIFACT_CORRECTION_PROTECTION_DIR"	"scripts/projects/open_model_data/paths.py"	""
"base:ARTIFACT_CORRECTION_PROTECTION_DIR"	"scripts/storage/consumers.py"	""
"base:ARTIFACT_CORRECTION_PROTECTION_DIR"	"tests/projects/open_model_data/test_paths.py"	""
"base:ARTIFACT_CORRECTION_PROTECTION_DIR"	"tests/storage/test_consumers.py"	""
"base:ARTIFACT_DECOLONIZATION_DIR"	"scripts/projects/open_model_data/build_decolonization_cases.py"	""
"base:ARTIFACT_DECOLONIZATION_DIR"	"scripts/projects/open_model_data/paths.py"	""
"base:ARTIFACT_DECOLONIZATION_DIR"	"scripts/storage/consumers.py"	""
"base:ARTIFACT_DECOLONIZATION_DIR"	"tests/storage/test_consumers.py"	""
"base:ARTIFACT_DIALECTS_DIR"	"scripts/projects/open_model_data/paths.py"	""
"base:ARTIFACT_DIALECTS_DIR"	"scripts/storage/consumers.py"	""
"base:ARTIFACT_DIALECTS_DIR"	"tests/storage/test_consumers.py"	""
"base:ARTIFACT_GRAMMAR_DIR"	"scripts/projects/open_model_data/paths.py"	""
"base:ARTIFACT_GRAMMAR_DIR"	"scripts/storage/consumers.py"	""
"base:ARTIFACT_GRAMMAR_DIR"	"tests/storage/test_consumers.py"	""
"base:ARTIFACT_IDIOMS_DIR"	"scripts/projects/open_model_data/paths.py"	""
"base:ARTIFACT_IDIOMS_DIR"	"scripts/storage/consumers.py"	""
"base:ARTIFACT_IDIOMS_DIR"	"tests/storage/test_consumers.py"	""
"base:ARTIFACT_OPEN_MODEL_DATA_DIR"	"scripts/projects/open_model_data/paths.py"	""
"base:ARTIFACT_OPEN_MODEL_DATA_DIR"	"scripts/storage/consumers.py"	""
"base:ARTIFACT_OPEN_MODEL_DATA_DIR"	"tests/projects/open_model_data/test_paths.py"	""
"base:ARTIFACT_OPEN_MODEL_DATA_DIR"	"tests/storage/test_consumers.py"	""
"base:ARTIFACT_QUARANTINED_HISTORICAL_DIR"	"scripts/projects/open_model_data/paths.py"	""
"base:ARTIFACT_QUARANTINED_HISTORICAL_DIR"	"scripts/storage/consumers.py"	""
"base:ARTIFACT_QUARANTINED_HISTORICAL_DIR"	"tests/storage/test_consumers.py"	""
"base:ARTIFACT_RELEASE_DIR"	"scripts/projects/open_model_data/paths.py"	""
"base:ARTIFACT_RELEASE_DIR"	"scripts/storage/consumers.py"	""
"base:ARTIFACT_RELEASE_DIR"	"tests/projects/open_model_data/test_paths.py"	""
"base:ARTIFACT_RELEASE_DIR"	"tests/storage/test_consumers.py"	""
"base:ARTIFACT_TEXTBOOKS_DIR"	"scripts/projects/open_model_data/paths.py"	""
"base:ARTIFACT_TEXTBOOKS_DIR"	"scripts/storage/consumers.py"	""
"base:ARTIFACT_TEXTBOOKS_DIR"	"tests/storage/test_consumers.py"	""
"base:CONTRACTS_DIR"	"scripts/projects/open_model_data/paths.py"	""
"base:CONTRACTS_DIR"	"scripts/projects/open_model_data/v4_decolonization_reasoning.py"	""
"base:CONTRACTS_DIR"	"scripts/projects/open_model_data/v4_mine_gold_seeds.py"	""
"base:CONTRACTS_DIR"	"scripts/projects/open_model_data/v4_mine_stem_controls.py"	""
"base:CONTRACTS_DIR"	"scripts/projects/open_model_data/v4_pilot_canary_evaluation.py"	""
"base:CONTRACTS_DIR"	"scripts/projects/open_model_data/v4_production_shards_assembly.py"	""
"base:CONTRACTS_DIR"	"scripts/projects/open_model_data/v4_source_custody_access.py"	""
"base:CONTRACTS_DIR"	"scripts/projects/open_model_data/v4_verify_trajectory_claims.py"	""
"base:CONTRACTS_DIR"	"scripts/storage/consumers.py"	""
"base:CONTRACTS_DIR"	"tests/projects/open_model_data/test_paths.py"	""
"base:CONTRACTS_DIR"	"tests/projects/open_model_data/test_phase3_corpus_miners.py"	""
"base:CONTRACTS_DIR"	"tests/projects/open_model_data/test_phase3_decolonization_partition.py"	""
"base:CONTRACTS_DIR"	"tests/projects/open_model_data/test_real_training_run_8338.py"	""
"base:CONTRACTS_DIR"	"tests/projects/open_model_data/test_v1_decolonization_contracts.py"	""
"base:CONTRACTS_DIR"	"tests/projects/open_model_data/test_v4_decolonization_reasoning.py"	""
"base:CONTRACTS_DIR"	"tests/projects/open_model_data/test_v4_differential_soviet_miner.py"	""
"base:CONTRACTS_DIR"	"tests/projects/open_model_data/test_v4_human_source_dataset.py"	""
"base:CONTRACTS_DIR"	"tests/projects/open_model_data/test_v4_human_source_pilot.py"	""
"base:CONTRACTS_DIR"	"tests/projects/open_model_data/test_v4_mine_gold_seeds.py"	""
"base:CONTRACTS_DIR"	"tests/projects/open_model_data/test_v4_mine_stem_controls.py"	""
"base:CONTRACTS_DIR"	"tests/projects/open_model_data/test_v4_open_weight_learning_study.py"	""
"base:CONTRACTS_DIR"	"tests/projects/open_model_data/test_v4_reproduce_deliverables.py"	""
"base:CONTRACTS_DIR"	"tests/projects/open_model_data/test_v4_work_grouping_split.py"	""
"base:CONTRACTS_DIR"	"tests/projects/open_model_data/test_v5_dialect_historical_protection.py"	""
"base:CONTRACTS_DIR"	"tests/storage/test_consumers.py"	""
"base:DATA_DIR"	"docs/design/monitor-api-router-inventory.md"	""
"base:DATA_DIR"	"scripts/generate_mdx/generate_ipa.py"	""
"base:DATA_DIR"	"scripts/rag/config.py"	""
"base:DATA_DIR"	"scripts/rag/prepare_antonenko.py"	""
"base:DATA_DIR"	"scripts/rag/prepare_grinchenko.py"	""
"base:DATA_DIR"	"scripts/rag/scrape_wikisource.py"	""
"base:DATA_DIR"	"scripts/storage/consumers.py"	""
"base:DATA_DIR"	"tests/projects/open_model_data/test_real_training_run_8338.py"	""
"base:DATA_DIR"	"tests/projects/open_model_data/test_v5_dialect_historical_protection.py"	""
"base:DATA_DIR"	"tests/test_coverage_misc.py"	""
"base:DATA_DIR"	"tests/test_generate_ipa_overrides.py"	""
"base:DATA_ROOT"	"scripts/analytics/vocab_progression.py"	""
"base:DATA_ROOT"	"scripts/audit/source_inventory_review_decisions.py"	""
"base:DATA_ROOT"	"scripts/storage/consumers.py"	""
"base:DATA_ROOT"	"scripts/storage/paths.py"	""
"base:DATA_ROOT"	"tests/conftest.py"	""
"base:DATA_ROOT"	"tests/storage/test_consumers.py"	""
"base:DATA_ROOT"	"tests/storage/test_needs_artifact_hook.py"	""
"base:DEFAULT_CONTRACTS_DIR"	"scripts/projects/open_model_data/v5_build_dialect_historical_protection_suite.py"	""
"base:DEFAULT_CONTRACTS_DIR"	"scripts/projects/open_model_data/v5_mine_dialect_corpus.py"	""
"base:DEFAULT_CONTRACTS_DIR"	"scripts/projects/open_model_data/v5_mine_kyivan_rus_epigraphy.py"	""
"base:DEFAULT_CONTRACTS_DIR"	"scripts/projects/open_model_data/v5_mine_middle_ukrainian.py"	""
"base:DEFAULT_CONTRACTS_DIR"	"scripts/storage/consumers.py"	""
"base:DEFAULT_RELEASE_DIR"	"scripts/projects/open_model_data/v5_mine_dialect_corpus.py"	""
"base:DEFAULT_RELEASE_DIR"	"scripts/projects/open_model_data/v5_mine_kyivan_rus_epigraphy.py"	""
"base:DEFAULT_RELEASE_DIR"	"scripts/projects/open_model_data/v5_mine_middle_ukrainian.py"	""
"base:DEFAULT_RELEASE_DIR"	"scripts/storage/consumers.py"	""
"base:DEFAULT_RELEASE_DIR"	"tests/projects/open_model_data/test_v5_mine_dialect_corpus.py"	""
"base:DEFAULT_RELEASE_DIR"	"tests/projects/open_model_data/test_v5_mine_kyivan_rus_epigraphy.py"	""
"base:DEFAULT_RELEASE_DIR"	"tests/projects/open_model_data/test_v5_mine_middle_ukrainian.py"	""
"base:OPEN_MODEL_DATA_DIR"	"scripts/storage/consumers.py"	""
"base:OPEN_MODEL_DATA_DIR"	"tests/storage/test_consumers.py"	""
"base:OPEN_MODEL_DATA_ROOT"	"scripts/storage/consumers.py"	""
"base:REGISTRY_ARCHIVED_ULDR_V1_DIR"	"scripts/projects/open_model_data/paths.py"	""
"base:REGISTRY_ARCHIVED_ULDR_V1_DIR"	"scripts/storage/consumers.py"	""
"base:REGISTRY_ARCHIVED_ULDR_V1_DIR"	"tests/projects/open_model_data/test_paths.py"	""
"base:REGISTRY_ARCHIVED_ULDR_V1_DIR"	"tests/storage/test_consumers.py"	""
"base:REGISTRY_ARCHIVE_DIR"	"scripts/projects/open_model_data/paths.py"	""
"base:REGISTRY_ARCHIVE_DIR"	"scripts/storage/consumers.py"	""
"base:REGISTRY_ARCHIVE_DIR"	"tests/projects/open_model_data/test_paths.py"	""
"base:REGISTRY_ARCHIVE_DIR"	"tests/storage/test_consumers.py"	""
"base:REGISTRY_COMPONENTS_DIR"	"scripts/projects/open_model_data/paths.py"	""
"base:REGISTRY_COMPONENTS_DIR"	"scripts/storage/consumers.py"	""
"base:REGISTRY_COMPONENTS_DIR"	"tests/projects/open_model_data/test_paths.py"	""
"base:REGISTRY_COMPONENTS_DIR"	"tests/storage/test_consumers.py"	""
"base:REGISTRY_CORRECTION_PROTECTION_DIR"	"scripts/projects/open_model_data/paths.py"	""
"base:REGISTRY_CORRECTION_PROTECTION_DIR"	"scripts/storage/consumers.py"	""
"base:REGISTRY_CORRECTION_PROTECTION_DIR"	"tests/projects/open_model_data/test_paths.py"	""
"base:REGISTRY_CORRECTION_PROTECTION_DIR"	"tests/storage/test_consumers.py"	""
"base:REGISTRY_DECOLONIZATION_DIR"	"scripts/projects/open_model_data/paths.py"	""
"base:REGISTRY_DECOLONIZATION_DIR"	"scripts/storage/consumers.py"	""
"base:REGISTRY_DECOLONIZATION_DIR"	"tests/projects/open_model_data/test_decolonization_component_8340.py"	""
"base:REGISTRY_DECOLONIZATION_DIR"	"tests/projects/open_model_data/test_paths.py"	""
"base:REGISTRY_DECOLONIZATION_DIR"	"tests/storage/test_consumers.py"	""
"base:REGISTRY_DIALECTS_DIR"	"scripts/projects/open_model_data/paths.py"	""
"base:REGISTRY_DIALECTS_DIR"	"scripts/storage/consumers.py"	""
"base:REGISTRY_DIALECTS_DIR"	"tests/projects/open_model_data/test_paths.py"	""
"base:REGISTRY_DIALECTS_DIR"	"tests/storage/test_consumers.py"	""
"base:REGISTRY_GRAMMAR_DIR"	"scripts/projects/open_model_data/paths.py"	""
"base:REGISTRY_GRAMMAR_DIR"	"scripts/storage/consumers.py"	""
"base:REGISTRY_GRAMMAR_DIR"	"tests/projects/open_model_data/test_grammar_component_8342.py"	""
"base:REGISTRY_GRAMMAR_DIR"	"tests/projects/open_model_data/test_paths.py"	""
"base:REGISTRY_GRAMMAR_DIR"	"tests/storage/test_consumers.py"	""
"base:REGISTRY_IDIOMS_DIR"	"scripts/projects/open_model_data/paths.py"	""
"base:REGISTRY_IDIOMS_DIR"	"scripts/storage/consumers.py"	""
"base:REGISTRY_IDIOMS_DIR"	"tests/projects/open_model_data/test_paths.py"	""
"base:REGISTRY_IDIOMS_DIR"	"tests/storage/test_consumers.py"	""
"base:REGISTRY_OPEN_MODEL_DATA_DIR"	"scripts/projects/open_model_data/paths.py"	""
"base:REGISTRY_OPEN_MODEL_DATA_DIR"	"scripts/storage/consumers.py"	""
"base:REGISTRY_OPEN_MODEL_DATA_DIR"	"tests/projects/open_model_data/test_paths.py"	""
"base:REGISTRY_OPEN_MODEL_DATA_DIR"	"tests/storage/test_consumers.py"	""
"base:REGISTRY_QUARANTINED_HISTORICAL_DIR"	"scripts/projects/open_model_data/paths.py"	""
"base:REGISTRY_QUARANTINED_HISTORICAL_DIR"	"scripts/storage/consumers.py"	""
"base:REGISTRY_QUARANTINED_HISTORICAL_DIR"	"tests/projects/open_model_data/test_paths.py"	""
"base:REGISTRY_QUARANTINED_HISTORICAL_DIR"	"tests/storage/test_consumers.py"	""
"base:REGISTRY_RELEASE_DIR"	"scripts/projects/open_model_data/paths.py"	""
"base:REGISTRY_RELEASE_DIR"	"scripts/storage/consumers.py"	""
"base:REGISTRY_RELEASE_DIR"	"tests/projects/open_model_data/test_grammar_component_8342.py"	""
"base:REGISTRY_RELEASE_DIR"	"tests/projects/open_model_data/test_paths.py"	""
"base:REGISTRY_RELEASE_DIR"	"tests/projects/open_model_data/test_v5_mine_kyivan_rus_epigraphy.py"	""
"base:REGISTRY_RELEASE_DIR"	"tests/projects/open_model_data/test_v5_mine_middle_ukrainian.py"	""
"base:REGISTRY_RELEASE_DIR"	"tests/storage/test_consumers.py"	""
"base:REGISTRY_TEXTBOOKS_DIR"	"scripts/projects/open_model_data/paths.py"	""
"base:REGISTRY_TEXTBOOKS_DIR"	"scripts/storage/consumers.py"	""
"base:REGISTRY_TEXTBOOKS_DIR"	"tests/projects/open_model_data/test_paths.py"	""
"base:REGISTRY_TEXTBOOKS_DIR"	"tests/storage/test_consumers.py"	""
"base:RELEASE_DIR"	"scripts/projects/open_model_data/audit_assistant_quality.py"	""
"base:RELEASE_DIR"	"scripts/projects/open_model_data/judge_eval_seat.py"	""
"base:RELEASE_DIR"	"scripts/storage/consumers.py"	""
"base:RELEASE_DIR"	"tests/projects/open_model_data/test_v6_mine_grammar_valency.py"	""
"base:artifact_path"	"scripts/audit/generate_practice_deck.py"	""
"base:artifact_path"	"scripts/audit/layerb_label_scaffold.py"	""
"base:artifact_path"	"scripts/audit/llm_qg_shadow_store.py"	""
"base:artifact_path"	"scripts/audit/qg_bakeoff.py"	""
"base:artifact_path"	"scripts/audit/qg_shadow_run.py"	""
"base:artifact_path"	"scripts/audit/source_inventory_review_decisions.py"	""
"base:artifact_path"	"scripts/build/convergence_loop.py"	""
"base:artifact_path"	"scripts/build/linear_pipeline.py"	""
"base:artifact_path"	"scripts/build/module_memory.py"	""
"base:artifact_path"	"scripts/lexicon/admit_stem_slice_2a.py"	""
"base:artifact_path"	"scripts/lexicon/admit_teacher_table.py"	""
"base:artifact_path"	"scripts/lexicon/build_teacher_deck_cloze.py"	""
"base:artifact_path"	"scripts/lexicon/enrich_manifest.py"	""
"base:artifact_path"	"scripts/lexicon/load_relation_candidates.py"	""
"base:artifact_path"	"scripts/lexicon/ohoiko_paired_headword_split.py"	""
"base:artifact_path"	"scripts/lexicon/park_thin_entries.py"	""
"base:artifact_path"	"scripts/lexicon/reenrich_thin_manifest_entries.py"	""
"base:artifact_path"	"scripts/lexicon/repair_plural_noun_aliases.py"	""
"base:artifact_path"	"scripts/lexicon/runner/enrich_offline_20k.py"	""
"base:artifact_path"	"scripts/lexicon/runner/launch_reenrich_class_b.sh"	""
"base:artifact_path"	"scripts/lexicon/runner/reduce_ulif_20k.py"	""
"base:artifact_path"	"scripts/navsi200_asr_bakeoff.py"	""
"base:artifact_path"	"scripts/navsi200_captions.py"	""
"base:artifact_path"	"scripts/orchestration/curriculum_readiness.py"	""
"base:artifact_path"	"scripts/projects/open_model_data/build_grammar_component_8342.py"	""
"base:artifact_path"	"scripts/projects/open_model_data/phase3_recovery_contracts.py"	""
"base:artifact_path"	"scripts/projects/open_model_data/v4_reproduce_deliverables.py"	""
"base:artifact_path"	"scripts/projects/ua_open_weight_eval/hf_jobs_transport.py"	""
"base:artifact_path"	"scripts/storage/consumers.py"	""
"base:artifact_path"	"scripts/storage/paths.py"	""
"base:artifact_path"	"scripts/wiki/diagnostics/corpus_gaps/audit.py"	""
"base:artifact_path"	"tests/audit/test_classify_grounding_failures.py"	""
"base:artifact_path"	"tests/audit/test_qg_bakeoff.py"	""
"base:artifact_path"	"tests/audit/test_qg_run_serializer.py"	""
"base:artifact_path"	"tests/audit/test_qg_shadow_run.py"	""
"base:artifact_path"	"tests/build/test_wiki_coverage_correction_yaml_guard.py"	""
"base:artifact_path"	"tests/fixtures/curriculum_qg/layer_b_adversarial/manifest.yaml"	""
"base:artifact_path"	"tests/projects/open_model_data/test_paths.py"	""
"base:artifact_path"	"tests/storage/test_artifacts.py"	""
"base:artifact_path"	"tests/test_convergence_loop.py"	""
"base:artifact_path"	"tests/test_docs_router.py"	""
"base:artifact_path"	"tests/test_layerb_label_tools.py"	""
"base:artifact_path"	"tests/test_lexicon_enrich_manifest.py"	""
"base:artifact_path"	"tests/test_miyklas_relation_miner.py"	""
"base:artifact_path"	"tests/test_module_memory.py"	""
"base:artifact_path"	"tests/test_ohoiko_paired_headword_split.py"	""
"base:artifact_path"	"tests/test_open_model_phase3_recovery_contracts.py"	""
"base:artifact_path"	"tests/test_storage_p2_review.py"	""
"base:artifact_path"	"tests/test_v6_contract_flow.py"	""
"base:artifact_path"	"tests/wiki/diagnostics/test_corpus_gaps.py"	""
"base:data-prefix"	"scripts/delegate.py"	""
"base:data-prefix"	"scripts/deploy/auto_deploy_eligibility.py"	""
"base:data-prefix"	"scripts/lexicon/curated_ohoiko_ulp_repromote.py"	""
"base:data-prefix"	"scripts/lexicon/curated_textbook_jsonl_repromote.py"	""
"base:data-prefix"	"scripts/projects/open_model_data/phase3_heldout_partition.py"	""
"base:data-prefix"	"scripts/storage/artifacts.py"	""
"base:data-prefix"	"scripts/storage/consumers.py"	""
"base:data-prefix"	"scripts/storage/paths.py"	""
"base:data-prefix"	"tests/projects/open_model_data/_v4_a7_real_slot_fixture.py"	""
"base:data-prefix"	"tests/storage/test_consumers.py"	""
"base:data-prefix"	"tests/test_delegate.py"	""
"base:data-segment-join"	"scripts/projects/open_model_data/audit_assistant_quality.py"	""
"base:data-segment-join"	"scripts/projects/open_model_data/build_grammar_component_8342.py"	""
"base:data-segment-join"	"scripts/projects/open_model_data/generate_grammar_signoff_8342.py"	""
"base:data-segment-join"	"scripts/projects/open_model_data/paths.py"	""
"base:data-segment-join"	"scripts/projects/open_model_data/phase3_decolonization_partition.py"	""
"base:data-segment-join"	"scripts/projects/open_model_data/phase3_mined_candidate_guards.py"	""
"base:data-segment-join"	"scripts/projects/open_model_data/v4_decolonization_reasoning.py"	""
"base:data-segment-join"	"scripts/projects/open_model_data/v4_differential_soviet_miner.py"	""
"base:data-segment-join"	"scripts/projects/open_model_data/v4_evaluate_decolonization.py"	""
"base:data-segment-join"	"scripts/projects/open_model_data/v4_format_decolonization.py"	""
"base:data-segment-join"	"scripts/projects/open_model_data/v4_mine_corpus_calques.py"	""
"base:data-segment-join"	"scripts/projects/open_model_data/v4_mine_gold_seeds.py"	""
"base:data-segment-join"	"scripts/projects/open_model_data/v4_mine_stem_controls.py"	""
"base:data-segment-join"	"scripts/projects/open_model_data/v4_mine_uagec_calques.py"	""
"base:data-segment-join"	"scripts/projects/open_model_data/v4_pilot_canary_evaluation.py"	""
"base:data-segment-join"	"scripts/projects/open_model_data/v4_production_shards_assembly.py"	""
"base:data-segment-join"	"scripts/projects/open_model_data/v4_verify_trajectory_claims.py"	""
"base:data-segment-join"	"scripts/projects/open_model_data/v5_build_dialect_historical_protection_suite.py"	""
"base:data-segment-join"	"scripts/projects/open_model_data/v5_dialect_protection_evaluator.py"	""
"base:data-segment-join"	"scripts/projects/open_model_data/v5_evaluation_harness.py"	""
"base:data-segment-join"	"scripts/projects/open_model_data/v5_mine_dialect_corpus.py"	""
"base:data-segment-join"	"scripts/projects/open_model_data/v5_mine_kyivan_rus_epigraphy.py"	""
"base:data-segment-join"	"scripts/projects/open_model_data/v5_mine_middle_ukrainian.py"	""
"base:data-segment-join"	"scripts/projects/open_model_data/v6_mine_general_assistant_textbooks.py"	""
"base:data-segment-join"	"scripts/projects/open_model_data/v6_mine_grammar_valency.py"	""
"base:data-segment-join"	"scripts/projects/open_model_data/v6_mine_ulif_phraseology.py"	""
"base:data-segment-join"	"tests/projects/open_model_data/test_audit_dataset_acceptance.py"	""
"base:data-segment-join"	"tests/projects/open_model_data/test_paths.py"	""
"base:data-segment-join"	"tests/projects/open_model_data/test_phase3_corpus_miners.py"	""
"base:data-segment-join"	"tests/projects/open_model_data/test_phase3_decolonization_partition.py"	""
"base:data-segment-join"	"tests/projects/open_model_data/test_real_training_run_8338.py"	""
"base:data-segment-join"	"tests/projects/open_model_data/test_v1_decolonization_contracts.py"	""
"base:data-segment-join"	"tests/projects/open_model_data/test_v4_decolonization_reasoning.py"	""
"base:data-segment-join"	"tests/projects/open_model_data/test_v4_differential_soviet_miner.py"	""
"base:data-segment-join"	"tests/projects/open_model_data/test_v4_mine_gold_seeds.py"	""
"base:data-segment-join"	"tests/projects/open_model_data/test_v4_mine_stem_controls.py"	""
"base:data-segment-join"	"tests/projects/open_model_data/test_v5_dialect_historical_protection.py"	""
"base:data-segment-join"	"tests/projects/open_model_data/test_v5_mine_middle_ukrainian.py"	""
"base:data-segment-join"	"tests/projects/open_model_data/test_v6_mine_grammar_valency.py"	""
"base:data-segment-join"	"tests/storage/test_consumers.py"	""
"base:import:packages.v4-runtime.src.learn_ukrainian_v4_runtime.v4_a3_heldout_family_assignment:DEFAULT_RECEIPT"	"packages/v4-runtime/src/learn_ukrainian_v4_runtime/readiness.py"	""
"base:import:scripts.projects.open_model_data.build_grammar_component_8342:DEFAULT_FIREWALL_MANIFEST"	"scripts/projects/open_model_data/generate_grammar_signoff_8342.py"	""
"base:import:scripts.projects.open_model_data.decolonization_language_reviews:INDEPENDENT_LANGUAGE_REVIEWS"	"scripts/projects/open_model_data/build_decolonization_cases.py"	""
"base:import:scripts.projects.open_model_data.decolonization_language_reviews:INDEPENDENT_LANGUAGE_REVIEWS"	"tests/projects/open_model_data/test_decolonization_component_8340.py"	""
"base:import:scripts.projects.open_model_data.paths:ARTIFACT_ARCHIVED_ULDR_V1_DIR"	"tests/projects/open_model_data/test_paths.py"	""
"base:import:scripts.projects.open_model_data.paths:ARTIFACT_ARCHIVE_DIR"	"tests/projects/open_model_data/test_paths.py"	""
"base:import:scripts.projects.open_model_data.paths:ARTIFACT_COMPONENTS_DIR"	"tests/projects/open_model_data/test_paths.py"	""
"base:import:scripts.projects.open_model_data.paths:ARTIFACT_CORRECTION_PROTECTION_DIR"	"tests/projects/open_model_data/test_paths.py"	""
"base:import:scripts.projects.open_model_data.paths:ARTIFACT_DECOLONIZATION_DIR"	"scripts/projects/open_model_data/build_decolonization_cases.py"	""
"base:import:scripts.projects.open_model_data.paths:ARTIFACT_OPEN_MODEL_DATA_DIR"	"tests/projects/open_model_data/test_paths.py"	""
"base:import:scripts.projects.open_model_data.paths:ARTIFACT_RELEASE_DIR"	"tests/projects/open_model_data/test_paths.py"	""
"base:import:scripts.projects.open_model_data.paths:CONTRACTS_DIR"	"tests/projects/open_model_data/test_paths.py"	""
"base:import:scripts.projects.open_model_data.paths:REGISTRY_ARCHIVED_ULDR_V1_DIR"	"tests/projects/open_model_data/test_paths.py"	""
"base:import:scripts.projects.open_model_data.paths:REGISTRY_ARCHIVE_DIR"	"tests/projects/open_model_data/test_paths.py"	""
"base:import:scripts.projects.open_model_data.paths:REGISTRY_COMPONENTS_DIR"	"tests/projects/open_model_data/test_paths.py"	""
"base:import:scripts.projects.open_model_data.paths:REGISTRY_CORRECTION_PROTECTION_DIR"	"tests/projects/open_model_data/test_paths.py"	""
"base:import:scripts.projects.open_model_data.paths:REGISTRY_DECOLONIZATION_DIR"	"tests/projects/open_model_data/test_decolonization_component_8340.py"	""
"base:import:scripts.projects.open_model_data.paths:REGISTRY_DECOLONIZATION_DIR"	"tests/projects/open_model_data/test_paths.py"	""
"base:import:scripts.projects.open_model_data.paths:REGISTRY_DIALECTS_DIR"	"tests/projects/open_model_data/test_paths.py"	""
"base:import:scripts.projects.open_model_data.paths:REGISTRY_GRAMMAR_DIR"	"tests/projects/open_model_data/test_grammar_component_8342.py"	""
"base:import:scripts.projects.open_model_data.paths:REGISTRY_GRAMMAR_DIR"	"tests/projects/open_model_data/test_paths.py"	""
"base:import:scripts.projects.open_model_data.paths:REGISTRY_IDIOMS_DIR"	"tests/projects/open_model_data/test_paths.py"	""
"base:import:scripts.projects.open_model_data.paths:REGISTRY_OPEN_MODEL_DATA_DIR"	"tests/projects/open_model_data/test_paths.py"	""
"base:import:scripts.projects.open_model_data.paths:REGISTRY_QUARANTINED_HISTORICAL_DIR"	"tests/projects/open_model_data/test_paths.py"	""
"base:import:scripts.projects.open_model_data.paths:REGISTRY_RELEASE_DIR"	"tests/projects/open_model_data/test_grammar_component_8342.py"	""
"base:import:scripts.projects.open_model_data.paths:REGISTRY_RELEASE_DIR"	"tests/projects/open_model_data/test_paths.py"	""
"base:import:scripts.projects.open_model_data.paths:REGISTRY_TEXTBOOKS_DIR"	"tests/projects/open_model_data/test_paths.py"	""
"base:import:scripts.projects.open_model_data.university_source_policy:DEFAULT_POLICY_PATH"	"scripts/ingest/incremental_textbook_ingest.py"	""
"base:import:scripts.projects.open_model_data.v4_mine_stem_controls:DEFAULT_OUTPUT_DIR"	"tests/projects/open_model_data/test_v4_mine_stem_controls.py"	""
"base:import:scripts.projects.open_model_data.v4_pilot_canary_evaluation:CANARY_RECEIPT_SCHEMA_PATH"	"tests/projects/open_model_data/test_v4_pilot_canary_evaluation.py"	""
"base:import:scripts.projects.open_model_data.v4_pilot_canary_evaluation:DEFAULT_HELDOUT_SUITE"	"tests/projects/open_model_data/test_v4_pilot_canary_evaluation.py"	""
"base:import:scripts.projects.open_model_data.v4_production_shards_assembly:DEFAULT_HELDOUT_SUITE"	"tests/projects/open_model_data/test_v4_production_shards_assembly.py"	""
"base:import:scripts.projects.open_model_data.v4_production_shards_assembly:DPO_PAIR_SCHEMA_PATH"	"tests/projects/open_model_data/test_v4_production_shards_assembly.py"	""
"base:import:scripts.projects.open_model_data.v4_production_shards_assembly:HISTORICAL_ARCHIVE_DIR"	"tests/projects/open_model_data/test_v4_production_shards_assembly.py"	""
"base:import:scripts.projects.open_model_data.v4_production_shards_assembly:RECEIPT_SCHEMA_PATH"	"tests/projects/open_model_data/test_v4_production_shards_assembly.py"	""
"base:import:scripts.projects.open_model_data.v4_production_shards_assembly:TRAJECTORY_SCHEMA_PATH"	"tests/projects/open_model_data/test_v4_production_shards_assembly.py"	""
"base:import:scripts.projects.open_model_data.v4_verify_trajectory_claims:DEFAULT_INPUT_TRAJECTORIES"	"tests/projects/open_model_data/test_v4_verify_trajectory_claims.py"	""
"base:import:scripts.projects.open_model_data.v4_verify_trajectory_claims:DEFAULT_RECEIPT_OUTPUT"	"tests/projects/open_model_data/test_v4_verify_trajectory_claims.py"	""
"base:import:scripts.projects.open_model_data.v4_verify_trajectory_claims:DEFAULT_REJECTED_OUTPUT"	"tests/projects/open_model_data/test_v4_verify_trajectory_claims.py"	""
"base:import:scripts.projects.open_model_data.v4_verify_trajectory_claims:DEFAULT_VERIFIED_OUTPUT"	"tests/projects/open_model_data/test_v4_verify_trajectory_claims.py"	""
"base:import:scripts.projects.open_model_data.v4_verify_trajectory_claims:RECEIPT_SCHEMA_PATH"	"tests/projects/open_model_data/test_v4_verify_trajectory_claims.py"	""
"base:import:scripts.projects.open_model_data.v4_verify_trajectory_claims:TRAJECTORY_SCHEMA_PATH"	"tests/projects/open_model_data/test_v4_verify_trajectory_claims.py"	""
"base:import:scripts.projects.open_model_data.v5_mine_dialect_corpus:DEFAULT_RELEASE_DIR"	"tests/projects/open_model_data/test_v5_mine_dialect_corpus.py"	""
"base:import:scripts.projects.open_model_data.v5_mine_dialect_corpus:EVAL_SCHEMA_FILE"	"tests/projects/open_model_data/test_v5_mine_dialect_corpus.py"	""
"base:import:scripts.projects.open_model_data.v5_mine_dialect_corpus:RECEIPT_SCHEMA_FILE"	"tests/projects/open_model_data/test_v5_mine_dialect_corpus.py"	""
"base:import:scripts.projects.open_model_data.v5_mine_dialect_corpus:TRAJECTORY_SCHEMA_FILE"	"tests/projects/open_model_data/test_v5_mine_dialect_corpus.py"	""
"base:import:scripts.projects.open_model_data.v5_mine_dialect_corpus:V02_BASELINE_SUITE_PATH"	"tests/projects/open_model_data/test_v5_mine_dialect_corpus.py"	""
"base:import:scripts.projects.open_model_data.v5_mine_kyivan_rus_epigraphy:DEFAULT_RELEASE_DIR"	"tests/projects/open_model_data/test_v5_mine_kyivan_rus_epigraphy.py"	""
"base:import:scripts.projects.open_model_data.v5_mine_kyivan_rus_epigraphy:EVAL_SCHEMA_FILE"	"tests/projects/open_model_data/test_v5_mine_kyivan_rus_epigraphy.py"	""
"base:import:scripts.projects.open_model_data.v5_mine_kyivan_rus_epigraphy:RECEIPT_SCHEMA_FILE"	"tests/projects/open_model_data/test_v5_mine_kyivan_rus_epigraphy.py"	""
"base:import:scripts.projects.open_model_data.v5_mine_kyivan_rus_epigraphy:TRAJECTORY_SCHEMA_FILE"	"tests/projects/open_model_data/test_v5_mine_kyivan_rus_epigraphy.py"	""
"base:import:scripts.projects.open_model_data.v5_mine_middle_ukrainian:DEFAULT_RELEASE_DIR"	"tests/projects/open_model_data/test_v5_mine_middle_ukrainian.py"	""
"base:import:scripts.projects.open_model_data.v5_mine_middle_ukrainian:EVAL_SCHEMA_FILE"	"tests/projects/open_model_data/test_v5_mine_middle_ukrainian.py"	""
"base:import:scripts.projects.open_model_data.v5_pretraining_contradiction_audit:DEFAULT_PROTECTION_SUITE"	"tests/projects/open_model_data/test_v5_pretraining_contradiction_audit.py"	""
"base:import:scripts.projects.open_model_data.v6_mine_general_assistant_textbooks:DEFAULT_OUTPUT_DIR"	"tests/projects/open_model_data/test_v6_mine_general_assistant_textbooks.py"	""
"base:import:scripts.projects.open_model_data.v6_mine_general_assistant_textbooks:SCHEMA_EVAL_PATH"	"tests/projects/open_model_data/test_v6_mine_general_assistant_textbooks.py"	""
"base:import:scripts.projects.open_model_data.v6_mine_general_assistant_textbooks:SCHEMA_RECEIPT_PATH"	"tests/projects/open_model_data/test_v6_mine_general_assistant_textbooks.py"	""
"base:import:scripts.projects.open_model_data.v6_mine_ulif_phraseology:DEFAULT_OUTPUT_DIR"	"tests/projects/open_model_data/test_v6_mine_ulif_phraseology.py"	""
"base:import:scripts.projects.open_model_data.v6_mine_ulif_phraseology:SCHEMA_EVAL_PATH"	"tests/projects/open_model_data/test_v6_mine_ulif_phraseology.py"	""
"base:import:scripts.projects.open_model_data.v6_mine_ulif_phraseology:SCHEMA_RECEIPT_PATH"	"tests/projects/open_model_data/test_v6_mine_ulif_phraseology.py"	""
"base:open_model_data.paths"	"scripts/projects/open_model_data/build_decolonization_cases.py"	""
"base:open_model_data.paths"	"scripts/projects/open_model_data/v4_production_shards_assembly.py"	""
"base:open_model_data.paths"	"scripts/projects/open_model_data/v5_mine_dialect_corpus.py"	""
"base:open_model_data.paths"	"scripts/projects/open_model_data/v5_mine_kyivan_rus_epigraphy.py"	""
"base:open_model_data.paths"	"scripts/projects/open_model_data/v5_mine_middle_ukrainian.py"	""
"base:open_model_data.paths"	"tests/projects/open_model_data/test_decolonization_component_8340.py"	""
"base:open_model_data.paths"	"tests/projects/open_model_data/test_grammar_component_8342.py"	""
"base:open_model_data.paths"	"tests/projects/open_model_data/test_paths.py"	""
"base:open_model_data.paths"	"tests/storage/test_consumers.py"	""
"base:phase-directory-prefix"	".pre-commit-config.yaml"	""
"base:phase-directory-prefix"	"agents_extensions/shared/skills/drive-ukrainian-dataset-epic/references/legacy-v4-contract.md"	""
"base:phase-directory-prefix"	"batch_state/phase3-cycle007-source-authority-review-brief-v1.md"	""
"base:phase-directory-prefix"	"docs/audits/2026-09-11-uldr-program-audit.md"	""
"base:phase-directory-prefix"	"docs/projects/open-model-data/CORPUS_PROFILER.md"	""
"base:phase-directory-prefix"	"docs/projects/open-model-data/DATASET_ACCEPTANCE_CHECK_SPEC.md"	""
"base:phase-directory-prefix"	"docs/projects/open-model-data/LINGUISTIC_DECOLONIZATION_REASONING_DATASET_PLAN.md"	""
"base:phase-directory-prefix"	"docs/projects/open-model-data/PHASE_3_3_STEM_NEGATIVE_CONTROLS.md"	""
"base:phase-directory-prefix"	"docs/projects/open-model-data/PHASE_3_5_COT_CLAIM_VERIFIER.md"	""
"base:phase-directory-prefix"	"docs/projects/open-model-data/PHASE_3_6_PILOT_CANARY.md"	""
"base:phase-directory-prefix"	"docs/projects/open-model-data/PHASE_3_7_PRODUCTION_SHARDS.md"	""
"base:phase-directory-prefix"	"docs/projects/open-model-data/PHASE_5_2_DIALECT_HISTORICAL_PROTECTION.md"	""
"base:phase-directory-prefix"	"docs/projects/open-model-data/PRODUCTION_RELEASE_PLAN.md"	""
"base:phase-directory-prefix"	"docs/projects/open-model-data/REAL_TRAINING_RUN_SCORECARD_8338.md"	""
"base:phase-directory-prefix"	"docs/projects/open-model-data/ROADMAP_250K_SOVEREIGN_UKRAINIAN.md"	""
"base:phase-directory-prefix"	"docs/projects/open-model-data/SOURCE_RECORD_CONTRACT.md"	""
"base:phase-directory-prefix"	"docs/projects/open-model-data/SOVIET_DIFFERENTIAL_MINER.md"	""
"base:phase-directory-prefix"	"docs/projects/open-model-data/UNLP_DECOLONIZATION_REASONING_PAPER.md"	""
"base:phase-directory-prefix"	"docs/projects/open-model-data/cycle007-storage-custody.md"	""
"base:phase-directory-prefix"	"docs/projects/open-model-data/cyrillic-slavic-dataset-delivery-plan.md"	""
"base:phase-directory-prefix"	"docs/projects/open-model-data/decolonization-training-guide.md"	""
"base:phase-directory-prefix"	"docs/projects/ukrainian-data-foundry-evidence/CONTROLLED_OPEN_WEIGHT_LEARNING_STUDY.md"	""
"base:phase-directory-prefix"	"docs/projects/ukrainian-data-foundry-evidence/FIRST_HUMAN_SOURCE_PILOT.md"	""
"base:phase-directory-prefix"	"docs/projects/ukrainian-data-foundry-evidence/HUMAN_SOURCE_DATASET_DENOMINATOR_AUDIT.md"	""
"base:phase-directory-prefix"	"docs/projects/ukrainian-data-foundry-evidence/LANGUAGE_USAGE_SEPARATION.md"	""
"base:phase-directory-prefix"	"docs/projects/ukrainian-data-foundry-evidence/NATIVE_EXTRACTION_VALIDATION.md"	""
"base:phase-directory-prefix"	"docs/projects/ukrainian-data-foundry-evidence/PHASE2_COMPLEMENTS.md"	""
"base:phase-directory-prefix"	"docs/projects/ukrainian-data-foundry-evidence/PHASE2_COMPLEMENTS.uk.md"	""
"base:phase-directory-prefix"	"docs/projects/ukrainian-data-foundry-evidence/PHASE3_CONTRACTS.md"	""
"base:phase-directory-prefix"	"docs/projects/ukrainian-data-foundry-evidence/PHASE3_CONTRACTS.uk.md"	""
"base:phase-directory-prefix"	"docs/projects/ukrainian-data-foundry-evidence/PHASE3_CORRECTION_PROTECTION.md"	""
"base:phase-directory-prefix"	"docs/projects/ukrainian-data-foundry-evidence/PHASE3_CORRECTION_PROTECTION.uk.md"	""
"base:phase-directory-prefix"	"docs/projects/ukrainian-data-foundry-evidence/PHASE3_SOURCE_DATASHEETS.md"	""
"base:phase-directory-prefix"	"docs/projects/ukrainian-data-foundry-evidence/PHASE3_SOURCE_DATASHEETS.uk.md"	""
"base:phase-directory-prefix"	"docs/projects/ukrainian-data-foundry-evidence/PROVENANCE_RESTORATION.md"	""
"base:phase-directory-prefix"	"docs/projects/ukrainian-data-foundry-evidence/README.md"	""
"base:phase-directory-prefix"	"docs/projects/ukrainian-data-foundry-evidence/README.uk.md"	""
"base:phase-directory-prefix"	"docs/projects/ukrainian-data-foundry-evidence/SOURCE_CUSTODY_ACCESS.md"	""
"base:phase-directory-prefix"	"docs/projects/ukrainian-data-foundry-evidence/WORK_GROUPING_EVALUATION_SPLIT.md"	""
"base:phase-directory-prefix"	"docs/research/PUBLIC_CORPUS_SOURCE_CAPABILITY_EVIDENCE_MAP.md"	""
"base:phase-directory-prefix"	"docs/research/UKRAINIAN_CORPUS_TRAINING_USABILITY_DECISION.md"	""
"base:phase-directory-prefix"	"docs/research/UKRAINIAN_DATA_FOUNDRY_LANGUAGE_SPAN_AND_LEXICAL_EVIDENCE.md"	""
"base:phase-directory-prefix"	"docs/research/UKRAINIAN_HISTORICAL_DIGLOSSIA_AND_CHURCH_SLAVONIC_MODEL.md"	""
"base:phase-directory-prefix"	"docs/runbooks/ukrainian-data-foundry-clean-ukrainian-recipe.md"	""
"base:phase-directory-prefix"	"docs/runbooks/ukrainian-data-foundry-consumer-quickstart.md"	""
"base:phase-directory-prefix"	"docs/runbooks/ukrainian-data-foundry-corpus-admission.md"	""
"base:phase-directory-prefix"	"docs/runbooks/ukrainian-data-foundry-correction-factory.md"	""
"base:phase-directory-prefix"	"docs/runbooks/ukrainian-data-foundry-language-contact-detector.md"	""
"base:phase-directory-prefix"	"docs/runbooks/ukrainian-data-foundry-reference-build.md"	""
"base:phase-directory-prefix"	"docs/runbooks/ukrainian-data-foundry-treatment.md"	""
"base:phase-directory-prefix"	"packages/v4-runtime/asset_allowlist.json"	""
"base:phase-directory-prefix"	"packages/v4-runtime/build_assets.py"	""
"base:phase-directory-prefix"	"packages/v4-runtime/src/learn_ukrainian_v4_runtime/child_runtime.py"	""
"base:phase-directory-prefix"	"packages/v4-runtime/src/learn_ukrainian_v4_runtime/phase3_near_duplicate.py"	""
"base:phase-directory-prefix"	"packages/v4-runtime/src/learn_ukrainian_v4_runtime/provenance.py"	""
"base:phase-directory-prefix"	"packages/v4-runtime/src/learn_ukrainian_v4_runtime/provenance/v1/bindings.json"	""
"base:phase-directory-prefix"	"packages/v4-runtime/src/learn_ukrainian_v4_runtime/semantic_inputs.py"	""
"base:phase-directory-prefix"	"packages/v4-runtime/src/learn_ukrainian_v4_runtime/v4_a10_pilot_review_gate.py"	""
"base:phase-directory-prefix"	"packages/v4-runtime/src/learn_ukrainian_v4_runtime/v4_a11_silver_release_gate.py"	""
"base:phase-directory-prefix"	"packages/v4-runtime/src/learn_ukrainian_v4_runtime/v4_a12_gold_overlay_gate.py"	""
"base:phase-directory-prefix"	"packages/v4-runtime/src/learn_ukrainian_v4_runtime/v4_a13_cleanup_recovery.py"	""
"base:phase-directory-prefix"	"packages/v4-runtime/src/learn_ukrainian_v4_runtime/v4_a3_builder_packet.py"	""
"base:phase-directory-prefix"	"packages/v4-runtime/src/learn_ukrainian_v4_runtime/v4_a3_d1_transition_validator.py"	""
"base:phase-directory-prefix"	"packages/v4-runtime/src/learn_ukrainian_v4_runtime/v4_a3_heldout_family_assignment.py"	""
"base:phase-directory-prefix"	"packages/v4-runtime/src/learn_ukrainian_v4_runtime/v4_a4_deterministic_extraction.py"	""
"base:phase-directory-prefix"	"packages/v4-runtime/src/learn_ukrainian_v4_runtime/v4_a5_evidence_enrichment.py"	""
"base:phase-directory-prefix"	"packages/v4-runtime/src/learn_ukrainian_v4_runtime/v4_a6_blind_arena.py"	""
"base:phase-directory-prefix"	"packages/v4-runtime/src/learn_ukrainian_v4_runtime/v4_a7_original_row_factory.py"	""
"base:phase-directory-prefix"	"packages/v4-runtime/src/learn_ukrainian_v4_runtime/v4_a7_private_ledger.py"	""
"base:phase-directory-prefix"	"packages/v4-runtime/src/learn_ukrainian_v4_runtime/v4_a8_admission_assembly.py"	""
"base:phase-directory-prefix"	"packages/v4-runtime/src/learn_ukrainian_v4_runtime/v4_a9_evaluation_package.py"	""
"base:phase-directory-prefix"	"packages/v4-runtime/src/learn_ukrainian_v4_runtime/v4_execution_origin.py"	""
"base:phase-directory-prefix"	"packages/v4-runtime/src/learn_ukrainian_v4_runtime/v4_per_slot_private_factory.py"	""
"base:phase-directory-prefix"	"packages/v4-runtime/src/learn_ukrainian_v4_runtime/v4_public_slot_commitment_assignment.py"	""
"base:phase-directory-prefix"	"packages/v4-runtime/src/learn_ukrainian_v4_runtime/v4_source_byte_ingestion_admission.py"	""
"base:phase-directory-prefix"	"packages/v4-runtime/src/learn_ukrainian_v4_runtime/v4_trust_authority.py"	""
"base:phase-directory-prefix"	"registry/projects/open_model_data/admission/dataset_v4_a10_pilot_review_gate_receipt_v1.json"	""
"base:phase-directory-prefix"	"registry/projects/open_model_data/admission/dataset_v4_a11_silver_release_gate_receipt_v1.json"	""
"base:phase-directory-prefix"	"registry/projects/open_model_data/admission/dataset_v4_a12_gold_overlay_gate_receipt_v1.json"	""
"base:phase-directory-prefix"	"registry/projects/open_model_data/admission/dataset_v4_a13_cleanup_recovery_receipt_v1.json"	""
"base:phase-directory-prefix"	"registry/projects/open_model_data/admission/dataset_v4_a2_source_operation_admission_receipt_v1.json"	""
"base:phase-directory-prefix"	"registry/projects/open_model_data/admission/dataset_v4_a3_builder_packet_receipt_v1.json"	""
"base:phase-directory-prefix"	"registry/projects/open_model_data/admission/dataset_v4_a3_heldout_source_family_seal_receipt_v1.json"	""
"base:phase-directory-prefix"	"registry/projects/open_model_data/admission/dataset_v4_a4_deterministic_extraction_receipt_v1.json"	""
"base:phase-directory-prefix"	"registry/projects/open_model_data/admission/dataset_v4_a5_evidence_enrichment_receipt_v1.json"	""
"base:phase-directory-prefix"	"registry/projects/open_model_data/admission/dataset_v4_a6_blind_arena_receipt_v1.json"	""
"base:phase-directory-prefix"	"registry/projects/open_model_data/admission/dataset_v4_a7_original_row_factory_receipt_v1.json"	""
"base:phase-directory-prefix"	"registry/projects/open_model_data/admission/dataset_v4_a8_admission_assembly_receipt_v1.json"	""
"base:phase-directory-prefix"	"registry/projects/open_model_data/admission/dataset_v4_a9_evaluation_package_receipt_v1.json"	""
"base:phase-directory-prefix"	"registry/projects/open_model_data/admission/dataset_v4_per_slot_private_factory_receipt_v1.json"	""
"base:phase-directory-prefix"	"registry/projects/open_model_data/admission/dataset_v4_public_slot_commitment_assignment_receipt_v1.json"	""
"base:phase-directory-prefix"	"registry/projects/open_model_data/admission/dataset_v4_source_byte_ingestion_admission_receipt_v1.json"	""
"base:phase-directory-prefix"	"registry/projects/open_model_data/admission/phase3_historical_evidence_spine_v2.json"	""
"base:phase-directory-prefix"	"registry/projects/open_model_data/admission/phase3_historical_protection_channels_v1.json"	""
"base:phase-directory-prefix"	"registry/projects/open_model_data/admission/phase3_modern_contact_channels_v1.json"	""
"base:phase-directory-prefix"	"registry/projects/open_model_data/admission/phase3_p4_pilot_construction_v1.json"	""
"base:phase-directory-prefix"	"registry/projects/open_model_data/admission/public_external_full_corpus_admission_v1.json"	""
"base:phase-directory-prefix"	"registry/projects/open_model_data/archive/quarantined_historical/uldr_v04a_kyivan_rus/release_receipt.json"	""
"base:phase-directory-prefix"	"registry/projects/open_model_data/archive/quarantined_historical/uldr_v04b_middle_ukrainian/release_receipt.json"	""
"base:phase-directory-prefix"	"registry/projects/open_model_data/archive/uldr_v1_production/TOMBSTONE.md"	""
"base:phase-directory-prefix"	"registry/projects/open_model_data/components/decolonization/acceptance_review_sample.receipt.json"	""
"base:phase-directory-prefix"	"registry/projects/open_model_data/components/decolonization/cases.json"	""
"base:phase-directory-prefix"	"registry/projects/open_model_data/components/decolonization/reviews/decol_lex_001.review.json"	""
"base:phase-directory-prefix"	"registry/projects/open_model_data/components/decolonization/reviews/decol_lex_002.review.json"	""
"base:phase-directory-prefix"	"registry/projects/open_model_data/components/decolonization/reviews/decol_lex_003.review.json"	""
"base:phase-directory-prefix"	"registry/projects/open_model_data/components/decolonization/reviews/decol_lex_004.review.json"	""
"base:phase-directory-prefix"	"registry/projects/open_model_data/components/decolonization/reviews/decol_lex_005.review.json"	""
"base:phase-directory-prefix"	"registry/projects/open_model_data/components/decolonization/reviews/decol_lex_006.review.json"	""
"base:phase-directory-prefix"	"registry/projects/open_model_data/components/decolonization/reviews/decol_lex_007.review.json"	""
"base:phase-directory-prefix"	"registry/projects/open_model_data/components/decolonization/reviews/decol_lex_008.review.json"	""
"base:phase-directory-prefix"	"registry/projects/open_model_data/components/decolonization/reviews/decol_lex_009.review.json"	""
"base:phase-directory-prefix"	"registry/projects/open_model_data/components/decolonization/reviews/decol_lex_010.review.json"	""
"base:phase-directory-prefix"	"registry/projects/open_model_data/components/decolonization/reviews/decol_lex_011.review.json"	""
"base:phase-directory-prefix"	"registry/projects/open_model_data/components/decolonization/reviews/decol_lex_012.review.json"	""
"base:phase-directory-prefix"	"registry/projects/open_model_data/components/decolonization/reviews/decol_lex_013.review.json"	""
"base:phase-directory-prefix"	"registry/projects/open_model_data/components/decolonization/reviews/decol_lex_014.review.json"	""
"base:phase-directory-prefix"	"registry/projects/open_model_data/components/decolonization/reviews/decol_lex_015.review.json"	""
"base:phase-directory-prefix"	"registry/projects/open_model_data/components/decolonization/reviews/decol_lex_016.review.json"	""
"base:phase-directory-prefix"	"registry/projects/open_model_data/components/decolonization/reviews/decol_lex_017.review.json"	""
"base:phase-directory-prefix"	"registry/projects/open_model_data/components/decolonization/reviews/decol_lex_018.review.json"	""
"base:phase-directory-prefix"	"registry/projects/open_model_data/components/decolonization/reviews/decol_lex_019.review.json"	""
"base:phase-directory-prefix"	"registry/projects/open_model_data/components/decolonization/reviews/decol_lex_020.review.json"	""
"base:phase-directory-prefix"	"registry/projects/open_model_data/components/decolonization/reviews/decol_lex_021.review.json"	""
"base:phase-directory-prefix"	"registry/projects/open_model_data/components/decolonization/reviews/decol_lex_022.review.json"	""
"base:phase-directory-prefix"	"registry/projects/open_model_data/components/decolonization/reviews/decol_lex_023.review.json"	""
"base:phase-directory-prefix"	"registry/projects/open_model_data/components/decolonization/reviews/decol_lex_024.review.json"	""
"base:phase-directory-prefix"	"registry/projects/open_model_data/components/decolonization/reviews/decol_lex_025.review.json"	""
"base:phase-directory-prefix"	"registry/projects/open_model_data/components/decolonization/reviews/decol_lex_026.review.json"	""
"base:phase-directory-prefix"	"registry/projects/open_model_data/components/decolonization/reviews/decol_lex_027.review.json"	""
"base:phase-directory-prefix"	"registry/projects/open_model_data/components/decolonization/reviews/decol_lex_028.review.json"	""
"base:phase-directory-prefix"	"registry/projects/open_model_data/components/decolonization/reviews/decol_lex_029.review.json"	""
"base:phase-directory-prefix"	"registry/projects/open_model_data/components/decolonization/reviews/decol_lex_030.review.json"	""
"base:phase-directory-prefix"	"registry/projects/open_model_data/components/decolonization/reviews/decol_lex_031.review.json"	""
"base:phase-directory-prefix"	"registry/projects/open_model_data/components/decolonization/reviews/decol_lex_032.review.json"	""
"base:phase-directory-prefix"	"registry/projects/open_model_data/components/decolonization/reviews/decol_lex_033.review.json"	""
"base:phase-directory-prefix"	"registry/projects/open_model_data/components/decolonization/reviews/decol_lex_034.review.json"	""
"base:phase-directory-prefix"	"registry/projects/open_model_data/components/decolonization/reviews/decol_lex_035.review.json"	""
"base:phase-directory-prefix"	"registry/projects/open_model_data/components/decolonization/reviews/decol_lex_036.review.json"	""
"base:phase-directory-prefix"	"registry/projects/open_model_data/components/decolonization/reviews/decol_lex_037.review.json"	""
"base:phase-directory-prefix"	"registry/projects/open_model_data/components/decolonization/reviews/decol_lex_038.review.json"	""
"base:phase-directory-prefix"	"registry/projects/open_model_data/components/decolonization/reviews/decol_lex_039.review.json"	""
"base:phase-directory-prefix"	"registry/projects/open_model_data/components/decolonization/reviews/decol_lex_040.review.json"	""
"base:phase-directory-prefix"	"registry/projects/open_model_data/components/decolonization/reviews/decol_lex_041.review.json"	""
"base:phase-directory-prefix"	"registry/projects/open_model_data/components/decolonization/reviews/decol_lex_042.review.json"	""
"base:phase-directory-prefix"	"registry/projects/open_model_data/components/decolonization/reviews/decol_lex_043.review.json"	""
"base:phase-directory-prefix"	"registry/projects/open_model_data/components/decolonization/reviews/decol_lex_044.review.json"	""
"base:phase-directory-prefix"	"registry/projects/open_model_data/components/decolonization/reviews/decol_lex_045.review.json"	""
"base:phase-directory-prefix"	"registry/projects/open_model_data/components/decolonization/reviews/decol_lex_046.review.json"	""
"base:phase-directory-prefix"	"registry/projects/open_model_data/components/decolonization/reviews/decol_lex_047.review.json"	""
"base:phase-directory-prefix"	"registry/projects/open_model_data/components/decolonization/reviews/decol_lex_048.review.json"	""
"base:phase-directory-prefix"	"registry/projects/open_model_data/components/decolonization/reviews/decol_lex_049.review.json"	""
"base:phase-directory-prefix"	"registry/projects/open_model_data/components/decolonization/reviews/decol_lex_050.review.json"	""
"base:phase-directory-prefix"	"registry/projects/open_model_data/components/decolonization/reviews/decol_lex_051.review.json"	""
"base:phase-directory-prefix"	"registry/projects/open_model_data/components/decolonization/reviews/decol_lex_052.review.json"	""
"base:phase-directory-prefix"	"registry/projects/open_model_data/components/decolonization/reviews/decol_lex_053.review.json"	""
"base:phase-directory-prefix"	"registry/projects/open_model_data/components/decolonization/reviews/decol_lex_054.review.json"	""
"base:phase-directory-prefix"	"registry/projects/open_model_data/components/decolonization/reviews/decol_lex_055.review.json"	""
"base:phase-directory-prefix"	"registry/projects/open_model_data/components/decolonization/reviews/decol_lex_056.review.json"	""
"base:phase-directory-prefix"	"registry/projects/open_model_data/components/decolonization/reviews/decol_lex_057.review.json"	""
"base:phase-directory-prefix"	"registry/projects/open_model_data/components/decolonization/reviews/decol_lex_058.review.json"	""
"base:phase-directory-prefix"	"registry/projects/open_model_data/components/decolonization/reviews/decol_lex_059.review.json"	""
"base:phase-directory-prefix"	"registry/projects/open_model_data/components/decolonization/reviews/decol_lex_060.review.json"	""
"base:phase-directory-prefix"	"registry/projects/open_model_data/components/decolonization/reviews/decol_prep_001.review.json"	""
"base:phase-directory-prefix"	"registry/projects/open_model_data/components/decolonization/reviews/decol_prep_002.review.json"	""
"base:phase-directory-prefix"	"registry/projects/open_model_data/components/decolonization/reviews/decol_prep_003.review.json"	""
"base:phase-directory-prefix"	"registry/projects/open_model_data/components/decolonization/reviews/decol_prep_004.review.json"	""
"base:phase-directory-prefix"	"registry/projects/open_model_data/components/decolonization/reviews/decol_prep_005.review.json"	""
"base:phase-directory-prefix"	"registry/projects/open_model_data/components/decolonization/reviews/decol_prep_006.review.json"	""
"base:phase-directory-prefix"	"registry/projects/open_model_data/components/decolonization/reviews/decol_prep_007.review.json"	""
"base:phase-directory-prefix"	"registry/projects/open_model_data/components/decolonization/reviews/decol_prep_008.review.json"	""
"base:phase-directory-prefix"	"registry/projects/open_model_data/components/decolonization/reviews/decol_prep_009.review.json"	""
"base:phase-directory-prefix"	"registry/projects/open_model_data/components/decolonization/reviews/decol_prep_010.review.json"	""
"base:phase-directory-prefix"	"registry/projects/open_model_data/components/decolonization/reviews/decol_prep_011.review.json"	""
"base:phase-directory-prefix"	"registry/projects/open_model_data/components/decolonization/reviews/decol_prep_012.review.json"	""
"base:phase-directory-prefix"	"registry/projects/open_model_data/components/decolonization/reviews/decol_prep_013.review.json"	""
"base:phase-directory-prefix"	"registry/projects/open_model_data/components/decolonization/reviews/decol_prep_014.review.json"	""
"base:phase-directory-prefix"	"registry/projects/open_model_data/components/decolonization/reviews/decol_prep_015.review.json"	""
"base:phase-directory-prefix"	"registry/projects/open_model_data/components/decolonization/reviews/decol_prep_016.review.json"	""
"base:phase-directory-prefix"	"registry/projects/open_model_data/components/decolonization/reviews/decol_prep_017.review.json"	""
"base:phase-directory-prefix"	"registry/projects/open_model_data/components/decolonization/reviews/decol_prep_018.review.json"	""
"base:phase-directory-prefix"	"registry/projects/open_model_data/components/decolonization/reviews/decol_prep_019.review.json"	""
"base:phase-directory-prefix"	"registry/projects/open_model_data/components/decolonization/reviews/decol_prep_020.review.json"	""
"base:phase-directory-prefix"	"registry/projects/open_model_data/components/decolonization/reviews/decol_prep_021.review.json"	""
"base:phase-directory-prefix"	"registry/projects/open_model_data/components/decolonization/reviews/decol_prep_022.review.json"	""
"base:phase-directory-prefix"	"registry/projects/open_model_data/components/decolonization/reviews/decol_prep_023.review.json"	""
"base:phase-directory-prefix"	"registry/projects/open_model_data/components/decolonization/reviews/decol_prep_024.review.json"	""
"base:phase-directory-prefix"	"registry/projects/open_model_data/components/decolonization/reviews/decol_prep_025.review.json"	""
"base:phase-directory-prefix"	"registry/projects/open_model_data/components/decolonization/reviews/decol_prep_026.review.json"	""
"base:phase-directory-prefix"	"registry/projects/open_model_data/components/decolonization/reviews/decol_prep_027.review.json"	""
"base:phase-directory-prefix"	"registry/projects/open_model_data/components/decolonization/reviews/decol_prep_028.review.json"	""
"base:phase-directory-prefix"	"registry/projects/open_model_data/components/decolonization/reviews/decol_prep_029.review.json"	""
"base:phase-directory-prefix"	"registry/projects/open_model_data/components/decolonization/reviews/decol_prep_030.review.json"	""
"base:phase-directory-prefix"	"registry/projects/open_model_data/components/decolonization/reviews/decol_prep_031.review.json"	""
"base:phase-directory-prefix"	"registry/projects/open_model_data/components/decolonization/reviews/decol_prep_032.review.json"	""
"base:phase-directory-prefix"	"registry/projects/open_model_data/components/decolonization/reviews/decol_prep_033.review.json"	""
"base:phase-directory-prefix"	"registry/projects/open_model_data/components/decolonization/reviews/decol_prep_034.review.json"	""
"base:phase-directory-prefix"	"registry/projects/open_model_data/components/decolonization/reviews/decol_prep_035.review.json"	""
"base:phase-directory-prefix"	"registry/projects/open_model_data/components/decolonization/reviews/decol_prep_036.review.json"	""
"base:phase-directory-prefix"	"registry/projects/open_model_data/components/decolonization/reviews/decol_prep_037.review.json"	""
"base:phase-directory-prefix"	"registry/projects/open_model_data/components/decolonization/reviews/decol_prep_038.review.json"	""
"base:phase-directory-prefix"	"registry/projects/open_model_data/components/decolonization/reviews/decol_prep_039.review.json"	""
"base:phase-directory-prefix"	"registry/projects/open_model_data/components/decolonization/reviews/decol_prep_040.review.json"	""
"base:phase-directory-prefix"	"registry/projects/open_model_data/components/decolonization/reviews/decol_prep_041.review.json"	""
"base:phase-directory-prefix"	"registry/projects/open_model_data/components/decolonization/reviews/decol_prep_042.review.json"	""
"base:phase-directory-prefix"	"registry/projects/open_model_data/components/decolonization/reviews/decol_prep_043.review.json"	""
"base:phase-directory-prefix"	"registry/projects/open_model_data/components/decolonization/reviews/decol_prep_044.review.json"	""
"base:phase-directory-prefix"	"registry/projects/open_model_data/components/decolonization/reviews/decol_prep_045.review.json"	""
"base:phase-directory-prefix"	"registry/projects/open_model_data/components/decolonization/reviews/decol_prep_046.review.json"	""
"base:phase-directory-prefix"	"registry/projects/open_model_data/components/decolonization/reviews/decol_prep_047.review.json"	""
"base:phase-directory-prefix"	"registry/projects/open_model_data/components/decolonization/reviews/decol_prep_048.review.json"	""
"base:phase-directory-prefix"	"registry/projects/open_model_data/components/decolonization/reviews/decol_prep_049.review.json"	""
"base:phase-directory-prefix"	"registry/projects/open_model_data/components/decolonization/reviews/decol_prep_050.review.json"	""
"base:phase-directory-prefix"	"registry/projects/open_model_data/components/decolonization/reviews/decol_prot_001.review.json"	""
"base:phase-directory-prefix"	"registry/projects/open_model_data/components/decolonization/reviews/decol_prot_002.review.json"	""
"base:phase-directory-prefix"	"registry/projects/open_model_data/components/decolonization/reviews/decol_prot_003.review.json"	""
"base:phase-directory-prefix"	"registry/projects/open_model_data/components/decolonization/reviews/decol_prot_004.review.json"	""
"base:phase-directory-prefix"	"registry/projects/open_model_data/components/decolonization/reviews/decol_prot_005.review.json"	""
"base:phase-directory-prefix"	"registry/projects/open_model_data/components/decolonization/reviews/decol_prot_006.review.json"	""
"base:phase-directory-prefix"	"registry/projects/open_model_data/components/decolonization/reviews/decol_prot_007.review.json"	""
"base:phase-directory-prefix"	"registry/projects/open_model_data/components/decolonization/reviews/decol_prot_008.review.json"	""
"base:phase-directory-prefix"	"registry/projects/open_model_data/components/decolonization/reviews/decol_prot_009.review.json"	""
"base:phase-directory-prefix"	"registry/projects/open_model_data/components/decolonization/reviews/decol_prot_010.review.json"	""
"base:phase-directory-prefix"	"registry/projects/open_model_data/components/decolonization/reviews/decol_prot_011.review.json"	""
"base:phase-directory-prefix"	"registry/projects/open_model_data/components/decolonization/reviews/decol_prot_012.review.json"	""
"base:phase-directory-prefix"	"registry/projects/open_model_data/components/decolonization/reviews/decol_prot_013.review.json"	""
"base:phase-directory-prefix"	"registry/projects/open_model_data/components/decolonization/reviews/decol_prot_014.review.json"	""
"base:phase-directory-prefix"	"registry/projects/open_model_data/components/decolonization/reviews/decol_prot_015.review.json"	""
"base:phase-directory-prefix"	"registry/projects/open_model_data/components/decolonization/reviews/decol_prot_016.review.json"	""
"base:phase-directory-prefix"	"registry/projects/open_model_data/components/decolonization/reviews/decol_prot_017.review.json"	""
"base:phase-directory-prefix"	"registry/projects/open_model_data/components/decolonization/reviews/decol_prot_018.review.json"	""
"base:phase-directory-prefix"	"registry/projects/open_model_data/components/decolonization/reviews/decol_prot_019.review.json"	""
"base:phase-directory-prefix"	"registry/projects/open_model_data/components/decolonization/reviews/decol_prot_020.review.json"	""
"base:phase-directory-prefix"	"registry/projects/open_model_data/components/decolonization/reviews/decol_prot_021.review.json"	""
"base:phase-directory-prefix"	"registry/projects/open_model_data/components/decolonization/reviews/decol_prot_022.review.json"	""
"base:phase-directory-prefix"	"registry/projects/open_model_data/components/decolonization/reviews/decol_prot_023.review.json"	""
"base:phase-directory-prefix"	"registry/projects/open_model_data/components/decolonization/reviews/decol_prot_024.review.json"	""
"base:phase-directory-prefix"	"registry/projects/open_model_data/components/decolonization/reviews/decol_prot_025.review.json"	""
"base:phase-directory-prefix"	"registry/projects/open_model_data/components/decolonization/reviews/decol_prot_026.review.json"	""
"base:phase-directory-prefix"	"registry/projects/open_model_data/components/decolonization/reviews/decol_prot_027.review.json"	""
"base:phase-directory-prefix"	"registry/projects/open_model_data/components/decolonization/reviews/decol_prot_028.review.json"	""
"base:phase-directory-prefix"	"registry/projects/open_model_data/components/decolonization/reviews/decol_prot_029.review.json"	""
"base:phase-directory-prefix"	"registry/projects/open_model_data/components/decolonization/reviews/decol_prot_030.review.json"	""
"base:phase-directory-prefix"	"registry/projects/open_model_data/components/decolonization/reviews/decol_prot_031.review.json"	""
"base:phase-directory-prefix"	"registry/projects/open_model_data/components/decolonization/reviews/decol_prot_032.review.json"	""
"base:phase-directory-prefix"	"registry/projects/open_model_data/components/decolonization/reviews/decol_prot_033.review.json"	""
"base:phase-directory-prefix"	"registry/projects/open_model_data/components/decolonization/reviews/decol_prot_034.review.json"	""
"base:phase-directory-prefix"	"registry/projects/open_model_data/components/decolonization/reviews/decol_prot_035.review.json"	""
"base:phase-directory-prefix"	"registry/projects/open_model_data/components/decolonization/reviews/decol_prot_036.review.json"	""
"base:phase-directory-prefix"	"registry/projects/open_model_data/components/decolonization/reviews/decol_prot_037.review.json"	""
"base:phase-directory-prefix"	"registry/projects/open_model_data/components/decolonization/reviews/decol_prot_038.review.json"	""
"base:phase-directory-prefix"	"registry/projects/open_model_data/components/decolonization/reviews/decol_prot_039.review.json"	""
"base:phase-directory-prefix"	"registry/projects/open_model_data/components/decolonization/reviews/decol_prot_040.review.json"	""
"base:phase-directory-prefix"	"registry/projects/open_model_data/components/decolonization/reviews/decol_prot_041.review.json"	""
"base:phase-directory-prefix"	"registry/projects/open_model_data/components/decolonization/reviews/decol_prot_042.review.json"	""
"base:phase-directory-prefix"	"registry/projects/open_model_data/components/decolonization/reviews/decol_prot_043.review.json"	""
"base:phase-directory-prefix"	"registry/projects/open_model_data/components/decolonization/reviews/decol_prot_044.review.json"	""
"base:phase-directory-prefix"	"registry/projects/open_model_data/components/decolonization/reviews/decol_prot_045.review.json"	""
"base:phase-directory-prefix"	"registry/projects/open_model_data/components/decolonization/reviews/decol_prot_046.review.json"	""
"base:phase-directory-prefix"	"registry/projects/open_model_data/components/decolonization/reviews/decol_prot_047.review.json"	""
"base:phase-directory-prefix"	"registry/projects/open_model_data/components/decolonization/reviews/decol_prot_048.review.json"	""
"base:phase-directory-prefix"	"registry/projects/open_model_data/components/decolonization/reviews/decol_prot_049.review.json"	""
"base:phase-directory-prefix"	"registry/projects/open_model_data/components/decolonization/reviews/decol_prot_050.review.json"	""
"base:phase-directory-prefix"	"registry/projects/open_model_data/components/decolonization/reviews/decol_prot_051.review.json"	""
"base:phase-directory-prefix"	"registry/projects/open_model_data/components/decolonization/reviews/decol_prot_052.review.json"	""
"base:phase-directory-prefix"	"registry/projects/open_model_data/components/decolonization/reviews/decol_prot_053.review.json"	""
"base:phase-directory-prefix"	"registry/projects/open_model_data/components/decolonization/reviews/decol_prot_054.review.json"	""
"base:phase-directory-prefix"	"registry/projects/open_model_data/components/decolonization/reviews/decol_prot_055.review.json"	""
"base:phase-directory-prefix"	"registry/projects/open_model_data/components/decolonization/reviews/decol_prot_056.review.json"	""
"base:phase-directory-prefix"	"registry/projects/open_model_data/components/decolonization/reviews/decol_prot_057.review.json"	""
"base:phase-directory-prefix"	"registry/projects/open_model_data/components/decolonization/reviews/decol_prot_058.review.json"	""
"base:phase-directory-prefix"	"registry/projects/open_model_data/components/decolonization/reviews/decol_prot_059.review.json"	""
"base:phase-directory-prefix"	"registry/projects/open_model_data/components/decolonization/reviews/decol_prot_060.review.json"	""
"base:phase-directory-prefix"	"registry/projects/open_model_data/components/decolonization/reviews/decol_prot_061.review.json"	""
"base:phase-directory-prefix"	"registry/projects/open_model_data/components/decolonization/reviews/decol_prot_062.review.json"	""
"base:phase-directory-prefix"	"registry/projects/open_model_data/components/decolonization/reviews/decol_prot_063.review.json"	""
"base:phase-directory-prefix"	"registry/projects/open_model_data/components/decolonization/reviews/decol_prot_064.review.json"	""
"base:phase-directory-prefix"	"registry/projects/open_model_data/components/decolonization/reviews/decol_prot_065.review.json"	""
"base:phase-directory-prefix"	"registry/projects/open_model_data/components/decolonization/reviews/decol_prot_066.review.json"	""
"base:phase-directory-prefix"	"registry/projects/open_model_data/components/decolonization/reviews/decol_prot_067.review.json"	""
"base:phase-directory-prefix"	"registry/projects/open_model_data/components/decolonization/reviews/decol_prot_068.review.json"	""
"base:phase-directory-prefix"	"registry/projects/open_model_data/components/decolonization/reviews/decol_prot_069.review.json"	""
"base:phase-directory-prefix"	"registry/projects/open_model_data/components/decolonization/reviews/decol_prot_070.review.json"	""
"base:phase-directory-prefix"	"registry/projects/open_model_data/components/decolonization/reviews/decol_prot_071.review.json"	""
"base:phase-directory-prefix"	"registry/projects/open_model_data/components/decolonization/reviews/decol_prot_072.review.json"	""
"base:phase-directory-prefix"	"registry/projects/open_model_data/components/decolonization/reviews/decol_prot_073.review.json"	""
"base:phase-directory-prefix"	"registry/projects/open_model_data/components/decolonization/reviews/decol_prot_074.review.json"	""
"base:phase-directory-prefix"	"registry/projects/open_model_data/components/decolonization/reviews/decol_prot_075.review.json"	""
"base:phase-directory-prefix"	"registry/projects/open_model_data/components/decolonization/reviews/decol_syn_001.review.json"	""
"base:phase-directory-prefix"	"registry/projects/open_model_data/components/decolonization/reviews/decol_syn_002.review.json"	""
"base:phase-directory-prefix"	"registry/projects/open_model_data/components/decolonization/reviews/decol_syn_003.review.json"	""
"base:phase-directory-prefix"	"registry/projects/open_model_data/components/decolonization/reviews/decol_syn_004.review.json"	""
"base:phase-directory-prefix"	"registry/projects/open_model_data/components/decolonization/reviews/decol_syn_005.review.json"	""
"base:phase-directory-prefix"	"registry/projects/open_model_data/components/decolonization/reviews/decol_syn_006.review.json"	""
"base:phase-directory-prefix"	"registry/projects/open_model_data/components/decolonization/reviews/decol_syn_007.review.json"	""
"base:phase-directory-prefix"	"registry/projects/open_model_data/components/decolonization/reviews/decol_syn_008.review.json"	""
"base:phase-directory-prefix"	"registry/projects/open_model_data/components/decolonization/reviews/decol_syn_009.review.json"	""
"base:phase-directory-prefix"	"registry/projects/open_model_data/components/decolonization/reviews/decol_syn_010.review.json"	""
"base:phase-directory-prefix"	"registry/projects/open_model_data/components/decolonization/reviews/decol_syn_011.review.json"	""
"base:phase-directory-prefix"	"registry/projects/open_model_data/components/decolonization/reviews/decol_syn_012.review.json"	""
"base:phase-directory-prefix"	"registry/projects/open_model_data/components/decolonization/reviews/decol_syn_013.review.json"	""
"base:phase-directory-prefix"	"registry/projects/open_model_data/components/decolonization/reviews/decol_syn_014.review.json"	""
"base:phase-directory-prefix"	"registry/projects/open_model_data/components/decolonization/reviews/decol_syn_015.review.json"	""
"base:phase-directory-prefix"	"registry/projects/open_model_data/components/decolonization/reviews/decol_syn_016.review.json"	""
"base:phase-directory-prefix"	"registry/projects/open_model_data/components/decolonization/reviews/decol_syn_017.review.json"	""
"base:phase-directory-prefix"	"registry/projects/open_model_data/components/decolonization/reviews/decol_syn_018.review.json"	""
"base:phase-directory-prefix"	"registry/projects/open_model_data/components/decolonization/reviews/decol_syn_019.review.json"	""
"base:phase-directory-prefix"	"registry/projects/open_model_data/components/decolonization/reviews/decol_syn_020.review.json"	""
"base:phase-directory-prefix"	"registry/projects/open_model_data/components/decolonization/reviews/decol_syn_021.review.json"	""
"base:phase-directory-prefix"	"registry/projects/open_model_data/components/decolonization/reviews/decol_syn_022.review.json"	""
"base:phase-directory-prefix"	"registry/projects/open_model_data/components/decolonization/reviews/decol_syn_023.review.json"	""
"base:phase-directory-prefix"	"registry/projects/open_model_data/components/decolonization/reviews/decol_syn_024.review.json"	""
"base:phase-directory-prefix"	"registry/projects/open_model_data/components/decolonization/reviews/decol_syn_025.review.json"	""
"base:phase-directory-prefix"	"registry/projects/open_model_data/components/decolonization/reviews/decol_syn_026.review.json"	""
"base:phase-directory-prefix"	"registry/projects/open_model_data/components/decolonization/reviews/decol_syn_027.review.json"	""
"base:phase-directory-prefix"	"registry/projects/open_model_data/components/decolonization/reviews/decol_syn_028.review.json"	""
"base:phase-directory-prefix"	"registry/projects/open_model_data/components/decolonization/reviews/decol_syn_029.review.json"	""
"base:phase-directory-prefix"	"registry/projects/open_model_data/components/decolonization/reviews/decol_syn_030.review.json"	""
"base:phase-directory-prefix"	"registry/projects/open_model_data/components/decolonization/reviews/decol_syn_031.review.json"	""
"base:phase-directory-prefix"	"registry/projects/open_model_data/components/decolonization/reviews/decol_syn_032.review.json"	""
"base:phase-directory-prefix"	"registry/projects/open_model_data/components/decolonization/reviews/decol_syn_033.review.json"	""
"base:phase-directory-prefix"	"registry/projects/open_model_data/components/decolonization/reviews/decol_syn_034.review.json"	""
"base:phase-directory-prefix"	"registry/projects/open_model_data/components/decolonization/reviews/decol_syn_035.review.json"	""
"base:phase-directory-prefix"	"registry/projects/open_model_data/components/decolonization/reviews/decol_syn_036.review.json"	""
"base:phase-directory-prefix"	"registry/projects/open_model_data/components/decolonization/reviews/decol_syn_037.review.json"	""
"base:phase-directory-prefix"	"registry/projects/open_model_data/components/decolonization/reviews/decol_syn_038.review.json"	""
"base:phase-directory-prefix"	"registry/projects/open_model_data/components/decolonization/reviews/decol_syn_039.review.json"	""
"base:phase-directory-prefix"	"registry/projects/open_model_data/components/decolonization/reviews/decol_syn_040.review.json"	""
"base:phase-directory-prefix"	"registry/projects/open_model_data/components/decolonization/reviews/decol_syn_041.review.json"	""
"base:phase-directory-prefix"	"registry/projects/open_model_data/components/decolonization/reviews/decol_syn_042.review.json"	""
"base:phase-directory-prefix"	"registry/projects/open_model_data/components/decolonization/reviews/decol_syn_043.review.json"	""
"base:phase-directory-prefix"	"registry/projects/open_model_data/components/decolonization/reviews/decol_syn_044.review.json"	""
"base:phase-directory-prefix"	"registry/projects/open_model_data/components/decolonization/reviews/decol_syn_045.review.json"	""
"base:phase-directory-prefix"	"registry/projects/open_model_data/components/decolonization/reviews/decol_syn_046.review.json"	""
"base:phase-directory-prefix"	"registry/projects/open_model_data/components/decolonization/reviews/decol_syn_047.review.json"	""
"base:phase-directory-prefix"	"registry/projects/open_model_data/components/decolonization/reviews/decol_syn_048.review.json"	""
"base:phase-directory-prefix"	"registry/projects/open_model_data/components/decolonization/reviews/decol_syn_049.review.json"	""
"base:phase-directory-prefix"	"registry/projects/open_model_data/components/decolonization/reviews/decol_syn_050.review.json"	""
"base:phase-directory-prefix"	"registry/projects/open_model_data/components/decolonization/reviews/decol_syn_051.review.json"	""
"base:phase-directory-prefix"	"registry/projects/open_model_data/components/decolonization/reviews/decol_syn_052.review.json"	""
"base:phase-directory-prefix"	"registry/projects/open_model_data/components/decolonization/reviews/decol_syn_053.review.json"	""
"base:phase-directory-prefix"	"registry/projects/open_model_data/components/decolonization/reviews/decol_syn_054.review.json"	""
"base:phase-directory-prefix"	"registry/projects/open_model_data/components/decolonization/reviews/decol_syn_055.review.json"	""
"base:phase-directory-prefix"	"registry/projects/open_model_data/components/decolonization/reviews/decol_syn_056.review.json"	""
"base:phase-directory-prefix"	"registry/projects/open_model_data/components/decolonization/reviews/decol_syn_057.review.json"	""
"base:phase-directory-prefix"	"registry/projects/open_model_data/components/decolonization/reviews/decol_syn_058.review.json"	""
"base:phase-directory-prefix"	"registry/projects/open_model_data/components/decolonization/reviews/decol_syn_059.review.json"	""
"base:phase-directory-prefix"	"registry/projects/open_model_data/components/decolonization/reviews/decol_syn_060.review.json"	""
"base:phase-directory-prefix"	"registry/projects/open_model_data/components/decolonization/reviews/decol_syn_061.review.json"	""
"base:phase-directory-prefix"	"registry/projects/open_model_data/components/decolonization/reviews/decol_syn_062.review.json"	""
"base:phase-directory-prefix"	"registry/projects/open_model_data/components/decolonization/reviews/decol_syn_063.review.json"	""
"base:phase-directory-prefix"	"registry/projects/open_model_data/components/decolonization/reviews/decol_syn_064.review.json"	""
"base:phase-directory-prefix"	"registry/projects/open_model_data/components/decolonization/reviews/decol_syn_065.review.json"	""
"base:phase-directory-prefix"	"registry/projects/open_model_data/contracts/correction_protection_evaluation_contract_v1.schema.json"	""
"base:phase-directory-prefix"	"registry/projects/open_model_data/contracts/correction_protection_evaluation_contract_v2_2.schema.json"	""
"base:phase-directory-prefix"	"registry/projects/open_model_data/contracts/correction_protection_functional_role_contract_v2_2.schema.json"	""
"base:phase-directory-prefix"	"registry/projects/open_model_data/contracts/dataset_v4_a10_pilot_review_gate_receipt_v1.schema.json"	""
"base:phase-directory-prefix"	"registry/projects/open_model_data/contracts/dataset_v4_a11_silver_release_gate_receipt_v1.schema.json"	""
"base:phase-directory-prefix"	"registry/projects/open_model_data/contracts/dataset_v4_a12_gold_overlay_gate_receipt_v1.schema.json"	""
"base:phase-directory-prefix"	"registry/projects/open_model_data/contracts/dataset_v4_a13_cleanup_recovery_receipt_v1.schema.json"	""
"base:phase-directory-prefix"	"registry/projects/open_model_data/contracts/dataset_v4_a3_builder_packet_receipt_v1.schema.json"	""
"base:phase-directory-prefix"	"registry/projects/open_model_data/contracts/dataset_v4_a4_deterministic_extraction_receipt_v1.schema.json"	""
"base:phase-directory-prefix"	"registry/projects/open_model_data/contracts/dataset_v4_a5_evidence_enrichment_receipt_v1.schema.json"	""
"base:phase-directory-prefix"	"registry/projects/open_model_data/contracts/dataset_v4_a6_blind_arena_receipt_v1.schema.json"	""
"base:phase-directory-prefix"	"registry/projects/open_model_data/contracts/dataset_v4_a7_original_row_factory_receipt_v1.schema.json"	""
"base:phase-directory-prefix"	"registry/projects/open_model_data/contracts/dataset_v4_a8_admission_assembly_receipt_v1.schema.json"	""
"base:phase-directory-prefix"	"registry/projects/open_model_data/contracts/dataset_v4_a9_evaluation_package_receipt_v1.schema.json"	""
"base:phase-directory-prefix"	"registry/projects/open_model_data/contracts/dataset_v4_per_slot_private_factory_receipt_v1.schema.json"	""
"base:phase-directory-prefix"	"registry/projects/open_model_data/contracts/dataset_v4_public_slot_commitment_assignment_receipt_v1.schema.json"	""
"base:phase-directory-prefix"	"registry/projects/open_model_data/contracts/gemma_hardware_probe_authorization_v1.schema.json"	""
"base:phase-directory-prefix"	"registry/projects/open_model_data/contracts/gemma_hardware_probe_plan_v1.schema.json"	""
"base:phase-directory-prefix"	"registry/projects/open_model_data/contracts/gemma_hardware_probe_receipt_v1.schema.json"	""
"base:phase-directory-prefix"	"registry/projects/open_model_data/contracts/phase3_heldout_label_transport_bundle_v1.schema.json"	""
"base:phase-directory-prefix"	"registry/projects/open_model_data/contracts/phase3_historical_evidence_spine_v2.schema.json"	""
"base:phase-directory-prefix"	"registry/projects/open_model_data/contracts/phase3_modern_contact_channels_v1.schema.json"	""
"base:phase-directory-prefix"	"registry/projects/open_model_data/contracts/phase3_scope_circularity_firewall_v1.schema.json"	""
"base:phase-directory-prefix"	"registry/projects/open_model_data/contracts/phase3_v2_compatibility_matrix_v1.schema.json"	""
"base:phase-directory-prefix"	"registry/projects/open_model_data/contracts/phase3_v3_cooperative_control_plane_v1.schema.json"	""
"base:phase-directory-prefix"	"registry/projects/open_model_data/contracts/phase3_v3a_compatibility_matrix_v1.json"	""
"base:phase-directory-prefix"	"registry/projects/open_model_data/contracts/phase3_v3a_taxonomy_denominator_compatibility_v1.json"	""
"base:phase-directory-prefix"	"registry/projects/open_model_data/contracts/phase3_v3b_cooperative_control_plane_v1.json"	""
"base:phase-directory-prefix"	"registry/projects/open_model_data/contracts/phase3_v3c_heldout_extension_solo_custody_v1.json"	""
"base:phase-directory-prefix"	"registry/projects/open_model_data/contracts/v4_provenance_restoration_v1.schema.json"	""
"base:phase-directory-prefix"	"registry/projects/open_model_data/custody/v4_source_custody_access_config_v1.json"	""
"base:phase-directory-prefix"	"registry/projects/open_model_data/dataset/v4_human_source_dataset_manifest_v1.json"	""
"base:phase-directory-prefix"	"registry/projects/open_model_data/decolonization/partitions/dialect_historical_protection_receipt_v1.json"	""
"base:phase-directory-prefix"	"registry/projects/open_model_data/detector/correction_protection_known_answers_v1.json"	""
"base:phase-directory-prefix"	"registry/projects/open_model_data/detector/language_contact_config_v1.json"	""
"base:phase-directory-prefix"	"registry/projects/open_model_data/evidence/correction_protection_bundle_manifest_v1.json"	""
"base:phase-directory-prefix"	"registry/projects/open_model_data/evidence/correction_protection_evaluation_contract_v1.json"	""
"base:phase-directory-prefix"	"registry/projects/open_model_data/evidence/correction_protection_evaluation_contract_v2_2.json"	""
"base:phase-directory-prefix"	"registry/projects/open_model_data/evidence/correction_protection_functional_role_contract_v2_2.json"	""
"base:phase-directory-prefix"	"registry/projects/open_model_data/evidence/correction_protection_release_receipt_v1.json"	""
"base:phase-directory-prefix"	"registry/projects/open_model_data/evidence/document_signal_config_v1.json"	""
"base:phase-directory-prefix"	"registry/projects/open_model_data/evidence/phase3_p1_dialect_regional_protection_amendment_v1.json"	""
"base:phase-directory-prefix"	"registry/projects/open_model_data/evidence/phase3_p1_universe_freeze_v1.json"	""
"base:phase-directory-prefix"	"registry/projects/open_model_data/evidence/phase3_p2_canonical_contracts_v1.json"	""
"base:phase-directory-prefix"	"registry/projects/open_model_data/evidence/phase3_scope_circularity_firewall_v1.json"	""
"base:phase-directory-prefix"	"registry/projects/open_model_data/evidence/phase3_v2_compatibility_matrix_v1.json"	""
"base:phase-directory-prefix"	"registry/projects/open_model_data/evidence/phase3_v3_cooperative_control_plane_v1.json"	""
"base:phase-directory-prefix"	"registry/projects/open_model_data/evidence/source_capability_policy_v1.json"	""
"base:phase-directory-prefix"	"registry/projects/open_model_data/extraction/v4_native_extraction_config_v1.json"	""
"base:phase-directory-prefix"	"registry/projects/open_model_data/language/v4_language_usage_config_v1.json"	""
"base:phase-directory-prefix"	"registry/projects/open_model_data/model_views/model_ready_product_audit_v1.json"	""
"base:phase-directory-prefix"	"registry/projects/open_model_data/pilot/v4_human_source_pilot_manifest_v1.json"	""
"base:phase-directory-prefix"	"registry/projects/open_model_data/provenance/v4_provenance_restoration_config_v1.json"	""
"base:phase-directory-prefix"	"registry/projects/open_model_data/provenance/v4_provenance_restoration_receipt_v1.json"	""
"base:phase-directory-prefix"	"registry/projects/open_model_data/reference/reference_build_config_v1.json"	""
"base:phase-directory-prefix"	"registry/projects/open_model_data/release/correction_protection_v1/receipt.json"	""
"base:phase-directory-prefix"	"registry/projects/open_model_data/release/uldr_v03_dialect/release_receipt.json"	""
"base:phase-directory-prefix"	"registry/projects/open_model_data/release/uldr_v05_grammar_valency/TOMBSTONE.md"	""
"base:phase-directory-prefix"	"registry/projects/open_model_data/release/uldr_v05_grammar_valency/release_receipt.json"	""
"base:phase-directory-prefix"	"registry/projects/open_model_data/release/uldr_v06_general_assistant/release_receipt.json"	""
"base:phase-directory-prefix"	"registry/projects/open_model_data/silver/external_articles_validation_config_v1.json"	""
"base:phase-directory-prefix"	"registry/projects/open_model_data/splits/v4_work_grouping_split_config_v1.json"	""
"base:phase-directory-prefix"	"registry/projects/open_model_data/study/v4_learning_study_recipe_v1.json"	""
"base:phase-directory-prefix"	"registry/projects/open_model_data/treatments/gemma4_it_l40s_hf_jobs_probe_plan_v1.json"	""
"base:phase-directory-prefix"	"registry/projects/open_model_data/treatments/gemma4_it_wikipedia_mask_ablation_preregistration_v1.json"	""
"base:phase-directory-prefix"	"scripts/projects/open_model_data/admit_existing_corpus.py"	""
"base:phase-directory-prefix"	"scripts/projects/open_model_data/adoption_cli.py"	""
"base:phase-directory-prefix"	"scripts/projects/open_model_data/audit_corpus_training_usability.py"	""
"base:phase-directory-prefix"	"scripts/projects/open_model_data/audit_model_ready_receipts.py"	""
"base:phase-directory-prefix"	"scripts/projects/open_model_data/build_decolonization_cases.py"	""
"base:phase-directory-prefix"	"scripts/projects/open_model_data/build_grammar_component_8342.py"	""
"base:phase-directory-prefix"	"scripts/projects/open_model_data/build_phase3_p4_pilot.py"	""
"base:phase-directory-prefix"	"scripts/projects/open_model_data/correction_factory.py"	""
"base:phase-directory-prefix"	"scripts/projects/open_model_data/correction_protection_consumer.py"	""
"base:phase-directory-prefix"	"scripts/projects/open_model_data/correction_protection_factory.py"	""
"base:phase-directory-prefix"	"scripts/projects/open_model_data/decolonization_language_reviews.py"	""
"base:phase-directory-prefix"	"scripts/projects/open_model_data/document_signal_manifest.py"	""
"base:phase-directory-prefix"	"scripts/projects/open_model_data/evidence_cache_canaries.py"	""
"base:phase-directory-prefix"	"scripts/projects/open_model_data/foundry_cli.py"	""
"base:phase-directory-prefix"	"scripts/projects/open_model_data/freeze_phase3_p1_dialect_regional_protection_amendment.py"	""
"base:phase-directory-prefix"	"scripts/projects/open_model_data/freeze_phase3_p1_universe.py"	""
"base:phase-directory-prefix"	"scripts/projects/open_model_data/freeze_phase3_p2_contracts.py"	""
"base:phase-directory-prefix"	"scripts/projects/open_model_data/freeze_phase3_scope_circularity_firewall.py"	""
"base:phase-directory-prefix"	"scripts/projects/open_model_data/freeze_phase3_v3a_taxonomy_denominator_compatibility.py"	""
"base:phase-directory-prefix"	"scripts/projects/open_model_data/gemma_hardware_probe.py"	""
"base:phase-directory-prefix"	"scripts/projects/open_model_data/generate_grammar_signoff_8342.py"	""
"base:phase-directory-prefix"	"scripts/projects/open_model_data/inventory_existing_assets.py"	""
"base:phase-directory-prefix"	"scripts/projects/open_model_data/judge_eval_seat.py"	""
"base:phase-directory-prefix"	"scripts/projects/open_model_data/language_contact_adjudication.py"	""
"base:phase-directory-prefix"	"scripts/projects/open_model_data/language_contact_detector.py"	""
"base:phase-directory-prefix"	"scripts/projects/open_model_data/model_ready_view_production.py"	""
"base:phase-directory-prefix"	"scripts/projects/open_model_data/model_view_exporter.py"	""
"base:phase-directory-prefix"	"scripts/projects/open_model_data/package_unified_dataset.py"	""
"base:phase-directory-prefix"	"scripts/projects/open_model_data/phase3_audit_entropy.py"	""
"base:phase-directory-prefix"	"scripts/projects/open_model_data/phase3_babych_acoustic_excerpt_intake.py"	""
"base:phase-directory-prefix"	"scripts/projects/open_model_data/phase3_cycle007_evidence_compiler.py"	""
"base:phase-directory-prefix"	"scripts/projects/open_model_data/phase3_cycle_void_receipt.py"	""
"base:phase-directory-prefix"	"scripts/projects/open_model_data/phase3_disposition_audit.py"	""
"base:phase-directory-prefix"	"scripts/projects/open_model_data/phase3_donnu_2023_morphemics_word_formation_intake.py"	""
"base:phase-directory-prefix"	"scripts/projects/open_model_data/phase3_evaluation_context_manifest.py"	""
"base:phase-directory-prefix"	"scripts/projects/open_model_data/phase3_evaluation_freeze.py"	""
"base:phase-directory-prefix"	"scripts/projects/open_model_data/phase3_evaluation_reproduction.py"	""
"base:phase-directory-prefix"	"scripts/projects/open_model_data/phase3_fixed_release.py"	""
"base:phase-directory-prefix"	"scripts/projects/open_model_data/phase3_functional_roles.py"	""
"base:phase-directory-prefix"	"scripts/projects/open_model_data/phase3_heldout_label_transport.py"	""
"base:phase-directory-prefix"	"scripts/projects/open_model_data/phase3_heldout_partition.py"	""
"base:phase-directory-prefix"	"scripts/projects/open_model_data/phase3_historical_document_chronology.py"	""
"base:phase-directory-prefix"	"scripts/projects/open_model_data/phase3_historical_document_chronology_source_dates.py"	""
"base:phase-directory-prefix"	"scripts/projects/open_model_data/phase3_historical_evidence_spine.py"	""
"base:phase-directory-prefix"	"scripts/projects/open_model_data/phase3_historical_evidence_spine_v2.py"	""
"base:phase-directory-prefix"	"scripts/projects/open_model_data/phase3_historical_full_materialization.py"	""
"base:phase-directory-prefix"	"scripts/projects/open_model_data/phase3_historical_materialization.py"	""
"base:phase-directory-prefix"	"scripts/projects/open_model_data/phase3_historical_periodization.py"	""
"base:phase-directory-prefix"	"scripts/projects/open_model_data/phase3_historical_protection_channels.py"	""
"base:phase-directory-prefix"	"scripts/projects/open_model_data/phase3_historical_representation.py"	""
"base:phase-directory-prefix"	"scripts/projects/open_model_data/phase3_lavra_near_caves_intake.py"	""
"base:phase-directory-prefix"	"scripts/projects/open_model_data/phase3_lexical_coverage.py"	""
"base:phase-directory-prefix"	"scripts/projects/open_model_data/phase3_linguistic_representation.py"	""
"base:phase-directory-prefix"	"scripts/projects/open_model_data/phase3_live_ingest_gate.py"	""
"base:phase-directory-prefix"	"scripts/projects/open_model_data/phase3_lnu_2024_phonetics_phonology_intake.py"	""
"base:phase-directory-prefix"	"scripts/projects/open_model_data/phase3_middle_ukrainian_act_book_intake.py"	""
"base:phase-directory-prefix"	"scripts/projects/open_model_data/phase3_middle_ukrainian_lexis_intake.py"	""
"base:phase-directory-prefix"	"scripts/projects/open_model_data/phase3_middle_ukrainian_page_sample.py"	""
"base:phase-directory-prefix"	"scripts/projects/open_model_data/phase3_middle_ukrainian_text_extraction.py"	""
"base:phase-directory-prefix"	"scripts/projects/open_model_data/phase3_minchak_phonetics_intake.py"	""
"base:phase-directory-prefix"	"scripts/projects/open_model_data/phase3_modern_contact_channels.py"	""
"base:phase-directory-prefix"	"scripts/projects/open_model_data/phase3_near_duplicate.py"	""
"base:phase-directory-prefix"	"scripts/projects/open_model_data/phase3_pliush_2005_canonical_grammar_intake.py"	""
"base:phase-directory-prefix"	"scripts/projects/open_model_data/phase3_pravopys_delta.py"	""
"base:phase-directory-prefix"	"scripts/projects/open_model_data/phase3_pravopys_evaluation_context.py"	""
"base:phase-directory-prefix"	"scripts/projects/open_model_data/phase3_recovery_contracts.py"	""
"base:phase-directory-prefix"	"scripts/projects/open_model_data/phase3_rule_author_packets.py"	""
"base:phase-directory-prefix"	"scripts/projects/open_model_data/phase3_rule_author_runner.py"	""
"base:phase-directory-prefix"	"scripts/projects/open_model_data/phase3_rule_author_source_rows.py"	""
"base:phase-directory-prefix"	"scripts/projects/open_model_data/phase3_saint_sophia_db_reconciliation.py"	""
"base:phase-directory-prefix"	"scripts/projects/open_model_data/phase3_school_context_negative_recovery.py"	""
"base:phase-directory-prefix"	"scripts/projects/open_model_data/phase3_school_parent_section_context.py"	""
"base:phase-directory-prefix"	"scripts/projects/open_model_data/phase3_source_dispositions.py"	""
"base:phase-directory-prefix"	"scripts/projects/open_model_data/phase3_source_policy_v4.py"	""
"base:phase-directory-prefix"	"scripts/projects/open_model_data/phase3_source_production_transport.py"	""
"base:phase-directory-prefix"	"scripts/projects/open_model_data/phase3_source_unit_materialization.py"	""
"base:phase-directory-prefix"	"scripts/projects/open_model_data/phase3_source_universe.py"	""
"base:phase-directory-prefix"	"scripts/projects/open_model_data/phase3_spas_catalog_materialization.py"	""
"base:phase-directory-prefix"	"scripts/projects/open_model_data/phase3_spas_glyph_adapter.py"	""
"base:phase-directory-prefix"	"scripts/projects/open_model_data/phase3_spas_layout_candidates.py"	""
"base:phase-directory-prefix"	"scripts/projects/open_model_data/phase3_spas_source_attribution.py"	""
"base:phase-directory-prefix"	"scripts/projects/open_model_data/phase3_textbook_nonhit.py"	""
"base:phase-directory-prefix"	"scripts/projects/open_model_data/phase3_ua_gec_complete_context.py"	""
"base:phase-directory-prefix"	"scripts/projects/open_model_data/phase3_university_content_audit_freeze.py"	""
"base:phase-directory-prefix"	"scripts/projects/open_model_data/phase3_university_reconciliation.py"	""
"base:phase-directory-prefix"	"scripts/projects/open_model_data/phase3_university_source_admission.py"	""
"base:phase-directory-prefix"	"scripts/projects/open_model_data/phase3_uzhnu_2023_morphemology_derivatology_intake.py"	""
"base:phase-directory-prefix"	"scripts/projects/open_model_data/phase3_uzhnu_2023_phonetics_orthoepy_intake.py"	""
"base:phase-directory-prefix"	"scripts/projects/open_model_data/phase3_v2_compatibility.py"	""
"base:phase-directory-prefix"	"scripts/projects/open_model_data/phase3_v3_cooperative_control_plane.py"	""
"base:phase-directory-prefix"	"scripts/projects/open_model_data/phase3_v3_prefreeze_readiness.py"	""
"base:phase-directory-prefix"	"scripts/projects/open_model_data/phase3_v3b_cooperative_control_plane.py"	""
"base:phase-directory-prefix"	"scripts/projects/open_model_data/phase3_v3c_heldout_extension_solo_custody.py"	""
"base:phase-directory-prefix"	"scripts/projects/open_model_data/phase3_vspu_2025_morphemics_word_formation_intake.py"	""
"base:phase-directory-prefix"	"scripts/projects/open_model_data/phase3_vspu_db_cutover.py"	""
"base:phase-directory-prefix"	"scripts/projects/open_model_data/phase3_vspu_modern_theory_intake.py"	""
"base:phase-directory-prefix"	"scripts/projects/open_model_data/phase3_vspu_post_ingest_audit.py"	""
"base:phase-directory-prefix"	"scripts/projects/open_model_data/phase3_vspu_source_materialization.py"	""
"base:phase-directory-prefix"	"scripts/projects/open_model_data/phase3_wave_l_modern_phonetics_reviewed_intake.py"	""
"base:phase-directory-prefix"	"scripts/projects/open_model_data/phase3_zhdu_2026_lexicology_phraseology_intake.py"	""
"base:phase-directory-prefix"	"scripts/projects/open_model_data/prepare_treatment.py"	""
"base:phase-directory-prefix"	"scripts/projects/open_model_data/profile_corpus.py"	""
"base:phase-directory-prefix"	"scripts/projects/open_model_data/reference_build.py"	""
"base:phase-directory-prefix"	"scripts/projects/open_model_data/silver_evidence_factory.py"	""
"base:phase-directory-prefix"	"scripts/projects/open_model_data/source_capability_complements.py"	""
"base:phase-directory-prefix"	"scripts/projects/open_model_data/source_work_locator_index.py"	""
"base:phase-directory-prefix"	"scripts/projects/open_model_data/university_source_policy.py"	""
"base:phase-directory-prefix"	"scripts/projects/open_model_data/v4_dataset_quality_evaluation.py"	""
"base:phase-directory-prefix"	"scripts/projects/open_model_data/v4_differential_soviet_miner.py"	""
"base:phase-directory-prefix"	"scripts/projects/open_model_data/v4_human_source_dataset.py"	""
"base:phase-directory-prefix"	"scripts/projects/open_model_data/v4_human_source_pilot.py"	""
"base:phase-directory-prefix"	"scripts/projects/open_model_data/v4_language_usage_separation.py"	""
"base:phase-directory-prefix"	"scripts/projects/open_model_data/v4_native_extraction_validation.py"	""
"base:phase-directory-prefix"	"scripts/projects/open_model_data/v4_open_weight_learning_study.py"	""
"base:phase-directory-prefix"	"scripts/projects/open_model_data/v4_pilot_canary_evaluation.py"	""
"base:phase-directory-prefix"	"scripts/projects/open_model_data/v4_production_shards_assembly.py"	""
"base:phase-directory-prefix"	"scripts/projects/open_model_data/v4_provenance_restoration.py"	""
"base:phase-directory-prefix"	"scripts/projects/open_model_data/v4_reproduce_deliverables.py"	""
"base:phase-directory-prefix"	"scripts/projects/open_model_data/v4_source_custody_access.py"	""
"base:phase-directory-prefix"	"scripts/projects/open_model_data/v4_verify_trajectory_claims.py"	""
"base:phase-directory-prefix"	"scripts/projects/open_model_data/v4_work_grouping_split.py"	""
"base:phase-directory-prefix"	"scripts/projects/open_model_data/v5_build_dialect_historical_protection_suite.py"	""
"base:phase-directory-prefix"	"scripts/projects/open_model_data/v5_pretraining_contradiction_audit.py"	""
"base:phase-directory-prefix"	"scripts/projects/open_model_data/validate_source_records.py"	""
"base:phase-directory-prefix"	"scripts/projects/open_model_data/verify_phase3_source_universe_freeze.py"	""
"base:phase-directory-prefix"	"scripts/projects/open_model_data/vesum_unattested_sample.py"	""
"base:phase-directory-prefix"	"scripts/storage/artifacts.py"	""
"base:phase-directory-prefix"	"scripts/storage/build_classification_table.py"	""
"base:phase-directory-prefix"	"scripts/storage/consumers.py"	""
"base:phase-directory-prefix"	"tests/ingest/test_incremental_textbook_ingest.py"	""
"base:phase-directory-prefix"	"tests/projects/open_model_data/_v4_a7_real_slot_fixture.py"	""
"base:phase-directory-prefix"	"tests/projects/open_model_data/_v4_provenance_resource_fixture.py"	""
"base:phase-directory-prefix"	"tests/projects/open_model_data/_v4_synthetic_chain_fixture.py"	""
"base:phase-directory-prefix"	"tests/projects/open_model_data/test_a10_pilot_review_gate.py"	""
"base:phase-directory-prefix"	"tests/projects/open_model_data/test_a11_silver_release_gate.py"	""
"base:phase-directory-prefix"	"tests/projects/open_model_data/test_a12_gold_overlay_gate.py"	""
"base:phase-directory-prefix"	"tests/projects/open_model_data/test_a13_cleanup_recovery.py"	""
"base:phase-directory-prefix"	"tests/projects/open_model_data/test_a2_resolved_schema.py"	""
"base:phase-directory-prefix"	"tests/projects/open_model_data/test_a2_source_operation_admission.py"	""
"base:phase-directory-prefix"	"tests/projects/open_model_data/test_a3_builder_packet.py"	""
"base:phase-directory-prefix"	"tests/projects/open_model_data/test_a3_heldout_family_assignment_script.py"	""
"base:phase-directory-prefix"	"tests/projects/open_model_data/test_a3_heldout_source_family_seal.py"	""
"base:phase-directory-prefix"	"tests/projects/open_model_data/test_a4_deterministic_extraction.py"	""
"base:phase-directory-prefix"	"tests/projects/open_model_data/test_a5_evidence_enrichment.py"	""
"base:phase-directory-prefix"	"tests/projects/open_model_data/test_a6_blind_arena.py"	""
"base:phase-directory-prefix"	"tests/projects/open_model_data/test_a7_original_row_factory.py"	""
"base:phase-directory-prefix"	"tests/projects/open_model_data/test_a8_admission_assembly.py"	""
"base:phase-directory-prefix"	"tests/projects/open_model_data/test_a9_evaluation_package.py"	""
"base:phase-directory-prefix"	"tests/projects/open_model_data/test_decolonization_component_8340.py"	""
"base:phase-directory-prefix"	"tests/projects/open_model_data/test_real_training_run_8338.py"	""
"base:phase-directory-prefix"	"tests/projects/open_model_data/test_v4_active_release.py"	""
"base:phase-directory-prefix"	"tests/projects/open_model_data/test_v4_dataset_quality_evaluation.py"	""
"base:phase-directory-prefix"	"tests/projects/open_model_data/test_v4_human_source_dataset.py"	""
"base:phase-directory-prefix"	"tests/projects/open_model_data/test_v4_human_source_pilot.py"	""
"base:phase-directory-prefix"	"tests/projects/open_model_data/test_v4_language_usage_separation.py"	""
"base:phase-directory-prefix"	"tests/projects/open_model_data/test_v4_linguistic_context.py"	""
"base:phase-directory-prefix"	"tests/projects/open_model_data/test_v4_native_extraction_validation.py"	""
"base:phase-directory-prefix"	"tests/projects/open_model_data/test_v4_open_weight_learning_study.py"	""
"base:phase-directory-prefix"	"tests/projects/open_model_data/test_v4_package_tamper.py"	""
"base:phase-directory-prefix"	"tests/projects/open_model_data/test_v4_per_slot_factory.py"	""
"base:phase-directory-prefix"	"tests/projects/open_model_data/test_v4_policy_boundary.py"	""
"base:phase-directory-prefix"	"tests/projects/open_model_data/test_v4_provenance_restoration.py"	""
"base:phase-directory-prefix"	"tests/projects/open_model_data/test_v4_real_slot_mechanism.py"	""
"base:phase-directory-prefix"	"tests/projects/open_model_data/test_v4_reproduce_deliverables.py"	""
"base:phase-directory-prefix"	"tests/projects/open_model_data/test_v4_runner_origin_mechanism.py"	""
"base:phase-directory-prefix"	"tests/projects/open_model_data/test_v4_slot_assignment.py"	""
"base:phase-directory-prefix"	"tests/projects/open_model_data/test_v4_source_custody_access.py"	""
"base:phase-directory-prefix"	"tests/projects/open_model_data/test_v4_work_grouping_split.py"	""
"base:phase-directory-prefix"	"tests/projects/open_model_data/test_v6_mine_ulif_phraseology.py"	""
"base:phase-directory-prefix"	"tests/storage/test_consumers.py"	""
"base:phase-directory-prefix"	"tests/test_dataset_epic_skill_contract.py"	""
"base:phase-directory-prefix"	"tests/test_delegate.py"	""
"base:phase-directory-prefix"	"tests/test_gemma_hardware_probe.py"	""
"base:phase-directory-prefix"	"tests/test_inventory_existing_assets.py"	""
"base:phase-directory-prefix"	"tests/test_model_ready_receipt_audit.py"	""
"base:phase-directory-prefix"	"tests/test_open_model_corpus_admission.py"	""
"base:phase-directory-prefix"	"tests/test_open_model_corpus_profiler.py"	""
"base:phase-directory-prefix"	"tests/test_open_model_correction_protection_consumer.py"	""
"base:phase-directory-prefix"	"tests/test_open_model_correction_protection_contracts.py"	""
"base:phase-directory-prefix"	"tests/test_open_model_correction_protection_factory.py"	""
"base:phase-directory-prefix"	"tests/test_open_model_dataset_v4_pilot_slots.py"	""
"base:phase-directory-prefix"	"tests/test_open_model_foundry_cli.py"	""
"base:phase-directory-prefix"	"tests/test_open_model_language_contact_detector.py"	""
"base:phase-directory-prefix"	"tests/test_open_model_phase3_evaluation_context_manifest.py"	""
"base:phase-directory-prefix"	"tests/test_open_model_phase3_evaluation_freeze.py"	""
"base:phase-directory-prefix"	"tests/test_open_model_phase3_heldout_partition.py"	""
"base:phase-directory-prefix"	"tests/test_open_model_phase3_historical_full_materialization.py"	""
"base:phase-directory-prefix"	"tests/test_open_model_phase3_historical_protection_channels.py"	""
"base:phase-directory-prefix"	"tests/test_open_model_phase3_live_ingest_gate.py"	""
"base:phase-directory-prefix"	"tests/test_open_model_phase3_near_duplicate.py"	""
"base:phase-directory-prefix"	"tests/test_open_model_phase3_p1_universe.py"	""
"base:phase-directory-prefix"	"tests/test_open_model_phase3_p2_contracts.py"	""
"base:phase-directory-prefix"	"tests/test_open_model_phase3_p4_pilot.py"	""
"base:phase-directory-prefix"	"tests/test_open_model_phase3_pravopys_delta.py"	""
"base:phase-directory-prefix"	"tests/test_open_model_phase3_pravopys_evaluation_context.py"	""
"base:phase-directory-prefix"	"tests/test_open_model_phase3_recovery_contracts.py"	""
"base:phase-directory-prefix"	"tests/test_open_model_phase3_rule_author_source_rows.py"	""
"base:phase-directory-prefix"	"tests/test_open_model_phase3_school_context_negative_recovery.py"	""
"base:phase-directory-prefix"	"tests/test_open_model_phase3_school_parent_section_context.py"	""
"base:phase-directory-prefix"	"tests/test_open_model_phase3_source_dispositions.py"	""
"base:phase-directory-prefix"	"tests/test_open_model_phase3_source_policy_v4.py"	""
"base:phase-directory-prefix"	"tests/test_open_model_phase3_source_universe.py"	""
"base:phase-directory-prefix"	"tests/test_open_model_phase3_university_content_audit_freeze.py"	""
"base:phase-directory-prefix"	"tests/test_open_model_phase3_v2_compatibility.py"	""
"base:phase-directory-prefix"	"tests/test_open_model_phase3_v3_prefreeze_readiness.py"	""
"base:phase-directory-prefix"	"tests/test_open_model_source_record_contract.py"	""
"base:phase-directory-prefix"	"tests/test_open_model_treatment_preparation.py"	""
"base:phase-directory-prefix"	"tests/test_open_model_vesum_unattested_sample.py"	""
"base:phase-directory-prefix"	"tests/test_open_model_view_exporter.py"	""
"base:phase-directory-prefix"	"tests/test_phase3_cycle007_evidence_schema.py"	""
"base:phase-directory-prefix"	"tests/test_phase3_cycle007_storage_custody.py"	""
"base:phase-directory-prefix"	"tests/test_source_capability_complements.py"	""
"base:phase-directory-prefix"	"tests/test_source_work_locator_index.py"	""
"base:root:data-join"	"tests/test_manifest_io.py"	""
"data/projects/open_model_data/admission/dataset_v4_a10_pilot_review_gate_receipt_v1.json"	"packages/v4-runtime/asset_allowlist.json"	""
"data/projects/open_model_data/admission/dataset_v4_a10_pilot_review_gate_receipt_v1.json"	"packages/v4-runtime/src/learn_ukrainian_v4_runtime/provenance/v1/bindings.json"	""
"data/projects/open_model_data/admission/dataset_v4_a10_pilot_review_gate_receipt_v1.json"	"packages/v4-runtime/src/learn_ukrainian_v4_runtime/v4_a11_silver_release_gate.py"	""
"data/projects/open_model_data/admission/dataset_v4_a10_pilot_review_gate_receipt_v1.json"	"registry/projects/open_model_data/admission/dataset_v4_a11_silver_release_gate_receipt_v1.json"	""
"data/projects/open_model_data/admission/dataset_v4_a10_pilot_review_gate_receipt_v1.json"	"registry/projects/open_model_data/admission/dataset_v4_a12_gold_overlay_gate_receipt_v1.json"	""
"data/projects/open_model_data/admission/dataset_v4_a10_pilot_review_gate_receipt_v1.json"	"registry/projects/open_model_data/admission/dataset_v4_a13_cleanup_recovery_receipt_v1.json"	""
"data/projects/open_model_data/admission/dataset_v4_a10_pilot_review_gate_receipt_v1.json"	"registry/projects/open_model_data/contracts/dataset_v4_a11_silver_release_gate_receipt_v1.schema.json"	""
"data/projects/open_model_data/admission/dataset_v4_a10_pilot_review_gate_receipt_v1.json"	"registry/projects/open_model_data/contracts/dataset_v4_a12_gold_overlay_gate_receipt_v1.schema.json"	""
"data/projects/open_model_data/admission/dataset_v4_a10_pilot_review_gate_receipt_v1.json"	"registry/projects/open_model_data/contracts/dataset_v4_a13_cleanup_recovery_receipt_v1.schema.json"	""
"data/projects/open_model_data/admission/dataset_v4_a10_pilot_review_gate_receipt_v1.json"	"tests/projects/open_model_data/test_a11_silver_release_gate.py"	""
"data/projects/open_model_data/admission/dataset_v4_a11_silver_release_gate_receipt_v1.json"	"packages/v4-runtime/asset_allowlist.json"	""
"data/projects/open_model_data/admission/dataset_v4_a11_silver_release_gate_receipt_v1.json"	"packages/v4-runtime/src/learn_ukrainian_v4_runtime/provenance/v1/bindings.json"	""
"data/projects/open_model_data/admission/dataset_v4_a11_silver_release_gate_receipt_v1.json"	"packages/v4-runtime/src/learn_ukrainian_v4_runtime/v4_a12_gold_overlay_gate.py"	""
"data/projects/open_model_data/admission/dataset_v4_a11_silver_release_gate_receipt_v1.json"	"registry/projects/open_model_data/admission/dataset_v4_a12_gold_overlay_gate_receipt_v1.json"	""
"data/projects/open_model_data/admission/dataset_v4_a11_silver_release_gate_receipt_v1.json"	"registry/projects/open_model_data/admission/dataset_v4_a13_cleanup_recovery_receipt_v1.json"	""
"data/projects/open_model_data/admission/dataset_v4_a11_silver_release_gate_receipt_v1.json"	"registry/projects/open_model_data/contracts/dataset_v4_a12_gold_overlay_gate_receipt_v1.schema.json"	""
"data/projects/open_model_data/admission/dataset_v4_a11_silver_release_gate_receipt_v1.json"	"registry/projects/open_model_data/contracts/dataset_v4_a13_cleanup_recovery_receipt_v1.schema.json"	""
"data/projects/open_model_data/admission/dataset_v4_a11_silver_release_gate_receipt_v1.json"	"tests/projects/open_model_data/test_a12_gold_overlay_gate.py"	""
"data/projects/open_model_data/admission/dataset_v4_a12_gold_overlay_gate_receipt_v1.json"	"packages/v4-runtime/asset_allowlist.json"	""
"data/projects/open_model_data/admission/dataset_v4_a12_gold_overlay_gate_receipt_v1.json"	"packages/v4-runtime/src/learn_ukrainian_v4_runtime/provenance/v1/bindings.json"	""
"data/projects/open_model_data/admission/dataset_v4_a12_gold_overlay_gate_receipt_v1.json"	"packages/v4-runtime/src/learn_ukrainian_v4_runtime/v4_a13_cleanup_recovery.py"	""
"data/projects/open_model_data/admission/dataset_v4_a12_gold_overlay_gate_receipt_v1.json"	"registry/projects/open_model_data/admission/dataset_v4_a13_cleanup_recovery_receipt_v1.json"	""
"data/projects/open_model_data/admission/dataset_v4_a12_gold_overlay_gate_receipt_v1.json"	"registry/projects/open_model_data/contracts/dataset_v4_a13_cleanup_recovery_receipt_v1.schema.json"	""
"data/projects/open_model_data/admission/dataset_v4_a12_gold_overlay_gate_receipt_v1.json"	"tests/projects/open_model_data/test_a13_cleanup_recovery.py"	""
"data/projects/open_model_data/admission/dataset_v4_a13_cleanup_recovery_receipt_v1.json"	"packages/v4-runtime/asset_allowlist.json"	""
"data/projects/open_model_data/admission/dataset_v4_a13_cleanup_recovery_receipt_v1.json"	"packages/v4-runtime/src/learn_ukrainian_v4_runtime/provenance/v1/bindings.json"	""
"data/projects/open_model_data/admission/dataset_v4_a2_source_operation_admission_receipt_v1.json"	"packages/v4-runtime/asset_allowlist.json"	""
"data/projects/open_model_data/admission/dataset_v4_a2_source_operation_admission_receipt_v1.json"	"packages/v4-runtime/src/learn_ukrainian_v4_runtime/provenance/v1/bindings.json"	""
"data/projects/open_model_data/admission/dataset_v4_a2_source_operation_admission_receipt_v1.json"	"packages/v4-runtime/src/learn_ukrainian_v4_runtime/v4_a10_pilot_review_gate.py"	""
"data/projects/open_model_data/admission/dataset_v4_a2_source_operation_admission_receipt_v1.json"	"packages/v4-runtime/src/learn_ukrainian_v4_runtime/v4_a11_silver_release_gate.py"	""
"data/projects/open_model_data/admission/dataset_v4_a2_source_operation_admission_receipt_v1.json"	"packages/v4-runtime/src/learn_ukrainian_v4_runtime/v4_a12_gold_overlay_gate.py"	""
"data/projects/open_model_data/admission/dataset_v4_a2_source_operation_admission_receipt_v1.json"	"packages/v4-runtime/src/learn_ukrainian_v4_runtime/v4_a13_cleanup_recovery.py"	""
"data/projects/open_model_data/admission/dataset_v4_a2_source_operation_admission_receipt_v1.json"	"packages/v4-runtime/src/learn_ukrainian_v4_runtime/v4_public_slot_commitment_assignment.py"	""
"data/projects/open_model_data/admission/dataset_v4_a2_source_operation_admission_receipt_v1.json"	"registry/projects/open_model_data/admission/dataset_v4_a10_pilot_review_gate_receipt_v1.json"	""
"data/projects/open_model_data/admission/dataset_v4_a2_source_operation_admission_receipt_v1.json"	"registry/projects/open_model_data/admission/dataset_v4_a11_silver_release_gate_receipt_v1.json"	""
"data/projects/open_model_data/admission/dataset_v4_a2_source_operation_admission_receipt_v1.json"	"registry/projects/open_model_data/admission/dataset_v4_a12_gold_overlay_gate_receipt_v1.json"	""
"data/projects/open_model_data/admission/dataset_v4_a2_source_operation_admission_receipt_v1.json"	"registry/projects/open_model_data/admission/dataset_v4_a13_cleanup_recovery_receipt_v1.json"	""
"data/projects/open_model_data/admission/dataset_v4_a2_source_operation_admission_receipt_v1.json"	"registry/projects/open_model_data/admission/dataset_v4_a3_heldout_source_family_seal_receipt_v1.json"	""
"data/projects/open_model_data/admission/dataset_v4_a2_source_operation_admission_receipt_v1.json"	"registry/projects/open_model_data/admission/dataset_v4_a4_deterministic_extraction_receipt_v1.json"	""
"data/projects/open_model_data/admission/dataset_v4_a2_source_operation_admission_receipt_v1.json"	"registry/projects/open_model_data/admission/dataset_v4_a5_evidence_enrichment_receipt_v1.json"	""
"data/projects/open_model_data/admission/dataset_v4_a2_source_operation_admission_receipt_v1.json"	"registry/projects/open_model_data/admission/dataset_v4_a6_blind_arena_receipt_v1.json"	""
"data/projects/open_model_data/admission/dataset_v4_a2_source_operation_admission_receipt_v1.json"	"registry/projects/open_model_data/admission/dataset_v4_a7_original_row_factory_receipt_v1.json"	""
"data/projects/open_model_data/admission/dataset_v4_a2_source_operation_admission_receipt_v1.json"	"registry/projects/open_model_data/admission/dataset_v4_a8_admission_assembly_receipt_v1.json"	""
"data/projects/open_model_data/admission/dataset_v4_a2_source_operation_admission_receipt_v1.json"	"registry/projects/open_model_data/admission/dataset_v4_a9_evaluation_package_receipt_v1.json"	""
"data/projects/open_model_data/admission/dataset_v4_a2_source_operation_admission_receipt_v1.json"	"registry/projects/open_model_data/admission/dataset_v4_per_slot_private_factory_receipt_v1.json"	""
"data/projects/open_model_data/admission/dataset_v4_a2_source_operation_admission_receipt_v1.json"	"registry/projects/open_model_data/admission/dataset_v4_public_slot_commitment_assignment_receipt_v1.json"	""
"data/projects/open_model_data/admission/dataset_v4_a2_source_operation_admission_receipt_v1.json"	"registry/projects/open_model_data/admission/dataset_v4_source_byte_ingestion_admission_receipt_v1.json"	""
"data/projects/open_model_data/admission/dataset_v4_a2_source_operation_admission_receipt_v1.json"	"registry/projects/open_model_data/contracts/dataset_v4_a10_pilot_review_gate_receipt_v1.schema.json"	""
"data/projects/open_model_data/admission/dataset_v4_a2_source_operation_admission_receipt_v1.json"	"registry/projects/open_model_data/contracts/dataset_v4_a11_silver_release_gate_receipt_v1.schema.json"	""
"data/projects/open_model_data/admission/dataset_v4_a2_source_operation_admission_receipt_v1.json"	"registry/projects/open_model_data/contracts/dataset_v4_a12_gold_overlay_gate_receipt_v1.schema.json"	""
"data/projects/open_model_data/admission/dataset_v4_a2_source_operation_admission_receipt_v1.json"	"registry/projects/open_model_data/contracts/dataset_v4_a13_cleanup_recovery_receipt_v1.schema.json"	""
"data/projects/open_model_data/admission/dataset_v4_a2_source_operation_admission_receipt_v1.json"	"registry/projects/open_model_data/contracts/dataset_v4_a6_blind_arena_receipt_v1.schema.json"	""
"data/projects/open_model_data/admission/dataset_v4_a2_source_operation_admission_receipt_v1.json"	"registry/projects/open_model_data/contracts/dataset_v4_a7_original_row_factory_receipt_v1.schema.json"	""
"data/projects/open_model_data/admission/dataset_v4_a2_source_operation_admission_receipt_v1.json"	"registry/projects/open_model_data/contracts/dataset_v4_a8_admission_assembly_receipt_v1.schema.json"	""
"data/projects/open_model_data/admission/dataset_v4_a2_source_operation_admission_receipt_v1.json"	"registry/projects/open_model_data/contracts/dataset_v4_a9_evaluation_package_receipt_v1.schema.json"	""
"data/projects/open_model_data/admission/dataset_v4_a2_source_operation_admission_receipt_v1.json"	"registry/projects/open_model_data/contracts/dataset_v4_per_slot_private_factory_receipt_v1.schema.json"	""
"data/projects/open_model_data/admission/dataset_v4_a2_source_operation_admission_receipt_v1.json"	"registry/projects/open_model_data/contracts/dataset_v4_public_slot_commitment_assignment_receipt_v1.schema.json"	""
"data/projects/open_model_data/admission/dataset_v4_a2_source_operation_admission_receipt_v1.json"	"tests/projects/open_model_data/_v4_a7_real_slot_fixture.py"	""
"data/projects/open_model_data/admission/dataset_v4_a2_source_operation_admission_receipt_v1.json"	"tests/projects/open_model_data/test_v4_real_slot_mechanism.py"	""
"data/projects/open_model_data/admission/dataset_v4_a2_source_operation_admission_receipt_v1.json"	"tests/projects/open_model_data/test_v4_runner_origin_mechanism.py"	""
"data/projects/open_model_data/admission/dataset_v4_a3_builder_packet_receipt_v1.json"	"packages/v4-runtime/asset_allowlist.json"	""
"data/projects/open_model_data/admission/dataset_v4_a3_builder_packet_receipt_v1.json"	"packages/v4-runtime/src/learn_ukrainian_v4_runtime/provenance/v1/bindings.json"	""
"data/projects/open_model_data/admission/dataset_v4_a3_builder_packet_receipt_v1.json"	"packages/v4-runtime/src/learn_ukrainian_v4_runtime/v4_a3_builder_packet.py"	""
"data/projects/open_model_data/admission/dataset_v4_a3_builder_packet_receipt_v1.json"	"packages/v4-runtime/src/learn_ukrainian_v4_runtime/v4_a4_deterministic_extraction.py"	""
"data/projects/open_model_data/admission/dataset_v4_a3_builder_packet_receipt_v1.json"	"registry/projects/open_model_data/admission/dataset_v4_a4_deterministic_extraction_receipt_v1.json"	""
"data/projects/open_model_data/admission/dataset_v4_a3_builder_packet_receipt_v1.json"	"registry/projects/open_model_data/contracts/dataset_v4_a4_deterministic_extraction_receipt_v1.schema.json"	""
"data/projects/open_model_data/admission/dataset_v4_a3_builder_packet_receipt_v1.json"	"tests/projects/open_model_data/_v4_provenance_resource_fixture.py"	""
"data/projects/open_model_data/admission/dataset_v4_a3_heldout_source_family_seal_receipt_v1.json"	"packages/v4-runtime/asset_allowlist.json"	""
"data/projects/open_model_data/admission/dataset_v4_a3_heldout_source_family_seal_receipt_v1.json"	"packages/v4-runtime/src/learn_ukrainian_v4_runtime/provenance.py"	""
"data/projects/open_model_data/admission/dataset_v4_a3_heldout_source_family_seal_receipt_v1.json"	"packages/v4-runtime/src/learn_ukrainian_v4_runtime/provenance/v1/bindings.json"	""
"data/projects/open_model_data/admission/dataset_v4_a3_heldout_source_family_seal_receipt_v1.json"	"packages/v4-runtime/src/learn_ukrainian_v4_runtime/v4_a3_builder_packet.py"	""
"data/projects/open_model_data/admission/dataset_v4_a3_heldout_source_family_seal_receipt_v1.json"	"packages/v4-runtime/src/learn_ukrainian_v4_runtime/v4_a3_d1_transition_validator.py"	""
"data/projects/open_model_data/admission/dataset_v4_a3_heldout_source_family_seal_receipt_v1.json"	"packages/v4-runtime/src/learn_ukrainian_v4_runtime/v4_a3_heldout_family_assignment.py"	""
"data/projects/open_model_data/admission/dataset_v4_a3_heldout_source_family_seal_receipt_v1.json"	"packages/v4-runtime/src/learn_ukrainian_v4_runtime/v4_a4_deterministic_extraction.py"	""
"data/projects/open_model_data/admission/dataset_v4_a3_heldout_source_family_seal_receipt_v1.json"	"registry/projects/open_model_data/admission/dataset_v4_a3_builder_packet_receipt_v1.json"	""
"data/projects/open_model_data/admission/dataset_v4_a3_heldout_source_family_seal_receipt_v1.json"	"registry/projects/open_model_data/admission/dataset_v4_a4_deterministic_extraction_receipt_v1.json"	""
"data/projects/open_model_data/admission/dataset_v4_a3_heldout_source_family_seal_receipt_v1.json"	"registry/projects/open_model_data/admission/dataset_v4_a7_original_row_factory_receipt_v1.json"	""
"data/projects/open_model_data/admission/dataset_v4_a3_heldout_source_family_seal_receipt_v1.json"	"registry/projects/open_model_data/contracts/dataset_v4_a3_builder_packet_receipt_v1.schema.json"	""
"data/projects/open_model_data/admission/dataset_v4_a3_heldout_source_family_seal_receipt_v1.json"	"registry/projects/open_model_data/contracts/dataset_v4_a7_original_row_factory_receipt_v1.schema.json"	""
"data/projects/open_model_data/admission/dataset_v4_a3_heldout_source_family_seal_receipt_v1.json"	"registry/projects/open_model_data/splits/v4_work_grouping_split_config_v1.json"	""
"data/projects/open_model_data/admission/dataset_v4_a3_heldout_source_family_seal_receipt_v1.json"	"tests/projects/open_model_data/_v4_provenance_resource_fixture.py"	""
"data/projects/open_model_data/admission/dataset_v4_a3_heldout_source_family_seal_receipt_v1.json"	"tests/projects/open_model_data/test_a3_builder_packet.py"	""
"data/projects/open_model_data/admission/dataset_v4_a3_heldout_source_family_seal_receipt_v1.json"	"tests/projects/open_model_data/test_a3_heldout_family_assignment_script.py"	""
"data/projects/open_model_data/admission/dataset_v4_a3_heldout_source_family_seal_receipt_v1.json"	"tests/projects/open_model_data/test_v4_real_slot_mechanism.py"	""
"data/projects/open_model_data/admission/dataset_v4_a4_deterministic_extraction_receipt_v1.json"	"packages/v4-runtime/asset_allowlist.json"	""
"data/projects/open_model_data/admission/dataset_v4_a4_deterministic_extraction_receipt_v1.json"	"packages/v4-runtime/src/learn_ukrainian_v4_runtime/provenance/v1/bindings.json"	""
"data/projects/open_model_data/admission/dataset_v4_a4_deterministic_extraction_receipt_v1.json"	"packages/v4-runtime/src/learn_ukrainian_v4_runtime/semantic_inputs.py"	""
"data/projects/open_model_data/admission/dataset_v4_a4_deterministic_extraction_receipt_v1.json"	"packages/v4-runtime/src/learn_ukrainian_v4_runtime/v4_a5_evidence_enrichment.py"	""
"data/projects/open_model_data/admission/dataset_v4_a4_deterministic_extraction_receipt_v1.json"	"packages/v4-runtime/src/learn_ukrainian_v4_runtime/v4_public_slot_commitment_assignment.py"	""
"data/projects/open_model_data/admission/dataset_v4_a4_deterministic_extraction_receipt_v1.json"	"registry/projects/open_model_data/admission/dataset_v4_a10_pilot_review_gate_receipt_v1.json"	""
"data/projects/open_model_data/admission/dataset_v4_a4_deterministic_extraction_receipt_v1.json"	"registry/projects/open_model_data/admission/dataset_v4_a11_silver_release_gate_receipt_v1.json"	""
"data/projects/open_model_data/admission/dataset_v4_a4_deterministic_extraction_receipt_v1.json"	"registry/projects/open_model_data/admission/dataset_v4_a12_gold_overlay_gate_receipt_v1.json"	""
"data/projects/open_model_data/admission/dataset_v4_a4_deterministic_extraction_receipt_v1.json"	"registry/projects/open_model_data/admission/dataset_v4_a13_cleanup_recovery_receipt_v1.json"	""
"data/projects/open_model_data/admission/dataset_v4_a4_deterministic_extraction_receipt_v1.json"	"registry/projects/open_model_data/admission/dataset_v4_a5_evidence_enrichment_receipt_v1.json"	""
"data/projects/open_model_data/admission/dataset_v4_a4_deterministic_extraction_receipt_v1.json"	"registry/projects/open_model_data/admission/dataset_v4_a6_blind_arena_receipt_v1.json"	""
"data/projects/open_model_data/admission/dataset_v4_a4_deterministic_extraction_receipt_v1.json"	"registry/projects/open_model_data/admission/dataset_v4_a7_original_row_factory_receipt_v1.json"	""
"data/projects/open_model_data/admission/dataset_v4_a4_deterministic_extraction_receipt_v1.json"	"registry/projects/open_model_data/admission/dataset_v4_a8_admission_assembly_receipt_v1.json"	""
"data/projects/open_model_data/admission/dataset_v4_a4_deterministic_extraction_receipt_v1.json"	"registry/projects/open_model_data/admission/dataset_v4_a9_evaluation_package_receipt_v1.json"	""
"data/projects/open_model_data/admission/dataset_v4_a4_deterministic_extraction_receipt_v1.json"	"registry/projects/open_model_data/admission/dataset_v4_public_slot_commitment_assignment_receipt_v1.json"	""
"data/projects/open_model_data/admission/dataset_v4_a4_deterministic_extraction_receipt_v1.json"	"registry/projects/open_model_data/contracts/dataset_v4_a10_pilot_review_gate_receipt_v1.schema.json"	""
"data/projects/open_model_data/admission/dataset_v4_a4_deterministic_extraction_receipt_v1.json"	"registry/projects/open_model_data/contracts/dataset_v4_a11_silver_release_gate_receipt_v1.schema.json"	""
"data/projects/open_model_data/admission/dataset_v4_a4_deterministic_extraction_receipt_v1.json"	"registry/projects/open_model_data/contracts/dataset_v4_a12_gold_overlay_gate_receipt_v1.schema.json"	""
"data/projects/open_model_data/admission/dataset_v4_a4_deterministic_extraction_receipt_v1.json"	"registry/projects/open_model_data/contracts/dataset_v4_a13_cleanup_recovery_receipt_v1.schema.json"	""
"data/projects/open_model_data/admission/dataset_v4_a4_deterministic_extraction_receipt_v1.json"	"registry/projects/open_model_data/contracts/dataset_v4_a5_evidence_enrichment_receipt_v1.schema.json"	""
"data/projects/open_model_data/admission/dataset_v4_a4_deterministic_extraction_receipt_v1.json"	"registry/projects/open_model_data/contracts/dataset_v4_a6_blind_arena_receipt_v1.schema.json"	""
"data/projects/open_model_data/admission/dataset_v4_a4_deterministic_extraction_receipt_v1.json"	"registry/projects/open_model_data/contracts/dataset_v4_a7_original_row_factory_receipt_v1.schema.json"	""
"data/projects/open_model_data/admission/dataset_v4_a4_deterministic_extraction_receipt_v1.json"	"registry/projects/open_model_data/contracts/dataset_v4_a8_admission_assembly_receipt_v1.schema.json"	""
"data/projects/open_model_data/admission/dataset_v4_a4_deterministic_extraction_receipt_v1.json"	"registry/projects/open_model_data/contracts/dataset_v4_a9_evaluation_package_receipt_v1.schema.json"	""
"data/projects/open_model_data/admission/dataset_v4_a4_deterministic_extraction_receipt_v1.json"	"registry/projects/open_model_data/contracts/dataset_v4_public_slot_commitment_assignment_receipt_v1.schema.json"	""
"data/projects/open_model_data/admission/dataset_v4_a4_deterministic_extraction_receipt_v1.json"	"tests/projects/open_model_data/_v4_a7_real_slot_fixture.py"	""
"data/projects/open_model_data/admission/dataset_v4_a4_deterministic_extraction_receipt_v1.json"	"tests/projects/open_model_data/test_v4_slot_assignment.py"	""
"data/projects/open_model_data/admission/dataset_v4_a5_evidence_enrichment_receipt_v1.json"	"packages/v4-runtime/asset_allowlist.json"	""
"data/projects/open_model_data/admission/dataset_v4_a5_evidence_enrichment_receipt_v1.json"	"packages/v4-runtime/src/learn_ukrainian_v4_runtime/provenance/v1/bindings.json"	""
"data/projects/open_model_data/admission/dataset_v4_a5_evidence_enrichment_receipt_v1.json"	"packages/v4-runtime/src/learn_ukrainian_v4_runtime/semantic_inputs.py"	""
"data/projects/open_model_data/admission/dataset_v4_a5_evidence_enrichment_receipt_v1.json"	"registry/projects/open_model_data/admission/dataset_v4_a10_pilot_review_gate_receipt_v1.json"	""
"data/projects/open_model_data/admission/dataset_v4_a5_evidence_enrichment_receipt_v1.json"	"registry/projects/open_model_data/admission/dataset_v4_a11_silver_release_gate_receipt_v1.json"	""
"data/projects/open_model_data/admission/dataset_v4_a5_evidence_enrichment_receipt_v1.json"	"registry/projects/open_model_data/admission/dataset_v4_a12_gold_overlay_gate_receipt_v1.json"	""
"data/projects/open_model_data/admission/dataset_v4_a5_evidence_enrichment_receipt_v1.json"	"registry/projects/open_model_data/admission/dataset_v4_a13_cleanup_recovery_receipt_v1.json"	""
"data/projects/open_model_data/admission/dataset_v4_a5_evidence_enrichment_receipt_v1.json"	"registry/projects/open_model_data/admission/dataset_v4_a6_blind_arena_receipt_v1.json"	""
"data/projects/open_model_data/admission/dataset_v4_a5_evidence_enrichment_receipt_v1.json"	"registry/projects/open_model_data/admission/dataset_v4_a7_original_row_factory_receipt_v1.json"	""
"data/projects/open_model_data/admission/dataset_v4_a5_evidence_enrichment_receipt_v1.json"	"registry/projects/open_model_data/admission/dataset_v4_a8_admission_assembly_receipt_v1.json"	""
"data/projects/open_model_data/admission/dataset_v4_a5_evidence_enrichment_receipt_v1.json"	"registry/projects/open_model_data/admission/dataset_v4_a9_evaluation_package_receipt_v1.json"	""
"data/projects/open_model_data/admission/dataset_v4_a5_evidence_enrichment_receipt_v1.json"	"registry/projects/open_model_data/contracts/dataset_v4_a10_pilot_review_gate_receipt_v1.schema.json"	""
"data/projects/open_model_data/admission/dataset_v4_a5_evidence_enrichment_receipt_v1.json"	"registry/projects/open_model_data/contracts/dataset_v4_a11_silver_release_gate_receipt_v1.schema.json"	""
"data/projects/open_model_data/admission/dataset_v4_a5_evidence_enrichment_receipt_v1.json"	"registry/projects/open_model_data/contracts/dataset_v4_a12_gold_overlay_gate_receipt_v1.schema.json"	""
"data/projects/open_model_data/admission/dataset_v4_a5_evidence_enrichment_receipt_v1.json"	"registry/projects/open_model_data/contracts/dataset_v4_a13_cleanup_recovery_receipt_v1.schema.json"	""
"data/projects/open_model_data/admission/dataset_v4_a5_evidence_enrichment_receipt_v1.json"	"registry/projects/open_model_data/contracts/dataset_v4_a6_blind_arena_receipt_v1.schema.json"	""
"data/projects/open_model_data/admission/dataset_v4_a5_evidence_enrichment_receipt_v1.json"	"registry/projects/open_model_data/contracts/dataset_v4_a7_original_row_factory_receipt_v1.schema.json"	""
"data/projects/open_model_data/admission/dataset_v4_a5_evidence_enrichment_receipt_v1.json"	"registry/projects/open_model_data/contracts/dataset_v4_a8_admission_assembly_receipt_v1.schema.json"	""
"data/projects/open_model_data/admission/dataset_v4_a5_evidence_enrichment_receipt_v1.json"	"registry/projects/open_model_data/contracts/dataset_v4_a9_evaluation_package_receipt_v1.schema.json"	""
"data/projects/open_model_data/admission/dataset_v4_a5_evidence_enrichment_receipt_v1.json"	"tests/projects/open_model_data/test_a6_blind_arena.py"	""
"data/projects/open_model_data/admission/dataset_v4_a6_blind_arena_receipt_v1.json"	"packages/v4-runtime/asset_allowlist.json"	""
"data/projects/open_model_data/admission/dataset_v4_a6_blind_arena_receipt_v1.json"	"packages/v4-runtime/src/learn_ukrainian_v4_runtime/provenance/v1/bindings.json"	""
"data/projects/open_model_data/admission/dataset_v4_a6_blind_arena_receipt_v1.json"	"registry/projects/open_model_data/admission/dataset_v4_a10_pilot_review_gate_receipt_v1.json"	""
"data/projects/open_model_data/admission/dataset_v4_a6_blind_arena_receipt_v1.json"	"registry/projects/open_model_data/admission/dataset_v4_a11_silver_release_gate_receipt_v1.json"	""
"data/projects/open_model_data/admission/dataset_v4_a6_blind_arena_receipt_v1.json"	"registry/projects/open_model_data/admission/dataset_v4_a12_gold_overlay_gate_receipt_v1.json"	""
"data/projects/open_model_data/admission/dataset_v4_a6_blind_arena_receipt_v1.json"	"registry/projects/open_model_data/admission/dataset_v4_a13_cleanup_recovery_receipt_v1.json"	""
"data/projects/open_model_data/admission/dataset_v4_a6_blind_arena_receipt_v1.json"	"registry/projects/open_model_data/admission/dataset_v4_a7_original_row_factory_receipt_v1.json"	""
"data/projects/open_model_data/admission/dataset_v4_a6_blind_arena_receipt_v1.json"	"registry/projects/open_model_data/admission/dataset_v4_a8_admission_assembly_receipt_v1.json"	""
"data/projects/open_model_data/admission/dataset_v4_a6_blind_arena_receipt_v1.json"	"registry/projects/open_model_data/admission/dataset_v4_a9_evaluation_package_receipt_v1.json"	""
"data/projects/open_model_data/admission/dataset_v4_a6_blind_arena_receipt_v1.json"	"registry/projects/open_model_data/contracts/dataset_v4_a10_pilot_review_gate_receipt_v1.schema.json"	""
"data/projects/open_model_data/admission/dataset_v4_a6_blind_arena_receipt_v1.json"	"registry/projects/open_model_data/contracts/dataset_v4_a11_silver_release_gate_receipt_v1.schema.json"	""
"data/projects/open_model_data/admission/dataset_v4_a6_blind_arena_receipt_v1.json"	"registry/projects/open_model_data/contracts/dataset_v4_a12_gold_overlay_gate_receipt_v1.schema.json"	""
"data/projects/open_model_data/admission/dataset_v4_a6_blind_arena_receipt_v1.json"	"registry/projects/open_model_data/contracts/dataset_v4_a13_cleanup_recovery_receipt_v1.schema.json"	""
"data/projects/open_model_data/admission/dataset_v4_a6_blind_arena_receipt_v1.json"	"registry/projects/open_model_data/contracts/dataset_v4_a7_original_row_factory_receipt_v1.schema.json"	""
"data/projects/open_model_data/admission/dataset_v4_a6_blind_arena_receipt_v1.json"	"registry/projects/open_model_data/contracts/dataset_v4_a8_admission_assembly_receipt_v1.schema.json"	""
"data/projects/open_model_data/admission/dataset_v4_a6_blind_arena_receipt_v1.json"	"registry/projects/open_model_data/contracts/dataset_v4_a9_evaluation_package_receipt_v1.schema.json"	""
"data/projects/open_model_data/admission/dataset_v4_a6_blind_arena_receipt_v1.json"	"tests/projects/open_model_data/test_a7_original_row_factory.py"	""
"data/projects/open_model_data/admission/dataset_v4_a6_blind_arena_receipt_v1.json"	"tests/projects/open_model_data/test_v4_runner_origin_mechanism.py"	""
"data/projects/open_model_data/admission/dataset_v4_a7_original_row_factory_receipt_v1.json"	"packages/v4-runtime/asset_allowlist.json"	""
"data/projects/open_model_data/admission/dataset_v4_a7_original_row_factory_receipt_v1.json"	"packages/v4-runtime/src/learn_ukrainian_v4_runtime/provenance/v1/bindings.json"	""
"data/projects/open_model_data/admission/dataset_v4_a7_original_row_factory_receipt_v1.json"	"registry/projects/open_model_data/admission/dataset_v4_a10_pilot_review_gate_receipt_v1.json"	""
"data/projects/open_model_data/admission/dataset_v4_a7_original_row_factory_receipt_v1.json"	"registry/projects/open_model_data/admission/dataset_v4_a11_silver_release_gate_receipt_v1.json"	""
"data/projects/open_model_data/admission/dataset_v4_a7_original_row_factory_receipt_v1.json"	"registry/projects/open_model_data/admission/dataset_v4_a12_gold_overlay_gate_receipt_v1.json"	""
"data/projects/open_model_data/admission/dataset_v4_a7_original_row_factory_receipt_v1.json"	"registry/projects/open_model_data/admission/dataset_v4_a13_cleanup_recovery_receipt_v1.json"	""
"data/projects/open_model_data/admission/dataset_v4_a7_original_row_factory_receipt_v1.json"	"registry/projects/open_model_data/admission/dataset_v4_a8_admission_assembly_receipt_v1.json"	""
"data/projects/open_model_data/admission/dataset_v4_a7_original_row_factory_receipt_v1.json"	"registry/projects/open_model_data/admission/dataset_v4_a9_evaluation_package_receipt_v1.json"	""
"data/projects/open_model_data/admission/dataset_v4_a7_original_row_factory_receipt_v1.json"	"registry/projects/open_model_data/admission/dataset_v4_per_slot_private_factory_receipt_v1.json"	""
"data/projects/open_model_data/admission/dataset_v4_a7_original_row_factory_receipt_v1.json"	"registry/projects/open_model_data/contracts/dataset_v4_a10_pilot_review_gate_receipt_v1.schema.json"	""
"data/projects/open_model_data/admission/dataset_v4_a7_original_row_factory_receipt_v1.json"	"registry/projects/open_model_data/contracts/dataset_v4_a11_silver_release_gate_receipt_v1.schema.json"	""
"data/projects/open_model_data/admission/dataset_v4_a7_original_row_factory_receipt_v1.json"	"registry/projects/open_model_data/contracts/dataset_v4_a12_gold_overlay_gate_receipt_v1.schema.json"	""
"data/projects/open_model_data/admission/dataset_v4_a7_original_row_factory_receipt_v1.json"	"registry/projects/open_model_data/contracts/dataset_v4_a13_cleanup_recovery_receipt_v1.schema.json"	""
"data/projects/open_model_data/admission/dataset_v4_a7_original_row_factory_receipt_v1.json"	"registry/projects/open_model_data/contracts/dataset_v4_a8_admission_assembly_receipt_v1.schema.json"	""
"data/projects/open_model_data/admission/dataset_v4_a7_original_row_factory_receipt_v1.json"	"registry/projects/open_model_data/contracts/dataset_v4_a9_evaluation_package_receipt_v1.schema.json"	""
"data/projects/open_model_data/admission/dataset_v4_a7_original_row_factory_receipt_v1.json"	"registry/projects/open_model_data/contracts/dataset_v4_per_slot_private_factory_receipt_v1.schema.json"	""
"data/projects/open_model_data/admission/dataset_v4_a7_original_row_factory_receipt_v1.json"	"tests/projects/open_model_data/test_a8_admission_assembly.py"	""
"data/projects/open_model_data/admission/dataset_v4_a8_admission_assembly_receipt_v1.json"	"packages/v4-runtime/asset_allowlist.json"	""
"data/projects/open_model_data/admission/dataset_v4_a8_admission_assembly_receipt_v1.json"	"packages/v4-runtime/src/learn_ukrainian_v4_runtime/provenance/v1/bindings.json"	""
"data/projects/open_model_data/admission/dataset_v4_a8_admission_assembly_receipt_v1.json"	"registry/projects/open_model_data/admission/dataset_v4_a10_pilot_review_gate_receipt_v1.json"	""
"data/projects/open_model_data/admission/dataset_v4_a8_admission_assembly_receipt_v1.json"	"registry/projects/open_model_data/admission/dataset_v4_a11_silver_release_gate_receipt_v1.json"	""
"data/projects/open_model_data/admission/dataset_v4_a8_admission_assembly_receipt_v1.json"	"registry/projects/open_model_data/admission/dataset_v4_a12_gold_overlay_gate_receipt_v1.json"	""
"data/projects/open_model_data/admission/dataset_v4_a8_admission_assembly_receipt_v1.json"	"registry/projects/open_model_data/admission/dataset_v4_a13_cleanup_recovery_receipt_v1.json"	""
"data/projects/open_model_data/admission/dataset_v4_a8_admission_assembly_receipt_v1.json"	"registry/projects/open_model_data/admission/dataset_v4_a9_evaluation_package_receipt_v1.json"	""
"data/projects/open_model_data/admission/dataset_v4_a8_admission_assembly_receipt_v1.json"	"registry/projects/open_model_data/contracts/dataset_v4_a10_pilot_review_gate_receipt_v1.schema.json"	""
"data/projects/open_model_data/admission/dataset_v4_a8_admission_assembly_receipt_v1.json"	"registry/projects/open_model_data/contracts/dataset_v4_a11_silver_release_gate_receipt_v1.schema.json"	""
"data/projects/open_model_data/admission/dataset_v4_a8_admission_assembly_receipt_v1.json"	"registry/projects/open_model_data/contracts/dataset_v4_a12_gold_overlay_gate_receipt_v1.schema.json"	""
"data/projects/open_model_data/admission/dataset_v4_a8_admission_assembly_receipt_v1.json"	"registry/projects/open_model_data/contracts/dataset_v4_a13_cleanup_recovery_receipt_v1.schema.json"	""
"data/projects/open_model_data/admission/dataset_v4_a8_admission_assembly_receipt_v1.json"	"registry/projects/open_model_data/contracts/dataset_v4_a9_evaluation_package_receipt_v1.schema.json"	""
"data/projects/open_model_data/admission/dataset_v4_a8_admission_assembly_receipt_v1.json"	"tests/projects/open_model_data/test_a9_evaluation_package.py"	""
"data/projects/open_model_data/admission/dataset_v4_a9_evaluation_package_receipt_v1.json"	"packages/v4-runtime/asset_allowlist.json"	""
"data/projects/open_model_data/admission/dataset_v4_a9_evaluation_package_receipt_v1.json"	"packages/v4-runtime/src/learn_ukrainian_v4_runtime/provenance/v1/bindings.json"	""
"data/projects/open_model_data/admission/dataset_v4_a9_evaluation_package_receipt_v1.json"	"packages/v4-runtime/src/learn_ukrainian_v4_runtime/v4_a10_pilot_review_gate.py"	""
"data/projects/open_model_data/admission/dataset_v4_a9_evaluation_package_receipt_v1.json"	"registry/projects/open_model_data/admission/dataset_v4_a10_pilot_review_gate_receipt_v1.json"	""
"data/projects/open_model_data/admission/dataset_v4_a9_evaluation_package_receipt_v1.json"	"registry/projects/open_model_data/admission/dataset_v4_a11_silver_release_gate_receipt_v1.json"	""
"data/projects/open_model_data/admission/dataset_v4_a9_evaluation_package_receipt_v1.json"	"registry/projects/open_model_data/admission/dataset_v4_a12_gold_overlay_gate_receipt_v1.json"	""
"data/projects/open_model_data/admission/dataset_v4_a9_evaluation_package_receipt_v1.json"	"registry/projects/open_model_data/admission/dataset_v4_a13_cleanup_recovery_receipt_v1.json"	""
"data/projects/open_model_data/admission/dataset_v4_a9_evaluation_package_receipt_v1.json"	"registry/projects/open_model_data/contracts/dataset_v4_a10_pilot_review_gate_receipt_v1.schema.json"	""
"data/projects/open_model_data/admission/dataset_v4_a9_evaluation_package_receipt_v1.json"	"registry/projects/open_model_data/contracts/dataset_v4_a11_silver_release_gate_receipt_v1.schema.json"	""
"data/projects/open_model_data/admission/dataset_v4_a9_evaluation_package_receipt_v1.json"	"registry/projects/open_model_data/contracts/dataset_v4_a12_gold_overlay_gate_receipt_v1.schema.json"	""
"data/projects/open_model_data/admission/dataset_v4_a9_evaluation_package_receipt_v1.json"	"registry/projects/open_model_data/contracts/dataset_v4_a13_cleanup_recovery_receipt_v1.schema.json"	""
"data/projects/open_model_data/admission/dataset_v4_a9_evaluation_package_receipt_v1.json"	"tests/projects/open_model_data/test_a10_pilot_review_gate.py"	""
"data/projects/open_model_data/admission/dataset_v4_per_slot_private_factory_receipt_v1.json"	"packages/v4-runtime/asset_allowlist.json"	""
"data/projects/open_model_data/admission/dataset_v4_per_slot_private_factory_receipt_v1.json"	"packages/v4-runtime/src/learn_ukrainian_v4_runtime/provenance/v1/bindings.json"	""
"data/projects/open_model_data/admission/dataset_v4_pilot_slot_manifest_v1.json"	"agents_extensions/shared/skills/drive-ukrainian-dataset-epic/references/legacy-v4-contract.md"	""
"data/projects/open_model_data/admission/dataset_v4_pilot_slot_manifest_v1.json"	"docs/projects/open-model-data/cyrillic-slavic-dataset-delivery-plan.md"	""
"data/projects/open_model_data/admission/dataset_v4_pilot_slot_manifest_v1.json"	"packages/v4-runtime/asset_allowlist.json"	""
"data/projects/open_model_data/admission/dataset_v4_pilot_slot_manifest_v1.json"	"packages/v4-runtime/src/learn_ukrainian_v4_runtime/provenance/v1/bindings.json"	""
"data/projects/open_model_data/admission/dataset_v4_pilot_slot_manifest_v1.json"	"packages/v4-runtime/src/learn_ukrainian_v4_runtime/v4_a10_pilot_review_gate.py"	""
"data/projects/open_model_data/admission/dataset_v4_pilot_slot_manifest_v1.json"	"packages/v4-runtime/src/learn_ukrainian_v4_runtime/v4_a11_silver_release_gate.py"	""
"data/projects/open_model_data/admission/dataset_v4_pilot_slot_manifest_v1.json"	"packages/v4-runtime/src/learn_ukrainian_v4_runtime/v4_a12_gold_overlay_gate.py"	""
"data/projects/open_model_data/admission/dataset_v4_pilot_slot_manifest_v1.json"	"packages/v4-runtime/src/learn_ukrainian_v4_runtime/v4_a13_cleanup_recovery.py"	""
"data/projects/open_model_data/admission/dataset_v4_pilot_slot_manifest_v1.json"	"packages/v4-runtime/src/learn_ukrainian_v4_runtime/v4_public_slot_commitment_assignment.py"	""
"data/projects/open_model_data/admission/dataset_v4_pilot_slot_manifest_v1.json"	"registry/projects/open_model_data/admission/dataset_v4_a10_pilot_review_gate_receipt_v1.json"	""
"data/projects/open_model_data/admission/dataset_v4_pilot_slot_manifest_v1.json"	"registry/projects/open_model_data/admission/dataset_v4_a11_silver_release_gate_receipt_v1.json"	""
"data/projects/open_model_data/admission/dataset_v4_pilot_slot_manifest_v1.json"	"registry/projects/open_model_data/admission/dataset_v4_a12_gold_overlay_gate_receipt_v1.json"	""
"data/projects/open_model_data/admission/dataset_v4_pilot_slot_manifest_v1.json"	"registry/projects/open_model_data/admission/dataset_v4_a13_cleanup_recovery_receipt_v1.json"	""
"data/projects/open_model_data/admission/dataset_v4_pilot_slot_manifest_v1.json"	"registry/projects/open_model_data/admission/dataset_v4_a2_source_operation_admission_receipt_v1.json"	""
"data/projects/open_model_data/admission/dataset_v4_pilot_slot_manifest_v1.json"	"registry/projects/open_model_data/admission/dataset_v4_a3_heldout_source_family_seal_receipt_v1.json"	""
"data/projects/open_model_data/admission/dataset_v4_pilot_slot_manifest_v1.json"	"registry/projects/open_model_data/admission/dataset_v4_a6_blind_arena_receipt_v1.json"	""
"data/projects/open_model_data/admission/dataset_v4_pilot_slot_manifest_v1.json"	"registry/projects/open_model_data/admission/dataset_v4_a7_original_row_factory_receipt_v1.json"	""
"data/projects/open_model_data/admission/dataset_v4_pilot_slot_manifest_v1.json"	"registry/projects/open_model_data/admission/dataset_v4_a8_admission_assembly_receipt_v1.json"	""
"data/projects/open_model_data/admission/dataset_v4_pilot_slot_manifest_v1.json"	"registry/projects/open_model_data/admission/dataset_v4_a9_evaluation_package_receipt_v1.json"	""
"data/projects/open_model_data/admission/dataset_v4_pilot_slot_manifest_v1.json"	"registry/projects/open_model_data/admission/dataset_v4_per_slot_private_factory_receipt_v1.json"	""
"data/projects/open_model_data/admission/dataset_v4_pilot_slot_manifest_v1.json"	"registry/projects/open_model_data/admission/dataset_v4_public_slot_commitment_assignment_receipt_v1.json"	""
"data/projects/open_model_data/admission/dataset_v4_pilot_slot_manifest_v1.json"	"registry/projects/open_model_data/contracts/dataset_v4_a10_pilot_review_gate_receipt_v1.schema.json"	""
"data/projects/open_model_data/admission/dataset_v4_pilot_slot_manifest_v1.json"	"registry/projects/open_model_data/contracts/dataset_v4_a11_silver_release_gate_receipt_v1.schema.json"	""
"data/projects/open_model_data/admission/dataset_v4_pilot_slot_manifest_v1.json"	"registry/projects/open_model_data/contracts/dataset_v4_a12_gold_overlay_gate_receipt_v1.schema.json"	""
"data/projects/open_model_data/admission/dataset_v4_pilot_slot_manifest_v1.json"	"registry/projects/open_model_data/contracts/dataset_v4_a13_cleanup_recovery_receipt_v1.schema.json"	""
"data/projects/open_model_data/admission/dataset_v4_pilot_slot_manifest_v1.json"	"registry/projects/open_model_data/contracts/dataset_v4_a6_blind_arena_receipt_v1.schema.json"	""
"data/projects/open_model_data/admission/dataset_v4_pilot_slot_manifest_v1.json"	"registry/projects/open_model_data/contracts/dataset_v4_a7_original_row_factory_receipt_v1.schema.json"	""
"data/projects/open_model_data/admission/dataset_v4_pilot_slot_manifest_v1.json"	"registry/projects/open_model_data/contracts/dataset_v4_a8_admission_assembly_receipt_v1.schema.json"	""
"data/projects/open_model_data/admission/dataset_v4_pilot_slot_manifest_v1.json"	"registry/projects/open_model_data/contracts/dataset_v4_a9_evaluation_package_receipt_v1.schema.json"	""
"data/projects/open_model_data/admission/dataset_v4_pilot_slot_manifest_v1.json"	"registry/projects/open_model_data/contracts/dataset_v4_per_slot_private_factory_receipt_v1.schema.json"	""
"data/projects/open_model_data/admission/dataset_v4_pilot_slot_manifest_v1.json"	"registry/projects/open_model_data/contracts/dataset_v4_public_slot_commitment_assignment_receipt_v1.schema.json"	""
"data/projects/open_model_data/admission/dataset_v4_pilot_slot_manifest_v1.json"	"tests/projects/open_model_data/_v4_a7_real_slot_fixture.py"	""
"data/projects/open_model_data/admission/dataset_v4_pilot_slot_manifest_v1.json"	"tests/projects/open_model_data/test_v4_real_slot_mechanism.py"	""
"data/projects/open_model_data/admission/dataset_v4_pilot_slot_manifest_v1.json"	"tests/projects/open_model_data/test_v4_runner_origin_mechanism.py"	""
"data/projects/open_model_data/admission/dataset_v4_pilot_slot_manifest_v1.json"	"tests/test_dataset_epic_skill_contract.py"	""
"data/projects/open_model_data/admission/dataset_v4_public_slot_commitment_assignment_receipt_v1.json"	"packages/v4-runtime/asset_allowlist.json"	""
"data/projects/open_model_data/admission/dataset_v4_public_slot_commitment_assignment_receipt_v1.json"	"packages/v4-runtime/src/learn_ukrainian_v4_runtime/provenance/v1/bindings.json"	""
"data/projects/open_model_data/admission/dataset_v4_source_byte_ingestion_admission_receipt_v1.json"	"packages/v4-runtime/asset_allowlist.json"	""
"data/projects/open_model_data/admission/dataset_v4_source_byte_ingestion_admission_receipt_v1.json"	"packages/v4-runtime/src/learn_ukrainian_v4_runtime/provenance/v1/bindings.json"	""
"data/projects/open_model_data/admission/dataset_v4_source_byte_ingestion_admission_receipt_v1.json"	"registry/projects/open_model_data/admission/dataset_v4_a4_deterministic_extraction_receipt_v1.json"	""
"data/projects/open_model_data/admission/dataset_v4_source_byte_ingestion_admission_receipt_v1.json"	"registry/projects/open_model_data/contracts/dataset_v4_a4_deterministic_extraction_receipt_v1.schema.json"	""
"data/projects/open_model_data/admission/dataset_v4_source_byte_ingestion_admission_receipt_v1.json"	"tests/projects/open_model_data/test_a4_deterministic_extraction.py"	""
"data/projects/open_model_data/admission/phase3_complete_source_policy_v4.json"	"registry/projects/open_model_data/contracts/phase3_v3a_taxonomy_denominator_compatibility_v1.json"	""
"data/projects/open_model_data/admission/phase3_complete_source_policy_v4.json"	"registry/projects/open_model_data/evidence/phase3_p1_universe_freeze_v1.json"	""
"data/projects/open_model_data/admission/phase3_complete_source_policy_v4.json"	"scripts/projects/open_model_data/phase3_source_policy_v4.py"	""
"data/projects/open_model_data/admission/phase3_complete_source_policy_v4.json"	"scripts/projects/open_model_data/phase3_university_content_audit_freeze.py"	""
"data/projects/open_model_data/admission/phase3_complete_source_policy_v4.json"	"tests/test_open_model_phase3_source_policy_v4.py"	""
"data/projects/open_model_data/admission/phase3_historical_evidence_spine_v1.json"	"scripts/projects/open_model_data/phase3_historical_evidence_spine.py"	""
"data/projects/open_model_data/admission/phase3_historical_evidence_spine_v2.json"	"registry/projects/open_model_data/admission/phase3_historical_protection_channels_v1.json"	""
"data/projects/open_model_data/admission/phase3_historical_evidence_spine_v2.json"	"registry/projects/open_model_data/evidence/phase3_p1_universe_freeze_v1.json"	""
"data/projects/open_model_data/admission/phase3_historical_evidence_spine_v2.json"	"scripts/projects/open_model_data/phase3_historical_evidence_spine_v2.py"	""
"data/projects/open_model_data/admission/phase3_historical_full_materialization_gate_v1.json"	"scripts/projects/open_model_data/phase3_historical_evidence_spine.py"	""
"data/projects/open_model_data/admission/phase3_historical_full_materialization_gate_v1.json"	"tests/test_open_model_phase3_historical_full_materialization.py"	""
"data/projects/open_model_data/admission/phase3_historical_periodization_freeze_v1.json"	"registry/projects/open_model_data/admission/phase3_historical_protection_channels_v1.json"	""
"data/projects/open_model_data/admission/phase3_historical_periodization_freeze_v1.json"	"scripts/projects/open_model_data/phase3_historical_periodization.py"	""
"data/projects/open_model_data/admission/phase3_historical_periodization_freeze_v1.json"	"scripts/projects/open_model_data/phase3_university_content_audit_freeze.py"	""
"data/projects/open_model_data/admission/phase3_historical_protection_channels_v1.json"	"registry/projects/open_model_data/admission/dataset_v4_a2_source_operation_admission_receipt_v1.json"	""
"data/projects/open_model_data/admission/phase3_historical_protection_channels_v1.json"	"registry/projects/open_model_data/admission/phase3_p4_pilot_construction_v1.json"	""
"data/projects/open_model_data/admission/phase3_historical_protection_channels_v1.json"	"tests/test_open_model_phase3_p4_pilot.py"	""
"data/projects/open_model_data/admission/phase3_live_ingest_gate_v1.json"	"scripts/projects/open_model_data/phase3_live_ingest_gate.py"	""
"data/projects/open_model_data/admission/phase3_live_ingest_gate_v1.json"	"scripts/projects/open_model_data/phase3_university_content_audit_freeze.py"	""
"data/projects/open_model_data/admission/phase3_live_ingest_gate_v1.json"	"tests/test_open_model_phase3_live_ingest_gate.py"	""
"data/projects/open_model_data/admission/phase3_modern_contact_channels_v1.json"	"registry/projects/open_model_data/admission/dataset_v4_a2_source_operation_admission_receipt_v1.json"	""
"data/projects/open_model_data/admission/phase3_modern_contact_channels_v1.json"	"registry/projects/open_model_data/admission/phase3_p4_pilot_construction_v1.json"	""
"data/projects/open_model_data/admission/phase3_modern_contact_channels_v1.json"	"tests/test_open_model_phase3_p4_pilot.py"	""
"data/projects/open_model_data/admission/phase3_p4_pilot_construction_v1.json"	"registry/projects/open_model_data/admission/dataset_v4_a2_source_operation_admission_receipt_v1.json"	""
"data/projects/open_model_data/admission/phase3_p4_pilot_construction_v1.json"	"registry/projects/open_model_data/contracts/phase3_v3_cooperative_control_plane_v1.schema.json"	""
"data/projects/open_model_data/admission/phase3_p4_pilot_construction_v1.json"	"registry/projects/open_model_data/evidence/phase3_v3_cooperative_control_plane_v1.json"	""
"data/projects/open_model_data/admission/phase3_p4_pilot_construction_v1.json"	"scripts/projects/open_model_data/phase3_v3_cooperative_control_plane.py"	""
"data/projects/open_model_data/admission/phase3_university_content_audit_freeze_v1.json"	"scripts/projects/open_model_data/phase3_university_content_audit_freeze.py"	""
"data/projects/open_model_data/admission/phase3_university_content_audit_freeze_v1.json"	"tests/test_open_model_phase3_university_content_audit_freeze.py"	""
"data/projects/open_model_data/admission/phase3_university_source_policy_v3.json"	"scripts/projects/open_model_data/phase3_source_policy_v4.py"	""
"data/projects/open_model_data/admission/phase3_university_source_policy_v3.json"	"tests/ingest/test_incremental_textbook_ingest.py"	""
"data/projects/open_model_data/admission/phase3_vspu_additive_university_source_policy_v3.json"	"registry/projects/open_model_data/evidence/phase3_p1_universe_freeze_v1.json"	""
"data/projects/open_model_data/admission/phase3_vspu_additive_university_source_policy_v3.json"	"scripts/projects/open_model_data/phase3_vspu_db_cutover.py"	""
"data/projects/open_model_data/admission/phase3_vspu_source_materialization_v1.json"	"scripts/projects/open_model_data/phase3_vspu_db_cutover.py"	""
"data/projects/open_model_data/admission/public_external_accepted_admission_receipt_v1.json"	"docs/runbooks/ukrainian-data-foundry-corpus-admission.md"	""
"data/projects/open_model_data/admission/public_external_accepted_admission_receipt_v1.json"	"registry/projects/open_model_data/admission/dataset_v4_a2_source_operation_admission_receipt_v1.json"	""
"data/projects/open_model_data/admission/public_external_accepted_admission_receipt_v1.json"	"registry/projects/open_model_data/evidence/document_signal_config_v1.json"	""
"data/projects/open_model_data/admission/public_external_accepted_admission_receipt_v1.json"	"scripts/projects/open_model_data/model_ready_view_production.py"	""
"data/projects/open_model_data/admission/public_external_accepted_admission_receipt_v1.json"	"scripts/projects/open_model_data/silver_evidence_factory.py"	""
"data/projects/open_model_data/admission/public_external_accepted_admission_receipt_v1.json"	"tests/test_open_model_corpus_admission.py"	""
"data/projects/open_model_data/admission/public_external_full_corpus_admission_v1.json"	"docs/runbooks/ukrainian-data-foundry-corpus-admission.md"	""
"data/projects/open_model_data/admission/public_external_full_corpus_admission_v1.json"	"registry/projects/open_model_data/evidence/document_signal_config_v1.json"	""
"data/projects/open_model_data/admission/public_external_full_corpus_admission_v1.json"	"scripts/projects/open_model_data/admit_existing_corpus.py"	""
"data/projects/open_model_data/admission/public_external_operator_decision_packet_v1.json"	"docs/research/PUBLIC_CORPUS_SOURCE_CAPABILITY_EVIDENCE_MAP.md"	""
"data/projects/open_model_data/admission/public_external_operator_decision_packet_v1.json"	"docs/runbooks/ukrainian-data-foundry-corpus-admission.md"	""
"data/projects/open_model_data/admission/public_external_operator_decision_packet_v1.json"	"registry/projects/open_model_data/admission/public_external_full_corpus_admission_v1.json"	""
"data/projects/open_model_data/admission/public_external_operator_decision_packet_v1.json"	"scripts/projects/open_model_data/model_ready_view_production.py"	""
"data/projects/open_model_data/admission/public_external_operator_decision_packet_v1.json"	"scripts/projects/open_model_data/silver_evidence_factory.py"	""
"data/projects/open_model_data/admission/public_external_operator_decision_packet_v1.json"	"tests/test_open_model_corpus_admission.py"	""
"data/projects/open_model_data/admission/wikipedia_primary_rights_evidence_v1.json"	"docs/research/PUBLIC_CORPUS_SOURCE_CAPABILITY_EVIDENCE_MAP.md"	""
"data/projects/open_model_data/admission/wikipedia_primary_rights_evidence_v1.json"	"docs/runbooks/ukrainian-data-foundry-corpus-admission.md"	""
"data/projects/open_model_data/admission/wikipedia_primary_rights_evidence_v1.json"	"registry/projects/open_model_data/admission/dataset_v4_a2_source_operation_admission_receipt_v1.json"	""
"data/projects/open_model_data/admission/wikipedia_primary_rights_evidence_v1.json"	"registry/projects/open_model_data/admission/public_external_full_corpus_admission_v1.json"	""
"data/projects/open_model_data/admission/wikipedia_primary_rights_evidence_v1.json"	"registry/projects/open_model_data/evidence/source_capability_policy_v1.json"	""
"data/projects/open_model_data/admission/wikipedia_primary_rights_evidence_v1.json"	"tests/test_open_model_corpus_admission.py"	""
"data/projects/open_model_data/canary/pilot_canary_eval_cases.jsonl"	"docs/projects/open-model-data/PHASE_3_6_PILOT_CANARY.md"	""
"data/projects/open_model_data/canary/pilot_canary_receipt.json"	"docs/projects/open-model-data/PHASE_3_6_PILOT_CANARY.md"	""
"data/projects/open_model_data/canary/pilot_canary_receipt.json"	"docs/projects/open-model-data/REAL_TRAINING_RUN_SCORECARD_8338.md"	""
"data/projects/open_model_data/canary/pilot_canary_receipt.json.sha256"	"docs/projects/open-model-data/PHASE_3_6_PILOT_CANARY.md"	""
"data/projects/open_model_data/canary/pilot_canary_replay_buffer_30.jsonl"	"docs/projects/open-model-data/PHASE_3_6_PILOT_CANARY.md"	""
"data/projects/open_model_data/canary/pilot_canary_train_200.jsonl"	"docs/projects/open-model-data/PHASE_3_6_PILOT_CANARY.md"	""
"data/projects/open_model_data/components/decolonization/acceptance_review_sample.signoff.json"	"scripts/projects/open_model_data/build_decolonization_cases.py"	""
"data/projects/open_model_data/components/decolonization/reviews/decol_lex_001.review.json"	"registry/projects/open_model_data/components/decolonization/cases.json"	""
"data/projects/open_model_data/components/decolonization/reviews/decol_lex_001.review.json"	"registry/projects/open_model_data/components/decolonization/reviews/decol_lex_001.review.json"	""
"data/projects/open_model_data/components/decolonization/reviews/decol_lex_001.review.json"	"scripts/projects/open_model_data/decolonization_language_reviews.py"	""
"data/projects/open_model_data/components/decolonization/reviews/decol_lex_002.review.json"	"registry/projects/open_model_data/components/decolonization/acceptance_review_sample.receipt.json"	""
"data/projects/open_model_data/components/decolonization/reviews/decol_lex_002.review.json"	"registry/projects/open_model_data/components/decolonization/cases.json"	""
"data/projects/open_model_data/components/decolonization/reviews/decol_lex_002.review.json"	"registry/projects/open_model_data/components/decolonization/reviews/decol_lex_002.review.json"	""
"data/projects/open_model_data/components/decolonization/reviews/decol_lex_002.review.json"	"scripts/projects/open_model_data/decolonization_language_reviews.py"	""
"data/projects/open_model_data/components/decolonization/reviews/decol_lex_003.review.json"	"registry/projects/open_model_data/components/decolonization/acceptance_review_sample.receipt.json"	""
"data/projects/open_model_data/components/decolonization/reviews/decol_lex_003.review.json"	"registry/projects/open_model_data/components/decolonization/cases.json"	""
"data/projects/open_model_data/components/decolonization/reviews/decol_lex_003.review.json"	"registry/projects/open_model_data/components/decolonization/reviews/decol_lex_003.review.json"	""
"data/projects/open_model_data/components/decolonization/reviews/decol_lex_003.review.json"	"scripts/projects/open_model_data/decolonization_language_reviews.py"	""
"data/projects/open_model_data/components/decolonization/reviews/decol_lex_004.review.json"	"registry/projects/open_model_data/components/decolonization/acceptance_review_sample.receipt.json"	""
"data/projects/open_model_data/components/decolonization/reviews/decol_lex_004.review.json"	"registry/projects/open_model_data/components/decolonization/cases.json"	""
"data/projects/open_model_data/components/decolonization/reviews/decol_lex_004.review.json"	"registry/projects/open_model_data/components/decolonization/reviews/decol_lex_004.review.json"	""
"data/projects/open_model_data/components/decolonization/reviews/decol_lex_004.review.json"	"scripts/projects/open_model_data/decolonization_language_reviews.py"	""
"data/projects/open_model_data/components/decolonization/reviews/decol_lex_005.review.json"	"registry/projects/open_model_data/components/decolonization/cases.json"	""
"data/projects/open_model_data/components/decolonization/reviews/decol_lex_005.review.json"	"registry/projects/open_model_data/components/decolonization/reviews/decol_lex_005.review.json"	""
"data/projects/open_model_data/components/decolonization/reviews/decol_lex_005.review.json"	"scripts/projects/open_model_data/decolonization_language_reviews.py"	""
"data/projects/open_model_data/components/decolonization/reviews/decol_lex_006.review.json"	"registry/projects/open_model_data/components/decolonization/acceptance_review_sample.receipt.json"	""
"data/projects/open_model_data/components/decolonization/reviews/decol_lex_006.review.json"	"registry/projects/open_model_data/components/decolonization/cases.json"	""
"data/projects/open_model_data/components/decolonization/reviews/decol_lex_006.review.json"	"registry/projects/open_model_data/components/decolonization/reviews/decol_lex_006.review.json"	""
"data/projects/open_model_data/components/decolonization/reviews/decol_lex_006.review.json"	"scripts/projects/open_model_data/decolonization_language_reviews.py"	""
"data/projects/open_model_data/components/decolonization/reviews/decol_lex_007.review.json"	"registry/projects/open_model_data/components/decolonization/acceptance_review_sample.receipt.json"	""
"data/projects/open_model_data/components/decolonization/reviews/decol_lex_007.review.json"	"registry/projects/open_model_data/components/decolonization/cases.json"	""
"data/projects/open_model_data/components/decolonization/reviews/decol_lex_007.review.json"	"registry/projects/open_model_data/components/decolonization/reviews/decol_lex_007.review.json"	""
"data/projects/open_model_data/components/decolonization/reviews/decol_lex_007.review.json"	"scripts/projects/open_model_data/decolonization_language_reviews.py"	""
"data/projects/open_model_data/components/decolonization/reviews/decol_lex_008.review.json"	"registry/projects/open_model_data/components/decolonization/acceptance_review_sample.receipt.json"	""
"data/projects/open_model_data/components/decolonization/reviews/decol_lex_008.review.json"	"registry/projects/open_model_data/components/decolonization/cases.json"	""
"data/projects/open_model_data/components/decolonization/reviews/decol_lex_008.review.json"	"registry/projects/open_model_data/components/decolonization/reviews/decol_lex_008.review.json"	""
"data/projects/open_model_data/components/decolonization/reviews/decol_lex_008.review.json"	"scripts/projects/open_model_data/decolonization_language_reviews.py"	""
"data/projects/open_model_data/components/decolonization/reviews/decol_lex_009.review.json"	"registry/projects/open_model_data/components/decolonization/cases.json"	""
"data/projects/open_model_data/components/decolonization/reviews/decol_lex_009.review.json"	"registry/projects/open_model_data/components/decolonization/reviews/decol_lex_009.review.json"	""
"data/projects/open_model_data/components/decolonization/reviews/decol_lex_009.review.json"	"scripts/projects/open_model_data/decolonization_language_reviews.py"	""
"data/projects/open_model_data/components/decolonization/reviews/decol_lex_010.review.json"	"registry/projects/open_model_data/components/decolonization/cases.json"	""
"data/projects/open_model_data/components/decolonization/reviews/decol_lex_010.review.json"	"registry/projects/open_model_data/components/decolonization/reviews/decol_lex_010.review.json"	""
"data/projects/open_model_data/components/decolonization/reviews/decol_lex_010.review.json"	"scripts/projects/open_model_data/decolonization_language_reviews.py"	""
"data/projects/open_model_data/components/decolonization/reviews/decol_lex_011.review.json"	"registry/projects/open_model_data/components/decolonization/acceptance_review_sample.receipt.json"	""
"data/projects/open_model_data/components/decolonization/reviews/decol_lex_011.review.json"	"registry/projects/open_model_data/components/decolonization/cases.json"	""
"data/projects/open_model_data/components/decolonization/reviews/decol_lex_011.review.json"	"registry/projects/open_model_data/components/decolonization/reviews/decol_lex_011.review.json"	""
"data/projects/open_model_data/components/decolonization/reviews/decol_lex_011.review.json"	"scripts/projects/open_model_data/decolonization_language_reviews.py"	""
"data/projects/open_model_data/components/decolonization/reviews/decol_lex_012.review.json"	"registry/projects/open_model_data/components/decolonization/acceptance_review_sample.receipt.json"	""
"data/projects/open_model_data/components/decolonization/reviews/decol_lex_012.review.json"	"registry/projects/open_model_data/components/decolonization/cases.json"	""
"data/projects/open_model_data/components/decolonization/reviews/decol_lex_012.review.json"	"registry/projects/open_model_data/components/decolonization/reviews/decol_lex_012.review.json"	""
"data/projects/open_model_data/components/decolonization/reviews/decol_lex_012.review.json"	"scripts/projects/open_model_data/decolonization_language_reviews.py"	""
"data/projects/open_model_data/components/decolonization/reviews/decol_lex_013.review.json"	"registry/projects/open_model_data/components/decolonization/acceptance_review_sample.receipt.json"	""
"data/projects/open_model_data/components/decolonization/reviews/decol_lex_013.review.json"	"registry/projects/open_model_data/components/decolonization/cases.json"	""
"data/projects/open_model_data/components/decolonization/reviews/decol_lex_013.review.json"	"registry/projects/open_model_data/components/decolonization/reviews/decol_lex_013.review.json"	""
"data/projects/open_model_data/components/decolonization/reviews/decol_lex_013.review.json"	"scripts/projects/open_model_data/decolonization_language_reviews.py"	""
"data/projects/open_model_data/components/decolonization/reviews/decol_lex_014.review.json"	"registry/projects/open_model_data/components/decolonization/acceptance_review_sample.receipt.json"	""
"data/projects/open_model_data/components/decolonization/reviews/decol_lex_014.review.json"	"registry/projects/open_model_data/components/decolonization/cases.json"	""
"data/projects/open_model_data/components/decolonization/reviews/decol_lex_014.review.json"	"registry/projects/open_model_data/components/decolonization/reviews/decol_lex_014.review.json"	""
"data/projects/open_model_data/components/decolonization/reviews/decol_lex_014.review.json"	"scripts/projects/open_model_data/decolonization_language_reviews.py"	""
"data/projects/open_model_data/components/decolonization/reviews/decol_lex_015.review.json"	"registry/projects/open_model_data/components/decolonization/acceptance_review_sample.receipt.json"	""
"data/projects/open_model_data/components/decolonization/reviews/decol_lex_015.review.json"	"registry/projects/open_model_data/components/decolonization/cases.json"	""
"data/projects/open_model_data/components/decolonization/reviews/decol_lex_015.review.json"	"registry/projects/open_model_data/components/decolonization/reviews/decol_lex_015.review.json"	""
"data/projects/open_model_data/components/decolonization/reviews/decol_lex_015.review.json"	"scripts/projects/open_model_data/decolonization_language_reviews.py"	""
"data/projects/open_model_data/components/decolonization/reviews/decol_lex_016.review.json"	"registry/projects/open_model_data/components/decolonization/acceptance_review_sample.receipt.json"	""
"data/projects/open_model_data/components/decolonization/reviews/decol_lex_016.review.json"	"registry/projects/open_model_data/components/decolonization/cases.json"	""
"data/projects/open_model_data/components/decolonization/reviews/decol_lex_016.review.json"	"registry/projects/open_model_data/components/decolonization/reviews/decol_lex_016.review.json"	""
"data/projects/open_model_data/components/decolonization/reviews/decol_lex_016.review.json"	"scripts/projects/open_model_data/decolonization_language_reviews.py"	""
"data/projects/open_model_data/components/decolonization/reviews/decol_lex_017.review.json"	"registry/projects/open_model_data/components/decolonization/acceptance_review_sample.receipt.json"	""
"data/projects/open_model_data/components/decolonization/reviews/decol_lex_017.review.json"	"registry/projects/open_model_data/components/decolonization/cases.json"	""
"data/projects/open_model_data/components/decolonization/reviews/decol_lex_017.review.json"	"registry/projects/open_model_data/components/decolonization/reviews/decol_lex_017.review.json"	""
"data/projects/open_model_data/components/decolonization/reviews/decol_lex_017.review.json"	"scripts/projects/open_model_data/decolonization_language_reviews.py"	""
"data/projects/open_model_data/components/decolonization/reviews/decol_lex_018.review.json"	"registry/projects/open_model_data/components/decolonization/acceptance_review_sample.receipt.json"	""
"data/projects/open_model_data/components/decolonization/reviews/decol_lex_018.review.json"	"registry/projects/open_model_data/components/decolonization/cases.json"	""
"data/projects/open_model_data/components/decolonization/reviews/decol_lex_018.review.json"	"registry/projects/open_model_data/components/decolonization/reviews/decol_lex_018.review.json"	""
"data/projects/open_model_data/components/decolonization/reviews/decol_lex_018.review.json"	"scripts/projects/open_model_data/decolonization_language_reviews.py"	""
"data/projects/open_model_data/components/decolonization/reviews/decol_lex_019.review.json"	"registry/projects/open_model_data/components/decolonization/acceptance_review_sample.receipt.json"	""
"data/projects/open_model_data/components/decolonization/reviews/decol_lex_019.review.json"	"registry/projects/open_model_data/components/decolonization/cases.json"	""
"data/projects/open_model_data/components/decolonization/reviews/decol_lex_019.review.json"	"registry/projects/open_model_data/components/decolonization/reviews/decol_lex_019.review.json"	""
"data/projects/open_model_data/components/decolonization/reviews/decol_lex_019.review.json"	"scripts/projects/open_model_data/decolonization_language_reviews.py"	""
"data/projects/open_model_data/components/decolonization/reviews/decol_lex_020.review.json"	"registry/projects/open_model_data/components/decolonization/acceptance_review_sample.receipt.json"	""
"data/projects/open_model_data/components/decolonization/reviews/decol_lex_020.review.json"	"registry/projects/open_model_data/components/decolonization/cases.json"	""
"data/projects/open_model_data/components/decolonization/reviews/decol_lex_020.review.json"	"registry/projects/open_model_data/components/decolonization/reviews/decol_lex_020.review.json"	""
"data/projects/open_model_data/components/decolonization/reviews/decol_lex_020.review.json"	"scripts/projects/open_model_data/decolonization_language_reviews.py"	""
"data/projects/open_model_data/components/decolonization/reviews/decol_lex_021.review.json"	"registry/projects/open_model_data/components/decolonization/cases.json"	""
"data/projects/open_model_data/components/decolonization/reviews/decol_lex_021.review.json"	"registry/projects/open_model_data/components/decolonization/reviews/decol_lex_021.review.json"	""
"data/projects/open_model_data/components/decolonization/reviews/decol_lex_021.review.json"	"scripts/projects/open_model_data/decolonization_language_reviews.py"	""
"data/projects/open_model_data/components/decolonization/reviews/decol_lex_022.review.json"	"registry/projects/open_model_data/components/decolonization/acceptance_review_sample.receipt.json"	""
"data/projects/open_model_data/components/decolonization/reviews/decol_lex_022.review.json"	"registry/projects/open_model_data/components/decolonization/cases.json"	""
"data/projects/open_model_data/components/decolonization/reviews/decol_lex_022.review.json"	"registry/projects/open_model_data/components/decolonization/reviews/decol_lex_022.review.json"	""
"data/projects/open_model_data/components/decolonization/reviews/decol_lex_022.review.json"	"scripts/projects/open_model_data/decolonization_language_reviews.py"	""
"data/projects/open_model_data/components/decolonization/reviews/decol_lex_023.review.json"	"registry/projects/open_model_data/components/decolonization/acceptance_review_sample.receipt.json"	""
"data/projects/open_model_data/components/decolonization/reviews/decol_lex_023.review.json"	"registry/projects/open_model_data/components/decolonization/cases.json"	""
"data/projects/open_model_data/components/decolonization/reviews/decol_lex_023.review.json"	"registry/projects/open_model_data/components/decolonization/reviews/decol_lex_023.review.json"	""
"data/projects/open_model_data/components/decolonization/reviews/decol_lex_023.review.json"	"scripts/projects/open_model_data/decolonization_language_reviews.py"	""
"data/projects/open_model_data/components/decolonization/reviews/decol_lex_024.review.json"	"registry/projects/open_model_data/components/decolonization/acceptance_review_sample.receipt.json"	""
"data/projects/open_model_data/components/decolonization/reviews/decol_lex_024.review.json"	"registry/projects/open_model_data/components/decolonization/cases.json"	""
"data/projects/open_model_data/components/decolonization/reviews/decol_lex_024.review.json"	"registry/projects/open_model_data/components/decolonization/reviews/decol_lex_024.review.json"	""
"data/projects/open_model_data/components/decolonization/reviews/decol_lex_024.review.json"	"scripts/projects/open_model_data/decolonization_language_reviews.py"	""
"data/projects/open_model_data/components/decolonization/reviews/decol_lex_025.review.json"	"registry/projects/open_model_data/components/decolonization/acceptance_review_sample.receipt.json"	""
"data/projects/open_model_data/components/decolonization/reviews/decol_lex_025.review.json"	"registry/projects/open_model_data/components/decolonization/cases.json"	""
"data/projects/open_model_data/components/decolonization/reviews/decol_lex_025.review.json"	"registry/projects/open_model_data/components/decolonization/reviews/decol_lex_025.review.json"	""
"data/projects/open_model_data/components/decolonization/reviews/decol_lex_025.review.json"	"scripts/projects/open_model_data/decolonization_language_reviews.py"	""
"data/projects/open_model_data/components/decolonization/reviews/decol_lex_026.review.json"	"registry/projects/open_model_data/components/decolonization/cases.json"	""
"data/projects/open_model_data/components/decolonization/reviews/decol_lex_026.review.json"	"registry/projects/open_model_data/components/decolonization/reviews/decol_lex_026.review.json"	""
"data/projects/open_model_data/components/decolonization/reviews/decol_lex_026.review.json"	"scripts/projects/open_model_data/decolonization_language_reviews.py"	""
"data/projects/open_model_data/components/decolonization/reviews/decol_lex_027.review.json"	"registry/projects/open_model_data/components/decolonization/acceptance_review_sample.receipt.json"	""
"data/projects/open_model_data/components/decolonization/reviews/decol_lex_027.review.json"	"registry/projects/open_model_data/components/decolonization/cases.json"	""
"data/projects/open_model_data/components/decolonization/reviews/decol_lex_027.review.json"	"registry/projects/open_model_data/components/decolonization/reviews/decol_lex_027.review.json"	""
"data/projects/open_model_data/components/decolonization/reviews/decol_lex_027.review.json"	"scripts/projects/open_model_data/decolonization_language_reviews.py"	""
"data/projects/open_model_data/components/decolonization/reviews/decol_lex_028.review.json"	"registry/projects/open_model_data/components/decolonization/cases.json"	""
"data/projects/open_model_data/components/decolonization/reviews/decol_lex_028.review.json"	"registry/projects/open_model_data/components/decolonization/reviews/decol_lex_028.review.json"	""
"data/projects/open_model_data/components/decolonization/reviews/decol_lex_028.review.json"	"scripts/projects/open_model_data/decolonization_language_reviews.py"	""
"data/projects/open_model_data/components/decolonization/reviews/decol_lex_029.review.json"	"registry/projects/open_model_data/components/decolonization/acceptance_review_sample.receipt.json"	""
"data/projects/open_model_data/components/decolonization/reviews/decol_lex_029.review.json"	"registry/projects/open_model_data/components/decolonization/cases.json"	""
"data/projects/open_model_data/components/decolonization/reviews/decol_lex_029.review.json"	"registry/projects/open_model_data/components/decolonization/reviews/decol_lex_029.review.json"	""
"data/projects/open_model_data/components/decolonization/reviews/decol_lex_029.review.json"	"scripts/projects/open_model_data/decolonization_language_reviews.py"	""
"data/projects/open_model_data/components/decolonization/reviews/decol_lex_030.review.json"	"registry/projects/open_model_data/components/decolonization/acceptance_review_sample.receipt.json"	""
"data/projects/open_model_data/components/decolonization/reviews/decol_lex_030.review.json"	"registry/projects/open_model_data/components/decolonization/cases.json"	""
"data/projects/open_model_data/components/decolonization/reviews/decol_lex_030.review.json"	"registry/projects/open_model_data/components/decolonization/reviews/decol_lex_030.review.json"	""
"data/projects/open_model_data/components/decolonization/reviews/decol_lex_030.review.json"	"scripts/projects/open_model_data/decolonization_language_reviews.py"	""
"data/projects/open_model_data/components/decolonization/reviews/decol_lex_031.review.json"	"registry/projects/open_model_data/components/decolonization/cases.json"	""
"data/projects/open_model_data/components/decolonization/reviews/decol_lex_031.review.json"	"registry/projects/open_model_data/components/decolonization/reviews/decol_lex_031.review.json"	""
"data/projects/open_model_data/components/decolonization/reviews/decol_lex_031.review.json"	"scripts/projects/open_model_data/decolonization_language_reviews.py"	""
"data/projects/open_model_data/components/decolonization/reviews/decol_lex_032.review.json"	"registry/projects/open_model_data/components/decolonization/cases.json"	""
"data/projects/open_model_data/components/decolonization/reviews/decol_lex_032.review.json"	"registry/projects/open_model_data/components/decolonization/reviews/decol_lex_032.review.json"	""
"data/projects/open_model_data/components/decolonization/reviews/decol_lex_032.review.json"	"scripts/projects/open_model_data/decolonization_language_reviews.py"	""
"data/projects/open_model_data/components/decolonization/reviews/decol_lex_033.review.json"	"registry/projects/open_model_data/components/decolonization/acceptance_review_sample.receipt.json"	""
"data/projects/open_model_data/components/decolonization/reviews/decol_lex_033.review.json"	"registry/projects/open_model_data/components/decolonization/cases.json"	""
"data/projects/open_model_data/components/decolonization/reviews/decol_lex_033.review.json"	"registry/projects/open_model_data/components/decolonization/reviews/decol_lex_033.review.json"	""
"data/projects/open_model_data/components/decolonization/reviews/decol_lex_033.review.json"	"scripts/projects/open_model_data/decolonization_language_reviews.py"	""
"data/projects/open_model_data/components/decolonization/reviews/decol_lex_034.review.json"	"registry/projects/open_model_data/components/decolonization/acceptance_review_sample.receipt.json"	""
"data/projects/open_model_data/components/decolonization/reviews/decol_lex_034.review.json"	"registry/projects/open_model_data/components/decolonization/cases.json"	""
"data/projects/open_model_data/components/decolonization/reviews/decol_lex_034.review.json"	"registry/projects/open_model_data/components/decolonization/reviews/decol_lex_034.review.json"	""
"data/projects/open_model_data/components/decolonization/reviews/decol_lex_034.review.json"	"scripts/projects/open_model_data/decolonization_language_reviews.py"	""
"data/projects/open_model_data/components/decolonization/reviews/decol_lex_035.review.json"	"registry/projects/open_model_data/components/decolonization/acceptance_review_sample.receipt.json"	""
"data/projects/open_model_data/components/decolonization/reviews/decol_lex_035.review.json"	"registry/projects/open_model_data/components/decolonization/cases.json"	""
"data/projects/open_model_data/components/decolonization/reviews/decol_lex_035.review.json"	"registry/projects/open_model_data/components/decolonization/reviews/decol_lex_035.review.json"	""
"data/projects/open_model_data/components/decolonization/reviews/decol_lex_035.review.json"	"scripts/projects/open_model_data/decolonization_language_reviews.py"	""
"data/projects/open_model_data/components/decolonization/reviews/decol_lex_036.review.json"	"registry/projects/open_model_data/components/decolonization/acceptance_review_sample.receipt.json"	""
"data/projects/open_model_data/components/decolonization/reviews/decol_lex_036.review.json"	"registry/projects/open_model_data/components/decolonization/cases.json"	""
"data/projects/open_model_data/components/decolonization/reviews/decol_lex_036.review.json"	"registry/projects/open_model_data/components/decolonization/reviews/decol_lex_036.review.json"	""
"data/projects/open_model_data/components/decolonization/reviews/decol_lex_036.review.json"	"scripts/projects/open_model_data/decolonization_language_reviews.py"	""
"data/projects/open_model_data/components/decolonization/reviews/decol_lex_037.review.json"	"registry/projects/open_model_data/components/decolonization/acceptance_review_sample.receipt.json"	""
"data/projects/open_model_data/components/decolonization/reviews/decol_lex_037.review.json"	"registry/projects/open_model_data/components/decolonization/cases.json"	""
"data/projects/open_model_data/components/decolonization/reviews/decol_lex_037.review.json"	"registry/projects/open_model_data/components/decolonization/reviews/decol_lex_037.review.json"	""
"data/projects/open_model_data/components/decolonization/reviews/decol_lex_037.review.json"	"scripts/projects/open_model_data/decolonization_language_reviews.py"	""
"data/projects/open_model_data/components/decolonization/reviews/decol_lex_038.review.json"	"registry/projects/open_model_data/components/decolonization/acceptance_review_sample.receipt.json"	""
"data/projects/open_model_data/components/decolonization/reviews/decol_lex_038.review.json"	"registry/projects/open_model_data/components/decolonization/cases.json"	""
"data/projects/open_model_data/components/decolonization/reviews/decol_lex_038.review.json"	"registry/projects/open_model_data/components/decolonization/reviews/decol_lex_038.review.json"	""
"data/projects/open_model_data/components/decolonization/reviews/decol_lex_038.review.json"	"scripts/projects/open_model_data/decolonization_language_reviews.py"	""
"data/projects/open_model_data/components/decolonization/reviews/decol_lex_039.review.json"	"registry/projects/open_model_data/components/decolonization/acceptance_review_sample.receipt.json"	""
"data/projects/open_model_data/components/decolonization/reviews/decol_lex_039.review.json"	"registry/projects/open_model_data/components/decolonization/cases.json"	""
"data/projects/open_model_data/components/decolonization/reviews/decol_lex_039.review.json"	"registry/projects/open_model_data/components/decolonization/reviews/decol_lex_039.review.json"	""
"data/projects/open_model_data/components/decolonization/reviews/decol_lex_039.review.json"	"scripts/projects/open_model_data/decolonization_language_reviews.py"	""
"data/projects/open_model_data/components/decolonization/reviews/decol_lex_040.review.json"	"registry/projects/open_model_data/components/decolonization/cases.json"	""
"data/projects/open_model_data/components/decolonization/reviews/decol_lex_040.review.json"	"registry/projects/open_model_data/components/decolonization/reviews/decol_lex_040.review.json"	""
"data/projects/open_model_data/components/decolonization/reviews/decol_lex_040.review.json"	"scripts/projects/open_model_data/decolonization_language_reviews.py"	""
"data/projects/open_model_data/components/decolonization/reviews/decol_lex_041.review.json"	"registry/projects/open_model_data/components/decolonization/acceptance_review_sample.receipt.json"	""
"data/projects/open_model_data/components/decolonization/reviews/decol_lex_041.review.json"	"registry/projects/open_model_data/components/decolonization/cases.json"	""
"data/projects/open_model_data/components/decolonization/reviews/decol_lex_041.review.json"	"registry/projects/open_model_data/components/decolonization/reviews/decol_lex_041.review.json"	""
"data/projects/open_model_data/components/decolonization/reviews/decol_lex_041.review.json"	"scripts/projects/open_model_data/decolonization_language_reviews.py"	""
"data/projects/open_model_data/components/decolonization/reviews/decol_lex_042.review.json"	"registry/projects/open_model_data/components/decolonization/acceptance_review_sample.receipt.json"	""
"data/projects/open_model_data/components/decolonization/reviews/decol_lex_042.review.json"	"registry/projects/open_model_data/components/decolonization/cases.json"	""
"data/projects/open_model_data/components/decolonization/reviews/decol_lex_042.review.json"	"registry/projects/open_model_data/components/decolonization/reviews/decol_lex_042.review.json"	""
"data/projects/open_model_data/components/decolonization/reviews/decol_lex_042.review.json"	"scripts/projects/open_model_data/decolonization_language_reviews.py"	""
"data/projects/open_model_data/components/decolonization/reviews/decol_lex_043.review.json"	"registry/projects/open_model_data/components/decolonization/acceptance_review_sample.receipt.json"	""
"data/projects/open_model_data/components/decolonization/reviews/decol_lex_043.review.json"	"registry/projects/open_model_data/components/decolonization/cases.json"	""
"data/projects/open_model_data/components/decolonization/reviews/decol_lex_043.review.json"	"registry/projects/open_model_data/components/decolonization/reviews/decol_lex_043.review.json"	""
"data/projects/open_model_data/components/decolonization/reviews/decol_lex_043.review.json"	"scripts/projects/open_model_data/decolonization_language_reviews.py"	""
"data/projects/open_model_data/components/decolonization/reviews/decol_lex_044.review.json"	"registry/projects/open_model_data/components/decolonization/acceptance_review_sample.receipt.json"	""
"data/projects/open_model_data/components/decolonization/reviews/decol_lex_044.review.json"	"registry/projects/open_model_data/components/decolonization/cases.json"	""
"data/projects/open_model_data/components/decolonization/reviews/decol_lex_044.review.json"	"registry/projects/open_model_data/components/decolonization/reviews/decol_lex_044.review.json"	""
"data/projects/open_model_data/components/decolonization/reviews/decol_lex_044.review.json"	"scripts/projects/open_model_data/decolonization_language_reviews.py"	""
"data/projects/open_model_data/components/decolonization/reviews/decol_lex_045.review.json"	"registry/projects/open_model_data/components/decolonization/acceptance_review_sample.receipt.json"	""
"data/projects/open_model_data/components/decolonization/reviews/decol_lex_045.review.json"	"registry/projects/open_model_data/components/decolonization/cases.json"	""
"data/projects/open_model_data/components/decolonization/reviews/decol_lex_045.review.json"	"registry/projects/open_model_data/components/decolonization/reviews/decol_lex_045.review.json"	""
"data/projects/open_model_data/components/decolonization/reviews/decol_lex_045.review.json"	"scripts/projects/open_model_data/decolonization_language_reviews.py"	""
"data/projects/open_model_data/components/decolonization/reviews/decol_lex_046.review.json"	"registry/projects/open_model_data/components/decolonization/acceptance_review_sample.receipt.json"	""
"data/projects/open_model_data/components/decolonization/reviews/decol_lex_046.review.json"	"registry/projects/open_model_data/components/decolonization/cases.json"	""
"data/projects/open_model_data/components/decolonization/reviews/decol_lex_046.review.json"	"registry/projects/open_model_data/components/decolonization/reviews/decol_lex_046.review.json"	""
"data/projects/open_model_data/components/decolonization/reviews/decol_lex_046.review.json"	"scripts/projects/open_model_data/decolonization_language_reviews.py"	""
"data/projects/open_model_data/components/decolonization/reviews/decol_lex_047.review.json"	"registry/projects/open_model_data/components/decolonization/acceptance_review_sample.receipt.json"	""
"data/projects/open_model_data/components/decolonization/reviews/decol_lex_047.review.json"	"registry/projects/open_model_data/components/decolonization/cases.json"	""
"data/projects/open_model_data/components/decolonization/reviews/decol_lex_047.review.json"	"registry/projects/open_model_data/components/decolonization/reviews/decol_lex_047.review.json"	""
"data/projects/open_model_data/components/decolonization/reviews/decol_lex_047.review.json"	"scripts/projects/open_model_data/decolonization_language_reviews.py"	""
"data/projects/open_model_data/components/decolonization/reviews/decol_lex_048.review.json"	"registry/projects/open_model_data/components/decolonization/acceptance_review_sample.receipt.json"	""
"data/projects/open_model_data/components/decolonization/reviews/decol_lex_048.review.json"	"registry/projects/open_model_data/components/decolonization/cases.json"	""
"data/projects/open_model_data/components/decolonization/reviews/decol_lex_048.review.json"	"registry/projects/open_model_data/components/decolonization/reviews/decol_lex_048.review.json"	""
"data/projects/open_model_data/components/decolonization/reviews/decol_lex_048.review.json"	"scripts/projects/open_model_data/decolonization_language_reviews.py"	""
"data/projects/open_model_data/components/decolonization/reviews/decol_lex_049.review.json"	"registry/projects/open_model_data/components/decolonization/acceptance_review_sample.receipt.json"	""
"data/projects/open_model_data/components/decolonization/reviews/decol_lex_049.review.json"	"registry/projects/open_model_data/components/decolonization/cases.json"	""
"data/projects/open_model_data/components/decolonization/reviews/decol_lex_049.review.json"	"registry/projects/open_model_data/components/decolonization/reviews/decol_lex_049.review.json"	""
"data/projects/open_model_data/components/decolonization/reviews/decol_lex_049.review.json"	"scripts/projects/open_model_data/decolonization_language_reviews.py"	""
"data/projects/open_model_data/components/decolonization/reviews/decol_lex_050.review.json"	"registry/projects/open_model_data/components/decolonization/acceptance_review_sample.receipt.json"	""
"data/projects/open_model_data/components/decolonization/reviews/decol_lex_050.review.json"	"registry/projects/open_model_data/components/decolonization/cases.json"	""
"data/projects/open_model_data/components/decolonization/reviews/decol_lex_050.review.json"	"registry/projects/open_model_data/components/decolonization/reviews/decol_lex_050.review.json"	""
"data/projects/open_model_data/components/decolonization/reviews/decol_lex_050.review.json"	"scripts/projects/open_model_data/decolonization_language_reviews.py"	""
"data/projects/open_model_data/components/decolonization/reviews/decol_lex_051.review.json"	"registry/projects/open_model_data/components/decolonization/acceptance_review_sample.receipt.json"	""
"data/projects/open_model_data/components/decolonization/reviews/decol_lex_051.review.json"	"registry/projects/open_model_data/components/decolonization/cases.json"	""
"data/projects/open_model_data/components/decolonization/reviews/decol_lex_051.review.json"	"registry/projects/open_model_data/components/decolonization/reviews/decol_lex_051.review.json"	""
"data/projects/open_model_data/components/decolonization/reviews/decol_lex_051.review.json"	"scripts/projects/open_model_data/decolonization_language_reviews.py"	""
"data/projects/open_model_data/components/decolonization/reviews/decol_lex_052.review.json"	"registry/projects/open_model_data/components/decolonization/acceptance_review_sample.receipt.json"	""
"data/projects/open_model_data/components/decolonization/reviews/decol_lex_052.review.json"	"registry/projects/open_model_data/components/decolonization/cases.json"	""
"data/projects/open_model_data/components/decolonization/reviews/decol_lex_052.review.json"	"registry/projects/open_model_data/components/decolonization/reviews/decol_lex_052.review.json"	""
"data/projects/open_model_data/components/decolonization/reviews/decol_lex_052.review.json"	"scripts/projects/open_model_data/decolonization_language_reviews.py"	""
"data/projects/open_model_data/components/decolonization/reviews/decol_lex_053.review.json"	"registry/projects/open_model_data/components/decolonization/acceptance_review_sample.receipt.json"	""
"data/projects/open_model_data/components/decolonization/reviews/decol_lex_053.review.json"	"registry/projects/open_model_data/components/decolonization/cases.json"	""
"data/projects/open_model_data/components/decolonization/reviews/decol_lex_053.review.json"	"registry/projects/open_model_data/components/decolonization/reviews/decol_lex_053.review.json"	""
"data/projects/open_model_data/components/decolonization/reviews/decol_lex_053.review.json"	"scripts/projects/open_model_data/decolonization_language_reviews.py"	""
"data/projects/open_model_data/components/decolonization/reviews/decol_lex_054.review.json"	"registry/projects/open_model_data/components/decolonization/acceptance_review_sample.receipt.json"	""
"data/projects/open_model_data/components/decolonization/reviews/decol_lex_054.review.json"	"registry/projects/open_model_data/components/decolonization/cases.json"	""
"data/projects/open_model_data/components/decolonization/reviews/decol_lex_054.review.json"	"registry/projects/open_model_data/components/decolonization/reviews/decol_lex_054.review.json"	""
"data/projects/open_model_data/components/decolonization/reviews/decol_lex_054.review.json"	"scripts/projects/open_model_data/decolonization_language_reviews.py"	""
"data/projects/open_model_data/components/decolonization/reviews/decol_lex_055.review.json"	"registry/projects/open_model_data/components/decolonization/acceptance_review_sample.receipt.json"	""
"data/projects/open_model_data/components/decolonization/reviews/decol_lex_055.review.json"	"registry/projects/open_model_data/components/decolonization/cases.json"	""
"data/projects/open_model_data/components/decolonization/reviews/decol_lex_055.review.json"	"registry/projects/open_model_data/components/decolonization/reviews/decol_lex_055.review.json"	""
"data/projects/open_model_data/components/decolonization/reviews/decol_lex_055.review.json"	"scripts/projects/open_model_data/decolonization_language_reviews.py"	""
"data/projects/open_model_data/components/decolonization/reviews/decol_lex_056.review.json"	"registry/projects/open_model_data/components/decolonization/acceptance_review_sample.receipt.json"	""
"data/projects/open_model_data/components/decolonization/reviews/decol_lex_056.review.json"	"registry/projects/open_model_data/components/decolonization/cases.json"	""
"data/projects/open_model_data/components/decolonization/reviews/decol_lex_056.review.json"	"registry/projects/open_model_data/components/decolonization/reviews/decol_lex_056.review.json"	""
"data/projects/open_model_data/components/decolonization/reviews/decol_lex_056.review.json"	"scripts/projects/open_model_data/decolonization_language_reviews.py"	""
"data/projects/open_model_data/components/decolonization/reviews/decol_lex_057.review.json"	"registry/projects/open_model_data/components/decolonization/acceptance_review_sample.receipt.json"	""
"data/projects/open_model_data/components/decolonization/reviews/decol_lex_057.review.json"	"registry/projects/open_model_data/components/decolonization/cases.json"	""
"data/projects/open_model_data/components/decolonization/reviews/decol_lex_057.review.json"	"registry/projects/open_model_data/components/decolonization/reviews/decol_lex_057.review.json"	""
"data/projects/open_model_data/components/decolonization/reviews/decol_lex_057.review.json"	"scripts/projects/open_model_data/decolonization_language_reviews.py"	""
"data/projects/open_model_data/components/decolonization/reviews/decol_lex_058.review.json"	"registry/projects/open_model_data/components/decolonization/acceptance_review_sample.receipt.json"	""
"data/projects/open_model_data/components/decolonization/reviews/decol_lex_058.review.json"	"registry/projects/open_model_data/components/decolonization/cases.json"	""
"data/projects/open_model_data/components/decolonization/reviews/decol_lex_058.review.json"	"registry/projects/open_model_data/components/decolonization/reviews/decol_lex_058.review.json"	""
"data/projects/open_model_data/components/decolonization/reviews/decol_lex_058.review.json"	"scripts/projects/open_model_data/decolonization_language_reviews.py"	""
"data/projects/open_model_data/components/decolonization/reviews/decol_lex_059.review.json"	"registry/projects/open_model_data/components/decolonization/cases.json"	""
"data/projects/open_model_data/components/decolonization/reviews/decol_lex_059.review.json"	"registry/projects/open_model_data/components/decolonization/reviews/decol_lex_059.review.json"	""
"data/projects/open_model_data/components/decolonization/reviews/decol_lex_059.review.json"	"scripts/projects/open_model_data/decolonization_language_reviews.py"	""
"data/projects/open_model_data/components/decolonization/reviews/decol_lex_060.review.json"	"registry/projects/open_model_data/components/decolonization/acceptance_review_sample.receipt.json"	""
"data/projects/open_model_data/components/decolonization/reviews/decol_lex_060.review.json"	"registry/projects/open_model_data/components/decolonization/cases.json"	""
"data/projects/open_model_data/components/decolonization/reviews/decol_lex_060.review.json"	"registry/projects/open_model_data/components/decolonization/reviews/decol_lex_060.review.json"	""
"data/projects/open_model_data/components/decolonization/reviews/decol_lex_060.review.json"	"scripts/projects/open_model_data/decolonization_language_reviews.py"	""
"data/projects/open_model_data/components/decolonization/reviews/decol_prep_001.review.json"	"registry/projects/open_model_data/components/decolonization/acceptance_review_sample.receipt.json"	""
"data/projects/open_model_data/components/decolonization/reviews/decol_prep_001.review.json"	"registry/projects/open_model_data/components/decolonization/cases.json"	""
"data/projects/open_model_data/components/decolonization/reviews/decol_prep_001.review.json"	"registry/projects/open_model_data/components/decolonization/reviews/decol_prep_001.review.json"	""
"data/projects/open_model_data/components/decolonization/reviews/decol_prep_001.review.json"	"scripts/projects/open_model_data/decolonization_language_reviews.py"	""
"data/projects/open_model_data/components/decolonization/reviews/decol_prep_002.review.json"	"registry/projects/open_model_data/components/decolonization/cases.json"	""
"data/projects/open_model_data/components/decolonization/reviews/decol_prep_002.review.json"	"registry/projects/open_model_data/components/decolonization/reviews/decol_prep_002.review.json"	""
"data/projects/open_model_data/components/decolonization/reviews/decol_prep_002.review.json"	"scripts/projects/open_model_data/decolonization_language_reviews.py"	""
"data/projects/open_model_data/components/decolonization/reviews/decol_prep_003.review.json"	"registry/projects/open_model_data/components/decolonization/acceptance_review_sample.receipt.json"	""
"data/projects/open_model_data/components/decolonization/reviews/decol_prep_003.review.json"	"registry/projects/open_model_data/components/decolonization/cases.json"	""
"data/projects/open_model_data/components/decolonization/reviews/decol_prep_003.review.json"	"registry/projects/open_model_data/components/decolonization/reviews/decol_prep_003.review.json"	""
"data/projects/open_model_data/components/decolonization/reviews/decol_prep_003.review.json"	"scripts/projects/open_model_data/decolonization_language_reviews.py"	""
"data/projects/open_model_data/components/decolonization/reviews/decol_prep_004.review.json"	"registry/projects/open_model_data/components/decolonization/acceptance_review_sample.receipt.json"	""
"data/projects/open_model_data/components/decolonization/reviews/decol_prep_004.review.json"	"registry/projects/open_model_data/components/decolonization/cases.json"	""
"data/projects/open_model_data/components/decolonization/reviews/decol_prep_004.review.json"	"registry/projects/open_model_data/components/decolonization/reviews/decol_prep_004.review.json"	""
"data/projects/open_model_data/components/decolonization/reviews/decol_prep_004.review.json"	"scripts/projects/open_model_data/decolonization_language_reviews.py"	""
"data/projects/open_model_data/components/decolonization/reviews/decol_prep_005.review.json"	"registry/projects/open_model_data/components/decolonization/cases.json"	""
"data/projects/open_model_data/components/decolonization/reviews/decol_prep_005.review.json"	"registry/projects/open_model_data/components/decolonization/reviews/decol_prep_005.review.json"	""
"data/projects/open_model_data/components/decolonization/reviews/decol_prep_005.review.json"	"scripts/projects/open_model_data/decolonization_language_reviews.py"	""
"data/projects/open_model_data/components/decolonization/reviews/decol_prep_006.review.json"	"registry/projects/open_model_data/components/decolonization/cases.json"	""
"data/projects/open_model_data/components/decolonization/reviews/decol_prep_006.review.json"	"registry/projects/open_model_data/components/decolonization/reviews/decol_prep_006.review.json"	""
"data/projects/open_model_data/components/decolonization/reviews/decol_prep_006.review.json"	"scripts/projects/open_model_data/decolonization_language_reviews.py"	""
"data/projects/open_model_data/components/decolonization/reviews/decol_prep_007.review.json"	"registry/projects/open_model_data/components/decolonization/acceptance_review_sample.receipt.json"	""
"data/projects/open_model_data/components/decolonization/reviews/decol_prep_007.review.json"	"registry/projects/open_model_data/components/decolonization/cases.json"	""
"data/projects/open_model_data/components/decolonization/reviews/decol_prep_007.review.json"	"registry/projects/open_model_data/components/decolonization/reviews/decol_prep_007.review.json"	""
"data/projects/open_model_data/components/decolonization/reviews/decol_prep_007.review.json"	"scripts/projects/open_model_data/decolonization_language_reviews.py"	""
"data/projects/open_model_data/components/decolonization/reviews/decol_prep_008.review.json"	"registry/projects/open_model_data/components/decolonization/acceptance_review_sample.receipt.json"	""
"data/projects/open_model_data/components/decolonization/reviews/decol_prep_008.review.json"	"registry/projects/open_model_data/components/decolonization/cases.json"	""
"data/projects/open_model_data/components/decolonization/reviews/decol_prep_008.review.json"	"registry/projects/open_model_data/components/decolonization/reviews/decol_prep_008.review.json"	""
"data/projects/open_model_data/components/decolonization/reviews/decol_prep_008.review.json"	"scripts/projects/open_model_data/decolonization_language_reviews.py"	""
"data/projects/open_model_data/components/decolonization/reviews/decol_prep_009.review.json"	"registry/projects/open_model_data/components/decolonization/acceptance_review_sample.receipt.json"	""
"data/projects/open_model_data/components/decolonization/reviews/decol_prep_009.review.json"	"registry/projects/open_model_data/components/decolonization/cases.json"	""
"data/projects/open_model_data/components/decolonization/reviews/decol_prep_009.review.json"	"registry/projects/open_model_data/components/decolonization/reviews/decol_prep_009.review.json"	""
"data/projects/open_model_data/components/decolonization/reviews/decol_prep_009.review.json"	"scripts/projects/open_model_data/decolonization_language_reviews.py"	""
"data/projects/open_model_data/components/decolonization/reviews/decol_prep_010.review.json"	"registry/projects/open_model_data/components/decolonization/acceptance_review_sample.receipt.json"	""
"data/projects/open_model_data/components/decolonization/reviews/decol_prep_010.review.json"	"registry/projects/open_model_data/components/decolonization/cases.json"	""
"data/projects/open_model_data/components/decolonization/reviews/decol_prep_010.review.json"	"registry/projects/open_model_data/components/decolonization/reviews/decol_prep_010.review.json"	""
"data/projects/open_model_data/components/decolonization/reviews/decol_prep_010.review.json"	"scripts/projects/open_model_data/decolonization_language_reviews.py"	""
"data/projects/open_model_data/components/decolonization/reviews/decol_prep_011.review.json"	"registry/projects/open_model_data/components/decolonization/acceptance_review_sample.receipt.json"	""
"data/projects/open_model_data/components/decolonization/reviews/decol_prep_011.review.json"	"registry/projects/open_model_data/components/decolonization/cases.json"	""
"data/projects/open_model_data/components/decolonization/reviews/decol_prep_011.review.json"	"registry/projects/open_model_data/components/decolonization/reviews/decol_prep_011.review.json"	""
"data/projects/open_model_data/components/decolonization/reviews/decol_prep_011.review.json"	"scripts/projects/open_model_data/decolonization_language_reviews.py"	""
"data/projects/open_model_data/components/decolonization/reviews/decol_prep_012.review.json"	"registry/projects/open_model_data/components/decolonization/acceptance_review_sample.receipt.json"	""
"data/projects/open_model_data/components/decolonization/reviews/decol_prep_012.review.json"	"registry/projects/open_model_data/components/decolonization/cases.json"	""
"data/projects/open_model_data/components/decolonization/reviews/decol_prep_012.review.json"	"registry/projects/open_model_data/components/decolonization/reviews/decol_prep_012.review.json"	""
"data/projects/open_model_data/components/decolonization/reviews/decol_prep_012.review.json"	"scripts/projects/open_model_data/decolonization_language_reviews.py"	""
"data/projects/open_model_data/components/decolonization/reviews/decol_prep_013.review.json"	"registry/projects/open_model_data/components/decolonization/acceptance_review_sample.receipt.json"	""
"data/projects/open_model_data/components/decolonization/reviews/decol_prep_013.review.json"	"registry/projects/open_model_data/components/decolonization/cases.json"	""
"data/projects/open_model_data/components/decolonization/reviews/decol_prep_013.review.json"	"registry/projects/open_model_data/components/decolonization/reviews/decol_prep_013.review.json"	""
"data/projects/open_model_data/components/decolonization/reviews/decol_prep_013.review.json"	"scripts/projects/open_model_data/decolonization_language_reviews.py"	""
"data/projects/open_model_data/components/decolonization/reviews/decol_prep_014.review.json"	"registry/projects/open_model_data/components/decolonization/acceptance_review_sample.receipt.json"	""
"data/projects/open_model_data/components/decolonization/reviews/decol_prep_014.review.json"	"registry/projects/open_model_data/components/decolonization/cases.json"	""
"data/projects/open_model_data/components/decolonization/reviews/decol_prep_014.review.json"	"registry/projects/open_model_data/components/decolonization/reviews/decol_prep_014.review.json"	""
"data/projects/open_model_data/components/decolonization/reviews/decol_prep_014.review.json"	"scripts/projects/open_model_data/decolonization_language_reviews.py"	""
"data/projects/open_model_data/components/decolonization/reviews/decol_prep_015.review.json"	"registry/projects/open_model_data/components/decolonization/acceptance_review_sample.receipt.json"	""
"data/projects/open_model_data/components/decolonization/reviews/decol_prep_015.review.json"	"registry/projects/open_model_data/components/decolonization/cases.json"	""
"data/projects/open_model_data/components/decolonization/reviews/decol_prep_015.review.json"	"registry/projects/open_model_data/components/decolonization/reviews/decol_prep_015.review.json"	""
"data/projects/open_model_data/components/decolonization/reviews/decol_prep_015.review.json"	"scripts/projects/open_model_data/decolonization_language_reviews.py"	""
"data/projects/open_model_data/components/decolonization/reviews/decol_prep_016.review.json"	"registry/projects/open_model_data/components/decolonization/acceptance_review_sample.receipt.json"	""
"data/projects/open_model_data/components/decolonization/reviews/decol_prep_016.review.json"	"registry/projects/open_model_data/components/decolonization/cases.json"	""
"data/projects/open_model_data/components/decolonization/reviews/decol_prep_016.review.json"	"registry/projects/open_model_data/components/decolonization/reviews/decol_prep_016.review.json"	""
"data/projects/open_model_data/components/decolonization/reviews/decol_prep_016.review.json"	"scripts/projects/open_model_data/decolonization_language_reviews.py"	""
"data/projects/open_model_data/components/decolonization/reviews/decol_prep_017.review.json"	"registry/projects/open_model_data/components/decolonization/acceptance_review_sample.receipt.json"	""
"data/projects/open_model_data/components/decolonization/reviews/decol_prep_017.review.json"	"registry/projects/open_model_data/components/decolonization/cases.json"	""
"data/projects/open_model_data/components/decolonization/reviews/decol_prep_017.review.json"	"registry/projects/open_model_data/components/decolonization/reviews/decol_prep_017.review.json"	""
"data/projects/open_model_data/components/decolonization/reviews/decol_prep_017.review.json"	"scripts/projects/open_model_data/decolonization_language_reviews.py"	""
"data/projects/open_model_data/components/decolonization/reviews/decol_prep_018.review.json"	"registry/projects/open_model_data/components/decolonization/acceptance_review_sample.receipt.json"	""
"data/projects/open_model_data/components/decolonization/reviews/decol_prep_018.review.json"	"registry/projects/open_model_data/components/decolonization/cases.json"	""
"data/projects/open_model_data/components/decolonization/reviews/decol_prep_018.review.json"	"registry/projects/open_model_data/components/decolonization/reviews/decol_prep_018.review.json"	""
"data/projects/open_model_data/components/decolonization/reviews/decol_prep_018.review.json"	"scripts/projects/open_model_data/decolonization_language_reviews.py"	""
"data/projects/open_model_data/components/decolonization/reviews/decol_prep_019.review.json"	"registry/projects/open_model_data/components/decolonization/cases.json"	""
"data/projects/open_model_data/components/decolonization/reviews/decol_prep_019.review.json"	"registry/projects/open_model_data/components/decolonization/reviews/decol_prep_019.review.json"	""
"data/projects/open_model_data/components/decolonization/reviews/decol_prep_019.review.json"	"scripts/projects/open_model_data/decolonization_language_reviews.py"	""
"data/projects/open_model_data/components/decolonization/reviews/decol_prep_020.review.json"	"registry/projects/open_model_data/components/decolonization/acceptance_review_sample.receipt.json"	""
"data/projects/open_model_data/components/decolonization/reviews/decol_prep_020.review.json"	"registry/projects/open_model_data/components/decolonization/cases.json"	""
"data/projects/open_model_data/components/decolonization/reviews/decol_prep_020.review.json"	"registry/projects/open_model_data/components/decolonization/reviews/decol_prep_020.review.json"	""
"data/projects/open_model_data/components/decolonization/reviews/decol_prep_020.review.json"	"scripts/projects/open_model_data/decolonization_language_reviews.py"	""
"data/projects/open_model_data/components/decolonization/reviews/decol_prep_021.review.json"	"registry/projects/open_model_data/components/decolonization/cases.json"	""
"data/projects/open_model_data/components/decolonization/reviews/decol_prep_021.review.json"	"registry/projects/open_model_data/components/decolonization/reviews/decol_prep_021.review.json"	""
"data/projects/open_model_data/components/decolonization/reviews/decol_prep_021.review.json"	"scripts/projects/open_model_data/decolonization_language_reviews.py"	""
"data/projects/open_model_data/components/decolonization/reviews/decol_prep_022.review.json"	"registry/projects/open_model_data/components/decolonization/acceptance_review_sample.receipt.json"	""
"data/projects/open_model_data/components/decolonization/reviews/decol_prep_022.review.json"	"registry/projects/open_model_data/components/decolonization/cases.json"	""
"data/projects/open_model_data/components/decolonization/reviews/decol_prep_022.review.json"	"registry/projects/open_model_data/components/decolonization/reviews/decol_prep_022.review.json"	""
"data/projects/open_model_data/components/decolonization/reviews/decol_prep_022.review.json"	"scripts/projects/open_model_data/decolonization_language_reviews.py"	""
"data/projects/open_model_data/components/decolonization/reviews/decol_prep_023.review.json"	"registry/projects/open_model_data/components/decolonization/acceptance_review_sample.receipt.json"	""
"data/projects/open_model_data/components/decolonization/reviews/decol_prep_023.review.json"	"registry/projects/open_model_data/components/decolonization/cases.json"	""
"data/projects/open_model_data/components/decolonization/reviews/decol_prep_023.review.json"	"registry/projects/open_model_data/components/decolonization/reviews/decol_prep_023.review.json"	""
"data/projects/open_model_data/components/decolonization/reviews/decol_prep_023.review.json"	"scripts/projects/open_model_data/decolonization_language_reviews.py"	""
"data/projects/open_model_data/components/decolonization/reviews/decol_prep_024.review.json"	"registry/projects/open_model_data/components/decolonization/acceptance_review_sample.receipt.json"	""
"data/projects/open_model_data/components/decolonization/reviews/decol_prep_024.review.json"	"registry/projects/open_model_data/components/decolonization/cases.json"	""
"data/projects/open_model_data/components/decolonization/reviews/decol_prep_024.review.json"	"registry/projects/open_model_data/components/decolonization/reviews/decol_prep_024.review.json"	""
"data/projects/open_model_data/components/decolonization/reviews/decol_prep_024.review.json"	"scripts/projects/open_model_data/decolonization_language_reviews.py"	""
"data/projects/open_model_data/components/decolonization/reviews/decol_prep_025.review.json"	"registry/projects/open_model_data/components/decolonization/acceptance_review_sample.receipt.json"	""
"data/projects/open_model_data/components/decolonization/reviews/decol_prep_025.review.json"	"registry/projects/open_model_data/components/decolonization/cases.json"	""
"data/projects/open_model_data/components/decolonization/reviews/decol_prep_025.review.json"	"registry/projects/open_model_data/components/decolonization/reviews/decol_prep_025.review.json"	""
"data/projects/open_model_data/components/decolonization/reviews/decol_prep_025.review.json"	"scripts/projects/open_model_data/decolonization_language_reviews.py"	""
"data/projects/open_model_data/components/decolonization/reviews/decol_prep_026.review.json"	"registry/projects/open_model_data/components/decolonization/acceptance_review_sample.receipt.json"	""
"data/projects/open_model_data/components/decolonization/reviews/decol_prep_026.review.json"	"registry/projects/open_model_data/components/decolonization/cases.json"	""
"data/projects/open_model_data/components/decolonization/reviews/decol_prep_026.review.json"	"registry/projects/open_model_data/components/decolonization/reviews/decol_prep_026.review.json"	""
"data/projects/open_model_data/components/decolonization/reviews/decol_prep_026.review.json"	"scripts/projects/open_model_data/decolonization_language_reviews.py"	""
"data/projects/open_model_data/components/decolonization/reviews/decol_prep_027.review.json"	"registry/projects/open_model_data/components/decolonization/acceptance_review_sample.receipt.json"	""
"data/projects/open_model_data/components/decolonization/reviews/decol_prep_027.review.json"	"registry/projects/open_model_data/components/decolonization/cases.json"	""
"data/projects/open_model_data/components/decolonization/reviews/decol_prep_027.review.json"	"registry/projects/open_model_data/components/decolonization/reviews/decol_prep_027.review.json"	""
"data/projects/open_model_data/components/decolonization/reviews/decol_prep_027.review.json"	"scripts/projects/open_model_data/decolonization_language_reviews.py"	""
"data/projects/open_model_data/components/decolonization/reviews/decol_prep_028.review.json"	"registry/projects/open_model_data/components/decolonization/acceptance_review_sample.receipt.json"	""
"data/projects/open_model_data/components/decolonization/reviews/decol_prep_028.review.json"	"registry/projects/open_model_data/components/decolonization/cases.json"	""
"data/projects/open_model_data/components/decolonization/reviews/decol_prep_028.review.json"	"registry/projects/open_model_data/components/decolonization/reviews/decol_prep_028.review.json"	""
"data/projects/open_model_data/components/decolonization/reviews/decol_prep_028.review.json"	"scripts/projects/open_model_data/decolonization_language_reviews.py"	""
"data/projects/open_model_data/components/decolonization/reviews/decol_prep_029.review.json"	"registry/projects/open_model_data/components/decolonization/acceptance_review_sample.receipt.json"	""
"data/projects/open_model_data/components/decolonization/reviews/decol_prep_029.review.json"	"registry/projects/open_model_data/components/decolonization/cases.json"	""
"data/projects/open_model_data/components/decolonization/reviews/decol_prep_029.review.json"	"registry/projects/open_model_data/components/decolonization/reviews/decol_prep_029.review.json"	""
"data/projects/open_model_data/components/decolonization/reviews/decol_prep_029.review.json"	"scripts/projects/open_model_data/decolonization_language_reviews.py"	""
"data/projects/open_model_data/components/decolonization/reviews/decol_prep_030.review.json"	"registry/projects/open_model_data/components/decolonization/acceptance_review_sample.receipt.json"	""
"data/projects/open_model_data/components/decolonization/reviews/decol_prep_030.review.json"	"registry/projects/open_model_data/components/decolonization/cases.json"	""
"data/projects/open_model_data/components/decolonization/reviews/decol_prep_030.review.json"	"registry/projects/open_model_data/components/decolonization/reviews/decol_prep_030.review.json"	""
"data/projects/open_model_data/components/decolonization/reviews/decol_prep_030.review.json"	"scripts/projects/open_model_data/decolonization_language_reviews.py"	""
"data/projects/open_model_data/components/decolonization/reviews/decol_prep_031.review.json"	"registry/projects/open_model_data/components/decolonization/acceptance_review_sample.receipt.json"	""
"data/projects/open_model_data/components/decolonization/reviews/decol_prep_031.review.json"	"registry/projects/open_model_data/components/decolonization/cases.json"	""
"data/projects/open_model_data/components/decolonization/reviews/decol_prep_031.review.json"	"registry/projects/open_model_data/components/decolonization/reviews/decol_prep_031.review.json"	""
"data/projects/open_model_data/components/decolonization/reviews/decol_prep_031.review.json"	"scripts/projects/open_model_data/decolonization_language_reviews.py"	""
"data/projects/open_model_data/components/decolonization/reviews/decol_prep_032.review.json"	"registry/projects/open_model_data/components/decolonization/acceptance_review_sample.receipt.json"	""
"data/projects/open_model_data/components/decolonization/reviews/decol_prep_032.review.json"	"registry/projects/open_model_data/components/decolonization/cases.json"	""
"data/projects/open_model_data/components/decolonization/reviews/decol_prep_032.review.json"	"registry/projects/open_model_data/components/decolonization/reviews/decol_prep_032.review.json"	""
"data/projects/open_model_data/components/decolonization/reviews/decol_prep_032.review.json"	"scripts/projects/open_model_data/decolonization_language_reviews.py"	""
"data/projects/open_model_data/components/decolonization/reviews/decol_prep_033.review.json"	"registry/projects/open_model_data/components/decolonization/acceptance_review_sample.receipt.json"	""
"data/projects/open_model_data/components/decolonization/reviews/decol_prep_033.review.json"	"registry/projects/open_model_data/components/decolonization/cases.json"	""
"data/projects/open_model_data/components/decolonization/reviews/decol_prep_033.review.json"	"registry/projects/open_model_data/components/decolonization/reviews/decol_prep_033.review.json"	""
"data/projects/open_model_data/components/decolonization/reviews/decol_prep_033.review.json"	"scripts/projects/open_model_data/decolonization_language_reviews.py"	""
"data/projects/open_model_data/components/decolonization/reviews/decol_prep_034.review.json"	"registry/projects/open_model_data/components/decolonization/acceptance_review_sample.receipt.json"	""
"data/projects/open_model_data/components/decolonization/reviews/decol_prep_034.review.json"	"registry/projects/open_model_data/components/decolonization/cases.json"	""
"data/projects/open_model_data/components/decolonization/reviews/decol_prep_034.review.json"	"registry/projects/open_model_data/components/decolonization/reviews/decol_prep_034.review.json"	""
"data/projects/open_model_data/components/decolonization/reviews/decol_prep_034.review.json"	"scripts/projects/open_model_data/decolonization_language_reviews.py"	""
"data/projects/open_model_data/components/decolonization/reviews/decol_prep_035.review.json"	"registry/projects/open_model_data/components/decolonization/acceptance_review_sample.receipt.json"	""
"data/projects/open_model_data/components/decolonization/reviews/decol_prep_035.review.json"	"registry/projects/open_model_data/components/decolonization/cases.json"	""
"data/projects/open_model_data/components/decolonization/reviews/decol_prep_035.review.json"	"registry/projects/open_model_data/components/decolonization/reviews/decol_prep_035.review.json"	""
"data/projects/open_model_data/components/decolonization/reviews/decol_prep_035.review.json"	"scripts/projects/open_model_data/decolonization_language_reviews.py"	""
"data/projects/open_model_data/components/decolonization/reviews/decol_prep_036.review.json"	"registry/projects/open_model_data/components/decolonization/acceptance_review_sample.receipt.json"	""
"data/projects/open_model_data/components/decolonization/reviews/decol_prep_036.review.json"	"registry/projects/open_model_data/components/decolonization/cases.json"	""
"data/projects/open_model_data/components/decolonization/reviews/decol_prep_036.review.json"	"registry/projects/open_model_data/components/decolonization/reviews/decol_prep_036.review.json"	""
"data/projects/open_model_data/components/decolonization/reviews/decol_prep_036.review.json"	"scripts/projects/open_model_data/decolonization_language_reviews.py"	""
"data/projects/open_model_data/components/decolonization/reviews/decol_prep_037.review.json"	"registry/projects/open_model_data/components/decolonization/acceptance_review_sample.receipt.json"	""
"data/projects/open_model_data/components/decolonization/reviews/decol_prep_037.review.json"	"registry/projects/open_model_data/components/decolonization/cases.json"	""
"data/projects/open_model_data/components/decolonization/reviews/decol_prep_037.review.json"	"registry/projects/open_model_data/components/decolonization/reviews/decol_prep_037.review.json"	""
"data/projects/open_model_data/components/decolonization/reviews/decol_prep_037.review.json"	"scripts/projects/open_model_data/decolonization_language_reviews.py"	""
"data/projects/open_model_data/components/decolonization/reviews/decol_prep_038.review.json"	"registry/projects/open_model_data/components/decolonization/acceptance_review_sample.receipt.json"	""
"data/projects/open_model_data/components/decolonization/reviews/decol_prep_038.review.json"	"registry/projects/open_model_data/components/decolonization/cases.json"	""
"data/projects/open_model_data/components/decolonization/reviews/decol_prep_038.review.json"	"registry/projects/open_model_data/components/decolonization/reviews/decol_prep_038.review.json"	""
"data/projects/open_model_data/components/decolonization/reviews/decol_prep_038.review.json"	"scripts/projects/open_model_data/decolonization_language_reviews.py"	""
"data/projects/open_model_data/components/decolonization/reviews/decol_prep_039.review.json"	"registry/projects/open_model_data/components/decolonization/cases.json"	""
"data/projects/open_model_data/components/decolonization/reviews/decol_prep_039.review.json"	"registry/projects/open_model_data/components/decolonization/reviews/decol_prep_039.review.json"	""
"data/projects/open_model_data/components/decolonization/reviews/decol_prep_039.review.json"	"scripts/projects/open_model_data/decolonization_language_reviews.py"	""
"data/projects/open_model_data/components/decolonization/reviews/decol_prep_040.review.json"	"registry/projects/open_model_data/components/decolonization/acceptance_review_sample.receipt.json"	""
"data/projects/open_model_data/components/decolonization/reviews/decol_prep_040.review.json"	"registry/projects/open_model_data/components/decolonization/cases.json"	""
"data/projects/open_model_data/components/decolonization/reviews/decol_prep_040.review.json"	"registry/projects/open_model_data/components/decolonization/reviews/decol_prep_040.review.json"	""
"data/projects/open_model_data/components/decolonization/reviews/decol_prep_040.review.json"	"scripts/projects/open_model_data/decolonization_language_reviews.py"	""
"data/projects/open_model_data/components/decolonization/reviews/decol_prep_041.review.json"	"registry/projects/open_model_data/components/decolonization/cases.json"	""
"data/projects/open_model_data/components/decolonization/reviews/decol_prep_041.review.json"	"registry/projects/open_model_data/components/decolonization/reviews/decol_prep_041.review.json"	""
"data/projects/open_model_data/components/decolonization/reviews/decol_prep_041.review.json"	"scripts/projects/open_model_data/decolonization_language_reviews.py"	""
"data/projects/open_model_data/components/decolonization/reviews/decol_prep_042.review.json"	"registry/projects/open_model_data/components/decolonization/acceptance_review_sample.receipt.json"	""
"data/projects/open_model_data/components/decolonization/reviews/decol_prep_042.review.json"	"registry/projects/open_model_data/components/decolonization/cases.json"	""
"data/projects/open_model_data/components/decolonization/reviews/decol_prep_042.review.json"	"registry/projects/open_model_data/components/decolonization/reviews/decol_prep_042.review.json"	""
"data/projects/open_model_data/components/decolonization/reviews/decol_prep_042.review.json"	"scripts/projects/open_model_data/decolonization_language_reviews.py"	""
"data/projects/open_model_data/components/decolonization/reviews/decol_prep_043.review.json"	"registry/projects/open_model_data/components/decolonization/acceptance_review_sample.receipt.json"	""
"data/projects/open_model_data/components/decolonization/reviews/decol_prep_043.review.json"	"registry/projects/open_model_data/components/decolonization/cases.json"	""
"data/projects/open_model_data/components/decolonization/reviews/decol_prep_043.review.json"	"registry/projects/open_model_data/components/decolonization/reviews/decol_prep_043.review.json"	""
"data/projects/open_model_data/components/decolonization/reviews/decol_prep_043.review.json"	"scripts/projects/open_model_data/decolonization_language_reviews.py"	""
"data/projects/open_model_data/components/decolonization/reviews/decol_prep_044.review.json"	"registry/projects/open_model_data/components/decolonization/cases.json"	""
"data/projects/open_model_data/components/decolonization/reviews/decol_prep_044.review.json"	"registry/projects/open_model_data/components/decolonization/reviews/decol_prep_044.review.json"	""
"data/projects/open_model_data/components/decolonization/reviews/decol_prep_044.review.json"	"scripts/projects/open_model_data/decolonization_language_reviews.py"	""
"data/projects/open_model_data/components/decolonization/reviews/decol_prep_045.review.json"	"registry/projects/open_model_data/components/decolonization/acceptance_review_sample.receipt.json"	""
"data/projects/open_model_data/components/decolonization/reviews/decol_prep_045.review.json"	"registry/projects/open_model_data/components/decolonization/cases.json"	""
"data/projects/open_model_data/components/decolonization/reviews/decol_prep_045.review.json"	"registry/projects/open_model_data/components/decolonization/reviews/decol_prep_045.review.json"	""
"data/projects/open_model_data/components/decolonization/reviews/decol_prep_045.review.json"	"scripts/projects/open_model_data/decolonization_language_reviews.py"	""
"data/projects/open_model_data/components/decolonization/reviews/decol_prep_046.review.json"	"registry/projects/open_model_data/components/decolonization/acceptance_review_sample.receipt.json"	""
"data/projects/open_model_data/components/decolonization/reviews/decol_prep_046.review.json"	"registry/projects/open_model_data/components/decolonization/cases.json"	""
"data/projects/open_model_data/components/decolonization/reviews/decol_prep_046.review.json"	"registry/projects/open_model_data/components/decolonization/reviews/decol_prep_046.review.json"	""
"data/projects/open_model_data/components/decolonization/reviews/decol_prep_046.review.json"	"scripts/projects/open_model_data/decolonization_language_reviews.py"	""
"data/projects/open_model_data/components/decolonization/reviews/decol_prep_047.review.json"	"registry/projects/open_model_data/components/decolonization/acceptance_review_sample.receipt.json"	""
"data/projects/open_model_data/components/decolonization/reviews/decol_prep_047.review.json"	"registry/projects/open_model_data/components/decolonization/cases.json"	""
"data/projects/open_model_data/components/decolonization/reviews/decol_prep_047.review.json"	"registry/projects/open_model_data/components/decolonization/reviews/decol_prep_047.review.json"	""
"data/projects/open_model_data/components/decolonization/reviews/decol_prep_047.review.json"	"scripts/projects/open_model_data/decolonization_language_reviews.py"	""
"data/projects/open_model_data/components/decolonization/reviews/decol_prep_048.review.json"	"registry/projects/open_model_data/components/decolonization/acceptance_review_sample.receipt.json"	""
"data/projects/open_model_data/components/decolonization/reviews/decol_prep_048.review.json"	"registry/projects/open_model_data/components/decolonization/cases.json"	""
"data/projects/open_model_data/components/decolonization/reviews/decol_prep_048.review.json"	"registry/projects/open_model_data/components/decolonization/reviews/decol_prep_048.review.json"	""
"data/projects/open_model_data/components/decolonization/reviews/decol_prep_048.review.json"	"scripts/projects/open_model_data/decolonization_language_reviews.py"	""
"data/projects/open_model_data/components/decolonization/reviews/decol_prep_049.review.json"	"registry/projects/open_model_data/components/decolonization/acceptance_review_sample.receipt.json"	""
"data/projects/open_model_data/components/decolonization/reviews/decol_prep_049.review.json"	"registry/projects/open_model_data/components/decolonization/cases.json"	""
"data/projects/open_model_data/components/decolonization/reviews/decol_prep_049.review.json"	"registry/projects/open_model_data/components/decolonization/reviews/decol_prep_049.review.json"	""
"data/projects/open_model_data/components/decolonization/reviews/decol_prep_049.review.json"	"scripts/projects/open_model_data/decolonization_language_reviews.py"	""
"data/projects/open_model_data/components/decolonization/reviews/decol_prep_050.review.json"	"registry/projects/open_model_data/components/decolonization/acceptance_review_sample.receipt.json"	""
"data/projects/open_model_data/components/decolonization/reviews/decol_prep_050.review.json"	"registry/projects/open_model_data/components/decolonization/cases.json"	""
"data/projects/open_model_data/components/decolonization/reviews/decol_prep_050.review.json"	"registry/projects/open_model_data/components/decolonization/reviews/decol_prep_050.review.json"	""
"data/projects/open_model_data/components/decolonization/reviews/decol_prep_050.review.json"	"scripts/projects/open_model_data/decolonization_language_reviews.py"	""
"data/projects/open_model_data/components/decolonization/reviews/decol_prot_001.review.json"	"registry/projects/open_model_data/components/decolonization/acceptance_review_sample.receipt.json"	""
"data/projects/open_model_data/components/decolonization/reviews/decol_prot_001.review.json"	"registry/projects/open_model_data/components/decolonization/cases.json"	""
"data/projects/open_model_data/components/decolonization/reviews/decol_prot_001.review.json"	"registry/projects/open_model_data/components/decolonization/reviews/decol_prot_001.review.json"	""
"data/projects/open_model_data/components/decolonization/reviews/decol_prot_001.review.json"	"scripts/projects/open_model_data/decolonization_language_reviews.py"	""
"data/projects/open_model_data/components/decolonization/reviews/decol_prot_002.review.json"	"registry/projects/open_model_data/components/decolonization/acceptance_review_sample.receipt.json"	""
"data/projects/open_model_data/components/decolonization/reviews/decol_prot_002.review.json"	"registry/projects/open_model_data/components/decolonization/cases.json"	""
"data/projects/open_model_data/components/decolonization/reviews/decol_prot_002.review.json"	"registry/projects/open_model_data/components/decolonization/reviews/decol_prot_002.review.json"	""
"data/projects/open_model_data/components/decolonization/reviews/decol_prot_002.review.json"	"scripts/projects/open_model_data/decolonization_language_reviews.py"	""
"data/projects/open_model_data/components/decolonization/reviews/decol_prot_003.review.json"	"registry/projects/open_model_data/components/decolonization/acceptance_review_sample.receipt.json"	""
"data/projects/open_model_data/components/decolonization/reviews/decol_prot_003.review.json"	"registry/projects/open_model_data/components/decolonization/cases.json"	""
"data/projects/open_model_data/components/decolonization/reviews/decol_prot_003.review.json"	"registry/projects/open_model_data/components/decolonization/reviews/decol_prot_003.review.json"	""
"data/projects/open_model_data/components/decolonization/reviews/decol_prot_003.review.json"	"scripts/projects/open_model_data/decolonization_language_reviews.py"	""
"data/projects/open_model_data/components/decolonization/reviews/decol_prot_004.review.json"	"registry/projects/open_model_data/components/decolonization/acceptance_review_sample.receipt.json"	""
"data/projects/open_model_data/components/decolonization/reviews/decol_prot_004.review.json"	"registry/projects/open_model_data/components/decolonization/cases.json"	""
"data/projects/open_model_data/components/decolonization/reviews/decol_prot_004.review.json"	"registry/projects/open_model_data/components/decolonization/reviews/decol_prot_004.review.json"	""
"data/projects/open_model_data/components/decolonization/reviews/decol_prot_004.review.json"	"scripts/projects/open_model_data/decolonization_language_reviews.py"	""
"data/projects/open_model_data/components/decolonization/reviews/decol_prot_005.review.json"	"registry/projects/open_model_data/components/decolonization/acceptance_review_sample.receipt.json"	""
"data/projects/open_model_data/components/decolonization/reviews/decol_prot_005.review.json"	"registry/projects/open_model_data/components/decolonization/cases.json"	""
"data/projects/open_model_data/components/decolonization/reviews/decol_prot_005.review.json"	"registry/projects/open_model_data/components/decolonization/reviews/decol_prot_005.review.json"	""
"data/projects/open_model_data/components/decolonization/reviews/decol_prot_005.review.json"	"scripts/projects/open_model_data/decolonization_language_reviews.py"	""
"data/projects/open_model_data/components/decolonization/reviews/decol_prot_006.review.json"	"registry/projects/open_model_data/components/decolonization/acceptance_review_sample.receipt.json"	""
"data/projects/open_model_data/components/decolonization/reviews/decol_prot_006.review.json"	"registry/projects/open_model_data/components/decolonization/cases.json"	""
"data/projects/open_model_data/components/decolonization/reviews/decol_prot_006.review.json"	"registry/projects/open_model_data/components/decolonization/reviews/decol_prot_006.review.json"	""
"data/projects/open_model_data/components/decolonization/reviews/decol_prot_006.review.json"	"scripts/projects/open_model_data/decolonization_language_reviews.py"	""
"data/projects/open_model_data/components/decolonization/reviews/decol_prot_007.review.json"	"registry/projects/open_model_data/components/decolonization/acceptance_review_sample.receipt.json"	""
"data/projects/open_model_data/components/decolonization/reviews/decol_prot_007.review.json"	"registry/projects/open_model_data/components/decolonization/cases.json"	""
"data/projects/open_model_data/components/decolonization/reviews/decol_prot_007.review.json"	"registry/projects/open_model_data/components/decolonization/reviews/decol_prot_007.review.json"	""
"data/projects/open_model_data/components/decolonization/reviews/decol_prot_007.review.json"	"scripts/projects/open_model_data/decolonization_language_reviews.py"	""
"data/projects/open_model_data/components/decolonization/reviews/decol_prot_008.review.json"	"registry/projects/open_model_data/components/decolonization/acceptance_review_sample.receipt.json"	""
"data/projects/open_model_data/components/decolonization/reviews/decol_prot_008.review.json"	"registry/projects/open_model_data/components/decolonization/cases.json"	""
"data/projects/open_model_data/components/decolonization/reviews/decol_prot_008.review.json"	"registry/projects/open_model_data/components/decolonization/reviews/decol_prot_008.review.json"	""
"data/projects/open_model_data/components/decolonization/reviews/decol_prot_008.review.json"	"scripts/projects/open_model_data/decolonization_language_reviews.py"	""
"data/projects/open_model_data/components/decolonization/reviews/decol_prot_009.review.json"	"registry/projects/open_model_data/components/decolonization/acceptance_review_sample.receipt.json"	""
"data/projects/open_model_data/components/decolonization/reviews/decol_prot_009.review.json"	"registry/projects/open_model_data/components/decolonization/cases.json"	""
"data/projects/open_model_data/components/decolonization/reviews/decol_prot_009.review.json"	"registry/projects/open_model_data/components/decolonization/reviews/decol_prot_009.review.json"	""
"data/projects/open_model_data/components/decolonization/reviews/decol_prot_009.review.json"	"scripts/projects/open_model_data/decolonization_language_reviews.py"	""
"data/projects/open_model_data/components/decolonization/reviews/decol_prot_010.review.json"	"registry/projects/open_model_data/components/decolonization/acceptance_review_sample.receipt.json"	""
"data/projects/open_model_data/components/decolonization/reviews/decol_prot_010.review.json"	"registry/projects/open_model_data/components/decolonization/cases.json"	""
"data/projects/open_model_data/components/decolonization/reviews/decol_prot_010.review.json"	"registry/projects/open_model_data/components/decolonization/reviews/decol_prot_010.review.json"	""
"data/projects/open_model_data/components/decolonization/reviews/decol_prot_010.review.json"	"scripts/projects/open_model_data/decolonization_language_reviews.py"	""
"data/projects/open_model_data/components/decolonization/reviews/decol_prot_011.review.json"	"registry/projects/open_model_data/components/decolonization/acceptance_review_sample.receipt.json"	""
"data/projects/open_model_data/components/decolonization/reviews/decol_prot_011.review.json"	"registry/projects/open_model_data/components/decolonization/cases.json"	""
"data/projects/open_model_data/components/decolonization/reviews/decol_prot_011.review.json"	"registry/projects/open_model_data/components/decolonization/reviews/decol_prot_011.review.json"	""
"data/projects/open_model_data/components/decolonization/reviews/decol_prot_011.review.json"	"scripts/projects/open_model_data/decolonization_language_reviews.py"	""
"data/projects/open_model_data/components/decolonization/reviews/decol_prot_012.review.json"	"registry/projects/open_model_data/components/decolonization/acceptance_review_sample.receipt.json"	""
"data/projects/open_model_data/components/decolonization/reviews/decol_prot_012.review.json"	"registry/projects/open_model_data/components/decolonization/cases.json"	""
"data/projects/open_model_data/components/decolonization/reviews/decol_prot_012.review.json"	"registry/projects/open_model_data/components/decolonization/reviews/decol_prot_012.review.json"	""
"data/projects/open_model_data/components/decolonization/reviews/decol_prot_012.review.json"	"scripts/projects/open_model_data/decolonization_language_reviews.py"	""
"data/projects/open_model_data/components/decolonization/reviews/decol_prot_013.review.json"	"registry/projects/open_model_data/components/decolonization/acceptance_review_sample.receipt.json"	""
"data/projects/open_model_data/components/decolonization/reviews/decol_prot_013.review.json"	"registry/projects/open_model_data/components/decolonization/cases.json"	""
"data/projects/open_model_data/components/decolonization/reviews/decol_prot_013.review.json"	"registry/projects/open_model_data/components/decolonization/reviews/decol_prot_013.review.json"	""
"data/projects/open_model_data/components/decolonization/reviews/decol_prot_013.review.json"	"scripts/projects/open_model_data/decolonization_language_reviews.py"	""
"data/projects/open_model_data/components/decolonization/reviews/decol_prot_014.review.json"	"registry/projects/open_model_data/components/decolonization/acceptance_review_sample.receipt.json"	""
"data/projects/open_model_data/components/decolonization/reviews/decol_prot_014.review.json"	"registry/projects/open_model_data/components/decolonization/cases.json"	""
"data/projects/open_model_data/components/decolonization/reviews/decol_prot_014.review.json"	"registry/projects/open_model_data/components/decolonization/reviews/decol_prot_014.review.json"	""
"data/projects/open_model_data/components/decolonization/reviews/decol_prot_014.review.json"	"scripts/projects/open_model_data/decolonization_language_reviews.py"	""
"data/projects/open_model_data/components/decolonization/reviews/decol_prot_015.review.json"	"registry/projects/open_model_data/components/decolonization/acceptance_review_sample.receipt.json"	""
"data/projects/open_model_data/components/decolonization/reviews/decol_prot_015.review.json"	"registry/projects/open_model_data/components/decolonization/cases.json"	""
"data/projects/open_model_data/components/decolonization/reviews/decol_prot_015.review.json"	"registry/projects/open_model_data/components/decolonization/reviews/decol_prot_015.review.json"	""
"data/projects/open_model_data/components/decolonization/reviews/decol_prot_015.review.json"	"scripts/projects/open_model_data/decolonization_language_reviews.py"	""
"data/projects/open_model_data/components/decolonization/reviews/decol_prot_016.review.json"	"registry/projects/open_model_data/components/decolonization/cases.json"	""
"data/projects/open_model_data/components/decolonization/reviews/decol_prot_016.review.json"	"registry/projects/open_model_data/components/decolonization/reviews/decol_prot_016.review.json"	""
"data/projects/open_model_data/components/decolonization/reviews/decol_prot_016.review.json"	"scripts/projects/open_model_data/decolonization_language_reviews.py"	""
"data/projects/open_model_data/components/decolonization/reviews/decol_prot_017.review.json"	"registry/projects/open_model_data/components/decolonization/acceptance_review_sample.receipt.json"	""
"data/projects/open_model_data/components/decolonization/reviews/decol_prot_017.review.json"	"registry/projects/open_model_data/components/decolonization/cases.json"	""
"data/projects/open_model_data/components/decolonization/reviews/decol_prot_017.review.json"	"registry/projects/open_model_data/components/decolonization/reviews/decol_prot_017.review.json"	""
"data/projects/open_model_data/components/decolonization/reviews/decol_prot_017.review.json"	"scripts/projects/open_model_data/decolonization_language_reviews.py"	""
"data/projects/open_model_data/components/decolonization/reviews/decol_prot_018.review.json"	"registry/projects/open_model_data/components/decolonization/acceptance_review_sample.receipt.json"	""
"data/projects/open_model_data/components/decolonization/reviews/decol_prot_018.review.json"	"registry/projects/open_model_data/components/decolonization/cases.json"	""
"data/projects/open_model_data/components/decolonization/reviews/decol_prot_018.review.json"	"registry/projects/open_model_data/components/decolonization/reviews/decol_prot_018.review.json"	""
"data/projects/open_model_data/components/decolonization/reviews/decol_prot_018.review.json"	"scripts/projects/open_model_data/decolonization_language_reviews.py"	""
"data/projects/open_model_data/components/decolonization/reviews/decol_prot_019.review.json"	"registry/projects/open_model_data/components/decolonization/acceptance_review_sample.receipt.json"	""
"data/projects/open_model_data/components/decolonization/reviews/decol_prot_019.review.json"	"registry/projects/open_model_data/components/decolonization/cases.json"	""
"data/projects/open_model_data/components/decolonization/reviews/decol_prot_019.review.json"	"registry/projects/open_model_data/components/decolonization/reviews/decol_prot_019.review.json"	""
"data/projects/open_model_data/components/decolonization/reviews/decol_prot_019.review.json"	"scripts/projects/open_model_data/decolonization_language_reviews.py"	""
"data/projects/open_model_data/components/decolonization/reviews/decol_prot_020.review.json"	"registry/projects/open_model_data/components/decolonization/acceptance_review_sample.receipt.json"	""
"data/projects/open_model_data/components/decolonization/reviews/decol_prot_020.review.json"	"registry/projects/open_model_data/components/decolonization/cases.json"	""
"data/projects/open_model_data/components/decolonization/reviews/decol_prot_020.review.json"	"registry/projects/open_model_data/components/decolonization/reviews/decol_prot_020.review.json"	""
"data/projects/open_model_data/components/decolonization/reviews/decol_prot_020.review.json"	"scripts/projects/open_model_data/decolonization_language_reviews.py"	""
"data/projects/open_model_data/components/decolonization/reviews/decol_prot_021.review.json"	"registry/projects/open_model_data/components/decolonization/acceptance_review_sample.receipt.json"	""
"data/projects/open_model_data/components/decolonization/reviews/decol_prot_021.review.json"	"registry/projects/open_model_data/components/decolonization/cases.json"	""
"data/projects/open_model_data/components/decolonization/reviews/decol_prot_021.review.json"	"registry/projects/open_model_data/components/decolonization/reviews/decol_prot_021.review.json"	""
"data/projects/open_model_data/components/decolonization/reviews/decol_prot_021.review.json"	"scripts/projects/open_model_data/decolonization_language_reviews.py"	""
"data/projects/open_model_data/components/decolonization/reviews/decol_prot_022.review.json"	"registry/projects/open_model_data/components/decolonization/acceptance_review_sample.receipt.json"	""
"data/projects/open_model_data/components/decolonization/reviews/decol_prot_022.review.json"	"registry/projects/open_model_data/components/decolonization/cases.json"	""
"data/projects/open_model_data/components/decolonization/reviews/decol_prot_022.review.json"	"registry/projects/open_model_data/components/decolonization/reviews/decol_prot_022.review.json"	""
"data/projects/open_model_data/components/decolonization/reviews/decol_prot_022.review.json"	"scripts/projects/open_model_data/decolonization_language_reviews.py"	""
"data/projects/open_model_data/components/decolonization/reviews/decol_prot_023.review.json"	"registry/projects/open_model_data/components/decolonization/acceptance_review_sample.receipt.json"	""
"data/projects/open_model_data/components/decolonization/reviews/decol_prot_023.review.json"	"registry/projects/open_model_data/components/decolonization/cases.json"	""
"data/projects/open_model_data/components/decolonization/reviews/decol_prot_023.review.json"	"registry/projects/open_model_data/components/decolonization/reviews/decol_prot_023.review.json"	""
"data/projects/open_model_data/components/decolonization/reviews/decol_prot_023.review.json"	"scripts/projects/open_model_data/decolonization_language_reviews.py"	""
"data/projects/open_model_data/components/decolonization/reviews/decol_prot_024.review.json"	"registry/projects/open_model_data/components/decolonization/acceptance_review_sample.receipt.json"	""
"data/projects/open_model_data/components/decolonization/reviews/decol_prot_024.review.json"	"registry/projects/open_model_data/components/decolonization/cases.json"	""
"data/projects/open_model_data/components/decolonization/reviews/decol_prot_024.review.json"	"registry/projects/open_model_data/components/decolonization/reviews/decol_prot_024.review.json"	""
"data/projects/open_model_data/components/decolonization/reviews/decol_prot_024.review.json"	"scripts/projects/open_model_data/decolonization_language_reviews.py"	""
"data/projects/open_model_data/components/decolonization/reviews/decol_prot_025.review.json"	"registry/projects/open_model_data/components/decolonization/acceptance_review_sample.receipt.json"	""
"data/projects/open_model_data/components/decolonization/reviews/decol_prot_025.review.json"	"registry/projects/open_model_data/components/decolonization/cases.json"	""
"data/projects/open_model_data/components/decolonization/reviews/decol_prot_025.review.json"	"registry/projects/open_model_data/components/decolonization/reviews/decol_prot_025.review.json"	""
"data/projects/open_model_data/components/decolonization/reviews/decol_prot_025.review.json"	"scripts/projects/open_model_data/decolonization_language_reviews.py"	""
"data/projects/open_model_data/components/decolonization/reviews/decol_prot_026.review.json"	"registry/projects/open_model_data/components/decolonization/cases.json"	""
"data/projects/open_model_data/components/decolonization/reviews/decol_prot_026.review.json"	"registry/projects/open_model_data/components/decolonization/reviews/decol_prot_026.review.json"	""
"data/projects/open_model_data/components/decolonization/reviews/decol_prot_026.review.json"	"scripts/projects/open_model_data/decolonization_language_reviews.py"	""
"data/projects/open_model_data/components/decolonization/reviews/decol_prot_027.review.json"	"registry/projects/open_model_data/components/decolonization/acceptance_review_sample.receipt.json"	""
"data/projects/open_model_data/components/decolonization/reviews/decol_prot_027.review.json"	"registry/projects/open_model_data/components/decolonization/cases.json"	""
"data/projects/open_model_data/components/decolonization/reviews/decol_prot_027.review.json"	"registry/projects/open_model_data/components/decolonization/reviews/decol_prot_027.review.json"	""
"data/projects/open_model_data/components/decolonization/reviews/decol_prot_027.review.json"	"scripts/projects/open_model_data/decolonization_language_reviews.py"	""
"data/projects/open_model_data/components/decolonization/reviews/decol_prot_028.review.json"	"registry/projects/open_model_data/components/decolonization/acceptance_review_sample.receipt.json"	""
"data/projects/open_model_data/components/decolonization/reviews/decol_prot_028.review.json"	"registry/projects/open_model_data/components/decolonization/cases.json"	""
"data/projects/open_model_data/components/decolonization/reviews/decol_prot_028.review.json"	"registry/projects/open_model_data/components/decolonization/reviews/decol_prot_028.review.json"	""
"data/projects/open_model_data/components/decolonization/reviews/decol_prot_028.review.json"	"scripts/projects/open_model_data/decolonization_language_reviews.py"	""
"data/projects/open_model_data/components/decolonization/reviews/decol_prot_029.review.json"	"registry/projects/open_model_data/components/decolonization/acceptance_review_sample.receipt.json"	""
"data/projects/open_model_data/components/decolonization/reviews/decol_prot_029.review.json"	"registry/projects/open_model_data/components/decolonization/cases.json"	""
"data/projects/open_model_data/components/decolonization/reviews/decol_prot_029.review.json"	"registry/projects/open_model_data/components/decolonization/reviews/decol_prot_029.review.json"	""
"data/projects/open_model_data/components/decolonization/reviews/decol_prot_029.review.json"	"scripts/projects/open_model_data/decolonization_language_reviews.py"	""
"data/projects/open_model_data/components/decolonization/reviews/decol_prot_030.review.json"	"registry/projects/open_model_data/components/decolonization/acceptance_review_sample.receipt.json"	""
"data/projects/open_model_data/components/decolonization/reviews/decol_prot_030.review.json"	"registry/projects/open_model_data/components/decolonization/cases.json"	""
"data/projects/open_model_data/components/decolonization/reviews/decol_prot_030.review.json"	"registry/projects/open_model_data/components/decolonization/reviews/decol_prot_030.review.json"	""
"data/projects/open_model_data/components/decolonization/reviews/decol_prot_030.review.json"	"scripts/projects/open_model_data/decolonization_language_reviews.py"	""
"data/projects/open_model_data/components/decolonization/reviews/decol_prot_031.review.json"	"registry/projects/open_model_data/components/decolonization/acceptance_review_sample.receipt.json"	""
"data/projects/open_model_data/components/decolonization/reviews/decol_prot_031.review.json"	"registry/projects/open_model_data/components/decolonization/cases.json"	""
"data/projects/open_model_data/components/decolonization/reviews/decol_prot_031.review.json"	"registry/projects/open_model_data/components/decolonization/reviews/decol_prot_031.review.json"	""
"data/projects/open_model_data/components/decolonization/reviews/decol_prot_031.review.json"	"scripts/projects/open_model_data/decolonization_language_reviews.py"	""
"data/projects/open_model_data/components/decolonization/reviews/decol_prot_032.review.json"	"registry/projects/open_model_data/components/decolonization/acceptance_review_sample.receipt.json"	""
"data/projects/open_model_data/components/decolonization/reviews/decol_prot_032.review.json"	"registry/projects/open_model_data/components/decolonization/cases.json"	""
"data/projects/open_model_data/components/decolonization/reviews/decol_prot_032.review.json"	"registry/projects/open_model_data/components/decolonization/reviews/decol_prot_032.review.json"	""
"data/projects/open_model_data/components/decolonization/reviews/decol_prot_032.review.json"	"scripts/projects/open_model_data/decolonization_language_reviews.py"	""
"data/projects/open_model_data/components/decolonization/reviews/decol_prot_033.review.json"	"registry/projects/open_model_data/components/decolonization/acceptance_review_sample.receipt.json"	""
"data/projects/open_model_data/components/decolonization/reviews/decol_prot_033.review.json"	"registry/projects/open_model_data/components/decolonization/cases.json"	""
"data/projects/open_model_data/components/decolonization/reviews/decol_prot_033.review.json"	"registry/projects/open_model_data/components/decolonization/reviews/decol_prot_033.review.json"	""
"data/projects/open_model_data/components/decolonization/reviews/decol_prot_033.review.json"	"scripts/projects/open_model_data/decolonization_language_reviews.py"	""
"data/projects/open_model_data/components/decolonization/reviews/decol_prot_034.review.json"	"registry/projects/open_model_data/components/decolonization/cases.json"	""
"data/projects/open_model_data/components/decolonization/reviews/decol_prot_034.review.json"	"registry/projects/open_model_data/components/decolonization/reviews/decol_prot_034.review.json"	""
"data/projects/open_model_data/components/decolonization/reviews/decol_prot_034.review.json"	"scripts/projects/open_model_data/decolonization_language_reviews.py"	""
"data/projects/open_model_data/components/decolonization/reviews/decol_prot_035.review.json"	"registry/projects/open_model_data/components/decolonization/cases.json"	""
"data/projects/open_model_data/components/decolonization/reviews/decol_prot_035.review.json"	"registry/projects/open_model_data/components/decolonization/reviews/decol_prot_035.review.json"	""
"data/projects/open_model_data/components/decolonization/reviews/decol_prot_035.review.json"	"scripts/projects/open_model_data/decolonization_language_reviews.py"	""
"data/projects/open_model_data/components/decolonization/reviews/decol_prot_036.review.json"	"registry/projects/open_model_data/components/decolonization/cases.json"	""
"data/projects/open_model_data/components/decolonization/reviews/decol_prot_036.review.json"	"registry/projects/open_model_data/components/decolonization/reviews/decol_prot_036.review.json"	""
"data/projects/open_model_data/components/decolonization/reviews/decol_prot_036.review.json"	"scripts/projects/open_model_data/decolonization_language_reviews.py"	""
"data/projects/open_model_data/components/decolonization/reviews/decol_prot_037.review.json"	"registry/projects/open_model_data/components/decolonization/acceptance_review_sample.receipt.json"	""
"data/projects/open_model_data/components/decolonization/reviews/decol_prot_037.review.json"	"registry/projects/open_model_data/components/decolonization/cases.json"	""
"data/projects/open_model_data/components/decolonization/reviews/decol_prot_037.review.json"	"registry/projects/open_model_data/components/decolonization/reviews/decol_prot_037.review.json"	""
"data/projects/open_model_data/components/decolonization/reviews/decol_prot_037.review.json"	"scripts/projects/open_model_data/decolonization_language_reviews.py"	""
"data/projects/open_model_data/components/decolonization/reviews/decol_prot_038.review.json"	"registry/projects/open_model_data/components/decolonization/acceptance_review_sample.receipt.json"	""
"data/projects/open_model_data/components/decolonization/reviews/decol_prot_038.review.json"	"registry/projects/open_model_data/components/decolonization/cases.json"	""
"data/projects/open_model_data/components/decolonization/reviews/decol_prot_038.review.json"	"registry/projects/open_model_data/components/decolonization/reviews/decol_prot_038.review.json"	""
"data/projects/open_model_data/components/decolonization/reviews/decol_prot_038.review.json"	"scripts/projects/open_model_data/decolonization_language_reviews.py"	""
"data/projects/open_model_data/components/decolonization/reviews/decol_prot_039.review.json"	"registry/projects/open_model_data/components/decolonization/cases.json"	""
"data/projects/open_model_data/components/decolonization/reviews/decol_prot_039.review.json"	"registry/projects/open_model_data/components/decolonization/reviews/decol_prot_039.review.json"	""
"data/projects/open_model_data/components/decolonization/reviews/decol_prot_039.review.json"	"scripts/projects/open_model_data/decolonization_language_reviews.py"	""
"data/projects/open_model_data/components/decolonization/reviews/decol_prot_040.review.json"	"registry/projects/open_model_data/components/decolonization/acceptance_review_sample.receipt.json"	""
"data/projects/open_model_data/components/decolonization/reviews/decol_prot_040.review.json"	"registry/projects/open_model_data/components/decolonization/cases.json"	""
"data/projects/open_model_data/components/decolonization/reviews/decol_prot_040.review.json"	"registry/projects/open_model_data/components/decolonization/reviews/decol_prot_040.review.json"	""
"data/projects/open_model_data/components/decolonization/reviews/decol_prot_040.review.json"	"scripts/projects/open_model_data/decolonization_language_reviews.py"	""
"data/projects/open_model_data/components/decolonization/reviews/decol_prot_041.review.json"	"registry/projects/open_model_data/components/decolonization/acceptance_review_sample.receipt.json"	""
"data/projects/open_model_data/components/decolonization/reviews/decol_prot_041.review.json"	"registry/projects/open_model_data/components/decolonization/cases.json"	""
"data/projects/open_model_data/components/decolonization/reviews/decol_prot_041.review.json"	"registry/projects/open_model_data/components/decolonization/reviews/decol_prot_041.review.json"	""
"data/projects/open_model_data/components/decolonization/reviews/decol_prot_041.review.json"	"scripts/projects/open_model_data/decolonization_language_reviews.py"	""
"data/projects/open_model_data/components/decolonization/reviews/decol_prot_042.review.json"	"registry/projects/open_model_data/components/decolonization/acceptance_review_sample.receipt.json"	""
"data/projects/open_model_data/components/decolonization/reviews/decol_prot_042.review.json"	"registry/projects/open_model_data/components/decolonization/cases.json"	""
"data/projects/open_model_data/components/decolonization/reviews/decol_prot_042.review.json"	"registry/projects/open_model_data/components/decolonization/reviews/decol_prot_042.review.json"	""
"data/projects/open_model_data/components/decolonization/reviews/decol_prot_042.review.json"	"scripts/projects/open_model_data/decolonization_language_reviews.py"	""
"data/projects/open_model_data/components/decolonization/reviews/decol_prot_043.review.json"	"registry/projects/open_model_data/components/decolonization/acceptance_review_sample.receipt.json"	""
"data/projects/open_model_data/components/decolonization/reviews/decol_prot_043.review.json"	"registry/projects/open_model_data/components/decolonization/cases.json"	""
"data/projects/open_model_data/components/decolonization/reviews/decol_prot_043.review.json"	"registry/projects/open_model_data/components/decolonization/reviews/decol_prot_043.review.json"	""
"data/projects/open_model_data/components/decolonization/reviews/decol_prot_043.review.json"	"scripts/projects/open_model_data/decolonization_language_reviews.py"	""
"data/projects/open_model_data/components/decolonization/reviews/decol_prot_044.review.json"	"registry/projects/open_model_data/components/decolonization/acceptance_review_sample.receipt.json"	""
"data/projects/open_model_data/components/decolonization/reviews/decol_prot_044.review.json"	"registry/projects/open_model_data/components/decolonization/cases.json"	""
"data/projects/open_model_data/components/decolonization/reviews/decol_prot_044.review.json"	"registry/projects/open_model_data/components/decolonization/reviews/decol_prot_044.review.json"	""
"data/projects/open_model_data/components/decolonization/reviews/decol_prot_044.review.json"	"scripts/projects/open_model_data/decolonization_language_reviews.py"	""
"data/projects/open_model_data/components/decolonization/reviews/decol_prot_045.review.json"	"registry/projects/open_model_data/components/decolonization/cases.json"	""
"data/projects/open_model_data/components/decolonization/reviews/decol_prot_045.review.json"	"registry/projects/open_model_data/components/decolonization/reviews/decol_prot_045.review.json"	""
"data/projects/open_model_data/components/decolonization/reviews/decol_prot_045.review.json"	"scripts/projects/open_model_data/decolonization_language_reviews.py"	""
"data/projects/open_model_data/components/decolonization/reviews/decol_prot_046.review.json"	"registry/projects/open_model_data/components/decolonization/cases.json"	""
"data/projects/open_model_data/components/decolonization/reviews/decol_prot_046.review.json"	"registry/projects/open_model_data/components/decolonization/reviews/decol_prot_046.review.json"	""
"data/projects/open_model_data/components/decolonization/reviews/decol_prot_046.review.json"	"scripts/projects/open_model_data/decolonization_language_reviews.py"	""
"data/projects/open_model_data/components/decolonization/reviews/decol_prot_047.review.json"	"registry/projects/open_model_data/components/decolonization/acceptance_review_sample.receipt.json"	""
"data/projects/open_model_data/components/decolonization/reviews/decol_prot_047.review.json"	"registry/projects/open_model_data/components/decolonization/cases.json"	""
"data/projects/open_model_data/components/decolonization/reviews/decol_prot_047.review.json"	"registry/projects/open_model_data/components/decolonization/reviews/decol_prot_047.review.json"	""
"data/projects/open_model_data/components/decolonization/reviews/decol_prot_047.review.json"	"scripts/projects/open_model_data/decolonization_language_reviews.py"	""
"data/projects/open_model_data/components/decolonization/reviews/decol_prot_048.review.json"	"registry/projects/open_model_data/components/decolonization/acceptance_review_sample.receipt.json"	""
"data/projects/open_model_data/components/decolonization/reviews/decol_prot_048.review.json"	"registry/projects/open_model_data/components/decolonization/cases.json"	""
"data/projects/open_model_data/components/decolonization/reviews/decol_prot_048.review.json"	"registry/projects/open_model_data/components/decolonization/reviews/decol_prot_048.review.json"	""
"data/projects/open_model_data/components/decolonization/reviews/decol_prot_048.review.json"	"scripts/projects/open_model_data/decolonization_language_reviews.py"	""
"data/projects/open_model_data/components/decolonization/reviews/decol_prot_049.review.json"	"registry/projects/open_model_data/components/decolonization/acceptance_review_sample.receipt.json"	""
"data/projects/open_model_data/components/decolonization/reviews/decol_prot_049.review.json"	"registry/projects/open_model_data/components/decolonization/cases.json"	""
"data/projects/open_model_data/components/decolonization/reviews/decol_prot_049.review.json"	"registry/projects/open_model_data/components/decolonization/reviews/decol_prot_049.review.json"	""
"data/projects/open_model_data/components/decolonization/reviews/decol_prot_049.review.json"	"scripts/projects/open_model_data/decolonization_language_reviews.py"	""
"data/projects/open_model_data/components/decolonization/reviews/decol_prot_050.review.json"	"registry/projects/open_model_data/components/decolonization/cases.json"	""
"data/projects/open_model_data/components/decolonization/reviews/decol_prot_050.review.json"	"registry/projects/open_model_data/components/decolonization/reviews/decol_prot_050.review.json"	""
"data/projects/open_model_data/components/decolonization/reviews/decol_prot_050.review.json"	"scripts/projects/open_model_data/decolonization_language_reviews.py"	""
"data/projects/open_model_data/components/decolonization/reviews/decol_prot_051.review.json"	"registry/projects/open_model_data/components/decolonization/acceptance_review_sample.receipt.json"	""
"data/projects/open_model_data/components/decolonization/reviews/decol_prot_051.review.json"	"registry/projects/open_model_data/components/decolonization/cases.json"	""
"data/projects/open_model_data/components/decolonization/reviews/decol_prot_051.review.json"	"registry/projects/open_model_data/components/decolonization/reviews/decol_prot_051.review.json"	""
"data/projects/open_model_data/components/decolonization/reviews/decol_prot_051.review.json"	"scripts/projects/open_model_data/decolonization_language_reviews.py"	""
"data/projects/open_model_data/components/decolonization/reviews/decol_prot_052.review.json"	"registry/projects/open_model_data/components/decolonization/acceptance_review_sample.receipt.json"	""
"data/projects/open_model_data/components/decolonization/reviews/decol_prot_052.review.json"	"registry/projects/open_model_data/components/decolonization/cases.json"	""
"data/projects/open_model_data/components/decolonization/reviews/decol_prot_052.review.json"	"registry/projects/open_model_data/components/decolonization/reviews/decol_prot_052.review.json"	""
"data/projects/open_model_data/components/decolonization/reviews/decol_prot_052.review.json"	"scripts/projects/open_model_data/decolonization_language_reviews.py"	""
"data/projects/open_model_data/components/decolonization/reviews/decol_prot_053.review.json"	"registry/projects/open_model_data/components/decolonization/acceptance_review_sample.receipt.json"	""
"data/projects/open_model_data/components/decolonization/reviews/decol_prot_053.review.json"	"registry/projects/open_model_data/components/decolonization/cases.json"	""
"data/projects/open_model_data/components/decolonization/reviews/decol_prot_053.review.json"	"registry/projects/open_model_data/components/decolonization/reviews/decol_prot_053.review.json"	""
"data/projects/open_model_data/components/decolonization/reviews/decol_prot_053.review.json"	"scripts/projects/open_model_data/decolonization_language_reviews.py"	""
"data/projects/open_model_data/components/decolonization/reviews/decol_prot_054.review.json"	"registry/projects/open_model_data/components/decolonization/acceptance_review_sample.receipt.json"	""
"data/projects/open_model_data/components/decolonization/reviews/decol_prot_054.review.json"	"registry/projects/open_model_data/components/decolonization/cases.json"	""
"data/projects/open_model_data/components/decolonization/reviews/decol_prot_054.review.json"	"registry/projects/open_model_data/components/decolonization/reviews/decol_prot_054.review.json"	""
"data/projects/open_model_data/components/decolonization/reviews/decol_prot_054.review.json"	"scripts/projects/open_model_data/decolonization_language_reviews.py"	""
"data/projects/open_model_data/components/decolonization/reviews/decol_prot_055.review.json"	"registry/projects/open_model_data/components/decolonization/cases.json"	""
"data/projects/open_model_data/components/decolonization/reviews/decol_prot_055.review.json"	"registry/projects/open_model_data/components/decolonization/reviews/decol_prot_055.review.json"	""
"data/projects/open_model_data/components/decolonization/reviews/decol_prot_055.review.json"	"scripts/projects/open_model_data/decolonization_language_reviews.py"	""
"data/projects/open_model_data/components/decolonization/reviews/decol_prot_056.review.json"	"registry/projects/open_model_data/components/decolonization/acceptance_review_sample.receipt.json"	""
"data/projects/open_model_data/components/decolonization/reviews/decol_prot_056.review.json"	"registry/projects/open_model_data/components/decolonization/cases.json"	""
"data/projects/open_model_data/components/decolonization/reviews/decol_prot_056.review.json"	"registry/projects/open_model_data/components/decolonization/reviews/decol_prot_056.review.json"	""
"data/projects/open_model_data/components/decolonization/reviews/decol_prot_056.review.json"	"scripts/projects/open_model_data/decolonization_language_reviews.py"	""
"data/projects/open_model_data/components/decolonization/reviews/decol_prot_057.review.json"	"registry/projects/open_model_data/components/decolonization/acceptance_review_sample.receipt.json"	""
"data/projects/open_model_data/components/decolonization/reviews/decol_prot_057.review.json"	"registry/projects/open_model_data/components/decolonization/cases.json"	""
"data/projects/open_model_data/components/decolonization/reviews/decol_prot_057.review.json"	"registry/projects/open_model_data/components/decolonization/reviews/decol_prot_057.review.json"	""
"data/projects/open_model_data/components/decolonization/reviews/decol_prot_057.review.json"	"scripts/projects/open_model_data/decolonization_language_reviews.py"	""
"data/projects/open_model_data/components/decolonization/reviews/decol_prot_058.review.json"	"registry/projects/open_model_data/components/decolonization/acceptance_review_sample.receipt.json"	""
"data/projects/open_model_data/components/decolonization/reviews/decol_prot_058.review.json"	"registry/projects/open_model_data/components/decolonization/cases.json"	""
"data/projects/open_model_data/components/decolonization/reviews/decol_prot_058.review.json"	"registry/projects/open_model_data/components/decolonization/reviews/decol_prot_058.review.json"	""
"data/projects/open_model_data/components/decolonization/reviews/decol_prot_058.review.json"	"scripts/projects/open_model_data/decolonization_language_reviews.py"	""
"data/projects/open_model_data/components/decolonization/reviews/decol_prot_059.review.json"	"registry/projects/open_model_data/components/decolonization/acceptance_review_sample.receipt.json"	""
"data/projects/open_model_data/components/decolonization/reviews/decol_prot_059.review.json"	"registry/projects/open_model_data/components/decolonization/cases.json"	""
"data/projects/open_model_data/components/decolonization/reviews/decol_prot_059.review.json"	"registry/projects/open_model_data/components/decolonization/reviews/decol_prot_059.review.json"	""
"data/projects/open_model_data/components/decolonization/reviews/decol_prot_059.review.json"	"scripts/projects/open_model_data/decolonization_language_reviews.py"	""
"data/projects/open_model_data/components/decolonization/reviews/decol_prot_060.review.json"	"registry/projects/open_model_data/components/decolonization/acceptance_review_sample.receipt.json"	""
"data/projects/open_model_data/components/decolonization/reviews/decol_prot_060.review.json"	"registry/projects/open_model_data/components/decolonization/cases.json"	""
"data/projects/open_model_data/components/decolonization/reviews/decol_prot_060.review.json"	"registry/projects/open_model_data/components/decolonization/reviews/decol_prot_060.review.json"	""
"data/projects/open_model_data/components/decolonization/reviews/decol_prot_060.review.json"	"scripts/projects/open_model_data/decolonization_language_reviews.py"	""
"data/projects/open_model_data/components/decolonization/reviews/decol_prot_061.review.json"	"registry/projects/open_model_data/components/decolonization/acceptance_review_sample.receipt.json"	""
"data/projects/open_model_data/components/decolonization/reviews/decol_prot_061.review.json"	"registry/projects/open_model_data/components/decolonization/cases.json"	""
"data/projects/open_model_data/components/decolonization/reviews/decol_prot_061.review.json"	"registry/projects/open_model_data/components/decolonization/reviews/decol_prot_061.review.json"	""
"data/projects/open_model_data/components/decolonization/reviews/decol_prot_061.review.json"	"scripts/projects/open_model_data/decolonization_language_reviews.py"	""
"data/projects/open_model_data/components/decolonization/reviews/decol_prot_062.review.json"	"registry/projects/open_model_data/components/decolonization/cases.json"	""
"data/projects/open_model_data/components/decolonization/reviews/decol_prot_062.review.json"	"registry/projects/open_model_data/components/decolonization/reviews/decol_prot_062.review.json"	""
"data/projects/open_model_data/components/decolonization/reviews/decol_prot_062.review.json"	"scripts/projects/open_model_data/decolonization_language_reviews.py"	""
"data/projects/open_model_data/components/decolonization/reviews/decol_prot_063.review.json"	"registry/projects/open_model_data/components/decolonization/cases.json"	""
"data/projects/open_model_data/components/decolonization/reviews/decol_prot_063.review.json"	"registry/projects/open_model_data/components/decolonization/reviews/decol_prot_063.review.json"	""
"data/projects/open_model_data/components/decolonization/reviews/decol_prot_063.review.json"	"scripts/projects/open_model_data/decolonization_language_reviews.py"	""
"data/projects/open_model_data/components/decolonization/reviews/decol_prot_064.review.json"	"registry/projects/open_model_data/components/decolonization/acceptance_review_sample.receipt.json"	""
"data/projects/open_model_data/components/decolonization/reviews/decol_prot_064.review.json"	"registry/projects/open_model_data/components/decolonization/cases.json"	""
"data/projects/open_model_data/components/decolonization/reviews/decol_prot_064.review.json"	"registry/projects/open_model_data/components/decolonization/reviews/decol_prot_064.review.json"	""
"data/projects/open_model_data/components/decolonization/reviews/decol_prot_064.review.json"	"scripts/projects/open_model_data/decolonization_language_reviews.py"	""
"data/projects/open_model_data/components/decolonization/reviews/decol_prot_065.review.json"	"registry/projects/open_model_data/components/decolonization/acceptance_review_sample.receipt.json"	""
"data/projects/open_model_data/components/decolonization/reviews/decol_prot_065.review.json"	"registry/projects/open_model_data/components/decolonization/cases.json"	""
"data/projects/open_model_data/components/decolonization/reviews/decol_prot_065.review.json"	"registry/projects/open_model_data/components/decolonization/reviews/decol_prot_065.review.json"	""
"data/projects/open_model_data/components/decolonization/reviews/decol_prot_065.review.json"	"scripts/projects/open_model_data/decolonization_language_reviews.py"	""
"data/projects/open_model_data/components/decolonization/reviews/decol_prot_066.review.json"	"registry/projects/open_model_data/components/decolonization/cases.json"	""
"data/projects/open_model_data/components/decolonization/reviews/decol_prot_066.review.json"	"registry/projects/open_model_data/components/decolonization/reviews/decol_prot_066.review.json"	""
"data/projects/open_model_data/components/decolonization/reviews/decol_prot_066.review.json"	"scripts/projects/open_model_data/decolonization_language_reviews.py"	""
"data/projects/open_model_data/components/decolonization/reviews/decol_prot_067.review.json"	"registry/projects/open_model_data/components/decolonization/acceptance_review_sample.receipt.json"	""
"data/projects/open_model_data/components/decolonization/reviews/decol_prot_067.review.json"	"registry/projects/open_model_data/components/decolonization/cases.json"	""
"data/projects/open_model_data/components/decolonization/reviews/decol_prot_067.review.json"	"registry/projects/open_model_data/components/decolonization/reviews/decol_prot_067.review.json"	""
"data/projects/open_model_data/components/decolonization/reviews/decol_prot_067.review.json"	"scripts/projects/open_model_data/decolonization_language_reviews.py"	""
"data/projects/open_model_data/components/decolonization/reviews/decol_prot_068.review.json"	"registry/projects/open_model_data/components/decolonization/acceptance_review_sample.receipt.json"	""
"data/projects/open_model_data/components/decolonization/reviews/decol_prot_068.review.json"	"registry/projects/open_model_data/components/decolonization/cases.json"	""
"data/projects/open_model_data/components/decolonization/reviews/decol_prot_068.review.json"	"registry/projects/open_model_data/components/decolonization/reviews/decol_prot_068.review.json"	""
"data/projects/open_model_data/components/decolonization/reviews/decol_prot_068.review.json"	"scripts/projects/open_model_data/decolonization_language_reviews.py"	""
"data/projects/open_model_data/components/decolonization/reviews/decol_prot_069.review.json"	"registry/projects/open_model_data/components/decolonization/acceptance_review_sample.receipt.json"	""
"data/projects/open_model_data/components/decolonization/reviews/decol_prot_069.review.json"	"registry/projects/open_model_data/components/decolonization/cases.json"	""
"data/projects/open_model_data/components/decolonization/reviews/decol_prot_069.review.json"	"registry/projects/open_model_data/components/decolonization/reviews/decol_prot_069.review.json"	""
"data/projects/open_model_data/components/decolonization/reviews/decol_prot_069.review.json"	"scripts/projects/open_model_data/decolonization_language_reviews.py"	""
"data/projects/open_model_data/components/decolonization/reviews/decol_prot_070.review.json"	"registry/projects/open_model_data/components/decolonization/acceptance_review_sample.receipt.json"	""
"data/projects/open_model_data/components/decolonization/reviews/decol_prot_070.review.json"	"registry/projects/open_model_data/components/decolonization/cases.json"	""
"data/projects/open_model_data/components/decolonization/reviews/decol_prot_070.review.json"	"registry/projects/open_model_data/components/decolonization/reviews/decol_prot_070.review.json"	""
"data/projects/open_model_data/components/decolonization/reviews/decol_prot_070.review.json"	"scripts/projects/open_model_data/decolonization_language_reviews.py"	""
"data/projects/open_model_data/components/decolonization/reviews/decol_prot_071.review.json"	"registry/projects/open_model_data/components/decolonization/cases.json"	""
"data/projects/open_model_data/components/decolonization/reviews/decol_prot_071.review.json"	"registry/projects/open_model_data/components/decolonization/reviews/decol_prot_071.review.json"	""
"data/projects/open_model_data/components/decolonization/reviews/decol_prot_071.review.json"	"scripts/projects/open_model_data/decolonization_language_reviews.py"	""
"data/projects/open_model_data/components/decolonization/reviews/decol_prot_072.review.json"	"registry/projects/open_model_data/components/decolonization/acceptance_review_sample.receipt.json"	""
"data/projects/open_model_data/components/decolonization/reviews/decol_prot_072.review.json"	"registry/projects/open_model_data/components/decolonization/cases.json"	""
"data/projects/open_model_data/components/decolonization/reviews/decol_prot_072.review.json"	"registry/projects/open_model_data/components/decolonization/reviews/decol_prot_072.review.json"	""
"data/projects/open_model_data/components/decolonization/reviews/decol_prot_072.review.json"	"scripts/projects/open_model_data/decolonization_language_reviews.py"	""
"data/projects/open_model_data/components/decolonization/reviews/decol_prot_073.review.json"	"registry/projects/open_model_data/components/decolonization/acceptance_review_sample.receipt.json"	""
"data/projects/open_model_data/components/decolonization/reviews/decol_prot_073.review.json"	"registry/projects/open_model_data/components/decolonization/cases.json"	""
"data/projects/open_model_data/components/decolonization/reviews/decol_prot_073.review.json"	"registry/projects/open_model_data/components/decolonization/reviews/decol_prot_073.review.json"	""
"data/projects/open_model_data/components/decolonization/reviews/decol_prot_073.review.json"	"scripts/projects/open_model_data/decolonization_language_reviews.py"	""
"data/projects/open_model_data/components/decolonization/reviews/decol_prot_074.review.json"	"registry/projects/open_model_data/components/decolonization/acceptance_review_sample.receipt.json"	""
"data/projects/open_model_data/components/decolonization/reviews/decol_prot_074.review.json"	"registry/projects/open_model_data/components/decolonization/cases.json"	""
"data/projects/open_model_data/components/decolonization/reviews/decol_prot_074.review.json"	"registry/projects/open_model_data/components/decolonization/reviews/decol_prot_074.review.json"	""
"data/projects/open_model_data/components/decolonization/reviews/decol_prot_074.review.json"	"scripts/projects/open_model_data/decolonization_language_reviews.py"	""
"data/projects/open_model_data/components/decolonization/reviews/decol_prot_075.review.json"	"registry/projects/open_model_data/components/decolonization/acceptance_review_sample.receipt.json"	""
"data/projects/open_model_data/components/decolonization/reviews/decol_prot_075.review.json"	"registry/projects/open_model_data/components/decolonization/cases.json"	""
"data/projects/open_model_data/components/decolonization/reviews/decol_prot_075.review.json"	"registry/projects/open_model_data/components/decolonization/reviews/decol_prot_075.review.json"	""
"data/projects/open_model_data/components/decolonization/reviews/decol_prot_075.review.json"	"scripts/projects/open_model_data/decolonization_language_reviews.py"	""
"data/projects/open_model_data/components/decolonization/reviews/decol_syn_001.review.json"	"registry/projects/open_model_data/components/decolonization/acceptance_review_sample.receipt.json"	""
"data/projects/open_model_data/components/decolonization/reviews/decol_syn_001.review.json"	"registry/projects/open_model_data/components/decolonization/cases.json"	""
"data/projects/open_model_data/components/decolonization/reviews/decol_syn_001.review.json"	"registry/projects/open_model_data/components/decolonization/reviews/decol_syn_001.review.json"	""
"data/projects/open_model_data/components/decolonization/reviews/decol_syn_001.review.json"	"scripts/projects/open_model_data/decolonization_language_reviews.py"	""
"data/projects/open_model_data/components/decolonization/reviews/decol_syn_002.review.json"	"registry/projects/open_model_data/components/decolonization/acceptance_review_sample.receipt.json"	""
"data/projects/open_model_data/components/decolonization/reviews/decol_syn_002.review.json"	"registry/projects/open_model_data/components/decolonization/cases.json"	""
"data/projects/open_model_data/components/decolonization/reviews/decol_syn_002.review.json"	"registry/projects/open_model_data/components/decolonization/reviews/decol_syn_002.review.json"	""
"data/projects/open_model_data/components/decolonization/reviews/decol_syn_002.review.json"	"scripts/projects/open_model_data/decolonization_language_reviews.py"	""
"data/projects/open_model_data/components/decolonization/reviews/decol_syn_003.review.json"	"registry/projects/open_model_data/components/decolonization/acceptance_review_sample.receipt.json"	""
"data/projects/open_model_data/components/decolonization/reviews/decol_syn_003.review.json"	"registry/projects/open_model_data/components/decolonization/cases.json"	""
"data/projects/open_model_data/components/decolonization/reviews/decol_syn_003.review.json"	"registry/projects/open_model_data/components/decolonization/reviews/decol_syn_003.review.json"	""
"data/projects/open_model_data/components/decolonization/reviews/decol_syn_003.review.json"	"scripts/projects/open_model_data/decolonization_language_reviews.py"	""
"data/projects/open_model_data/components/decolonization/reviews/decol_syn_004.review.json"	"registry/projects/open_model_data/components/decolonization/cases.json"	""
"data/projects/open_model_data/components/decolonization/reviews/decol_syn_004.review.json"	"registry/projects/open_model_data/components/decolonization/reviews/decol_syn_004.review.json"	""
"data/projects/open_model_data/components/decolonization/reviews/decol_syn_004.review.json"	"scripts/projects/open_model_data/decolonization_language_reviews.py"	""
"data/projects/open_model_data/components/decolonization/reviews/decol_syn_005.review.json"	"registry/projects/open_model_data/components/decolonization/acceptance_review_sample.receipt.json"	""
"data/projects/open_model_data/components/decolonization/reviews/decol_syn_005.review.json"	"registry/projects/open_model_data/components/decolonization/cases.json"	""
"data/projects/open_model_data/components/decolonization/reviews/decol_syn_005.review.json"	"registry/projects/open_model_data/components/decolonization/reviews/decol_syn_005.review.json"	""
"data/projects/open_model_data/components/decolonization/reviews/decol_syn_005.review.json"	"scripts/projects/open_model_data/decolonization_language_reviews.py"	""
"data/projects/open_model_data/components/decolonization/reviews/decol_syn_006.review.json"	"registry/projects/open_model_data/components/decolonization/acceptance_review_sample.receipt.json"	""
"data/projects/open_model_data/components/decolonization/reviews/decol_syn_006.review.json"	"registry/projects/open_model_data/components/decolonization/cases.json"	""
"data/projects/open_model_data/components/decolonization/reviews/decol_syn_006.review.json"	"registry/projects/open_model_data/components/decolonization/reviews/decol_syn_006.review.json"	""
"data/projects/open_model_data/components/decolonization/reviews/decol_syn_006.review.json"	"scripts/projects/open_model_data/decolonization_language_reviews.py"	""
"data/projects/open_model_data/components/decolonization/reviews/decol_syn_007.review.json"	"registry/projects/open_model_data/components/decolonization/acceptance_review_sample.receipt.json"	""
"data/projects/open_model_data/components/decolonization/reviews/decol_syn_007.review.json"	"registry/projects/open_model_data/components/decolonization/cases.json"	""
"data/projects/open_model_data/components/decolonization/reviews/decol_syn_007.review.json"	"registry/projects/open_model_data/components/decolonization/reviews/decol_syn_007.review.json"	""
"data/projects/open_model_data/components/decolonization/reviews/decol_syn_007.review.json"	"scripts/projects/open_model_data/decolonization_language_reviews.py"	""
"data/projects/open_model_data/components/decolonization/reviews/decol_syn_008.review.json"	"registry/projects/open_model_data/components/decolonization/cases.json"	""
"data/projects/open_model_data/components/decolonization/reviews/decol_syn_008.review.json"	"registry/projects/open_model_data/components/decolonization/reviews/decol_syn_008.review.json"	""
"data/projects/open_model_data/components/decolonization/reviews/decol_syn_008.review.json"	"scripts/projects/open_model_data/decolonization_language_reviews.py"	""
"data/projects/open_model_data/components/decolonization/reviews/decol_syn_009.review.json"	"registry/projects/open_model_data/components/decolonization/acceptance_review_sample.receipt.json"	""
"data/projects/open_model_data/components/decolonization/reviews/decol_syn_009.review.json"	"registry/projects/open_model_data/components/decolonization/cases.json"	""
"data/projects/open_model_data/components/decolonization/reviews/decol_syn_009.review.json"	"registry/projects/open_model_data/components/decolonization/reviews/decol_syn_009.review.json"	""
"data/projects/open_model_data/components/decolonization/reviews/decol_syn_009.review.json"	"scripts/projects/open_model_data/decolonization_language_reviews.py"	""
"data/projects/open_model_data/components/decolonization/reviews/decol_syn_010.review.json"	"registry/projects/open_model_data/components/decolonization/acceptance_review_sample.receipt.json"	""
"data/projects/open_model_data/components/decolonization/reviews/decol_syn_010.review.json"	"registry/projects/open_model_data/components/decolonization/cases.json"	""
"data/projects/open_model_data/components/decolonization/reviews/decol_syn_010.review.json"	"registry/projects/open_model_data/components/decolonization/reviews/decol_syn_010.review.json"	""
"data/projects/open_model_data/components/decolonization/reviews/decol_syn_010.review.json"	"scripts/projects/open_model_data/decolonization_language_reviews.py"	""
"data/projects/open_model_data/components/decolonization/reviews/decol_syn_011.review.json"	"registry/projects/open_model_data/components/decolonization/cases.json"	""
"data/projects/open_model_data/components/decolonization/reviews/decol_syn_011.review.json"	"registry/projects/open_model_data/components/decolonization/reviews/decol_syn_011.review.json"	""
"data/projects/open_model_data/components/decolonization/reviews/decol_syn_011.review.json"	"scripts/projects/open_model_data/decolonization_language_reviews.py"	""
"data/projects/open_model_data/components/decolonization/reviews/decol_syn_012.review.json"	"registry/projects/open_model_data/components/decolonization/acceptance_review_sample.receipt.json"	""
"data/projects/open_model_data/components/decolonization/reviews/decol_syn_012.review.json"	"registry/projects/open_model_data/components/decolonization/cases.json"	""
"data/projects/open_model_data/components/decolonization/reviews/decol_syn_012.review.json"	"registry/projects/open_model_data/components/decolonization/reviews/decol_syn_012.review.json"	""
"data/projects/open_model_data/components/decolonization/reviews/decol_syn_012.review.json"	"scripts/projects/open_model_data/decolonization_language_reviews.py"	""
"data/projects/open_model_data/components/decolonization/reviews/decol_syn_013.review.json"	"registry/projects/open_model_data/components/decolonization/acceptance_review_sample.receipt.json"	""
"data/projects/open_model_data/components/decolonization/reviews/decol_syn_013.review.json"	"registry/projects/open_model_data/components/decolonization/cases.json"	""
"data/projects/open_model_data/components/decolonization/reviews/decol_syn_013.review.json"	"registry/projects/open_model_data/components/decolonization/reviews/decol_syn_013.review.json"	""
"data/projects/open_model_data/components/decolonization/reviews/decol_syn_013.review.json"	"scripts/projects/open_model_data/decolonization_language_reviews.py"	""
"data/projects/open_model_data/components/decolonization/reviews/decol_syn_014.review.json"	"registry/projects/open_model_data/components/decolonization/acceptance_review_sample.receipt.json"	""
"data/projects/open_model_data/components/decolonization/reviews/decol_syn_014.review.json"	"registry/projects/open_model_data/components/decolonization/cases.json"	""
"data/projects/open_model_data/components/decolonization/reviews/decol_syn_014.review.json"	"registry/projects/open_model_data/components/decolonization/reviews/decol_syn_014.review.json"	""
"data/projects/open_model_data/components/decolonization/reviews/decol_syn_014.review.json"	"scripts/projects/open_model_data/decolonization_language_reviews.py"	""
"data/projects/open_model_data/components/decolonization/reviews/decol_syn_015.review.json"	"registry/projects/open_model_data/components/decolonization/acceptance_review_sample.receipt.json"	""
"data/projects/open_model_data/components/decolonization/reviews/decol_syn_015.review.json"	"registry/projects/open_model_data/components/decolonization/cases.json"	""
"data/projects/open_model_data/components/decolonization/reviews/decol_syn_015.review.json"	"registry/projects/open_model_data/components/decolonization/reviews/decol_syn_015.review.json"	""
"data/projects/open_model_data/components/decolonization/reviews/decol_syn_015.review.json"	"scripts/projects/open_model_data/decolonization_language_reviews.py"	""
"data/projects/open_model_data/components/decolonization/reviews/decol_syn_016.review.json"	"registry/projects/open_model_data/components/decolonization/acceptance_review_sample.receipt.json"	""
"data/projects/open_model_data/components/decolonization/reviews/decol_syn_016.review.json"	"registry/projects/open_model_data/components/decolonization/cases.json"	""
"data/projects/open_model_data/components/decolonization/reviews/decol_syn_016.review.json"	"registry/projects/open_model_data/components/decolonization/reviews/decol_syn_016.review.json"	""
"data/projects/open_model_data/components/decolonization/reviews/decol_syn_016.review.json"	"scripts/projects/open_model_data/decolonization_language_reviews.py"	""
"data/projects/open_model_data/components/decolonization/reviews/decol_syn_017.review.json"	"registry/projects/open_model_data/components/decolonization/acceptance_review_sample.receipt.json"	""
"data/projects/open_model_data/components/decolonization/reviews/decol_syn_017.review.json"	"registry/projects/open_model_data/components/decolonization/cases.json"	""
"data/projects/open_model_data/components/decolonization/reviews/decol_syn_017.review.json"	"registry/projects/open_model_data/components/decolonization/reviews/decol_syn_017.review.json"	""
"data/projects/open_model_data/components/decolonization/reviews/decol_syn_017.review.json"	"scripts/projects/open_model_data/decolonization_language_reviews.py"	""
"data/projects/open_model_data/components/decolonization/reviews/decol_syn_018.review.json"	"registry/projects/open_model_data/components/decolonization/cases.json"	""
"data/projects/open_model_data/components/decolonization/reviews/decol_syn_018.review.json"	"registry/projects/open_model_data/components/decolonization/reviews/decol_syn_018.review.json"	""
"data/projects/open_model_data/components/decolonization/reviews/decol_syn_018.review.json"	"scripts/projects/open_model_data/decolonization_language_reviews.py"	""
"data/projects/open_model_data/components/decolonization/reviews/decol_syn_019.review.json"	"registry/projects/open_model_data/components/decolonization/acceptance_review_sample.receipt.json"	""
"data/projects/open_model_data/components/decolonization/reviews/decol_syn_019.review.json"	"registry/projects/open_model_data/components/decolonization/cases.json"	""
"data/projects/open_model_data/components/decolonization/reviews/decol_syn_019.review.json"	"registry/projects/open_model_data/components/decolonization/reviews/decol_syn_019.review.json"	""
"data/projects/open_model_data/components/decolonization/reviews/decol_syn_019.review.json"	"scripts/projects/open_model_data/decolonization_language_reviews.py"	""
"data/projects/open_model_data/components/decolonization/reviews/decol_syn_020.review.json"	"registry/projects/open_model_data/components/decolonization/cases.json"	""
"data/projects/open_model_data/components/decolonization/reviews/decol_syn_020.review.json"	"registry/projects/open_model_data/components/decolonization/reviews/decol_syn_020.review.json"	""
"data/projects/open_model_data/components/decolonization/reviews/decol_syn_020.review.json"	"scripts/projects/open_model_data/decolonization_language_reviews.py"	""
"data/projects/open_model_data/components/decolonization/reviews/decol_syn_021.review.json"	"registry/projects/open_model_data/components/decolonization/acceptance_review_sample.receipt.json"	""
"data/projects/open_model_data/components/decolonization/reviews/decol_syn_021.review.json"	"registry/projects/open_model_data/components/decolonization/cases.json"	""
"data/projects/open_model_data/components/decolonization/reviews/decol_syn_021.review.json"	"registry/projects/open_model_data/components/decolonization/reviews/decol_syn_021.review.json"	""
"data/projects/open_model_data/components/decolonization/reviews/decol_syn_021.review.json"	"scripts/projects/open_model_data/decolonization_language_reviews.py"	""
"data/projects/open_model_data/components/decolonization/reviews/decol_syn_022.review.json"	"registry/projects/open_model_data/components/decolonization/acceptance_review_sample.receipt.json"	""
"data/projects/open_model_data/components/decolonization/reviews/decol_syn_022.review.json"	"registry/projects/open_model_data/components/decolonization/cases.json"	""
"data/projects/open_model_data/components/decolonization/reviews/decol_syn_022.review.json"	"registry/projects/open_model_data/components/decolonization/reviews/decol_syn_022.review.json"	""
"data/projects/open_model_data/components/decolonization/reviews/decol_syn_022.review.json"	"scripts/projects/open_model_data/decolonization_language_reviews.py"	""
"data/projects/open_model_data/components/decolonization/reviews/decol_syn_023.review.json"	"registry/projects/open_model_data/components/decolonization/acceptance_review_sample.receipt.json"	""
"data/projects/open_model_data/components/decolonization/reviews/decol_syn_023.review.json"	"registry/projects/open_model_data/components/decolonization/cases.json"	""
"data/projects/open_model_data/components/decolonization/reviews/decol_syn_023.review.json"	"registry/projects/open_model_data/components/decolonization/reviews/decol_syn_023.review.json"	""
"data/projects/open_model_data/components/decolonization/reviews/decol_syn_023.review.json"	"scripts/projects/open_model_data/decolonization_language_reviews.py"	""
"data/projects/open_model_data/components/decolonization/reviews/decol_syn_024.review.json"	"registry/projects/open_model_data/components/decolonization/cases.json"	""
"data/projects/open_model_data/components/decolonization/reviews/decol_syn_024.review.json"	"registry/projects/open_model_data/components/decolonization/reviews/decol_syn_024.review.json"	""
"data/projects/open_model_data/components/decolonization/reviews/decol_syn_024.review.json"	"scripts/projects/open_model_data/decolonization_language_reviews.py"	""
"data/projects/open_model_data/components/decolonization/reviews/decol_syn_025.review.json"	"registry/projects/open_model_data/components/decolonization/acceptance_review_sample.receipt.json"	""
"data/projects/open_model_data/components/decolonization/reviews/decol_syn_025.review.json"	"registry/projects/open_model_data/components/decolonization/cases.json"	""
"data/projects/open_model_data/components/decolonization/reviews/decol_syn_025.review.json"	"registry/projects/open_model_data/components/decolonization/reviews/decol_syn_025.review.json"	""
"data/projects/open_model_data/components/decolonization/reviews/decol_syn_025.review.json"	"scripts/projects/open_model_data/decolonization_language_reviews.py"	""
"data/projects/open_model_data/components/decolonization/reviews/decol_syn_026.review.json"	"registry/projects/open_model_data/components/decolonization/acceptance_review_sample.receipt.json"	""
"data/projects/open_model_data/components/decolonization/reviews/decol_syn_026.review.json"	"registry/projects/open_model_data/components/decolonization/cases.json"	""
"data/projects/open_model_data/components/decolonization/reviews/decol_syn_026.review.json"	"registry/projects/open_model_data/components/decolonization/reviews/decol_syn_026.review.json"	""
"data/projects/open_model_data/components/decolonization/reviews/decol_syn_026.review.json"	"scripts/projects/open_model_data/decolonization_language_reviews.py"	""
"data/projects/open_model_data/components/decolonization/reviews/decol_syn_027.review.json"	"registry/projects/open_model_data/components/decolonization/acceptance_review_sample.receipt.json"	""
"data/projects/open_model_data/components/decolonization/reviews/decol_syn_027.review.json"	"registry/projects/open_model_data/components/decolonization/cases.json"	""
"data/projects/open_model_data/components/decolonization/reviews/decol_syn_027.review.json"	"registry/projects/open_model_data/components/decolonization/reviews/decol_syn_027.review.json"	""
"data/projects/open_model_data/components/decolonization/reviews/decol_syn_027.review.json"	"scripts/projects/open_model_data/decolonization_language_reviews.py"	""
"data/projects/open_model_data/components/decolonization/reviews/decol_syn_028.review.json"	"registry/projects/open_model_data/components/decolonization/acceptance_review_sample.receipt.json"	""
"data/projects/open_model_data/components/decolonization/reviews/decol_syn_028.review.json"	"registry/projects/open_model_data/components/decolonization/cases.json"	""
"data/projects/open_model_data/components/decolonization/reviews/decol_syn_028.review.json"	"registry/projects/open_model_data/components/decolonization/reviews/decol_syn_028.review.json"	""
"data/projects/open_model_data/components/decolonization/reviews/decol_syn_028.review.json"	"scripts/projects/open_model_data/decolonization_language_reviews.py"	""
"data/projects/open_model_data/components/decolonization/reviews/decol_syn_029.review.json"	"registry/projects/open_model_data/components/decolonization/acceptance_review_sample.receipt.json"	""
"data/projects/open_model_data/components/decolonization/reviews/decol_syn_029.review.json"	"registry/projects/open_model_data/components/decolonization/cases.json"	""
"data/projects/open_model_data/components/decolonization/reviews/decol_syn_029.review.json"	"registry/projects/open_model_data/components/decolonization/reviews/decol_syn_029.review.json"	""
"data/projects/open_model_data/components/decolonization/reviews/decol_syn_029.review.json"	"scripts/projects/open_model_data/decolonization_language_reviews.py"	""
"data/projects/open_model_data/components/decolonization/reviews/decol_syn_030.review.json"	"registry/projects/open_model_data/components/decolonization/cases.json"	""
"data/projects/open_model_data/components/decolonization/reviews/decol_syn_030.review.json"	"registry/projects/open_model_data/components/decolonization/reviews/decol_syn_030.review.json"	""
"data/projects/open_model_data/components/decolonization/reviews/decol_syn_030.review.json"	"scripts/projects/open_model_data/decolonization_language_reviews.py"	""
"data/projects/open_model_data/components/decolonization/reviews/decol_syn_031.review.json"	"registry/projects/open_model_data/components/decolonization/acceptance_review_sample.receipt.json"	""
"data/projects/open_model_data/components/decolonization/reviews/decol_syn_031.review.json"	"registry/projects/open_model_data/components/decolonization/cases.json"	""
"data/projects/open_model_data/components/decolonization/reviews/decol_syn_031.review.json"	"registry/projects/open_model_data/components/decolonization/reviews/decol_syn_031.review.json"	""
"data/projects/open_model_data/components/decolonization/reviews/decol_syn_031.review.json"	"scripts/projects/open_model_data/decolonization_language_reviews.py"	""
"data/projects/open_model_data/components/decolonization/reviews/decol_syn_032.review.json"	"registry/projects/open_model_data/components/decolonization/acceptance_review_sample.receipt.json"	""
"data/projects/open_model_data/components/decolonization/reviews/decol_syn_032.review.json"	"registry/projects/open_model_data/components/decolonization/cases.json"	""
"data/projects/open_model_data/components/decolonization/reviews/decol_syn_032.review.json"	"registry/projects/open_model_data/components/decolonization/reviews/decol_syn_032.review.json"	""
"data/projects/open_model_data/components/decolonization/reviews/decol_syn_032.review.json"	"scripts/projects/open_model_data/decolonization_language_reviews.py"	""
"data/projects/open_model_data/components/decolonization/reviews/decol_syn_033.review.json"	"registry/projects/open_model_data/components/decolonization/acceptance_review_sample.receipt.json"	""
"data/projects/open_model_data/components/decolonization/reviews/decol_syn_033.review.json"	"registry/projects/open_model_data/components/decolonization/cases.json"	""
"data/projects/open_model_data/components/decolonization/reviews/decol_syn_033.review.json"	"registry/projects/open_model_data/components/decolonization/reviews/decol_syn_033.review.json"	""
"data/projects/open_model_data/components/decolonization/reviews/decol_syn_033.review.json"	"scripts/projects/open_model_data/decolonization_language_reviews.py"	""
"data/projects/open_model_data/components/decolonization/reviews/decol_syn_034.review.json"	"registry/projects/open_model_data/components/decolonization/acceptance_review_sample.receipt.json"	""
"data/projects/open_model_data/components/decolonization/reviews/decol_syn_034.review.json"	"registry/projects/open_model_data/components/decolonization/cases.json"	""
"data/projects/open_model_data/components/decolonization/reviews/decol_syn_034.review.json"	"registry/projects/open_model_data/components/decolonization/reviews/decol_syn_034.review.json"	""
"data/projects/open_model_data/components/decolonization/reviews/decol_syn_034.review.json"	"scripts/projects/open_model_data/decolonization_language_reviews.py"	""
"data/projects/open_model_data/components/decolonization/reviews/decol_syn_035.review.json"	"registry/projects/open_model_data/components/decolonization/cases.json"	""
"data/projects/open_model_data/components/decolonization/reviews/decol_syn_035.review.json"	"registry/projects/open_model_data/components/decolonization/reviews/decol_syn_035.review.json"	""
"data/projects/open_model_data/components/decolonization/reviews/decol_syn_035.review.json"	"scripts/projects/open_model_data/decolonization_language_reviews.py"	""
"data/projects/open_model_data/components/decolonization/reviews/decol_syn_036.review.json"	"registry/projects/open_model_data/components/decolonization/acceptance_review_sample.receipt.json"	""
"data/projects/open_model_data/components/decolonization/reviews/decol_syn_036.review.json"	"registry/projects/open_model_data/components/decolonization/cases.json"	""
"data/projects/open_model_data/components/decolonization/reviews/decol_syn_036.review.json"	"registry/projects/open_model_data/components/decolonization/reviews/decol_syn_036.review.json"	""
"data/projects/open_model_data/components/decolonization/reviews/decol_syn_036.review.json"	"scripts/projects/open_model_data/decolonization_language_reviews.py"	""
"data/projects/open_model_data/components/decolonization/reviews/decol_syn_037.review.json"	"registry/projects/open_model_data/components/decolonization/acceptance_review_sample.receipt.json"	""
"data/projects/open_model_data/components/decolonization/reviews/decol_syn_037.review.json"	"registry/projects/open_model_data/components/decolonization/cases.json"	""
"data/projects/open_model_data/components/decolonization/reviews/decol_syn_037.review.json"	"registry/projects/open_model_data/components/decolonization/reviews/decol_syn_037.review.json"	""
"data/projects/open_model_data/components/decolonization/reviews/decol_syn_037.review.json"	"scripts/projects/open_model_data/decolonization_language_reviews.py"	""
"data/projects/open_model_data/components/decolonization/reviews/decol_syn_038.review.json"	"registry/projects/open_model_data/components/decolonization/acceptance_review_sample.receipt.json"	""
"data/projects/open_model_data/components/decolonization/reviews/decol_syn_038.review.json"	"registry/projects/open_model_data/components/decolonization/cases.json"	""
"data/projects/open_model_data/components/decolonization/reviews/decol_syn_038.review.json"	"registry/projects/open_model_data/components/decolonization/reviews/decol_syn_038.review.json"	""
"data/projects/open_model_data/components/decolonization/reviews/decol_syn_038.review.json"	"scripts/projects/open_model_data/decolonization_language_reviews.py"	""
"data/projects/open_model_data/components/decolonization/reviews/decol_syn_039.review.json"	"registry/projects/open_model_data/components/decolonization/acceptance_review_sample.receipt.json"	""
"data/projects/open_model_data/components/decolonization/reviews/decol_syn_039.review.json"	"registry/projects/open_model_data/components/decolonization/cases.json"	""
"data/projects/open_model_data/components/decolonization/reviews/decol_syn_039.review.json"	"registry/projects/open_model_data/components/decolonization/reviews/decol_syn_039.review.json"	""
"data/projects/open_model_data/components/decolonization/reviews/decol_syn_039.review.json"	"scripts/projects/open_model_data/decolonization_language_reviews.py"	""
"data/projects/open_model_data/components/decolonization/reviews/decol_syn_040.review.json"	"registry/projects/open_model_data/components/decolonization/cases.json"	""
"data/projects/open_model_data/components/decolonization/reviews/decol_syn_040.review.json"	"registry/projects/open_model_data/components/decolonization/reviews/decol_syn_040.review.json"	""
"data/projects/open_model_data/components/decolonization/reviews/decol_syn_040.review.json"	"scripts/projects/open_model_data/decolonization_language_reviews.py"	""
"data/projects/open_model_data/components/decolonization/reviews/decol_syn_041.review.json"	"registry/projects/open_model_data/components/decolonization/acceptance_review_sample.receipt.json"	""
"data/projects/open_model_data/components/decolonization/reviews/decol_syn_041.review.json"	"registry/projects/open_model_data/components/decolonization/cases.json"	""
"data/projects/open_model_data/components/decolonization/reviews/decol_syn_041.review.json"	"registry/projects/open_model_data/components/decolonization/reviews/decol_syn_041.review.json"	""
"data/projects/open_model_data/components/decolonization/reviews/decol_syn_041.review.json"	"scripts/projects/open_model_data/decolonization_language_reviews.py"	""
"data/projects/open_model_data/components/decolonization/reviews/decol_syn_042.review.json"	"registry/projects/open_model_data/components/decolonization/acceptance_review_sample.receipt.json"	""
"data/projects/open_model_data/components/decolonization/reviews/decol_syn_042.review.json"	"registry/projects/open_model_data/components/decolonization/cases.json"	""
"data/projects/open_model_data/components/decolonization/reviews/decol_syn_042.review.json"	"registry/projects/open_model_data/components/decolonization/reviews/decol_syn_042.review.json"	""
"data/projects/open_model_data/components/decolonization/reviews/decol_syn_042.review.json"	"scripts/projects/open_model_data/decolonization_language_reviews.py"	""
"data/projects/open_model_data/components/decolonization/reviews/decol_syn_043.review.json"	"registry/projects/open_model_data/components/decolonization/acceptance_review_sample.receipt.json"	""
"data/projects/open_model_data/components/decolonization/reviews/decol_syn_043.review.json"	"registry/projects/open_model_data/components/decolonization/cases.json"	""
"data/projects/open_model_data/components/decolonization/reviews/decol_syn_043.review.json"	"registry/projects/open_model_data/components/decolonization/reviews/decol_syn_043.review.json"	""
"data/projects/open_model_data/components/decolonization/reviews/decol_syn_043.review.json"	"scripts/projects/open_model_data/decolonization_language_reviews.py"	""
"data/projects/open_model_data/components/decolonization/reviews/decol_syn_044.review.json"	"registry/projects/open_model_data/components/decolonization/acceptance_review_sample.receipt.json"	""
"data/projects/open_model_data/components/decolonization/reviews/decol_syn_044.review.json"	"registry/projects/open_model_data/components/decolonization/cases.json"	""
"data/projects/open_model_data/components/decolonization/reviews/decol_syn_044.review.json"	"registry/projects/open_model_data/components/decolonization/reviews/decol_syn_044.review.json"	""
"data/projects/open_model_data/components/decolonization/reviews/decol_syn_044.review.json"	"scripts/projects/open_model_data/decolonization_language_reviews.py"	""
"data/projects/open_model_data/components/decolonization/reviews/decol_syn_045.review.json"	"registry/projects/open_model_data/components/decolonization/acceptance_review_sample.receipt.json"	""
"data/projects/open_model_data/components/decolonization/reviews/decol_syn_045.review.json"	"registry/projects/open_model_data/components/decolonization/cases.json"	""
"data/projects/open_model_data/components/decolonization/reviews/decol_syn_045.review.json"	"registry/projects/open_model_data/components/decolonization/reviews/decol_syn_045.review.json"	""
"data/projects/open_model_data/components/decolonization/reviews/decol_syn_045.review.json"	"scripts/projects/open_model_data/decolonization_language_reviews.py"	""
"data/projects/open_model_data/components/decolonization/reviews/decol_syn_046.review.json"	"registry/projects/open_model_data/components/decolonization/acceptance_review_sample.receipt.json"	""
"data/projects/open_model_data/components/decolonization/reviews/decol_syn_046.review.json"	"registry/projects/open_model_data/components/decolonization/cases.json"	""
"data/projects/open_model_data/components/decolonization/reviews/decol_syn_046.review.json"	"registry/projects/open_model_data/components/decolonization/reviews/decol_syn_046.review.json"	""
"data/projects/open_model_data/components/decolonization/reviews/decol_syn_046.review.json"	"scripts/projects/open_model_data/decolonization_language_reviews.py"	""
"data/projects/open_model_data/components/decolonization/reviews/decol_syn_047.review.json"	"registry/projects/open_model_data/components/decolonization/acceptance_review_sample.receipt.json"	""
"data/projects/open_model_data/components/decolonization/reviews/decol_syn_047.review.json"	"registry/projects/open_model_data/components/decolonization/cases.json"	""
"data/projects/open_model_data/components/decolonization/reviews/decol_syn_047.review.json"	"registry/projects/open_model_data/components/decolonization/reviews/decol_syn_047.review.json"	""
"data/projects/open_model_data/components/decolonization/reviews/decol_syn_047.review.json"	"scripts/projects/open_model_data/decolonization_language_reviews.py"	""
"data/projects/open_model_data/components/decolonization/reviews/decol_syn_048.review.json"	"registry/projects/open_model_data/components/decolonization/acceptance_review_sample.receipt.json"	""
"data/projects/open_model_data/components/decolonization/reviews/decol_syn_048.review.json"	"registry/projects/open_model_data/components/decolonization/cases.json"	""
"data/projects/open_model_data/components/decolonization/reviews/decol_syn_048.review.json"	"registry/projects/open_model_data/components/decolonization/reviews/decol_syn_048.review.json"	""
"data/projects/open_model_data/components/decolonization/reviews/decol_syn_048.review.json"	"scripts/projects/open_model_data/decolonization_language_reviews.py"	""
"data/projects/open_model_data/components/decolonization/reviews/decol_syn_049.review.json"	"registry/projects/open_model_data/components/decolonization/acceptance_review_sample.receipt.json"	""
"data/projects/open_model_data/components/decolonization/reviews/decol_syn_049.review.json"	"registry/projects/open_model_data/components/decolonization/cases.json"	""
"data/projects/open_model_data/components/decolonization/reviews/decol_syn_049.review.json"	"registry/projects/open_model_data/components/decolonization/reviews/decol_syn_049.review.json"	""
"data/projects/open_model_data/components/decolonization/reviews/decol_syn_049.review.json"	"scripts/projects/open_model_data/decolonization_language_reviews.py"	""
"data/projects/open_model_data/components/decolonization/reviews/decol_syn_050.review.json"	"registry/projects/open_model_data/components/decolonization/acceptance_review_sample.receipt.json"	""
"data/projects/open_model_data/components/decolonization/reviews/decol_syn_050.review.json"	"registry/projects/open_model_data/components/decolonization/cases.json"	""
"data/projects/open_model_data/components/decolonization/reviews/decol_syn_050.review.json"	"registry/projects/open_model_data/components/decolonization/reviews/decol_syn_050.review.json"	""
"data/projects/open_model_data/components/decolonization/reviews/decol_syn_050.review.json"	"scripts/projects/open_model_data/decolonization_language_reviews.py"	""
"data/projects/open_model_data/components/decolonization/reviews/decol_syn_051.review.json"	"registry/projects/open_model_data/components/decolonization/acceptance_review_sample.receipt.json"	""
"data/projects/open_model_data/components/decolonization/reviews/decol_syn_051.review.json"	"registry/projects/open_model_data/components/decolonization/cases.json"	""
"data/projects/open_model_data/components/decolonization/reviews/decol_syn_051.review.json"	"registry/projects/open_model_data/components/decolonization/reviews/decol_syn_051.review.json"	""
"data/projects/open_model_data/components/decolonization/reviews/decol_syn_051.review.json"	"scripts/projects/open_model_data/decolonization_language_reviews.py"	""
"data/projects/open_model_data/components/decolonization/reviews/decol_syn_052.review.json"	"registry/projects/open_model_data/components/decolonization/cases.json"	""
"data/projects/open_model_data/components/decolonization/reviews/decol_syn_052.review.json"	"registry/projects/open_model_data/components/decolonization/reviews/decol_syn_052.review.json"	""
"data/projects/open_model_data/components/decolonization/reviews/decol_syn_052.review.json"	"scripts/projects/open_model_data/decolonization_language_reviews.py"	""
"data/projects/open_model_data/components/decolonization/reviews/decol_syn_053.review.json"	"registry/projects/open_model_data/components/decolonization/acceptance_review_sample.receipt.json"	""
"data/projects/open_model_data/components/decolonization/reviews/decol_syn_053.review.json"	"registry/projects/open_model_data/components/decolonization/cases.json"	""
"data/projects/open_model_data/components/decolonization/reviews/decol_syn_053.review.json"	"registry/projects/open_model_data/components/decolonization/reviews/decol_syn_053.review.json"	""
"data/projects/open_model_data/components/decolonization/reviews/decol_syn_053.review.json"	"scripts/projects/open_model_data/decolonization_language_reviews.py"	""
"data/projects/open_model_data/components/decolonization/reviews/decol_syn_054.review.json"	"registry/projects/open_model_data/components/decolonization/acceptance_review_sample.receipt.json"	""
"data/projects/open_model_data/components/decolonization/reviews/decol_syn_054.review.json"	"registry/projects/open_model_data/components/decolonization/cases.json"	""
"data/projects/open_model_data/components/decolonization/reviews/decol_syn_054.review.json"	"registry/projects/open_model_data/components/decolonization/reviews/decol_syn_054.review.json"	""
"data/projects/open_model_data/components/decolonization/reviews/decol_syn_054.review.json"	"scripts/projects/open_model_data/decolonization_language_reviews.py"	""
"data/projects/open_model_data/components/decolonization/reviews/decol_syn_055.review.json"	"registry/projects/open_model_data/components/decolonization/acceptance_review_sample.receipt.json"	""
"data/projects/open_model_data/components/decolonization/reviews/decol_syn_055.review.json"	"registry/projects/open_model_data/components/decolonization/cases.json"	""
"data/projects/open_model_data/components/decolonization/reviews/decol_syn_055.review.json"	"registry/projects/open_model_data/components/decolonization/reviews/decol_syn_055.review.json"	""
"data/projects/open_model_data/components/decolonization/reviews/decol_syn_055.review.json"	"scripts/projects/open_model_data/decolonization_language_reviews.py"	""
"data/projects/open_model_data/components/decolonization/reviews/decol_syn_056.review.json"	"registry/projects/open_model_data/components/decolonization/acceptance_review_sample.receipt.json"	""
"data/projects/open_model_data/components/decolonization/reviews/decol_syn_056.review.json"	"registry/projects/open_model_data/components/decolonization/cases.json"	""
"data/projects/open_model_data/components/decolonization/reviews/decol_syn_056.review.json"	"registry/projects/open_model_data/components/decolonization/reviews/decol_syn_056.review.json"	""
"data/projects/open_model_data/components/decolonization/reviews/decol_syn_056.review.json"	"scripts/projects/open_model_data/decolonization_language_reviews.py"	""
"data/projects/open_model_data/components/decolonization/reviews/decol_syn_057.review.json"	"registry/projects/open_model_data/components/decolonization/acceptance_review_sample.receipt.json"	""
"data/projects/open_model_data/components/decolonization/reviews/decol_syn_057.review.json"	"registry/projects/open_model_data/components/decolonization/cases.json"	""
"data/projects/open_model_data/components/decolonization/reviews/decol_syn_057.review.json"	"registry/projects/open_model_data/components/decolonization/reviews/decol_syn_057.review.json"	""
"data/projects/open_model_data/components/decolonization/reviews/decol_syn_057.review.json"	"scripts/projects/open_model_data/decolonization_language_reviews.py"	""
"data/projects/open_model_data/components/decolonization/reviews/decol_syn_058.review.json"	"registry/projects/open_model_data/components/decolonization/acceptance_review_sample.receipt.json"	""
"data/projects/open_model_data/components/decolonization/reviews/decol_syn_058.review.json"	"registry/projects/open_model_data/components/decolonization/cases.json"	""
"data/projects/open_model_data/components/decolonization/reviews/decol_syn_058.review.json"	"registry/projects/open_model_data/components/decolonization/reviews/decol_syn_058.review.json"	""
"data/projects/open_model_data/components/decolonization/reviews/decol_syn_058.review.json"	"scripts/projects/open_model_data/decolonization_language_reviews.py"	""
"data/projects/open_model_data/components/decolonization/reviews/decol_syn_059.review.json"	"registry/projects/open_model_data/components/decolonization/acceptance_review_sample.receipt.json"	""
"data/projects/open_model_data/components/decolonization/reviews/decol_syn_059.review.json"	"registry/projects/open_model_data/components/decolonization/cases.json"	""
"data/projects/open_model_data/components/decolonization/reviews/decol_syn_059.review.json"	"registry/projects/open_model_data/components/decolonization/reviews/decol_syn_059.review.json"	""
"data/projects/open_model_data/components/decolonization/reviews/decol_syn_059.review.json"	"scripts/projects/open_model_data/decolonization_language_reviews.py"	""
"data/projects/open_model_data/components/decolonization/reviews/decol_syn_060.review.json"	"registry/projects/open_model_data/components/decolonization/acceptance_review_sample.receipt.json"	""
"data/projects/open_model_data/components/decolonization/reviews/decol_syn_060.review.json"	"registry/projects/open_model_data/components/decolonization/cases.json"	""
"data/projects/open_model_data/components/decolonization/reviews/decol_syn_060.review.json"	"registry/projects/open_model_data/components/decolonization/reviews/decol_syn_060.review.json"	""
"data/projects/open_model_data/components/decolonization/reviews/decol_syn_060.review.json"	"scripts/projects/open_model_data/decolonization_language_reviews.py"	""
"data/projects/open_model_data/components/decolonization/reviews/decol_syn_061.review.json"	"registry/projects/open_model_data/components/decolonization/acceptance_review_sample.receipt.json"	""
"data/projects/open_model_data/components/decolonization/reviews/decol_syn_061.review.json"	"registry/projects/open_model_data/components/decolonization/cases.json"	""
"data/projects/open_model_data/components/decolonization/reviews/decol_syn_061.review.json"	"registry/projects/open_model_data/components/decolonization/reviews/decol_syn_061.review.json"	""
"data/projects/open_model_data/components/decolonization/reviews/decol_syn_061.review.json"	"scripts/projects/open_model_data/decolonization_language_reviews.py"	""
"data/projects/open_model_data/components/decolonization/reviews/decol_syn_062.review.json"	"registry/projects/open_model_data/components/decolonization/acceptance_review_sample.receipt.json"	""
"data/projects/open_model_data/components/decolonization/reviews/decol_syn_062.review.json"	"registry/projects/open_model_data/components/decolonization/cases.json"	""
"data/projects/open_model_data/components/decolonization/reviews/decol_syn_062.review.json"	"registry/projects/open_model_data/components/decolonization/reviews/decol_syn_062.review.json"	""
"data/projects/open_model_data/components/decolonization/reviews/decol_syn_062.review.json"	"scripts/projects/open_model_data/decolonization_language_reviews.py"	""
"data/projects/open_model_data/components/decolonization/reviews/decol_syn_063.review.json"	"registry/projects/open_model_data/components/decolonization/cases.json"	""
"data/projects/open_model_data/components/decolonization/reviews/decol_syn_063.review.json"	"registry/projects/open_model_data/components/decolonization/reviews/decol_syn_063.review.json"	""
"data/projects/open_model_data/components/decolonization/reviews/decol_syn_063.review.json"	"scripts/projects/open_model_data/decolonization_language_reviews.py"	""
"data/projects/open_model_data/components/decolonization/reviews/decol_syn_064.review.json"	"registry/projects/open_model_data/components/decolonization/acceptance_review_sample.receipt.json"	""
"data/projects/open_model_data/components/decolonization/reviews/decol_syn_064.review.json"	"registry/projects/open_model_data/components/decolonization/cases.json"	""
"data/projects/open_model_data/components/decolonization/reviews/decol_syn_064.review.json"	"registry/projects/open_model_data/components/decolonization/reviews/decol_syn_064.review.json"	""
"data/projects/open_model_data/components/decolonization/reviews/decol_syn_064.review.json"	"scripts/projects/open_model_data/decolonization_language_reviews.py"	""
"data/projects/open_model_data/components/decolonization/reviews/decol_syn_065.review.json"	"registry/projects/open_model_data/components/decolonization/acceptance_review_sample.receipt.json"	""
"data/projects/open_model_data/components/decolonization/reviews/decol_syn_065.review.json"	"registry/projects/open_model_data/components/decolonization/cases.json"	""
"data/projects/open_model_data/components/decolonization/reviews/decol_syn_065.review.json"	"registry/projects/open_model_data/components/decolonization/reviews/decol_syn_065.review.json"	""
"data/projects/open_model_data/components/decolonization/reviews/decol_syn_065.review.json"	"scripts/projects/open_model_data/decolonization_language_reviews.py"	""
"data/projects/open_model_data/components/grammar/acceptance_review_sample.json"	"scripts/projects/open_model_data/generate_grammar_signoff_8342.py"	""
"data/projects/open_model_data/components/grammar/candidate_exclusion_accounting.json"	"scripts/storage/build_classification_table.py"	""
"data/projects/open_model_data/contracts/corpus_profile_config_v1.schema.json"	"scripts/projects/open_model_data/profile_corpus.py"	""
"data/projects/open_model_data/contracts/corpus_profile_receipt_v1.schema.json"	"scripts/projects/open_model_data/profile_corpus.py"	""
"data/projects/open_model_data/contracts/corpus_profile_receipt_v1.schema.json"	"tests/test_open_model_corpus_profiler.py"	""
"data/projects/open_model_data/contracts/corpus_training_usability_decision_v1.schema.json"	"scripts/projects/open_model_data/audit_corpus_training_usability.py"	""
"data/projects/open_model_data/contracts/correction_instruction_view_v1.schema.json"	"registry/projects/open_model_data/model_views/model_ready_product_audit_v1.json"	""
"data/projects/open_model_data/contracts/correction_protection_adapter_receipt_v1.schema.json"	"scripts/projects/open_model_data/evidence_cache_canaries.py"	""
"data/projects/open_model_data/contracts/correction_protection_consumer_view_v1.schema.json"	"registry/projects/open_model_data/release/correction_protection_v1/receipt.json"	""
"data/projects/open_model_data/contracts/correction_protection_coverage_contract_v1.schema.json"	"registry/projects/open_model_data/evidence/phase3_v2_compatibility_matrix_v1.json"	""
"data/projects/open_model_data/contracts/correction_protection_coverage_contract_v1.schema.json"	"scripts/projects/open_model_data/phase3_v2_compatibility.py"	""
"data/projects/open_model_data/contracts/correction_protection_evaluation_contract_v1.schema.json"	"registry/projects/open_model_data/evidence/phase3_v2_compatibility_matrix_v1.json"	""
"data/projects/open_model_data/contracts/correction_protection_evaluation_contract_v1.schema.json"	"scripts/projects/open_model_data/phase3_v2_compatibility.py"	""
"data/projects/open_model_data/contracts/correction_record_v1.schema.json"	"registry/projects/open_model_data/model_views/model_ready_product_audit_v1.json"	""
"data/projects/open_model_data/contracts/dataset_v4_a10_pilot_review_gate_receipt_v1.schema.json"	"packages/v4-runtime/asset_allowlist.json"	""
"data/projects/open_model_data/contracts/dataset_v4_a11_silver_release_gate_receipt_v1.schema.json"	"packages/v4-runtime/asset_allowlist.json"	""
"data/projects/open_model_data/contracts/dataset_v4_a12_gold_overlay_gate_receipt_v1.schema.json"	"packages/v4-runtime/asset_allowlist.json"	""
"data/projects/open_model_data/contracts/dataset_v4_a13_cleanup_recovery_receipt_v1.schema.json"	"packages/v4-runtime/asset_allowlist.json"	""
"data/projects/open_model_data/contracts/dataset_v4_a2_source_operation_admission_receipt_v1.schema.json"	"packages/v4-runtime/asset_allowlist.json"	""
"data/projects/open_model_data/contracts/dataset_v4_a2_source_operation_admission_receipt_v1.schema.json"	"tests/projects/open_model_data/test_a2_resolved_schema.py"	""
"data/projects/open_model_data/contracts/dataset_v4_a3_builder_packet_receipt_v1.schema.json"	"packages/v4-runtime/asset_allowlist.json"	""
"data/projects/open_model_data/contracts/dataset_v4_a3_builder_packet_receipt_v1.schema.json"	"packages/v4-runtime/src/learn_ukrainian_v4_runtime/v4_a3_builder_packet.py"	""
"data/projects/open_model_data/contracts/dataset_v4_a3_heldout_source_family_seal_receipt_v1.schema.json"	"packages/v4-runtime/asset_allowlist.json"	""
"data/projects/open_model_data/contracts/dataset_v4_a3_heldout_source_family_seal_receipt_v1.schema.json"	"packages/v4-runtime/src/learn_ukrainian_v4_runtime/v4_a3_heldout_family_assignment.py"	""
"data/projects/open_model_data/contracts/dataset_v4_a4_deterministic_extraction_receipt_v1.schema.json"	"packages/v4-runtime/asset_allowlist.json"	""
"data/projects/open_model_data/contracts/dataset_v4_a5_evidence_enrichment_receipt_v1.schema.json"	"packages/v4-runtime/asset_allowlist.json"	""
"data/projects/open_model_data/contracts/dataset_v4_a6_blind_arena_receipt_v1.schema.json"	"packages/v4-runtime/asset_allowlist.json"	""
"data/projects/open_model_data/contracts/dataset_v4_a7_authorship_receipt_v1.schema.json"	"packages/v4-runtime/asset_allowlist.json"	""
"data/projects/open_model_data/contracts/dataset_v4_a7_original_row_factory_receipt_v1.schema.json"	"packages/v4-runtime/asset_allowlist.json"	""
"data/projects/open_model_data/contracts/dataset_v4_a7_review_receipt_v1.schema.json"	"packages/v4-runtime/asset_allowlist.json"	""
"data/projects/open_model_data/contracts/dataset_v4_a8_admission_assembly_receipt_v1.schema.json"	"packages/v4-runtime/asset_allowlist.json"	""
"data/projects/open_model_data/contracts/dataset_v4_a9_evaluation_package_receipt_v1.schema.json"	"packages/v4-runtime/asset_allowlist.json"	""
"data/projects/open_model_data/contracts/dataset_v4_per_slot_private_factory_receipt_v1.schema.json"	"packages/v4-runtime/asset_allowlist.json"	""
"data/projects/open_model_data/contracts/dataset_v4_pilot_slot_manifest_v1.schema.json"	"packages/v4-runtime/asset_allowlist.json"	""
"data/projects/open_model_data/contracts/dataset_v4_public_slot_commitment_assignment_receipt_v1.schema.json"	"packages/v4-runtime/asset_allowlist.json"	""
"data/projects/open_model_data/contracts/dataset_v4_source_byte_ingestion_admission_receipt_v1.schema.json"	"packages/v4-runtime/asset_allowlist.json"	""
"data/projects/open_model_data/contracts/language_contact_candidate_v1.schema.json"	"scripts/projects/open_model_data/language_contact_detector.py"	""
"data/projects/open_model_data/contracts/language_contact_config_v1.schema.json"	"scripts/projects/open_model_data/language_contact_detector.py"	""
"data/projects/open_model_data/contracts/language_contact_receipt_v1.schema.json"	"scripts/projects/open_model_data/language_contact_detector.py"	""
"data/projects/open_model_data/contracts/language_contact_silver_record_v1.schema.json"	"registry/projects/open_model_data/model_views/model_ready_product_audit_v1.json"	""
"data/projects/open_model_data/contracts/model_ready_product_audit_v1.schema.json"	"registry/projects/open_model_data/model_views/model_ready_product_audit_v1.json"	""
"data/projects/open_model_data/contracts/phase3_audit_entropy_receipt_v1.schema.json"	"registry/projects/open_model_data/evidence/phase3_v2_compatibility_matrix_v1.json"	""
"data/projects/open_model_data/contracts/phase3_audit_entropy_receipt_v1.schema.json"	"scripts/projects/open_model_data/phase3_audit_entropy.py"	""
"data/projects/open_model_data/contracts/phase3_audit_entropy_receipt_v1.schema.json"	"scripts/projects/open_model_data/phase3_v2_compatibility.py"	""
"data/projects/open_model_data/contracts/phase3_complete_source_policy_v4.schema.json"	"scripts/projects/open_model_data/phase3_source_policy_v4.py"	""
"data/projects/open_model_data/contracts/phase3_cycle007_private_deny_corpus_v1.schema.json"	"registry/projects/open_model_data/evidence/phase3_scope_circularity_firewall_v1.json"	""
"data/projects/open_model_data/contracts/phase3_cycle007_storage_public_summary_v1.schema.json"	"docs/projects/open-model-data/cycle007-storage-custody.md"	""
"data/projects/open_model_data/contracts/phase3_cycle_void_receipt_v1.schema.json"	"registry/projects/open_model_data/contracts/correction_protection_evaluation_contract_v2_2.schema.json"	""
"data/projects/open_model_data/contracts/phase3_cycle_void_receipt_v1.schema.json"	"registry/projects/open_model_data/contracts/correction_protection_functional_role_contract_v2_2.schema.json"	""
"data/projects/open_model_data/contracts/phase3_cycle_void_receipt_v1.schema.json"	"registry/projects/open_model_data/evidence/correction_protection_evaluation_contract_v2_2.json"	""
"data/projects/open_model_data/contracts/phase3_cycle_void_receipt_v1.schema.json"	"registry/projects/open_model_data/evidence/correction_protection_functional_role_contract_v2_2.json"	""
"data/projects/open_model_data/contracts/phase3_cycle_void_receipt_v1.schema.json"	"scripts/projects/open_model_data/phase3_cycle_void_receipt.py"	""
"data/projects/open_model_data/contracts/phase3_cycle_void_receipt_v1.schema.json"	"scripts/projects/open_model_data/phase3_functional_roles.py"	""
"data/projects/open_model_data/contracts/phase3_disposition_audit_bundle_v1.schema.json"	"registry/projects/open_model_data/evidence/phase3_v2_compatibility_matrix_v1.json"	""
"data/projects/open_model_data/contracts/phase3_disposition_audit_bundle_v1.schema.json"	"scripts/projects/open_model_data/phase3_v2_compatibility.py"	""
"data/projects/open_model_data/contracts/phase3_evaluation_context_manifest_receipt_v1.schema.json"	"tests/test_open_model_phase3_evaluation_context_manifest.py"	""
"data/projects/open_model_data/contracts/phase3_evaluation_freeze_bundle_v1.schema.json"	"registry/projects/open_model_data/evidence/phase3_v2_compatibility_matrix_v1.json"	""
"data/projects/open_model_data/contracts/phase3_evaluation_freeze_bundle_v1.schema.json"	"scripts/projects/open_model_data/phase3_v2_compatibility.py"	""
"data/projects/open_model_data/contracts/phase3_evaluation_freeze_bundle_v1.schema.json"	"tests/test_open_model_phase3_evaluation_freeze.py"	""
"data/projects/open_model_data/contracts/phase3_evaluation_reproduction_bundle_v1.schema.json"	"registry/projects/open_model_data/evidence/phase3_v2_compatibility_matrix_v1.json"	""
"data/projects/open_model_data/contracts/phase3_evaluation_reproduction_bundle_v1.schema.json"	"scripts/projects/open_model_data/phase3_v2_compatibility.py"	""
"data/projects/open_model_data/contracts/phase3_evaluation_steward_run_state_v1.schema.json"	"registry/projects/open_model_data/evidence/phase3_scope_circularity_firewall_v1.json"	""
"data/projects/open_model_data/contracts/phase3_fixed_release_manifest_v1.schema.json"	"registry/projects/open_model_data/evidence/phase3_v2_compatibility_matrix_v1.json"	""
"data/projects/open_model_data/contracts/phase3_fixed_release_manifest_v1.schema.json"	"scripts/projects/open_model_data/phase3_v2_compatibility.py"	""
"data/projects/open_model_data/contracts/phase3_heldout_clean_modern_label_prompt_v1.md"	"registry/projects/open_model_data/evidence/phase3_v2_compatibility_matrix_v1.json"	""
"data/projects/open_model_data/contracts/phase3_heldout_clean_modern_label_prompt_v1.md"	"scripts/projects/open_model_data/phase3_v2_compatibility.py"	""
"data/projects/open_model_data/contracts/phase3_heldout_label_transport_bundle_v1.schema.json"	"registry/projects/open_model_data/evidence/phase3_v2_compatibility_matrix_v1.json"	""
"data/projects/open_model_data/contracts/phase3_heldout_label_transport_bundle_v1.schema.json"	"scripts/projects/open_model_data/phase3_v2_compatibility.py"	""
"data/projects/open_model_data/contracts/phase3_heldout_partition_bundle_v1.schema.json"	"registry/projects/open_model_data/evidence/phase3_v2_compatibility_matrix_v1.json"	""
"data/projects/open_model_data/contracts/phase3_heldout_partition_bundle_v1.schema.json"	"scripts/projects/open_model_data/phase3_v2_compatibility.py"	""
"data/projects/open_model_data/contracts/phase3_heldout_partition_bundle_v1.schema.json"	"tests/test_open_model_phase3_heldout_partition.py"	""
"data/projects/open_model_data/contracts/phase3_heldout_semantic_gold_label_prompt_v1.md"	"registry/projects/open_model_data/contracts/phase3_heldout_label_transport_bundle_v1.schema.json"	""
"data/projects/open_model_data/contracts/phase3_heldout_semantic_gold_label_prompt_v1.md"	"registry/projects/open_model_data/evidence/phase3_v2_compatibility_matrix_v1.json"	""
"data/projects/open_model_data/contracts/phase3_heldout_semantic_gold_label_prompt_v1.md"	"scripts/projects/open_model_data/phase3_v2_compatibility.py"	""
"data/projects/open_model_data/contracts/phase3_historical_document_chronology_receipt_v2.schema.json"	"registry/projects/open_model_data/admission/phase3_historical_evidence_spine_v2.json"	""
"data/projects/open_model_data/contracts/phase3_historical_document_chronology_receipt_v2.schema.json"	"scripts/projects/open_model_data/phase3_historical_evidence_spine_v2.py"	""
"data/projects/open_model_data/contracts/phase3_historical_evidence_spine_v1.schema.json"	"scripts/projects/open_model_data/phase3_historical_evidence_spine.py"	""
"data/projects/open_model_data/contracts/phase3_historical_evidence_spine_v2.schema.json"	"registry/projects/open_model_data/admission/phase3_historical_protection_channels_v1.json"	""
"data/projects/open_model_data/contracts/phase3_historical_evidence_spine_v2.schema.json"	"scripts/projects/open_model_data/phase3_historical_evidence_spine_v2.py"	""
"data/projects/open_model_data/contracts/phase3_historical_full_materialization_gate_v1.schema.json"	"tests/test_open_model_phase3_historical_full_materialization.py"	""
"data/projects/open_model_data/contracts/phase3_historical_full_materialization_receipt_v1.schema.json"	"tests/test_open_model_phase3_historical_full_materialization.py"	""
"data/projects/open_model_data/contracts/phase3_historical_materialization_receipt_v1.schema.json"	"scripts/projects/open_model_data/phase3_historical_materialization.py"	""
"data/projects/open_model_data/contracts/phase3_historical_periodization_freeze_v1.schema.json"	"registry/projects/open_model_data/admission/phase3_historical_protection_channels_v1.json"	""
"data/projects/open_model_data/contracts/phase3_historical_periodization_freeze_v1.schema.json"	"scripts/projects/open_model_data/phase3_historical_periodization.py"	""
"data/projects/open_model_data/contracts/phase3_historical_protection_channels_v1.schema.json"	"registry/projects/open_model_data/admission/phase3_historical_protection_channels_v1.json"	""
"data/projects/open_model_data/contracts/phase3_historical_protection_channels_v1.schema.json"	"tests/test_open_model_phase3_historical_protection_channels.py"	""
"data/projects/open_model_data/contracts/phase3_historical_representation_v3.schema.json"	"scripts/projects/open_model_data/phase3_historical_representation.py"	""
"data/projects/open_model_data/contracts/phase3_lavra_near_caves_intake_receipt_v1.schema.json"	"registry/projects/open_model_data/admission/phase3_historical_evidence_spine_v2.json"	""
"data/projects/open_model_data/contracts/phase3_lavra_near_caves_intake_receipt_v1.schema.json"	"scripts/projects/open_model_data/phase3_historical_evidence_spine_v2.py"	""
"data/projects/open_model_data/contracts/phase3_lavra_near_caves_intake_receipt_v1.schema.json"	"scripts/projects/open_model_data/phase3_lavra_near_caves_intake.py"	""
"data/projects/open_model_data/contracts/phase3_linguistic_representation_v3.schema.json"	"scripts/projects/open_model_data/phase3_linguistic_representation.py"	""
"data/projects/open_model_data/contracts/phase3_live_ingest_gate_v1.schema.json"	"scripts/projects/open_model_data/phase3_live_ingest_gate.py"	""
"data/projects/open_model_data/contracts/phase3_middle_ukrainian_act_book_intake_receipt_v1.schema.json"	"scripts/projects/open_model_data/phase3_middle_ukrainian_act_book_intake.py"	""
"data/projects/open_model_data/contracts/phase3_middle_ukrainian_lexis_intake_receipt_v1.schema.json"	"scripts/projects/open_model_data/phase3_middle_ukrainian_lexis_intake.py"	""
"data/projects/open_model_data/contracts/phase3_middle_ukrainian_page_sample_receipt_v1.schema.json"	"scripts/projects/open_model_data/phase3_middle_ukrainian_page_sample.py"	""
"data/projects/open_model_data/contracts/phase3_middle_ukrainian_text_extraction_receipt_v1.schema.json"	"scripts/projects/open_model_data/phase3_middle_ukrainian_text_extraction.py"	""
"data/projects/open_model_data/contracts/phase3_p1_dialect_regional_protection_amendment_v1.schema.json"	"registry/projects/open_model_data/admission/phase3_historical_protection_channels_v1.json"	""
"data/projects/open_model_data/contracts/phase3_p1_universe_freeze_v1.schema.json"	"registry/projects/open_model_data/admission/phase3_historical_protection_channels_v1.json"	""
"data/projects/open_model_data/contracts/phase3_p2_canonical_contracts_v1.schema.json"	"registry/projects/open_model_data/admission/phase3_historical_protection_channels_v1.json"	""
"data/projects/open_model_data/contracts/phase3_p4_pilot_construction_v1.schema.json"	"registry/projects/open_model_data/contracts/phase3_v3_cooperative_control_plane_v1.schema.json"	""
"data/projects/open_model_data/contracts/phase3_p4_pilot_construction_v1.schema.json"	"registry/projects/open_model_data/evidence/phase3_v3_cooperative_control_plane_v1.json"	""
"data/projects/open_model_data/contracts/phase3_p4_pilot_construction_v1.schema.json"	"scripts/projects/open_model_data/phase3_v3_cooperative_control_plane.py"	""
"data/projects/open_model_data/contracts/phase3_pravopys_delta_bundle_v1.schema.json"	"registry/projects/open_model_data/evidence/phase3_v2_compatibility_matrix_v1.json"	""
"data/projects/open_model_data/contracts/phase3_pravopys_delta_bundle_v1.schema.json"	"scripts/projects/open_model_data/phase3_pravopys_delta.py"	""
"data/projects/open_model_data/contracts/phase3_pravopys_delta_bundle_v1.schema.json"	"scripts/projects/open_model_data/phase3_v2_compatibility.py"	""
"data/projects/open_model_data/contracts/phase3_pravopys_evaluation_context_receipt_v1.schema.json"	"tests/test_open_model_phase3_pravopys_evaluation_context.py"	""
"data/projects/open_model_data/contracts/phase3_rule_author_packet_bundle_v1.schema.json"	"registry/projects/open_model_data/evidence/phase3_v2_compatibility_matrix_v1.json"	""
"data/projects/open_model_data/contracts/phase3_rule_author_packet_bundle_v1.schema.json"	"scripts/projects/open_model_data/phase3_v2_compatibility.py"	""
"data/projects/open_model_data/contracts/phase3_rule_author_run_manifest_v1.schema.json"	"registry/projects/open_model_data/evidence/phase3_v2_compatibility_matrix_v1.json"	""
"data/projects/open_model_data/contracts/phase3_rule_author_run_manifest_v1.schema.json"	"scripts/projects/open_model_data/phase3_rule_author_runner.py"	""
"data/projects/open_model_data/contracts/phase3_rule_author_run_manifest_v1.schema.json"	"scripts/projects/open_model_data/phase3_v2_compatibility.py"	""
"data/projects/open_model_data/contracts/phase3_rule_author_source_rows_v1.schema.json"	"registry/projects/open_model_data/evidence/phase3_v2_compatibility_matrix_v1.json"	""
"data/projects/open_model_data/contracts/phase3_rule_author_source_rows_v1.schema.json"	"scripts/projects/open_model_data/phase3_v2_compatibility.py"	""
"data/projects/open_model_data/contracts/phase3_saint_sophia_db_reconciliation_v1.schema.json"	"scripts/projects/open_model_data/phase3_saint_sophia_db_reconciliation.py"	""
"data/projects/open_model_data/contracts/phase3_school_context_negative_recovery_receipt_v1.schema.json"	"tests/test_open_model_phase3_school_context_negative_recovery.py"	""
"data/projects/open_model_data/contracts/phase3_school_parent_section_context_receipt_v1.schema.json"	"tests/test_open_model_phase3_school_parent_section_context.py"	""
"data/projects/open_model_data/contracts/phase3_scope_circularity_firewall_v1.schema.json"	"registry/projects/open_model_data/admission/phase3_historical_protection_channels_v1.json"	""
"data/projects/open_model_data/contracts/phase3_scope_circularity_public_binding_receipt_v1.schema.json"	"registry/projects/open_model_data/evidence/phase3_scope_circularity_firewall_v1.json"	""
"data/projects/open_model_data/contracts/phase3_source_author_prompt_v1.md"	"registry/projects/open_model_data/evidence/phase3_v2_compatibility_matrix_v1.json"	""
"data/projects/open_model_data/contracts/phase3_source_author_prompt_v1.md"	"scripts/projects/open_model_data/phase3_v2_compatibility.py"	""
"data/projects/open_model_data/contracts/phase3_source_disposition_input_v1.schema.json"	"registry/projects/open_model_data/evidence/phase3_v2_compatibility_matrix_v1.json"	""
"data/projects/open_model_data/contracts/phase3_source_disposition_input_v1.schema.json"	"scripts/projects/open_model_data/phase3_v2_compatibility.py"	""
"data/projects/open_model_data/contracts/phase3_source_production_transport_v1.schema.json"	"registry/projects/open_model_data/evidence/phase3_v2_compatibility_matrix_v1.json"	""
"data/projects/open_model_data/contracts/phase3_source_production_transport_v1.schema.json"	"scripts/projects/open_model_data/phase3_v2_compatibility.py"	""
"data/projects/open_model_data/contracts/phase3_source_review_prompt_v1.md"	"registry/projects/open_model_data/evidence/phase3_v2_compatibility_matrix_v1.json"	""
"data/projects/open_model_data/contracts/phase3_source_review_prompt_v1.md"	"scripts/projects/open_model_data/phase3_v2_compatibility.py"	""
"data/projects/open_model_data/contracts/phase3_source_unit_materialization_receipt_v1.schema.json"	"registry/projects/open_model_data/evidence/phase3_v2_compatibility_matrix_v1.json"	""
"data/projects/open_model_data/contracts/phase3_source_unit_materialization_receipt_v1.schema.json"	"scripts/projects/open_model_data/phase3_v2_compatibility.py"	""
"data/projects/open_model_data/contracts/phase3_source_universe_freeze_v1.schema.json"	"batch_state/phase3-cycle007-source-authority-review-brief-v1.md"	""
"data/projects/open_model_data/contracts/phase3_source_universe_freeze_v1.schema.json"	"registry/projects/open_model_data/evidence/phase3_v2_compatibility_matrix_v1.json"	""
"data/projects/open_model_data/contracts/phase3_source_universe_freeze_v1.schema.json"	"scripts/projects/open_model_data/phase3_v2_compatibility.py"	""
"data/projects/open_model_data/contracts/phase3_source_universe_freeze_v1.schema.json"	"tests/test_open_model_phase3_source_universe.py"	""
"data/projects/open_model_data/contracts/phase3_spas_catalog_materialization_receipt_v1.schema.json"	"registry/projects/open_model_data/admission/phase3_historical_evidence_spine_v2.json"	""
"data/projects/open_model_data/contracts/phase3_spas_catalog_materialization_receipt_v1.schema.json"	"scripts/projects/open_model_data/phase3_historical_evidence_spine_v2.py"	""
"data/projects/open_model_data/contracts/phase3_spas_catalog_materialization_receipt_v1.schema.json"	"scripts/projects/open_model_data/phase3_spas_catalog_materialization.py"	""
"data/projects/open_model_data/contracts/phase3_spas_glyph_adapter_receipt_v1.schema.json"	"registry/projects/open_model_data/admission/phase3_historical_evidence_spine_v2.json"	""
"data/projects/open_model_data/contracts/phase3_spas_glyph_adapter_receipt_v1.schema.json"	"scripts/projects/open_model_data/phase3_historical_evidence_spine_v2.py"	""
"data/projects/open_model_data/contracts/phase3_spas_glyph_adapter_receipt_v1.schema.json"	"scripts/projects/open_model_data/phase3_spas_glyph_adapter.py"	""
"data/projects/open_model_data/contracts/phase3_spas_layout_candidate_receipt_v1.schema.json"	"registry/projects/open_model_data/admission/phase3_historical_evidence_spine_v2.json"	""
"data/projects/open_model_data/contracts/phase3_spas_layout_candidate_receipt_v1.schema.json"	"scripts/projects/open_model_data/phase3_historical_evidence_spine_v2.py"	""
"data/projects/open_model_data/contracts/phase3_spas_layout_candidate_receipt_v1.schema.json"	"scripts/projects/open_model_data/phase3_spas_layout_candidates.py"	""
"data/projects/open_model_data/contracts/phase3_spas_source_attribution_receipt_v1.schema.json"	"registry/projects/open_model_data/admission/phase3_historical_evidence_spine_v2.json"	""
"data/projects/open_model_data/contracts/phase3_spas_source_attribution_receipt_v1.schema.json"	"scripts/projects/open_model_data/phase3_historical_evidence_spine_v2.py"	""
"data/projects/open_model_data/contracts/phase3_spas_source_attribution_receipt_v1.schema.json"	"scripts/projects/open_model_data/phase3_spas_source_attribution.py"	""
"data/projects/open_model_data/contracts/phase3_textbook_nonhit_bundle_v1.schema.json"	"registry/projects/open_model_data/evidence/phase3_v2_compatibility_matrix_v1.json"	""
"data/projects/open_model_data/contracts/phase3_textbook_nonhit_bundle_v1.schema.json"	"scripts/projects/open_model_data/phase3_v2_compatibility.py"	""
"data/projects/open_model_data/contracts/phase3_university_content_audit_freeze_v1.schema.json"	"scripts/projects/open_model_data/phase3_university_content_audit_freeze.py"	""
"data/projects/open_model_data/contracts/phase3_university_reconciliation_v3.schema.json"	"scripts/projects/open_model_data/phase3_university_reconciliation.py"	""
"data/projects/open_model_data/contracts/phase3_v3_cooperative_control_plane_v1.schema.json"	"registry/projects/open_model_data/contracts/phase3_v3_cooperative_control_plane_v1.schema.json"	""
"data/projects/open_model_data/contracts/phase3_v3_cooperative_control_plane_v1.schema.json"	"registry/projects/open_model_data/contracts/phase3_v3a_compatibility_matrix_v1.json"	""
"data/projects/open_model_data/contracts/phase3_v3_cooperative_control_plane_v1.schema.json"	"registry/projects/open_model_data/contracts/phase3_v3a_taxonomy_denominator_compatibility_v1.json"	""
"data/projects/open_model_data/contracts/phase3_v3_cooperative_control_plane_v1.schema.json"	"registry/projects/open_model_data/contracts/phase3_v3b_cooperative_control_plane_v1.json"	""
"data/projects/open_model_data/contracts/phase3_v3_cooperative_control_plane_v1.schema.json"	"registry/projects/open_model_data/evidence/phase3_v3_cooperative_control_plane_v1.json"	""
"data/projects/open_model_data/contracts/phase3_v3_cooperative_control_plane_v1.schema.json"	"scripts/projects/open_model_data/phase3_v3_cooperative_control_plane.py"	""
"data/projects/open_model_data/contracts/phase3_v3a_compatibility_matrix_v1.json"	"registry/projects/open_model_data/contracts/phase3_v3b_cooperative_control_plane_v1.json"	""
"data/projects/open_model_data/contracts/phase3_v3a_compatibility_matrix_v1.json"	"registry/projects/open_model_data/contracts/phase3_v3c_heldout_extension_solo_custody_v1.json"	""
"data/projects/open_model_data/contracts/phase3_v3a_taxonomy_denominator_compatibility_v1.json"	"registry/projects/open_model_data/contracts/phase3_v3a_compatibility_matrix_v1.json"	""
"data/projects/open_model_data/contracts/phase3_v3a_taxonomy_denominator_compatibility_v1.json"	"registry/projects/open_model_data/contracts/phase3_v3b_cooperative_control_plane_v1.json"	""
"data/projects/open_model_data/contracts/phase3_v3a_taxonomy_denominator_compatibility_v1.json"	"registry/projects/open_model_data/contracts/phase3_v3c_heldout_extension_solo_custody_v1.json"	""
"data/projects/open_model_data/contracts/phase3_v3a_taxonomy_denominator_compatibility_v1.schema.json"	"registry/projects/open_model_data/contracts/phase3_v3a_taxonomy_denominator_compatibility_v1.json"	""
"data/projects/open_model_data/contracts/phase3_v3a_taxonomy_denominator_compatibility_v1.schema.json"	"registry/projects/open_model_data/contracts/phase3_v3b_cooperative_control_plane_v1.json"	""
"data/projects/open_model_data/contracts/phase3_v3b_cooperative_control_plane_v1.schema.json"	"registry/projects/open_model_data/contracts/phase3_v3b_cooperative_control_plane_v1.json"	""
"data/projects/open_model_data/contracts/phase3_v3c_heldout_extension_solo_custody_v1.schema.json"	"registry/projects/open_model_data/contracts/phase3_v3c_heldout_extension_solo_custody_v1.json"	""
"data/projects/open_model_data/contracts/phase3_vspu_db_cutover_v1.schema.json"	"scripts/projects/open_model_data/phase3_vspu_db_cutover.py"	""
"data/projects/open_model_data/contracts/preference_view_v1.schema.json"	"registry/projects/open_model_data/model_views/model_ready_product_audit_v1.json"	""
"data/projects/open_model_data/contracts/quality_filter_view_v1.schema.json"	"registry/projects/open_model_data/model_views/model_ready_product_audit_v1.json"	""
"data/projects/open_model_data/contracts/review_candidate_v1.schema.json"	"scripts/projects/open_model_data/profile_corpus.py"	""
"data/projects/open_model_data/contracts/review_candidate_v1.schema.json"	"tests/test_open_model_corpus_profiler.py"	""
"data/projects/open_model_data/contracts/source_capability_policy_v1.schema.json"	"registry/projects/open_model_data/model_views/model_ready_product_audit_v1.json"	""
"data/projects/open_model_data/contracts/source_record_v1.example.json"	"docs/projects/open-model-data/SOURCE_RECORD_CONTRACT.md"	""
"data/projects/open_model_data/contracts/source_record_v1.example.json"	"tests/test_open_model_source_record_contract.py"	""
"data/projects/open_model_data/contracts/source_record_v1.example.json"	"tests/test_open_model_view_exporter.py"	""
"data/projects/open_model_data/contracts/source_record_v1.schema.json"	"registry/projects/open_model_data/admission/phase3_p4_pilot_construction_v1.json"	""
"data/projects/open_model_data/contracts/source_record_v1.schema.json"	"registry/projects/open_model_data/model_views/model_ready_product_audit_v1.json"	""
"data/projects/open_model_data/contracts/source_record_v1.schema.json"	"tests/test_open_model_phase3_p4_pilot.py"	""
"data/projects/open_model_data/contracts/source_work_locator_v1.schema.json"	"scripts/projects/open_model_data/source_work_locator_index.py"	""
"data/projects/open_model_data/contracts/source_work_locator_v1.schema.json"	"tests/test_source_work_locator_index.py"	""
"data/projects/open_model_data/contracts/v1_cot_claim_verification_receipt.schema.json"	"docs/projects/open-model-data/PHASE_3_5_COT_CLAIM_VERIFIER.md"	""
"data/projects/open_model_data/contracts/v1_decolonization_dpo_pair.schema.json"	"docs/projects/open-model-data/PHASE_3_7_PRODUCTION_SHARDS.md"	""
"data/projects/open_model_data/contracts/v1_decolonization_trajectory.schema.json"	"docs/projects/open-model-data/PHASE_3_5_COT_CLAIM_VERIFIER.md"	""
"data/projects/open_model_data/contracts/v1_decolonization_trajectory.schema.json"	"docs/projects/open-model-data/PHASE_3_6_PILOT_CANARY.md"	""
"data/projects/open_model_data/contracts/v1_decolonization_trajectory.schema.json"	"docs/projects/open-model-data/PHASE_3_7_PRODUCTION_SHARDS.md"	""
"data/projects/open_model_data/contracts/v1_differential_soviet_candidate.schema.json"	"docs/projects/open-model-data/SOVIET_DIFFERENTIAL_MINER.md"	""
"data/projects/open_model_data/contracts/v1_differential_soviet_receipt.schema.json"	"docs/projects/open-model-data/SOVIET_DIFFERENTIAL_MINER.md"	""
"data/projects/open_model_data/contracts/v1_pilot_canary_receipt.schema.json"	"docs/projects/open-model-data/PHASE_3_6_PILOT_CANARY.md"	""
"data/projects/open_model_data/contracts/v1_pilot_canary_receipt.schema.json"	"docs/projects/open-model-data/REAL_TRAINING_RUN_SCORECARD_8338.md"	""
"data/projects/open_model_data/contracts/v1_stem_controls_receipt.schema.json"	"docs/projects/open-model-data/PHASE_3_3_STEM_NEGATIVE_CONTROLS.md"	""
"data/projects/open_model_data/contracts/v4_dataset_quality_evaluation_v1.schema.json"	"scripts/projects/open_model_data/v4_dataset_quality_evaluation.py"	""
"data/projects/open_model_data/contracts/v4_dataset_quality_evaluation_v1.schema.json"	"tests/projects/open_model_data/test_v4_dataset_quality_evaluation.py"	""
"data/projects/open_model_data/contracts/v4_delivery_reproduction_receipt_v1.schema.json"	"scripts/projects/open_model_data/v4_reproduce_deliverables.py"	""
"data/projects/open_model_data/contracts/v4_delivery_reproduction_receipt_v1.schema.json"	"tests/projects/open_model_data/test_v4_reproduce_deliverables.py"	""
"data/projects/open_model_data/contracts/v4_human_source_dataset_manifest_v1.schema.json"	"scripts/projects/open_model_data/v4_human_source_dataset.py"	""
"data/projects/open_model_data/contracts/v4_human_source_dataset_receipt_v1.schema.json"	"scripts/projects/open_model_data/v4_human_source_dataset.py"	""
"data/projects/open_model_data/contracts/v4_human_source_dataset_record_v1.schema.json"	"scripts/projects/open_model_data/v4_human_source_dataset.py"	""
"data/projects/open_model_data/contracts/v4_human_source_dataset_record_v1.schema.json"	"scripts/projects/open_model_data/v4_reproduce_deliverables.py"	""
"data/projects/open_model_data/contracts/v4_human_source_dataset_record_v1.schema.json"	"tests/projects/open_model_data/test_v4_reproduce_deliverables.py"	""
"data/projects/open_model_data/contracts/v4_human_source_pilot_manifest_v1.schema.json"	"scripts/projects/open_model_data/v4_human_source_pilot.py"	""
"data/projects/open_model_data/contracts/v4_human_source_pilot_receipt_v1.schema.json"	"scripts/projects/open_model_data/v4_human_source_pilot.py"	""
"data/projects/open_model_data/contracts/v4_human_source_pilot_record_v1.schema.json"	"scripts/projects/open_model_data/v4_human_source_pilot.py"	""
"data/projects/open_model_data/contracts/v4_language_usage_config_v1.schema.json"	"scripts/projects/open_model_data/v4_language_usage_separation.py"	""
"data/projects/open_model_data/contracts/v4_language_usage_config_v1.schema.json"	"tests/projects/open_model_data/test_v4_language_usage_separation.py"	""
"data/projects/open_model_data/contracts/v4_language_usage_item_v1.schema.json"	"scripts/projects/open_model_data/v4_language_usage_separation.py"	""
"data/projects/open_model_data/contracts/v4_language_usage_item_v1.schema.json"	"tests/projects/open_model_data/test_v4_language_usage_separation.py"	""
"data/projects/open_model_data/contracts/v4_language_usage_receipt_v1.schema.json"	"scripts/projects/open_model_data/v4_language_usage_separation.py"	""
"data/projects/open_model_data/contracts/v4_language_usage_receipt_v1.schema.json"	"tests/projects/open_model_data/test_v4_language_usage_separation.py"	""
"data/projects/open_model_data/contracts/v4_learning_study_execution_v1.schema.json"	"scripts/projects/open_model_data/v4_open_weight_learning_study.py"	""
"data/projects/open_model_data/contracts/v4_learning_study_receipt_v1.schema.json"	"scripts/projects/open_model_data/v4_open_weight_learning_study.py"	""
"data/projects/open_model_data/contracts/v4_learning_study_receipt_v1.schema.json"	"tests/projects/open_model_data/test_v4_reproduce_deliverables.py"	""
"data/projects/open_model_data/contracts/v4_learning_study_recipe_v1.schema.json"	"scripts/projects/open_model_data/v4_open_weight_learning_study.py"	""
"data/projects/open_model_data/contracts/v4_native_extraction_config_v1.schema.json"	"scripts/projects/open_model_data/v4_native_extraction_validation.py"	""
"data/projects/open_model_data/contracts/v4_native_extraction_item_v1.schema.json"	"scripts/projects/open_model_data/v4_native_extraction_validation.py"	""
"data/projects/open_model_data/contracts/v4_native_extraction_quarantine_report_v1.schema.json"	"scripts/projects/open_model_data/v4_native_extraction_validation.py"	""
"data/projects/open_model_data/contracts/v4_native_extraction_receipt_v1.schema.json"	"scripts/projects/open_model_data/v4_native_extraction_validation.py"	""
"data/projects/open_model_data/contracts/v4_provenance_restoration_v1.schema.json"	"scripts/projects/open_model_data/v4_provenance_restoration.py"	""
"data/projects/open_model_data/contracts/v4_provenance_restoration_v1.schema.json"	"tests/projects/open_model_data/test_v4_provenance_restoration.py"	""
"data/projects/open_model_data/contracts/v4_provenance_restoration_v1.schema.json"	"tests/test_source_work_locator_index.py"	""
"data/projects/open_model_data/contracts/v4_source_custody_access_config_v1.schema.json"	"tests/projects/open_model_data/test_v4_source_custody_access.py"	""
"data/projects/open_model_data/contracts/v4_source_custody_access_item_v1.schema.json"	"tests/projects/open_model_data/test_v4_source_custody_access.py"	""
"data/projects/open_model_data/contracts/v4_source_custody_access_receipt_v1.schema.json"	"tests/projects/open_model_data/test_v4_source_custody_access.py"	""
"data/projects/open_model_data/contracts/v4_source_custody_missing_report_v1.schema.json"	"tests/projects/open_model_data/test_v4_source_custody_access.py"	""
"data/projects/open_model_data/contracts/v4_work_grouping_split_config_v1.schema.json"	"scripts/projects/open_model_data/v4_work_grouping_split.py"	""
"data/projects/open_model_data/contracts/v4_work_grouping_split_item_v1.schema.json"	"scripts/projects/open_model_data/v4_work_grouping_split.py"	""
"data/projects/open_model_data/contracts/v4_work_grouping_split_receipt_v1.schema.json"	"scripts/projects/open_model_data/v4_work_grouping_split.py"	""
"data/projects/open_model_data/custody/v4_source_custody_access_config_v1.json"	"docs/projects/ukrainian-data-foundry-evidence/SOURCE_CUSTODY_ACCESS.md"	""
"data/projects/open_model_data/custody/v4_source_custody_access_config_v1.json"	"scripts/projects/open_model_data/v4_source_custody_access.py"	""
"data/projects/open_model_data/custody/v4_source_custody_access_config_v1.json"	"tests/projects/open_model_data/test_v4_source_custody_access.py"	""
"data/projects/open_model_data/custody/v4_source_custody_access_index_v1.jsonl"	"docs/projects/ukrainian-data-foundry-evidence/SOURCE_CUSTODY_ACCESS.md"	""
"data/projects/open_model_data/custody/v4_source_custody_access_index_v1.jsonl"	"registry/projects/open_model_data/custody/v4_source_custody_access_config_v1.json"	""
"data/projects/open_model_data/custody/v4_source_custody_access_index_v1.jsonl"	"registry/projects/open_model_data/extraction/v4_native_extraction_config_v1.json"	""
"data/projects/open_model_data/custody/v4_source_custody_access_index_v1.jsonl"	"tests/projects/open_model_data/test_v4_source_custody_access.py"	""
"data/projects/open_model_data/custody/v4_source_custody_access_receipt_v1.json"	"docs/projects/ukrainian-data-foundry-evidence/SOURCE_CUSTODY_ACCESS.md"	""
"data/projects/open_model_data/custody/v4_source_custody_access_receipt_v1.json"	"registry/projects/open_model_data/custody/v4_source_custody_access_config_v1.json"	""
"data/projects/open_model_data/custody/v4_source_custody_access_receipt_v1.json"	"registry/projects/open_model_data/extraction/v4_native_extraction_config_v1.json"	""
"data/projects/open_model_data/custody/v4_source_custody_access_receipt_v1.json"	"tests/projects/open_model_data/test_v4_source_custody_access.py"	""
"data/projects/open_model_data/custody/v4_source_custody_missing_report_v1.json"	"docs/projects/ukrainian-data-foundry-evidence/SOURCE_CUSTODY_ACCESS.md"	""
"data/projects/open_model_data/custody/v4_source_custody_missing_report_v1.json"	"registry/projects/open_model_data/custody/v4_source_custody_access_config_v1.json"	""
"data/projects/open_model_data/custody/v4_source_custody_missing_report_v1.json"	"tests/projects/open_model_data/test_v4_source_custody_access.py"	""
"data/projects/open_model_data/dataset/v4_human_source_dataset_manifest_v1.json"	"scripts/projects/open_model_data/v4_human_source_dataset.py"	""
"data/projects/open_model_data/dataset/v4_human_source_dataset_manifest_v1.json"	"scripts/projects/open_model_data/v4_open_weight_learning_study.py"	""
"data/projects/open_model_data/dataset/v4_human_source_dataset_manifest_v1.json"	"scripts/projects/open_model_data/v4_reproduce_deliverables.py"	""
"data/projects/open_model_data/dataset/v4_human_source_dataset_manifest_v1.json"	"tests/projects/open_model_data/test_v4_reproduce_deliverables.py"	""
"data/projects/open_model_data/dataset/v4_human_source_dataset_receipt_v1.json"	"registry/projects/open_model_data/dataset/v4_human_source_dataset_manifest_v1.json"	""
"data/projects/open_model_data/dataset/v4_human_source_dataset_receipt_v1.json"	"scripts/projects/open_model_data/v4_human_source_dataset.py"	""
"data/projects/open_model_data/dataset/v4_human_source_dataset_receipt_v1.json"	"scripts/projects/open_model_data/v4_open_weight_learning_study.py"	""
"data/projects/open_model_data/dataset/v4_human_source_dataset_receipt_v1.json"	"scripts/projects/open_model_data/v4_reproduce_deliverables.py"	""
"data/projects/open_model_data/dataset/v4_human_source_dataset_receipt_v1.json"	"tests/projects/open_model_data/test_v4_reproduce_deliverables.py"	""
"data/projects/open_model_data/dataset/v4_human_source_dataset_records_v1.jsonl"	"docs/projects/ukrainian-data-foundry-evidence/HUMAN_SOURCE_DATASET_DENOMINATOR_AUDIT.md"	""
"data/projects/open_model_data/dataset/v4_human_source_dataset_records_v1.jsonl"	"registry/projects/open_model_data/dataset/v4_human_source_dataset_manifest_v1.json"	""
"data/projects/open_model_data/dataset/v4_human_source_dataset_records_v1.jsonl"	"registry/projects/open_model_data/study/v4_learning_study_recipe_v1.json"	""
"data/projects/open_model_data/dataset/v4_human_source_dataset_records_v1.jsonl"	"scripts/projects/open_model_data/v4_human_source_dataset.py"	""
"data/projects/open_model_data/dataset/v4_human_source_dataset_records_v1.jsonl"	"scripts/projects/open_model_data/v4_open_weight_learning_study.py"	""
"data/projects/open_model_data/dataset/v4_human_source_dataset_records_v1.jsonl"	"scripts/projects/open_model_data/v4_reproduce_deliverables.py"	""
"data/projects/open_model_data/dataset/v4_human_source_dataset_records_v1.jsonl"	"tests/projects/open_model_data/test_v4_reproduce_deliverables.py"	""
"data/projects/open_model_data/decolonization/consumer/uldr_sharegpt_train_part001.jsonl"	"docs/projects/open-model-data/decolonization-training-guide.md"	""
"data/projects/open_model_data/decolonization/generated/decolonization_manifest.json"	"docs/projects/open-model-data/UNLP_DECOLONIZATION_REASONING_PAPER.md"	""
"data/projects/open_model_data/decolonization/generated/decolonization_trajectories_held_out_part001.jsonl"	"docs/projects/open-model-data/decolonization-training-guide.md"	""
"data/projects/open_model_data/decolonization/generated/decolonization_trajectories_train_part001.jsonl"	"scripts/projects/open_model_data/v4_pilot_canary_evaluation.py"	""
"data/projects/open_model_data/decolonization/mined/corpus_contrast_tables.jsonl"	"scripts/projects/open_model_data/v4_production_shards_assembly.py"	""
"data/projects/open_model_data/decolonization/mined/uagec_mined_calques.jsonl"	"scripts/projects/open_model_data/v4_production_shards_assembly.py"	""
"data/projects/open_model_data/decolonization/mined/uagec_mined_calques.jsonl"	"scripts/projects/open_model_data/v5_build_dialect_historical_protection_suite.py"	""
"data/projects/open_model_data/decolonization/partitions/dialect_historical_protection_receipt_v1.json"	"docs/projects/open-model-data/PHASE_5_2_DIALECT_HISTORICAL_PROTECTION.md"	""
"data/projects/open_model_data/decolonization/partitions/dialect_historical_protection_suite_600.jsonl"	"docs/projects/open-model-data/PHASE_5_2_DIALECT_HISTORICAL_PROTECTION.md"	""
"data/projects/open_model_data/decolonization/partitions/dialect_historical_protection_suite_600.jsonl"	"docs/projects/open-model-data/PRODUCTION_RELEASE_PLAN.md"	""
"data/projects/open_model_data/decolonization/partitions/dialect_historical_protection_suite_600.jsonl"	"docs/projects/open-model-data/REAL_TRAINING_RUN_SCORECARD_8338.md"	""
"data/projects/open_model_data/decolonization/partitions/dialect_historical_protection_suite_600.jsonl"	"registry/projects/open_model_data/decolonization/partitions/dialect_historical_protection_receipt_v1.json"	""
"data/projects/open_model_data/decolonization/partitions/dialect_historical_protection_suite_600.jsonl"	"scripts/projects/open_model_data/v5_build_dialect_historical_protection_suite.py"	""
"data/projects/open_model_data/decolonization/partitions/dialect_historical_protection_suite_600.jsonl"	"scripts/projects/open_model_data/v5_pretraining_contradiction_audit.py"	""
"data/projects/open_model_data/decolonization/partitions/heldout_evaluation_suite_1000.jsonl"	"docs/projects/open-model-data/PHASE_3_7_PRODUCTION_SHARDS.md"	""
"data/projects/open_model_data/decolonization/partitions/heldout_evaluation_suite_1000.jsonl"	"docs/projects/open-model-data/PRODUCTION_RELEASE_PLAN.md"	""
"data/projects/open_model_data/decolonization/partitions/heldout_evaluation_suite_1000.jsonl"	"docs/projects/open-model-data/REAL_TRAINING_RUN_SCORECARD_8338.md"	""
"data/projects/open_model_data/decolonization/partitions/heldout_evaluation_suite_1000.jsonl"	"scripts/projects/open_model_data/v4_pilot_canary_evaluation.py"	""
"data/projects/open_model_data/decolonization/seeds/human_gold_seeds_150_dpo.jsonl"	"scripts/projects/open_model_data/v4_production_shards_assembly.py"	""
"data/projects/open_model_data/decolonization/seeds/human_gold_seeds_150_trajectories.jsonl"	"scripts/projects/open_model_data/v4_production_shards_assembly.py"	""
"data/projects/open_model_data/decolonization/seeds/seed_decolonization_trajectories.jsonl"	"docs/projects/open-model-data/PHASE_3_5_COT_CLAIM_VERIFIER.md"	""
"data/projects/open_model_data/decolonization/seeds/seed_decolonization_trajectories.jsonl"	"scripts/projects/open_model_data/v4_verify_trajectory_claims.py"	""
"data/projects/open_model_data/delivery/v4_delivery_reproduction_receipt_v1.json"	"scripts/projects/open_model_data/v4_reproduce_deliverables.py"	""
"data/projects/open_model_data/delivery/v4_delivery_reproduction_receipt_v1.json"	"tests/projects/open_model_data/test_v4_reproduce_deliverables.py"	""
"data/projects/open_model_data/detector/correction_protection_known_answers_v1.json"	"registry/projects/open_model_data/evidence/correction_protection_bundle_manifest_v1.json"	""
"data/projects/open_model_data/detector/correction_protection_known_answers_v1.json"	"registry/projects/open_model_data/evidence/correction_protection_release_receipt_v1.json"	""
"data/projects/open_model_data/detector/correction_protection_known_answers_v1.json"	"scripts/projects/open_model_data/correction_protection_factory.py"	""
"data/projects/open_model_data/detector/correction_protection_known_answers_v1.json"	"scripts/projects/open_model_data/phase3_heldout_partition.py"	""
"data/projects/open_model_data/detector/correction_protection_known_answers_v1.json"	"tests/test_open_model_correction_protection_factory.py"	""
"data/projects/open_model_data/detector/correction_protection_known_answers_v1.json"	"tests/test_open_model_phase3_heldout_partition.py"	""
"data/projects/open_model_data/detector/correction_protection_thresholds_v1.json"	"registry/projects/open_model_data/evidence/correction_protection_bundle_manifest_v1.json"	""
"data/projects/open_model_data/detector/correction_protection_thresholds_v1.json"	"registry/projects/open_model_data/evidence/correction_protection_release_receipt_v1.json"	""
"data/projects/open_model_data/detector/correction_protection_thresholds_v1.json"	"scripts/projects/open_model_data/correction_protection_factory.py"	""
"data/projects/open_model_data/detector/correction_protection_thresholds_v1.json"	"tests/test_open_model_correction_protection_factory.py"	""
"data/projects/open_model_data/detector/language_contact_config_v1.json"	"docs/projects/ukrainian-data-foundry-evidence/PHASE3_CONTRACTS.md"	""
"data/projects/open_model_data/detector/language_contact_config_v1.json"	"docs/projects/ukrainian-data-foundry-evidence/PHASE3_CONTRACTS.uk.md"	""
"data/projects/open_model_data/detector/language_contact_config_v1.json"	"docs/runbooks/ukrainian-data-foundry-clean-ukrainian-recipe.md"	""
"data/projects/open_model_data/detector/language_contact_config_v1.json"	"docs/runbooks/ukrainian-data-foundry-correction-factory.md"	""
"data/projects/open_model_data/detector/language_contact_config_v1.json"	"docs/runbooks/ukrainian-data-foundry-language-contact-detector.md"	""
"data/projects/open_model_data/detector/language_contact_config_v1.json"	"scripts/projects/open_model_data/foundry_cli.py"	""
"data/projects/open_model_data/detector/language_contact_config_v1.json"	"scripts/projects/open_model_data/language_contact_adjudication.py"	""
"data/projects/open_model_data/detector/language_contact_config_v1.json"	"scripts/projects/open_model_data/language_contact_detector.py"	""
"data/projects/open_model_data/detector/language_contact_config_v1.json"	"scripts/projects/open_model_data/silver_evidence_factory.py"	""
"data/projects/open_model_data/detector/language_contact_config_v1.json"	"tests/test_open_model_vesum_unattested_sample.py"	""
"data/projects/open_model_data/detector/language_contact_receipt_v1.json"	"docs/runbooks/ukrainian-data-foundry-language-contact-detector.md"	""
"data/projects/open_model_data/detector/language_contact_receipt_v1.json"	"scripts/projects/open_model_data/audit_corpus_training_usability.py"	""
"data/projects/open_model_data/detector/language_contact_receipt_v1.json"	"scripts/projects/open_model_data/language_contact_detector.py"	""
"data/projects/open_model_data/detector/language_contact_receipt_v1.json"	"scripts/projects/open_model_data/model_ready_view_production.py"	""
"data/projects/open_model_data/detector/r2u_evidence_cache_v1.json"	"registry/projects/open_model_data/detector/correction_protection_known_answers_v1.json"	""
"data/projects/open_model_data/detector/r2u_evidence_cache_v1.json"	"registry/projects/open_model_data/detector/language_contact_config_v1.json"	""
"data/projects/open_model_data/detector/r2u_evidence_cache_v1.json"	"registry/projects/open_model_data/silver/external_articles_validation_config_v1.json"	""
"data/projects/open_model_data/detector/regression_fixture_v1.json"	"scripts/projects/open_model_data/language_contact_detector.py"	""
"data/projects/open_model_data/evidence/correction_protection_adapter_receipt_v1.json"	"registry/projects/open_model_data/evidence/phase3_v2_compatibility_matrix_v1.json"	""
"data/projects/open_model_data/evidence/correction_protection_adapter_receipt_v1.json"	"tests/test_open_model_phase3_v2_compatibility.py"	""
"data/projects/open_model_data/evidence/correction_protection_bundle_manifest_v1.json"	"registry/projects/open_model_data/evidence/correction_protection_release_receipt_v1.json"	""
"data/projects/open_model_data/evidence/correction_protection_bundle_manifest_v1.json"	"registry/projects/open_model_data/evidence/phase3_v2_compatibility_matrix_v1.json"	""
"data/projects/open_model_data/evidence/correction_protection_bundle_manifest_v1.json"	"registry/projects/open_model_data/release/correction_protection_v1/receipt.json"	""
"data/projects/open_model_data/evidence/correction_protection_coverage_contract_v1.json"	"registry/projects/open_model_data/evidence/phase3_v2_compatibility_matrix_v1.json"	""
"data/projects/open_model_data/evidence/correction_protection_coverage_contract_v1.json"	"scripts/projects/open_model_data/phase3_source_universe.py"	""
"data/projects/open_model_data/evidence/correction_protection_coverage_contract_v1.json"	"tests/test_open_model_phase3_heldout_partition.py"	""
"data/projects/open_model_data/evidence/correction_protection_coverage_contract_v1.json"	"tests/test_open_model_phase3_rule_author_source_rows.py"	""
"data/projects/open_model_data/evidence/correction_protection_evaluation_contract_v1.json"	"registry/projects/open_model_data/evidence/phase3_v2_compatibility_matrix_v1.json"	""
"data/projects/open_model_data/evidence/correction_protection_evaluation_contract_v1.json"	"scripts/projects/open_model_data/phase3_v2_compatibility.py"	""
"data/projects/open_model_data/evidence/correction_protection_evaluation_contract_v1.json"	"tests/test_open_model_phase3_heldout_partition.py"	""
"data/projects/open_model_data/evidence/correction_protection_evaluation_contract_v1.json"	"tests/test_open_model_phase3_rule_author_source_rows.py"	""
"data/projects/open_model_data/evidence/correction_protection_evaluation_contract_v2_2.json"	"registry/projects/open_model_data/contracts/phase3_v2_compatibility_matrix_v1.schema.json"	""
"data/projects/open_model_data/evidence/correction_protection_evaluation_contract_v2_2.json"	"registry/projects/open_model_data/evidence/phase3_v2_compatibility_matrix_v1.json"	""
"data/projects/open_model_data/evidence/correction_protection_evaluation_contract_v2_2.json"	"scripts/projects/open_model_data/phase3_v2_compatibility.py"	""
"data/projects/open_model_data/evidence/correction_protection_functional_role_contract_v2_1.json"	"registry/projects/open_model_data/contracts/correction_protection_evaluation_contract_v1.schema.json"	""
"data/projects/open_model_data/evidence/correction_protection_functional_role_contract_v2_1.json"	"registry/projects/open_model_data/contracts/phase3_v2_compatibility_matrix_v1.schema.json"	""
"data/projects/open_model_data/evidence/correction_protection_functional_role_contract_v2_1.json"	"registry/projects/open_model_data/evidence/correction_protection_evaluation_contract_v1.json"	""
"data/projects/open_model_data/evidence/correction_protection_functional_role_contract_v2_1.json"	"registry/projects/open_model_data/evidence/phase3_v2_compatibility_matrix_v1.json"	""
"data/projects/open_model_data/evidence/correction_protection_functional_role_contract_v2_1.json"	"scripts/projects/open_model_data/phase3_recovery_contracts.py"	""
"data/projects/open_model_data/evidence/correction_protection_functional_role_contract_v2_1.json"	"scripts/projects/open_model_data/phase3_source_dispositions.py"	""
"data/projects/open_model_data/evidence/correction_protection_functional_role_contract_v2_1.json"	"scripts/projects/open_model_data/phase3_source_production_transport.py"	""
"data/projects/open_model_data/evidence/correction_protection_functional_role_contract_v2_1.json"	"scripts/projects/open_model_data/phase3_v2_compatibility.py"	""
"data/projects/open_model_data/evidence/correction_protection_functional_role_contract_v2_1.json"	"tests/test_open_model_phase3_heldout_partition.py"	""
"data/projects/open_model_data/evidence/correction_protection_functional_role_contract_v2_1.json"	"tests/test_open_model_phase3_rule_author_source_rows.py"	""
"data/projects/open_model_data/evidence/correction_protection_functional_role_contract_v2_2.json"	"registry/projects/open_model_data/contracts/phase3_v2_compatibility_matrix_v1.schema.json"	""
"data/projects/open_model_data/evidence/correction_protection_functional_role_contract_v2_2.json"	"registry/projects/open_model_data/evidence/phase3_v2_compatibility_matrix_v1.json"	""
"data/projects/open_model_data/evidence/correction_protection_functional_role_contract_v2_2.json"	"scripts/projects/open_model_data/phase3_v2_compatibility.py"	""
"data/projects/open_model_data/evidence/correction_protection_model_lanes_v1.json"	"docs/projects/ukrainian-data-foundry-evidence/PHASE3_CORRECTION_PROTECTION.md"	""
"data/projects/open_model_data/evidence/correction_protection_model_lanes_v1.json"	"docs/projects/ukrainian-data-foundry-evidence/PHASE3_CORRECTION_PROTECTION.uk.md"	""
"data/projects/open_model_data/evidence/correction_protection_model_lanes_v1.json"	"registry/projects/open_model_data/evidence/phase3_v2_compatibility_matrix_v1.json"	""
"data/projects/open_model_data/evidence/correction_protection_model_lanes_v1.json"	"tests/test_open_model_correction_protection_factory.py"	""
"data/projects/open_model_data/evidence/correction_protection_near_duplicate_policy_v1.json"	"packages/v4-runtime/asset_allowlist.json"	""
"data/projects/open_model_data/evidence/correction_protection_near_duplicate_policy_v1.json"	"packages/v4-runtime/src/learn_ukrainian_v4_runtime/phase3_near_duplicate.py"	""
"data/projects/open_model_data/evidence/correction_protection_near_duplicate_policy_v1.json"	"packages/v4-runtime/src/learn_ukrainian_v4_runtime/provenance/v1/bindings.json"	""
"data/projects/open_model_data/evidence/correction_protection_near_duplicate_policy_v1.json"	"registry/projects/open_model_data/admission/dataset_v4_a3_heldout_source_family_seal_receipt_v1.json"	""
"data/projects/open_model_data/evidence/correction_protection_near_duplicate_policy_v1.json"	"registry/projects/open_model_data/contracts/correction_protection_evaluation_contract_v1.schema.json"	""
"data/projects/open_model_data/evidence/correction_protection_near_duplicate_policy_v1.json"	"registry/projects/open_model_data/contracts/phase3_scope_circularity_firewall_v1.schema.json"	""
"data/projects/open_model_data/evidence/correction_protection_near_duplicate_policy_v1.json"	"registry/projects/open_model_data/evidence/correction_protection_evaluation_contract_v1.json"	""
"data/projects/open_model_data/evidence/correction_protection_near_duplicate_policy_v1.json"	"registry/projects/open_model_data/evidence/phase3_scope_circularity_firewall_v1.json"	""
"data/projects/open_model_data/evidence/correction_protection_near_duplicate_policy_v1.json"	"registry/projects/open_model_data/evidence/phase3_v2_compatibility_matrix_v1.json"	""
"data/projects/open_model_data/evidence/correction_protection_near_duplicate_policy_v1.json"	"scripts/projects/open_model_data/phase3_near_duplicate.py"	""
"data/projects/open_model_data/evidence/correction_protection_near_duplicate_policy_v1.json"	"scripts/projects/open_model_data/phase3_recovery_contracts.py"	""
"data/projects/open_model_data/evidence/correction_protection_near_duplicate_policy_v1.json"	"tests/projects/open_model_data/test_a3_heldout_source_family_seal.py"	""
"data/projects/open_model_data/evidence/correction_protection_near_duplicate_policy_v1.json"	"tests/test_open_model_phase3_heldout_partition.py"	""
"data/projects/open_model_data/evidence/correction_protection_near_duplicate_policy_v1.json"	"tests/test_open_model_phase3_near_duplicate.py"	""
"data/projects/open_model_data/evidence/correction_protection_near_duplicate_policy_v1.json"	"tests/test_open_model_phase3_rule_author_source_rows.py"	""
"data/projects/open_model_data/evidence/correction_protection_release_receipt_v1.json"	"registry/projects/open_model_data/evidence/phase3_v2_compatibility_matrix_v1.json"	""
"data/projects/open_model_data/evidence/correction_protection_release_receipt_v1.json"	"registry/projects/open_model_data/release/correction_protection_v1/receipt.json"	""
"data/projects/open_model_data/evidence/correction_protection_role_contract_v1.json"	"registry/projects/open_model_data/evidence/phase3_v2_compatibility_matrix_v1.json"	""
"data/projects/open_model_data/evidence/correction_protection_role_contract_v1.json"	"tests/test_open_model_phase3_heldout_partition.py"	""
"data/projects/open_model_data/evidence/correction_protection_role_contract_v1.json"	"tests/test_open_model_phase3_source_dispositions.py"	""
"data/projects/open_model_data/evidence/correction_protection_role_contract_v1.json"	"tests/test_open_model_phase3_v2_compatibility.py"	""
"data/projects/open_model_data/evidence/document_signal_config_v1.json"	"docs/projects/ukrainian-data-foundry-evidence/PHASE2_COMPLEMENTS.md"	""
"data/projects/open_model_data/evidence/document_signal_config_v1.json"	"docs/projects/ukrainian-data-foundry-evidence/PHASE2_COMPLEMENTS.uk.md"	""
"data/projects/open_model_data/evidence/document_signal_config_v1.json"	"docs/projects/ukrainian-data-foundry-evidence/README.md"	""
"data/projects/open_model_data/evidence/document_signal_config_v1.json"	"docs/projects/ukrainian-data-foundry-evidence/README.uk.md"	""
"data/projects/open_model_data/evidence/document_signal_config_v1.json"	"registry/projects/open_model_data/evidence/phase3_v2_compatibility_matrix_v1.json"	""
"data/projects/open_model_data/evidence/document_signal_receipt_v1.json"	"docs/projects/ukrainian-data-foundry-evidence/README.md"	""
"data/projects/open_model_data/evidence/document_signal_receipt_v1.json"	"docs/projects/ukrainian-data-foundry-evidence/README.uk.md"	""
"data/projects/open_model_data/evidence/document_signal_receipt_v1.json"	"registry/projects/open_model_data/evidence/phase3_v2_compatibility_matrix_v1.json"	""
"data/projects/open_model_data/evidence/phase3_cycle001_void_receipt_v1.json"	"registry/projects/open_model_data/contracts/correction_protection_evaluation_contract_v2_2.schema.json"	""
"data/projects/open_model_data/evidence/phase3_cycle001_void_receipt_v1.json"	"registry/projects/open_model_data/contracts/correction_protection_functional_role_contract_v2_2.schema.json"	""
"data/projects/open_model_data/evidence/phase3_cycle001_void_receipt_v1.json"	"registry/projects/open_model_data/contracts/phase3_v2_compatibility_matrix_v1.schema.json"	""
"data/projects/open_model_data/evidence/phase3_cycle001_void_receipt_v1.json"	"registry/projects/open_model_data/evidence/correction_protection_evaluation_contract_v2_2.json"	""
"data/projects/open_model_data/evidence/phase3_cycle001_void_receipt_v1.json"	"registry/projects/open_model_data/evidence/correction_protection_functional_role_contract_v2_2.json"	""
"data/projects/open_model_data/evidence/phase3_cycle001_void_receipt_v1.json"	"registry/projects/open_model_data/evidence/phase3_v2_compatibility_matrix_v1.json"	""
"data/projects/open_model_data/evidence/phase3_cycle001_void_receipt_v1.json"	"scripts/projects/open_model_data/phase3_functional_roles.py"	""
"data/projects/open_model_data/evidence/phase3_cycle001_void_receipt_v1.json"	"scripts/projects/open_model_data/phase3_v2_compatibility.py"	""
"data/projects/open_model_data/evidence/phase3_heldout_label_public_receipt_v1.json"	"registry/projects/open_model_data/evidence/phase3_v2_compatibility_matrix_v1.json"	""
"data/projects/open_model_data/evidence/phase3_heldout_label_public_receipt_v1.json"	"scripts/projects/open_model_data/phase3_v2_compatibility.py"	""
"data/projects/open_model_data/evidence/phase3_heldout_partition_v1/public_receipt_v1.json"	"registry/projects/open_model_data/evidence/phase3_v2_compatibility_matrix_v1.json"	""
"data/projects/open_model_data/evidence/phase3_p1_dialect_regional_protection_amendment_v1.json"	"registry/projects/open_model_data/admission/phase3_historical_protection_channels_v1.json"	""
"data/projects/open_model_data/evidence/phase3_p1_dialect_regional_protection_amendment_v1.json"	"registry/projects/open_model_data/admission/phase3_modern_contact_channels_v1.json"	""
"data/projects/open_model_data/evidence/phase3_p1_dialect_regional_protection_amendment_v1.json"	"registry/projects/open_model_data/contracts/phase3_modern_contact_channels_v1.schema.json"	""
"data/projects/open_model_data/evidence/phase3_p1_dialect_regional_protection_amendment_v1.json"	"registry/projects/open_model_data/contracts/phase3_scope_circularity_firewall_v1.schema.json"	""
"data/projects/open_model_data/evidence/phase3_p1_dialect_regional_protection_amendment_v1.json"	"registry/projects/open_model_data/contracts/phase3_v3_cooperative_control_plane_v1.schema.json"	""
"data/projects/open_model_data/evidence/phase3_p1_dialect_regional_protection_amendment_v1.json"	"registry/projects/open_model_data/contracts/phase3_v3a_compatibility_matrix_v1.json"	""
"data/projects/open_model_data/evidence/phase3_p1_dialect_regional_protection_amendment_v1.json"	"registry/projects/open_model_data/contracts/phase3_v3a_taxonomy_denominator_compatibility_v1.json"	""
"data/projects/open_model_data/evidence/phase3_p1_dialect_regional_protection_amendment_v1.json"	"registry/projects/open_model_data/evidence/phase3_p2_canonical_contracts_v1.json"	""
"data/projects/open_model_data/evidence/phase3_p1_dialect_regional_protection_amendment_v1.json"	"registry/projects/open_model_data/evidence/phase3_scope_circularity_firewall_v1.json"	""
"data/projects/open_model_data/evidence/phase3_p1_dialect_regional_protection_amendment_v1.json"	"registry/projects/open_model_data/evidence/phase3_v3_cooperative_control_plane_v1.json"	""
"data/projects/open_model_data/evidence/phase3_p1_dialect_regional_protection_amendment_v1.json"	"scripts/projects/open_model_data/phase3_v2_compatibility.py"	""
"data/projects/open_model_data/evidence/phase3_p1_dialect_regional_protection_amendment_v1.json"	"scripts/projects/open_model_data/phase3_v3_cooperative_control_plane.py"	""
"data/projects/open_model_data/evidence/phase3_p1_dialect_regional_protection_amendment_v1.json"	"tests/test_open_model_phase3_p2_contracts.py"	""
"data/projects/open_model_data/evidence/phase3_p1_dialect_regional_protection_amendment_v1.json"	"tests/test_open_model_phase3_v2_compatibility.py"	""
"data/projects/open_model_data/evidence/phase3_p1_universe_freeze_v1.json"	"registry/projects/open_model_data/admission/phase3_historical_protection_channels_v1.json"	""
"data/projects/open_model_data/evidence/phase3_p1_universe_freeze_v1.json"	"registry/projects/open_model_data/admission/phase3_modern_contact_channels_v1.json"	""
"data/projects/open_model_data/evidence/phase3_p1_universe_freeze_v1.json"	"registry/projects/open_model_data/contracts/phase3_modern_contact_channels_v1.schema.json"	""
"data/projects/open_model_data/evidence/phase3_p1_universe_freeze_v1.json"	"registry/projects/open_model_data/contracts/phase3_scope_circularity_firewall_v1.schema.json"	""
"data/projects/open_model_data/evidence/phase3_p1_universe_freeze_v1.json"	"registry/projects/open_model_data/contracts/phase3_v3a_taxonomy_denominator_compatibility_v1.json"	""
"data/projects/open_model_data/evidence/phase3_p1_universe_freeze_v1.json"	"registry/projects/open_model_data/evidence/phase3_p1_dialect_regional_protection_amendment_v1.json"	""
"data/projects/open_model_data/evidence/phase3_p1_universe_freeze_v1.json"	"registry/projects/open_model_data/evidence/phase3_p2_canonical_contracts_v1.json"	""
"data/projects/open_model_data/evidence/phase3_p1_universe_freeze_v1.json"	"registry/projects/open_model_data/evidence/phase3_scope_circularity_firewall_v1.json"	""
"data/projects/open_model_data/evidence/phase3_p1_universe_freeze_v1.json"	"scripts/projects/open_model_data/phase3_v2_compatibility.py"	""
"data/projects/open_model_data/evidence/phase3_p1_universe_freeze_v1.json"	"tests/test_open_model_phase3_p2_contracts.py"	""
"data/projects/open_model_data/evidence/phase3_p1_universe_freeze_v1.json"	"tests/test_open_model_phase3_v2_compatibility.py"	""
"data/projects/open_model_data/evidence/phase3_p2_canonical_contracts_v1.json"	"registry/projects/open_model_data/admission/phase3_historical_protection_channels_v1.json"	""
"data/projects/open_model_data/evidence/phase3_p2_canonical_contracts_v1.json"	"registry/projects/open_model_data/admission/phase3_modern_contact_channels_v1.json"	""
"data/projects/open_model_data/evidence/phase3_p2_canonical_contracts_v1.json"	"registry/projects/open_model_data/admission/phase3_p4_pilot_construction_v1.json"	""
"data/projects/open_model_data/evidence/phase3_p2_canonical_contracts_v1.json"	"registry/projects/open_model_data/contracts/phase3_modern_contact_channels_v1.schema.json"	""
"data/projects/open_model_data/evidence/phase3_p2_canonical_contracts_v1.json"	"registry/projects/open_model_data/contracts/phase3_scope_circularity_firewall_v1.schema.json"	""
"data/projects/open_model_data/evidence/phase3_p2_canonical_contracts_v1.json"	"registry/projects/open_model_data/contracts/phase3_v3_cooperative_control_plane_v1.schema.json"	""
"data/projects/open_model_data/evidence/phase3_p2_canonical_contracts_v1.json"	"registry/projects/open_model_data/contracts/phase3_v3a_compatibility_matrix_v1.json"	""
"data/projects/open_model_data/evidence/phase3_p2_canonical_contracts_v1.json"	"registry/projects/open_model_data/contracts/phase3_v3a_taxonomy_denominator_compatibility_v1.json"	""
"data/projects/open_model_data/evidence/phase3_p2_canonical_contracts_v1.json"	"registry/projects/open_model_data/contracts/phase3_v3b_cooperative_control_plane_v1.json"	""
"data/projects/open_model_data/evidence/phase3_p2_canonical_contracts_v1.json"	"registry/projects/open_model_data/evidence/phase3_scope_circularity_firewall_v1.json"	""
"data/projects/open_model_data/evidence/phase3_p2_canonical_contracts_v1.json"	"registry/projects/open_model_data/evidence/phase3_v3_cooperative_control_plane_v1.json"	""
"data/projects/open_model_data/evidence/phase3_p2_canonical_contracts_v1.json"	"scripts/projects/open_model_data/phase3_v2_compatibility.py"	""
"data/projects/open_model_data/evidence/phase3_p2_canonical_contracts_v1.json"	"scripts/projects/open_model_data/phase3_v3_cooperative_control_plane.py"	""
"data/projects/open_model_data/evidence/phase3_p2_canonical_contracts_v1.json"	"tests/test_open_model_phase3_p4_pilot.py"	""
"data/projects/open_model_data/evidence/phase3_p2_canonical_contracts_v1.json"	"tests/test_open_model_phase3_v2_compatibility.py"	""
"data/projects/open_model_data/evidence/phase3_scope_circularity_firewall_v1.json"	"packages/v4-runtime/asset_allowlist.json"	""
"data/projects/open_model_data/evidence/phase3_scope_circularity_firewall_v1.json"	"packages/v4-runtime/src/learn_ukrainian_v4_runtime/provenance/v1/bindings.json"	""
"data/projects/open_model_data/evidence/phase3_scope_circularity_firewall_v1.json"	"registry/projects/open_model_data/admission/dataset_v4_a3_heldout_source_family_seal_receipt_v1.json"	""
"data/projects/open_model_data/evidence/phase3_scope_circularity_firewall_v1.json"	"registry/projects/open_model_data/admission/phase3_historical_protection_channels_v1.json"	""
"data/projects/open_model_data/evidence/phase3_scope_circularity_firewall_v1.json"	"registry/projects/open_model_data/admission/phase3_modern_contact_channels_v1.json"	""
"data/projects/open_model_data/evidence/phase3_scope_circularity_firewall_v1.json"	"registry/projects/open_model_data/admission/phase3_p4_pilot_construction_v1.json"	""
"data/projects/open_model_data/evidence/phase3_scope_circularity_firewall_v1.json"	"registry/projects/open_model_data/contracts/phase3_modern_contact_channels_v1.schema.json"	""
"data/projects/open_model_data/evidence/phase3_scope_circularity_firewall_v1.json"	"scripts/projects/open_model_data/phase3_v2_compatibility.py"	""
"data/projects/open_model_data/evidence/phase3_scope_circularity_firewall_v1.json"	"tests/test_open_model_phase3_p4_pilot.py"	""
"data/projects/open_model_data/evidence/phase3_scope_circularity_firewall_v1.json"	"tests/test_open_model_phase3_v2_compatibility.py"	""
"data/projects/open_model_data/evidence/phase3_scope_circularity_firewall_v1.json"	"tests/test_open_model_phase3_v3_prefreeze_readiness.py"	""
"data/projects/open_model_data/evidence/phase3_university_source_policy_v1.json"	"registry/projects/open_model_data/evidence/phase3_v2_compatibility_matrix_v1.json"	""
"data/projects/open_model_data/evidence/phase3_university_source_policy_v1.json"	"scripts/projects/open_model_data/phase3_v2_compatibility.py"	""
"data/projects/open_model_data/evidence/phase3_university_source_policy_v1.json"	"scripts/projects/open_model_data/university_source_policy.py"	""
"data/projects/open_model_data/evidence/phase3_v2_compatibility_matrix_v1.json"	"registry/projects/open_model_data/contracts/phase3_v3_cooperative_control_plane_v1.schema.json"	""
"data/projects/open_model_data/evidence/phase3_v2_compatibility_matrix_v1.json"	"registry/projects/open_model_data/contracts/phase3_v3a_taxonomy_denominator_compatibility_v1.json"	""
"data/projects/open_model_data/evidence/phase3_v2_compatibility_matrix_v1.json"	"registry/projects/open_model_data/evidence/phase3_v3_cooperative_control_plane_v1.json"	""
"data/projects/open_model_data/evidence/phase3_v2_compatibility_matrix_v1.json"	"scripts/projects/open_model_data/phase3_v2_compatibility.py"	""
"data/projects/open_model_data/evidence/phase3_v2_compatibility_matrix_v1.json"	"scripts/projects/open_model_data/phase3_v3_cooperative_control_plane.py"	""
"data/projects/open_model_data/evidence/phase3_v3_cooperative_control_plane_v1.json"	"registry/projects/open_model_data/contracts/phase3_v3a_compatibility_matrix_v1.json"	""
"data/projects/open_model_data/evidence/phase3_v3_cooperative_control_plane_v1.json"	"registry/projects/open_model_data/contracts/phase3_v3a_taxonomy_denominator_compatibility_v1.json"	""
"data/projects/open_model_data/evidence/phase3_v3_cooperative_control_plane_v1.json"	"registry/projects/open_model_data/contracts/phase3_v3b_cooperative_control_plane_v1.json"	""
"data/projects/open_model_data/evidence/phase3_v3_cooperative_control_plane_v1.json"	"scripts/projects/open_model_data/phase3_v2_compatibility.py"	""
"data/projects/open_model_data/evidence/phase3_v3_cooperative_control_plane_v1.json"	"scripts/projects/open_model_data/phase3_v3_cooperative_control_plane.py"	""
"data/projects/open_model_data/evidence/phase3_v3_cooperative_control_plane_v1.json"	"tests/test_open_model_phase3_v2_compatibility.py"	""
"data/projects/open_model_data/evidence/prepared_data_complement_receipt_v1.json"	"registry/projects/open_model_data/evidence/phase3_v2_compatibility_matrix_v1.json"	""
"data/projects/open_model_data/evidence/prepared_data_complement_receipt_v1.json"	"scripts/projects/open_model_data/correction_protection_factory.py"	""
"data/projects/open_model_data/evidence/source_capability_policy_v1.json"	"docs/projects/ukrainian-data-foundry-evidence/PHASE2_COMPLEMENTS.md"	""
"data/projects/open_model_data/evidence/source_capability_policy_v1.json"	"docs/projects/ukrainian-data-foundry-evidence/PHASE2_COMPLEMENTS.uk.md"	""
"data/projects/open_model_data/evidence/source_capability_policy_v1.json"	"registry/projects/open_model_data/admission/dataset_v4_a2_source_operation_admission_receipt_v1.json"	""
"data/projects/open_model_data/evidence/source_capability_policy_v1.json"	"registry/projects/open_model_data/admission/phase3_p4_pilot_construction_v1.json"	""
"data/projects/open_model_data/evidence/source_capability_policy_v1.json"	"registry/projects/open_model_data/evidence/phase3_v2_compatibility_matrix_v1.json"	""
"data/projects/open_model_data/evidence/source_capability_policy_v1.json"	"registry/projects/open_model_data/model_views/model_ready_product_audit_v1.json"	""
"data/projects/open_model_data/evidence/source_capability_policy_v1.json"	"tests/test_open_model_phase3_p4_pilot.py"	""
"data/projects/open_model_data/evidence/source_capability_policy_v1.json"	"tests/test_source_capability_complements.py"	""
"data/projects/open_model_data/evidence/source_universe_v1/antonenko_style_guide.units.jsonl"	"registry/projects/open_model_data/evidence/phase3_p1_universe_freeze_v1.json"	""
"data/projects/open_model_data/evidence/source_universe_v1/antonenko_style_guide.units.jsonl"	"registry/projects/open_model_data/evidence/phase3_v2_compatibility_matrix_v1.json"	""
"data/projects/open_model_data/evidence/source_universe_v1/antonenko_textbook_representation.units.jsonl"	"registry/projects/open_model_data/evidence/phase3_p1_universe_freeze_v1.json"	""
"data/projects/open_model_data/evidence/source_universe_v1/antonenko_textbook_representation.units.jsonl"	"registry/projects/open_model_data/evidence/phase3_v2_compatibility_matrix_v1.json"	""
"data/projects/open_model_data/evidence/source_universe_v1/calque_inventory.units.jsonl"	"registry/projects/open_model_data/evidence/phase3_p1_universe_freeze_v1.json"	""
"data/projects/open_model_data/evidence/source_universe_v1/calque_inventory.units.jsonl"	"registry/projects/open_model_data/evidence/phase3_v2_compatibility_matrix_v1.json"	""
"data/projects/open_model_data/evidence/source_universe_v1/lexical_structural_freeze_v1.json"	"registry/projects/open_model_data/evidence/phase3_p1_universe_freeze_v1.json"	""
"data/projects/open_model_data/evidence/source_universe_v1/lexical_structural_freeze_v1.json"	"registry/projects/open_model_data/evidence/phase3_v2_compatibility_matrix_v1.json"	""
"data/projects/open_model_data/evidence/source_universe_v1/other_normative_style_inventory.units.jsonl"	"registry/projects/open_model_data/evidence/phase3_p1_universe_freeze_v1.json"	""
"data/projects/open_model_data/evidence/source_universe_v1/other_normative_style_inventory.units.jsonl"	"registry/projects/open_model_data/evidence/phase3_v2_compatibility_matrix_v1.json"	""
"data/projects/open_model_data/evidence/source_universe_v1/pravopys_2019_complete.units.jsonl"	"registry/projects/open_model_data/evidence/phase3_p1_universe_freeze_v1.json"	""
"data/projects/open_model_data/evidence/source_universe_v1/pravopys_2019_complete.units.jsonl"	"registry/projects/open_model_data/evidence/phase3_v2_compatibility_matrix_v1.json"	""
"data/projects/open_model_data/evidence/source_universe_v1/pravopys_2026_complete.units.jsonl"	"registry/projects/open_model_data/evidence/phase3_p1_universe_freeze_v1.json"	""
"data/projects/open_model_data/evidence/source_universe_v1/pravopys_2026_complete.units.jsonl"	"registry/projects/open_model_data/evidence/phase3_v2_compatibility_matrix_v1.json"	""
"data/projects/open_model_data/evidence/source_universe_v1/school_textbooks.units.jsonl"	"registry/projects/open_model_data/evidence/phase3_p1_universe_freeze_v1.json"	""
"data/projects/open_model_data/evidence/source_universe_v1/school_textbooks.units.jsonl"	"registry/projects/open_model_data/evidence/phase3_v2_compatibility_matrix_v1.json"	""
"data/projects/open_model_data/evidence/source_universe_v1/source-universe-freeze-receipt.json"	"registry/projects/open_model_data/evidence/phase3_p1_universe_freeze_v1.json"	""
"data/projects/open_model_data/evidence/source_universe_v1/source-universe-freeze-receipt.json"	"registry/projects/open_model_data/evidence/phase3_v2_compatibility_matrix_v1.json"	""
"data/projects/open_model_data/evidence/source_universe_v1/ua_gec.units.jsonl"	"registry/projects/open_model_data/evidence/phase3_p1_universe_freeze_v1.json"	""
"data/projects/open_model_data/evidence/source_universe_v1/ua_gec.units.jsonl"	"registry/projects/open_model_data/evidence/phase3_v2_compatibility_matrix_v1.json"	""
"data/projects/open_model_data/evidence/source_universe_v1/ua_gec.units.jsonl"	"tests/test_open_model_phase3_heldout_partition.py"	""
"data/projects/open_model_data/evidence/source_work_locator_config_v1.json"	"docs/projects/ukrainian-data-foundry-evidence/PHASE2_COMPLEMENTS.md"	""
"data/projects/open_model_data/evidence/source_work_locator_config_v1.json"	"docs/projects/ukrainian-data-foundry-evidence/PHASE2_COMPLEMENTS.uk.md"	""
"data/projects/open_model_data/evidence/source_work_locator_config_v1.json"	"registry/projects/open_model_data/evidence/phase3_v2_compatibility_matrix_v1.json"	""
"data/projects/open_model_data/evidence/source_work_locator_config_v1.json"	"tests/test_source_work_locator_index.py"	""
"data/projects/open_model_data/evidence/source_work_locator_index_v1.compact.jsonl"	"docs/projects/ukrainian-data-foundry-evidence/PHASE2_COMPLEMENTS.md"	""
"data/projects/open_model_data/evidence/source_work_locator_index_v1.compact.jsonl"	"docs/projects/ukrainian-data-foundry-evidence/PHASE2_COMPLEMENTS.uk.md"	""
"data/projects/open_model_data/evidence/source_work_locator_index_v1.compact.jsonl"	"registry/projects/open_model_data/contracts/v4_provenance_restoration_v1.schema.json"	""
"data/projects/open_model_data/evidence/source_work_locator_index_v1.compact.jsonl"	"registry/projects/open_model_data/evidence/phase3_v2_compatibility_matrix_v1.json"	""
"data/projects/open_model_data/evidence/source_work_locator_index_v1.compact.jsonl"	"registry/projects/open_model_data/provenance/v4_provenance_restoration_config_v1.json"	""
"data/projects/open_model_data/evidence/source_work_locator_index_v1.compact.jsonl"	"registry/projects/open_model_data/provenance/v4_provenance_restoration_receipt_v1.json"	""
"data/projects/open_model_data/evidence/source_work_locator_index_v1.compact.jsonl"	"scripts/projects/open_model_data/v4_provenance_restoration.py"	""
"data/projects/open_model_data/evidence/source_work_locator_index_v1.compact.jsonl"	"scripts/storage/build_classification_table.py"	""
"data/projects/open_model_data/evidence/source_work_locator_index_v1.compact.jsonl"	"tests/projects/open_model_data/test_v4_provenance_restoration.py"	""
"data/projects/open_model_data/evidence/ukrainian_nlp_ecosystem_delta_v1.jsonl"	"registry/projects/open_model_data/evidence/phase3_v2_compatibility_matrix_v1.json"	""
"data/projects/open_model_data/evidence/ukrainian_nlp_ecosystem_delta_v1.jsonl"	"scripts/storage/build_classification_table.py"	""
"data/projects/open_model_data/examples/portable-corpus-v1.jsonl"	"docs/runbooks/ukrainian-data-foundry-consumer-quickstart.md"	""
"data/projects/open_model_data/examples/portable-corpus-v1.jsonl"	"scripts/projects/open_model_data/adoption_cli.py"	""
"data/projects/open_model_data/examples/portable-corpus-v1.jsonl"	"tests/test_open_model_foundry_cli.py"	""
"data/projects/open_model_data/examples/portable-cost-v1.json"	"docs/runbooks/ukrainian-data-foundry-consumer-quickstart.md"	""
"data/projects/open_model_data/examples/portable-cost-v1.json"	"scripts/projects/open_model_data/adoption_cli.py"	""
"data/projects/open_model_data/examples/portable-cost-v1.json"	"tests/test_open_model_foundry_cli.py"	""
"data/projects/open_model_data/extraction/v4_native_extraction_config_v1.json"	"docs/projects/ukrainian-data-foundry-evidence/NATIVE_EXTRACTION_VALIDATION.md"	""
"data/projects/open_model_data/extraction/v4_native_extraction_config_v1.json"	"scripts/projects/open_model_data/v4_native_extraction_validation.py"	""
"data/projects/open_model_data/extraction/v4_native_extraction_config_v1.json"	"tests/projects/open_model_data/test_v4_native_extraction_validation.py"	""
"data/projects/open_model_data/extraction/v4_native_extraction_index_v1.jsonl"	"docs/projects/ukrainian-data-foundry-evidence/NATIVE_EXTRACTION_VALIDATION.md"	""
"data/projects/open_model_data/extraction/v4_native_extraction_index_v1.jsonl"	"registry/projects/open_model_data/dataset/v4_human_source_dataset_manifest_v1.json"	""
"data/projects/open_model_data/extraction/v4_native_extraction_index_v1.jsonl"	"registry/projects/open_model_data/extraction/v4_native_extraction_config_v1.json"	""
"data/projects/open_model_data/extraction/v4_native_extraction_index_v1.jsonl"	"registry/projects/open_model_data/language/v4_language_usage_config_v1.json"	""
"data/projects/open_model_data/extraction/v4_native_extraction_index_v1.jsonl"	"registry/projects/open_model_data/pilot/v4_human_source_pilot_manifest_v1.json"	""
"data/projects/open_model_data/extraction/v4_native_extraction_index_v1.jsonl"	"scripts/projects/open_model_data/v4_human_source_dataset.py"	""
"data/projects/open_model_data/extraction/v4_native_extraction_index_v1.jsonl"	"scripts/projects/open_model_data/v4_reproduce_deliverables.py"	""
"data/projects/open_model_data/extraction/v4_native_extraction_index_v1.jsonl"	"tests/projects/open_model_data/test_v4_native_extraction_validation.py"	""
"data/projects/open_model_data/extraction/v4_native_extraction_quarantine_report_v1.json"	"docs/projects/ukrainian-data-foundry-evidence/NATIVE_EXTRACTION_VALIDATION.md"	""
"data/projects/open_model_data/extraction/v4_native_extraction_quarantine_report_v1.json"	"registry/projects/open_model_data/extraction/v4_native_extraction_config_v1.json"	""
"data/projects/open_model_data/extraction/v4_native_extraction_quarantine_report_v1.json"	"tests/projects/open_model_data/test_v4_native_extraction_validation.py"	""
"data/projects/open_model_data/extraction/v4_native_extraction_receipt_v1.json"	"docs/projects/ukrainian-data-foundry-evidence/NATIVE_EXTRACTION_VALIDATION.md"	""
"data/projects/open_model_data/extraction/v4_native_extraction_receipt_v1.json"	"registry/projects/open_model_data/extraction/v4_native_extraction_config_v1.json"	""
"data/projects/open_model_data/extraction/v4_native_extraction_receipt_v1.json"	"registry/projects/open_model_data/language/v4_language_usage_config_v1.json"	""
"data/projects/open_model_data/extraction/v4_native_extraction_receipt_v1.json"	"tests/projects/open_model_data/test_v4_native_extraction_validation.py"	""
"data/projects/open_model_data/integrations/upstream-locks.json"	"scripts/projects/open_model_data/adoption_cli.py"	""
"data/projects/open_model_data/inventory/aggregate_summary_v1.json"	"registry/projects/open_model_data/admission/dataset_v4_a2_source_operation_admission_receipt_v1.json"	""
"data/projects/open_model_data/inventory/aggregate_summary_v1.json"	"registry/projects/open_model_data/model_views/model_ready_product_audit_v1.json"	""
"data/projects/open_model_data/inventory/aggregate_summary_v1.json"	"scripts/storage/build_classification_table.py"	""
"data/projects/open_model_data/inventory/aggregate_summary_v1.json"	"tests/test_inventory_existing_assets.py"	""
"data/projects/open_model_data/inventory/corpus_training_usability_decision_v1.json"	"docs/research/PUBLIC_CORPUS_SOURCE_CAPABILITY_EVIDENCE_MAP.md"	""
"data/projects/open_model_data/inventory/corpus_training_usability_decision_v1.json"	"docs/research/UKRAINIAN_CORPUS_TRAINING_USABILITY_DECISION.md"	""
"data/projects/open_model_data/inventory/existing_asset_inventory_v1.schema.json"	"scripts/projects/open_model_data/inventory_existing_assets.py"	""
"data/projects/open_model_data/inventory/existing_asset_inventory_v1.schema.json"	"tests/test_inventory_existing_assets.py"	""
"data/projects/open_model_data/inventory/phase3_evaluation_context_manifest_receipt_v1.json"	"tests/test_open_model_phase3_evaluation_context_manifest.py"	""
"data/projects/open_model_data/inventory/phase3_evaluation_context_manifest_receipt_v1.json"	"tests/test_open_model_phase3_pravopys_evaluation_context.py"	""
"data/projects/open_model_data/inventory/phase3_pravopys_evaluation_context_receipt_v1.json"	"batch_state/phase3-cycle007-source-authority-review-brief-v1.md"	""
"data/projects/open_model_data/inventory/phase3_pravopys_evaluation_context_receipt_v1.json"	"scripts/projects/open_model_data/phase3_cycle007_evidence_compiler.py"	""
"data/projects/open_model_data/inventory/phase3_pravopys_evaluation_context_receipt_v1.json"	"tests/test_open_model_phase3_pravopys_evaluation_context.py"	""
"data/projects/open_model_data/inventory/phase3_school_context_negative_recovery_receipt_v1.json"	"tests/test_open_model_phase3_school_context_negative_recovery.py"	""
"data/projects/open_model_data/inventory/phase3_school_parent_section_context_receipt_v1.json"	"tests/test_open_model_phase3_school_parent_section_context.py"	""
"data/projects/open_model_data/inventory/recovery_ledger_v1.jsonl"	"registry/projects/open_model_data/admission/dataset_v4_a2_source_operation_admission_receipt_v1.json"	""
"data/projects/open_model_data/inventory/recovery_ledger_v1.jsonl"	"registry/projects/open_model_data/contracts/v4_provenance_restoration_v1.schema.json"	""
"data/projects/open_model_data/inventory/recovery_ledger_v1.jsonl"	"registry/projects/open_model_data/provenance/v4_provenance_restoration_config_v1.json"	""
"data/projects/open_model_data/inventory/recovery_ledger_v1.jsonl"	"registry/projects/open_model_data/provenance/v4_provenance_restoration_receipt_v1.json"	""
"data/projects/open_model_data/inventory/recovery_ledger_v1.jsonl"	"tests/test_inventory_existing_assets.py"	""
"data/projects/open_model_data/language/v4_language_usage_config_v1.json"	"scripts/projects/open_model_data/v4_language_usage_separation.py"	""
"data/projects/open_model_data/language/v4_language_usage_config_v1.json"	"tests/projects/open_model_data/test_v4_language_usage_separation.py"	""
"data/projects/open_model_data/language/v4_language_usage_index_v1.jsonl"	"registry/projects/open_model_data/dataset/v4_human_source_dataset_manifest_v1.json"	""
"data/projects/open_model_data/language/v4_language_usage_index_v1.jsonl"	"registry/projects/open_model_data/language/v4_language_usage_config_v1.json"	""
"data/projects/open_model_data/language/v4_language_usage_index_v1.jsonl"	"registry/projects/open_model_data/pilot/v4_human_source_pilot_manifest_v1.json"	""
"data/projects/open_model_data/language/v4_language_usage_index_v1.jsonl"	"registry/projects/open_model_data/splits/v4_work_grouping_split_config_v1.json"	""
"data/projects/open_model_data/language/v4_language_usage_index_v1.jsonl"	"scripts/projects/open_model_data/v4_human_source_dataset.py"	""
"data/projects/open_model_data/language/v4_language_usage_index_v1.jsonl"	"scripts/projects/open_model_data/v4_reproduce_deliverables.py"	""
"data/projects/open_model_data/language/v4_language_usage_index_v1.jsonl"	"tests/projects/open_model_data/test_v4_language_usage_separation.py"	""
"data/projects/open_model_data/language/v4_language_usage_index_v1.jsonl"	"tests/projects/open_model_data/test_v4_reproduce_deliverables.py"	""
"data/projects/open_model_data/language/v4_language_usage_receipt_v1.json"	"registry/projects/open_model_data/language/v4_language_usage_config_v1.json"	""
"data/projects/open_model_data/language/v4_language_usage_receipt_v1.json"	"registry/projects/open_model_data/splits/v4_work_grouping_split_config_v1.json"	""
"data/projects/open_model_data/language/v4_language_usage_receipt_v1.json"	"tests/projects/open_model_data/test_v4_language_usage_separation.py"	""
"data/projects/open_model_data/model_views/heldout_evaluation_export_receipt_v1.json"	"registry/projects/open_model_data/model_views/model_ready_product_audit_v1.json"	""
"data/projects/open_model_data/model_views/model_ready_product_audit_v1.json"	"tests/test_model_ready_receipt_audit.py"	""
"data/projects/open_model_data/model_views/model_ready_view_production_v1.json"	"registry/projects/open_model_data/model_views/model_ready_product_audit_v1.json"	""
"data/projects/open_model_data/model_views/model_ready_view_production_v1.json"	"registry/projects/open_model_data/treatments/gemma4_it_wikipedia_mask_ablation_preregistration_v1.json"	""
"data/projects/open_model_data/model_views/wikipedia_faithful_cpt_export_receipt_v1.json"	"registry/projects/open_model_data/model_views/model_ready_product_audit_v1.json"	""
"data/projects/open_model_data/model_views/wikipedia_faithful_cpt_export_receipt_v1.json"	"tests/test_open_model_view_exporter.py"	""
"data/projects/open_model_data/model_views/wikipedia_modern_cpt_export_receipt_v1.json"	"registry/projects/open_model_data/model_views/model_ready_product_audit_v1.json"	""
"data/projects/open_model_data/pilot/v4_human_source_pilot_manifest_v1.json"	"scripts/projects/open_model_data/v4_dataset_quality_evaluation.py"	""
"data/projects/open_model_data/pilot/v4_human_source_pilot_manifest_v1.json"	"scripts/projects/open_model_data/v4_human_source_pilot.py"	""
"data/projects/open_model_data/pilot/v4_human_source_pilot_manifest_v1.json"	"tests/projects/open_model_data/test_v4_human_source_pilot.py"	""
"data/projects/open_model_data/pilot/v4_human_source_pilot_quality_assessment_v1.json"	"registry/projects/open_model_data/dataset/v4_human_source_dataset_manifest_v1.json"	""
"data/projects/open_model_data/pilot/v4_human_source_pilot_quality_assessment_v1.json"	"scripts/projects/open_model_data/v4_dataset_quality_evaluation.py"	""
"data/projects/open_model_data/pilot/v4_human_source_pilot_quality_assessment_v1.json"	"scripts/projects/open_model_data/v4_human_source_dataset.py"	""
"data/projects/open_model_data/pilot/v4_human_source_pilot_quality_assessment_v1.json"	"tests/projects/open_model_data/test_v4_dataset_quality_evaluation.py"	""
"data/projects/open_model_data/pilot/v4_human_source_pilot_receipt_v1.json"	"registry/projects/open_model_data/pilot/v4_human_source_pilot_manifest_v1.json"	""
"data/projects/open_model_data/pilot/v4_human_source_pilot_receipt_v1.json"	"scripts/projects/open_model_data/v4_dataset_quality_evaluation.py"	""
"data/projects/open_model_data/pilot/v4_human_source_pilot_receipt_v1.json"	"tests/projects/open_model_data/test_v4_human_source_pilot.py"	""
"data/projects/open_model_data/pilot/v4_human_source_pilot_records_v1.jsonl"	"registry/projects/open_model_data/pilot/v4_human_source_pilot_manifest_v1.json"	""
"data/projects/open_model_data/pilot/v4_human_source_pilot_records_v1.jsonl"	"scripts/projects/open_model_data/v4_dataset_quality_evaluation.py"	""
"data/projects/open_model_data/pilot/v4_human_source_pilot_records_v1.jsonl"	"tests/projects/open_model_data/test_v4_dataset_quality_evaluation.py"	""
"data/projects/open_model_data/pilot/v4_human_source_pilot_records_v1.jsonl"	"tests/projects/open_model_data/test_v4_human_source_pilot.py"	""
"data/projects/open_model_data/profiles/full_corpus_profile_v1.json"	"docs/projects/open-model-data/CORPUS_PROFILER.md"	""
"data/projects/open_model_data/profiles/full_corpus_profile_v1.json"	"docs/projects/ukrainian-data-foundry-evidence/PHASE3_CONTRACTS.md"	""
"data/projects/open_model_data/profiles/full_corpus_profile_v1.json"	"docs/projects/ukrainian-data-foundry-evidence/PHASE3_CONTRACTS.uk.md"	""
"data/projects/open_model_data/profiles/full_corpus_profile_v1.json"	"docs/research/UKRAINIAN_DATA_FOUNDRY_LANGUAGE_SPAN_AND_LEXICAL_EVIDENCE.md"	""
"data/projects/open_model_data/profiles/full_corpus_profile_v1.json"	"registry/projects/open_model_data/reference/reference_build_config_v1.json"	""
"data/projects/open_model_data/profiles/full_corpus_profile_v1.json"	"scripts/projects/open_model_data/audit_corpus_training_usability.py"	""
"data/projects/open_model_data/profiles/public_external_full_corpus_v1.json"	"docs/projects/open-model-data/CORPUS_PROFILER.md"	""
"data/projects/open_model_data/profiles/public_external_full_corpus_v1.json"	"docs/projects/ukrainian-data-foundry-evidence/PHASE3_CONTRACTS.md"	""
"data/projects/open_model_data/profiles/public_external_full_corpus_v1.json"	"docs/projects/ukrainian-data-foundry-evidence/PHASE3_CONTRACTS.uk.md"	""
"data/projects/open_model_data/profiles/public_external_full_corpus_v1.json"	"docs/research/PUBLIC_CORPUS_SOURCE_CAPABILITY_EVIDENCE_MAP.md"	""
"data/projects/open_model_data/profiles/public_external_full_corpus_v1.json"	"docs/research/UKRAINIAN_DATA_FOUNDRY_LANGUAGE_SPAN_AND_LEXICAL_EVIDENCE.md"	""
"data/projects/open_model_data/profiles/public_external_full_corpus_v1.json"	"registry/projects/open_model_data/admission/public_external_full_corpus_admission_v1.json"	""
"data/projects/open_model_data/profiles/public_external_full_corpus_v1.json"	"registry/projects/open_model_data/evidence/document_signal_config_v1.json"	""
"data/projects/open_model_data/profiles/public_external_full_corpus_v1.json"	"registry/projects/open_model_data/reference/reference_build_config_v1.json"	""
"data/projects/open_model_data/profiles/public_external_full_corpus_v1.json"	"tests/test_open_model_language_contact_detector.py"	""
"data/projects/open_model_data/profiles/vesum_unattested_sample_config_v1.json"	"docs/projects/ukrainian-data-foundry-evidence/PHASE3_CONTRACTS.md"	""
"data/projects/open_model_data/profiles/vesum_unattested_sample_config_v1.json"	"docs/projects/ukrainian-data-foundry-evidence/PHASE3_CONTRACTS.uk.md"	""
"data/projects/open_model_data/profiles/vesum_unattested_sample_receipt_v1.json"	"docs/projects/ukrainian-data-foundry-evidence/PHASE3_CONTRACTS.md"	""
"data/projects/open_model_data/profiles/vesum_unattested_sample_receipt_v1.json"	"docs/projects/ukrainian-data-foundry-evidence/PHASE3_CONTRACTS.uk.md"	""
"data/projects/open_model_data/profiles/vesum_unattested_sample_v1.jsonl"	"docs/projects/ukrainian-data-foundry-evidence/PHASE3_CONTRACTS.md"	""
"data/projects/open_model_data/profiles/vesum_unattested_sample_v1.jsonl"	"docs/projects/ukrainian-data-foundry-evidence/PHASE3_CONTRACTS.uk.md"	""
"data/projects/open_model_data/provenance/v4_provenance_restoration_config_v1.json"	"docs/projects/ukrainian-data-foundry-evidence/PROVENANCE_RESTORATION.md"	""
"data/projects/open_model_data/provenance/v4_provenance_restoration_config_v1.json"	"scripts/projects/open_model_data/v4_provenance_restoration.py"	""
"data/projects/open_model_data/provenance/v4_provenance_restoration_config_v1.json"	"tests/test_source_work_locator_index.py"	""
"data/projects/open_model_data/provenance/v4_provenance_restoration_index_v1.jsonl"	"registry/projects/open_model_data/contracts/v4_provenance_restoration_v1.schema.json"	""
"data/projects/open_model_data/provenance/v4_provenance_restoration_index_v1.jsonl"	"registry/projects/open_model_data/custody/v4_source_custody_access_config_v1.json"	""
"data/projects/open_model_data/provenance/v4_provenance_restoration_index_v1.jsonl"	"registry/projects/open_model_data/dataset/v4_human_source_dataset_manifest_v1.json"	""
"data/projects/open_model_data/provenance/v4_provenance_restoration_index_v1.jsonl"	"registry/projects/open_model_data/language/v4_language_usage_config_v1.json"	""
"data/projects/open_model_data/provenance/v4_provenance_restoration_index_v1.jsonl"	"registry/projects/open_model_data/pilot/v4_human_source_pilot_manifest_v1.json"	""
"data/projects/open_model_data/provenance/v4_provenance_restoration_index_v1.jsonl"	"registry/projects/open_model_data/provenance/v4_provenance_restoration_config_v1.json"	""
"data/projects/open_model_data/provenance/v4_provenance_restoration_index_v1.jsonl"	"registry/projects/open_model_data/provenance/v4_provenance_restoration_receipt_v1.json"	""
"data/projects/open_model_data/provenance/v4_provenance_restoration_index_v1.jsonl"	"registry/projects/open_model_data/splits/v4_work_grouping_split_config_v1.json"	""
"data/projects/open_model_data/provenance/v4_provenance_restoration_index_v1.jsonl"	"scripts/projects/open_model_data/v4_human_source_dataset.py"	""
"data/projects/open_model_data/provenance/v4_provenance_restoration_index_v1.jsonl"	"tests/projects/open_model_data/test_v4_provenance_restoration.py"	""
"data/projects/open_model_data/provenance/v4_provenance_restoration_index_v1.jsonl"	"tests/projects/open_model_data/test_v4_source_custody_access.py"	""
"data/projects/open_model_data/provenance/v4_provenance_restoration_index_v1.jsonl"	"tests/test_source_work_locator_index.py"	""
"data/projects/open_model_data/provenance/v4_provenance_restoration_receipt_v1.json"	"registry/projects/open_model_data/contracts/v4_provenance_restoration_v1.schema.json"	""
"data/projects/open_model_data/provenance/v4_provenance_restoration_receipt_v1.json"	"registry/projects/open_model_data/custody/v4_source_custody_access_config_v1.json"	""
"data/projects/open_model_data/provenance/v4_provenance_restoration_receipt_v1.json"	"registry/projects/open_model_data/provenance/v4_provenance_restoration_config_v1.json"	""
"data/projects/open_model_data/provenance/v4_provenance_restoration_receipt_v1.json"	"tests/projects/open_model_data/test_v4_provenance_restoration.py"	""
"data/projects/open_model_data/provenance/v4_provenance_restoration_unresolved_v1.json"	"registry/projects/open_model_data/contracts/v4_provenance_restoration_v1.schema.json"	""
"data/projects/open_model_data/provenance/v4_provenance_restoration_unresolved_v1.json"	"registry/projects/open_model_data/provenance/v4_provenance_restoration_config_v1.json"	""
"data/projects/open_model_data/provenance/v4_provenance_restoration_unresolved_v1.json"	"registry/projects/open_model_data/provenance/v4_provenance_restoration_receipt_v1.json"	""
"data/projects/open_model_data/provenance/v4_provenance_restoration_unresolved_v1.json"	"tests/projects/open_model_data/test_v4_provenance_restoration.py"	""
"data/projects/open_model_data/reference/phase3_cycle007_storage_public_summary_v1.json"	"docs/projects/open-model-data/cycle007-storage-custody.md"	""
"data/projects/open_model_data/reference/reference_build_config_v1.json"	"scripts/projects/open_model_data/reference_build.py"	""
"data/projects/open_model_data/reference/reference_build_manifest_v1.json"	"docs/runbooks/ukrainian-data-foundry-reference-build.md"	""
"data/projects/open_model_data/reference/reference_build_observation_v1.json"	"scripts/storage/build_classification_table.py"	""
"data/projects/open_model_data/release/correction_protection_v1/cases.jsonl"	"registry/projects/open_model_data/release/correction_protection_v1/receipt.json"	""
"data/projects/open_model_data/release/correction_protection_v1/coverage.json"	"docs/projects/ukrainian-data-foundry-evidence/PHASE3_SOURCE_DATASHEETS.md"	""
"data/projects/open_model_data/release/correction_protection_v1/coverage.json"	"docs/projects/ukrainian-data-foundry-evidence/PHASE3_SOURCE_DATASHEETS.uk.md"	""
"data/projects/open_model_data/release/correction_protection_v1/coverage.json"	"registry/projects/open_model_data/release/correction_protection_v1/receipt.json"	""
"data/projects/open_model_data/release/correction_protection_v1/disagreements.jsonl"	"registry/projects/open_model_data/release/correction_protection_v1/receipt.json"	""
"data/projects/open_model_data/release/correction_protection_v1/evidence.jsonl"	"registry/projects/open_model_data/release/correction_protection_v1/receipt.json"	""
"data/projects/open_model_data/release/correction_protection_v1/model_neutral_views.jsonl"	"registry/projects/open_model_data/release/correction_protection_v1/receipt.json"	""
"data/projects/open_model_data/release/correction_protection_v1/sources.jsonl"	"registry/projects/open_model_data/release/correction_protection_v1/receipt.json"	""
"data/projects/open_model_data/release/uldr_v03_dialect/dialect_corpus_expanded_1500.jsonl"	"registry/projects/open_model_data/release/uldr_v03_dialect/release_receipt.json"	""
"data/projects/open_model_data/release/uldr_v03_dialect/sft_dialect_protection_500.jsonl"	"registry/projects/open_model_data/release/uldr_v03_dialect/release_receipt.json"	""
"data/projects/open_model_data/release/uldr_v05_grammar_valency/brown_uk_negative_control_eval.jsonl"	"registry/projects/open_model_data/release/uldr_v05_grammar_valency/release_receipt.json"	""
"data/projects/open_model_data/release/uldr_v05_grammar_valency/brown_uk_negative_control_eval.jsonl"	"scripts/projects/open_model_data/build_grammar_component_8342.py"	""
"data/projects/open_model_data/silver/language_contact_silver_receipt_v1.json"	"registry/projects/open_model_data/model_views/model_ready_product_audit_v1.json"	""
"data/projects/open_model_data/silver/language_contact_silver_receipt_v1.json"	"scripts/projects/open_model_data/model_ready_view_production.py"	""
"data/projects/open_model_data/silver/language_contact_silver_receipt_v1.json"	"tests/test_model_ready_receipt_audit.py"	""
"data/projects/open_model_data/soviet_candidates/r2u_differential_cache.json"	"scripts/projects/open_model_data/v4_differential_soviet_miner.py"	""
"data/projects/open_model_data/soviet_candidates/r2u_differential_cache.json"	"scripts/projects/open_model_data/v4_production_shards_assembly.py"	""
"data/projects/open_model_data/soviet_candidates/r2u_differential_cache.json"	"scripts/projects/open_model_data/v4_verify_trajectory_claims.py"	""
"data/projects/open_model_data/splits/v4_work_grouping_split_config_v1.json"	"scripts/projects/open_model_data/v4_work_grouping_split.py"	""
"data/projects/open_model_data/splits/v4_work_grouping_split_config_v1.json"	"tests/projects/open_model_data/test_v4_work_grouping_split.py"	""
"data/projects/open_model_data/splits/v4_work_grouping_split_index_v1.jsonl"	"registry/projects/open_model_data/dataset/v4_human_source_dataset_manifest_v1.json"	""
"data/projects/open_model_data/splits/v4_work_grouping_split_index_v1.jsonl"	"registry/projects/open_model_data/pilot/v4_human_source_pilot_manifest_v1.json"	""
"data/projects/open_model_data/splits/v4_work_grouping_split_index_v1.jsonl"	"registry/projects/open_model_data/splits/v4_work_grouping_split_config_v1.json"	""
"data/projects/open_model_data/splits/v4_work_grouping_split_index_v1.jsonl"	"scripts/projects/open_model_data/v4_human_source_dataset.py"	""
"data/projects/open_model_data/splits/v4_work_grouping_split_index_v1.jsonl"	"tests/projects/open_model_data/test_v4_human_source_dataset.py"	""
"data/projects/open_model_data/splits/v4_work_grouping_split_index_v1.jsonl"	"tests/projects/open_model_data/test_v4_work_grouping_split.py"	""
"data/projects/open_model_data/splits/v4_work_grouping_split_receipt_v1.json"	"registry/projects/open_model_data/dataset/v4_human_source_dataset_manifest_v1.json"	""
"data/projects/open_model_data/splits/v4_work_grouping_split_receipt_v1.json"	"registry/projects/open_model_data/pilot/v4_human_source_pilot_manifest_v1.json"	""
"data/projects/open_model_data/splits/v4_work_grouping_split_receipt_v1.json"	"registry/projects/open_model_data/splits/v4_work_grouping_split_config_v1.json"	""
"data/projects/open_model_data/splits/v4_work_grouping_split_receipt_v1.json"	"scripts/projects/open_model_data/v4_human_source_dataset.py"	""
"data/projects/open_model_data/splits/v4_work_grouping_split_receipt_v1.json"	"tests/projects/open_model_data/test_v4_human_source_dataset.py"	""
"data/projects/open_model_data/splits/v4_work_grouping_split_receipt_v1.json"	"tests/projects/open_model_data/test_v4_work_grouping_split.py"	""
"data/projects/open_model_data/study/real_training_run_scorecard.json"	"scripts/storage/build_classification_table.py"	""
"data/projects/open_model_data/study/run_output/adapter/adapter_model.safetensors"	"docs/projects/open-model-data/REAL_TRAINING_RUN_SCORECARD_8338.md"	""
"data/projects/open_model_data/study/run_output/training_log.jsonl"	"docs/projects/open-model-data/REAL_TRAINING_RUN_SCORECARD_8338.md"	""
"data/projects/open_model_data/study/uldr_v1_acceptance_audit.json"	"docs/projects/open-model-data/REAL_TRAINING_RUN_SCORECARD_8338.md"	""
"data/projects/open_model_data/study/uldr_v1_acceptance_audit.json"	"scripts/storage/build_classification_table.py"	""
"data/projects/open_model_data/study/uldr_v1_acceptance_sample.json"	"scripts/storage/build_classification_table.py"	""
"data/projects/open_model_data/study/uldr_v1_acceptance_sample.md"	"docs/projects/open-model-data/REAL_TRAINING_RUN_SCORECARD_8338.md"	""
"data/projects/open_model_data/study/uldr_v1_acceptance_sample.md"	"scripts/storage/build_classification_table.py"	""
"data/projects/open_model_data/study/v4_learning_study_execution_runs_v1.jsonl"	"docs/projects/ukrainian-data-foundry-evidence/CONTROLLED_OPEN_WEIGHT_LEARNING_STUDY.md"	""
"data/projects/open_model_data/study/v4_learning_study_execution_runs_v1.jsonl"	"scripts/projects/open_model_data/v4_open_weight_learning_study.py"	""
"data/projects/open_model_data/study/v4_learning_study_execution_runs_v1.jsonl"	"scripts/projects/open_model_data/v4_reproduce_deliverables.py"	""
"data/projects/open_model_data/study/v4_learning_study_execution_runs_v1.jsonl"	"scripts/storage/build_classification_table.py"	""
"data/projects/open_model_data/study/v4_learning_study_execution_runs_v1.jsonl"	"tests/projects/open_model_data/test_v4_reproduce_deliverables.py"	""
"data/projects/open_model_data/study/v4_learning_study_receipt_v1.json"	"scripts/projects/open_model_data/v4_open_weight_learning_study.py"	""
"data/projects/open_model_data/study/v4_learning_study_receipt_v1.json"	"scripts/projects/open_model_data/v4_reproduce_deliverables.py"	""
"data/projects/open_model_data/study/v4_learning_study_receipt_v1.json"	"scripts/storage/build_classification_table.py"	""
"data/projects/open_model_data/study/v4_learning_study_receipt_v1.json"	"tests/projects/open_model_data/test_v4_reproduce_deliverables.py"	""
"data/projects/open_model_data/study/v4_learning_study_recipe_v1.json"	"scripts/projects/open_model_data/v4_open_weight_learning_study.py"	""
"data/projects/open_model_data/study/v4_learning_study_recipe_v1.json"	"scripts/projects/open_model_data/v4_reproduce_deliverables.py"	""
"data/projects/open_model_data/study/v4_learning_study_recipe_v1.json"	"tests/projects/open_model_data/test_v4_reproduce_deliverables.py"	""
"data/projects/open_model_data/trajectories/cot_claim_verification_receipt.json"	"docs/projects/open-model-data/PHASE_3_5_COT_CLAIM_VERIFIER.md"	""
"data/projects/open_model_data/trajectories/rejected_trajectories.jsonl"	"docs/projects/open-model-data/PHASE_3_5_COT_CLAIM_VERIFIER.md"	""
"data/projects/open_model_data/trajectories/verified_trajectories.jsonl"	"docs/projects/open-model-data/PHASE_3_5_COT_CLAIM_VERIFIER.md"	""
"data/projects/open_model_data/treatments/gemma4_it_l40s_hf_jobs_probe_plan_v1.json"	"registry/projects/open_model_data/contracts/gemma_hardware_probe_authorization_v1.schema.json"	""
"data/projects/open_model_data/treatments/gemma4_it_l40s_hf_jobs_probe_plan_v1.json"	"registry/projects/open_model_data/contracts/gemma_hardware_probe_receipt_v1.schema.json"	""
"data/projects/open_model_data/treatments/gemma4_it_l40s_hf_jobs_probe_plan_v1.json"	"scripts/projects/open_model_data/gemma_hardware_probe.py"	""
"data/projects/open_model_data/treatments/gemma4_it_l40s_hf_jobs_probe_plan_v1.json"	"tests/test_gemma_hardware_probe.py"	""
"data/projects/open_model_data/treatments/gemma4_it_model_snapshot_manifest_v1.json"	"registry/projects/open_model_data/contracts/gemma_hardware_probe_plan_v1.schema.json"	""
"data/projects/open_model_data/treatments/gemma4_it_model_snapshot_manifest_v1.json"	"registry/projects/open_model_data/contracts/gemma_hardware_probe_receipt_v1.schema.json"	""
"data/projects/open_model_data/treatments/gemma4_it_model_snapshot_manifest_v1.json"	"registry/projects/open_model_data/treatments/gemma4_it_l40s_hf_jobs_probe_plan_v1.json"	""
"data/projects/open_model_data/treatments/gemma4_it_model_snapshot_manifest_v1.json"	"registry/projects/open_model_data/treatments/gemma4_it_wikipedia_mask_ablation_preregistration_v1.json"	""
"data/projects/open_model_data/treatments/gemma4_it_model_snapshot_manifest_v1.json"	"scripts/projects/open_model_data/gemma_hardware_probe.py"	""
"data/projects/open_model_data/treatments/gemma4_it_model_snapshot_manifest_v1.json"	"tests/test_gemma_hardware_probe.py"	""
"data/projects/open_model_data/treatments/gemma4_it_safety_probe_receipt_v1.json"	"docs/runbooks/ukrainian-data-foundry-treatment.md"	""
"data/projects/open_model_data/treatments/gemma4_it_safety_probe_receipt_v1.json"	"registry/projects/open_model_data/treatments/gemma4_it_wikipedia_mask_ablation_preregistration_v1.json"	""
"data/projects/open_model_data/treatments/gemma4_it_stage0_preflight_v1.json"	"docs/runbooks/ukrainian-data-foundry-treatment.md"	""
"data/projects/open_model_data/treatments/gemma4_it_tokenizer_diagnostics_v1.json"	"registry/projects/open_model_data/treatments/gemma4_it_wikipedia_mask_ablation_preregistration_v1.json"	""
"data/projects/open_model_data/treatments/gemma4_it_wikipedia_mask_ablation_preregistration_v1.json"	"docs/runbooks/ukrainian-data-foundry-treatment.md"	""
"data/projects/open_model_data/treatments/gemma4_it_wikipedia_mask_ablation_preregistration_v1.json"	"registry/projects/open_model_data/contracts/gemma_hardware_probe_plan_v1.schema.json"	""
"data/projects/open_model_data/treatments/gemma4_it_wikipedia_mask_ablation_preregistration_v1.json"	"registry/projects/open_model_data/treatments/gemma4_it_l40s_hf_jobs_probe_plan_v1.json"	""
"data/projects/open_model_data/trust/v4_child_profile_v2.json"	"packages/v4-runtime/asset_allowlist.json"	""
"data/projects/open_model_data/trust/v4_child_profile_v2.json"	"tests/projects/open_model_data/test_v4_active_release.py"	""
"data/projects/open_model_data/trust/v4_child_profile_v3.json"	"packages/v4-runtime/asset_allowlist.json"	""
"data/projects/open_model_data/trust/v4_child_profile_v3.json"	"packages/v4-runtime/src/learn_ukrainian_v4_runtime/child_runtime.py"	""
"data/projects/open_model_data/trust/v4_review_rubric_v1.txt"	"packages/v4-runtime/asset_allowlist.json"	""
"data/projects/open_model_data/trust/v4_review_rubric_v1.txt"	"tests/projects/open_model_data/test_v4_linguistic_context.py"	""
"data/projects/open_model_data/trust/v4_review_rubric_v1.txt"	"tests/projects/open_model_data/test_v4_package_tamper.py"	""
"data/projects/open_model_data/trust/v4_review_rubric_v2.txt"	"packages/v4-runtime/asset_allowlist.json"	""
"data/projects/open_model_data/trust/v4_review_rubric_v2.txt"	"packages/v4-runtime/src/learn_ukrainian_v4_runtime/semantic_inputs.py"	""
"data/projects/open_model_data/trust/v4_review_rubric_v2.txt"	"packages/v4-runtime/src/learn_ukrainian_v4_runtime/v4_execution_origin.py"	""
"data/projects/open_model_data/trust/v4_review_rubric_v2.txt"	"tests/projects/open_model_data/test_v4_package_tamper.py"	""
"data/projects/open_model_data/trust/v4_trust_policy_v1.json"	"packages/v4-runtime/asset_allowlist.json"	""
"data/projects/open_model_data/trust/v4_trust_policy_v1.json"	"tests/projects/open_model_data/test_v4_active_release.py"	""
"data/projects/open_model_data/trust/v4_trust_policy_v1.json"	"tests/projects/open_model_data/test_v4_package_tamper.py"	""
"data/projects/open_model_data/trust/v4_trust_policy_v2.json"	"packages/v4-runtime/asset_allowlist.json"	""
"data/projects/open_model_data/trust/v4_trust_policy_v2.json"	"packages/v4-runtime/src/learn_ukrainian_v4_runtime/v4_trust_authority.py"	""
