slug	section	item	search_run	result
абсолютний	synonyms	абсолют	ULIF DictUA exact headword relation; VESUM lemma gate	unresolved
абстракція	synonyms	абстрагування	ULIF DictUA exact headword relation; VESUM lemma gate	unresolved
автобус	synonyms	омнібус	ULIF DictUA exact headword relation; VESUM lemma gate	unresolved
автоматично	synonyms	механічно	ULIF DictUA exact headword relation; VESUM lemma gate	unresolved
агенція	synonyms	агентство	ULIF DictUA exact headword relation; VESUM lemma gate	unresolved
агресивний	synonyms	войовничий	ULIF DictUA exact headword relation; VESUM lemma gate	unresolved
агі	synonyms	агій	ULIF DictUA exact headword relation; VESUM lemma gate	unresolved
адміністратор	synonyms	виконавчий	ULIF DictUA exact headword relation; VESUM lemma gate	unresolved
адміністрація	synonyms	адміністрування	ULIF DictUA exact headword relation; VESUM lemma gate	unresolved
адрес	synonyms	адреса	ULIF DictUA exact headword relation; VESUM lemma gate	unresolved
актив	antonyms	пасив	ULIF DictUA exact headword relation; VESUM lemma gate	unresolved
актриса	synonyms	акторка	ULIF DictUA exact headword relation; VESUM lemma gate	unresolved
алгебраїчний	synonyms	алгебричний	ULIF DictUA exact headword relation; VESUM lemma gate	unresolved
алкоголізм	synonyms	сп'яніння	ULIF DictUA exact headword relation; VESUM lemma gate	unresolved
альтруїст	antonyms	егоїст	ULIF DictUA exact headword relation; VESUM lemma gate	unresolved
анод	antonyms	катод	ULIF DictUA exact headword relation; VESUM lemma gate	unresolved
антитеза	synonyms	супротивність	ULIF DictUA exact headword relation; VESUM lemma gate	unresolved
антитеза	synonyms	антитезис	ULIF DictUA exact headword relation; VESUM lemma gate	unresolved
антициклон	antonyms	циклон	ULIF DictUA exact headword relation; VESUM lemma gate	unresolved
аплодисменти	synonyms	оплески	ULIF DictUA exact headword relation; VESUM lemma gate	unresolved
апріорі	antonyms	апостеріорі	ULIF DictUA exact headword relation; VESUM lemma gate	unresolved
апчхи	synonyms	ачхи	ULIF DictUA exact headword relation; VESUM lemma gate	unresolved
аргументація	synonyms	аргументування	ULIF DictUA exact headword relation; VESUM lemma gate	unresolved
асиміляція	synonyms	абсорбція	ULIF DictUA exact headword relation; VESUM lemma gate	unresolved
асиміляція	synonyms	поглинання	ULIF DictUA exact headword relation; VESUM lemma gate	unresolved
асиміляція	synonyms	уподібнення	ULIF DictUA exact headword relation; VESUM lemma gate	unresolved
ату	synonyms	атю	ULIF DictUA exact headword relation; VESUM lemma gate	unresolved
аудиторія	synonyms	слухання	ULIF DictUA exact headword relation; VESUM lemma gate	unresolved
аудиторія	synonyms	консультація	ULIF DictUA exact headword relation; VESUM lemma gate	unresolved
аудиторія	synonyms	інтерв'ю	ULIF DictUA exact headword relation; VESUM lemma gate	unresolved
аудіювання	synonyms	слухання	ULIF DictUA exact headword relation; VESUM lemma gate	unresolved
аудіювання	synonyms	слух	ULIF DictUA exact headword relation; VESUM lemma gate	unresolved
бавовна	synonyms	бавовник	ULIF DictUA exact headword relation; VESUM lemma gate	unresolved
багатир	synonyms	багач	ULIF DictUA exact headword relation; VESUM lemma gate	unresolved
багатир	synonyms	багатій	ULIF DictUA exact headword relation; VESUM lemma gate	unresolved
багатир	synonyms	багатий	ULIF DictUA exact headword relation; VESUM lemma gate	unresolved
багатир	synonyms	ситий	ULIF DictUA exact headword relation; VESUM lemma gate	unresolved
багатир	synonyms	товстосум	ULIF DictUA exact headword relation; VESUM lemma gate	unresolved
багатир	synonyms	товстопузий	ULIF DictUA exact headword relation; VESUM lemma gate	unresolved
багатир	synonyms	дука	ULIF DictUA exact headword relation; VESUM lemma gate	unresolved
багатир	synonyms	дукар	ULIF DictUA exact headword relation; VESUM lemma gate	unresolved
багатир	synonyms	дукач	ULIF DictUA exact headword relation; VESUM lemma gate	unresolved
багатир	synonyms	капіталіст	ULIF DictUA exact headword relation; VESUM lemma gate	unresolved
багатир	synonyms	крез	ULIF DictUA exact headword relation; VESUM lemma gate	unresolved
багато	antonyms	мало	ULIF DictUA exact headword relation; VESUM lemma gate	unresolved
багато	antonyms	бідно	ULIF DictUA exact headword relation; VESUM lemma gate	unresolved
багатство	antonyms	бідність	ULIF DictUA exact headword relation; VESUM lemma gate	unresolved
базікало	synonyms	торохкало	ULIF DictUA exact headword relation; VESUM lemma gate	unresolved
байбачок	synonyms	бабачок	ULIF DictUA exact headword relation; VESUM lemma gate	unresolved
балакати	synonyms	бесідувати	ULIF DictUA exact headword relation; VESUM lemma gate	unresolved
балакати	synonyms	гуторити	ULIF DictUA exact headword relation; VESUM lemma gate	unresolved
балакати	synonyms	гомоніти	ULIF DictUA exact headword relation; VESUM lemma gate	unresolved
балакати	synonyms	лопотати (розм.)	ULIF DictUA exact headword relation; VESUM lemma gate	unresolved
балакати	synonyms	лопотіти (розм.)	ULIF DictUA exact headword relation; VESUM lemma gate	unresolved
балакати	synonyms	гелготати (розм.)	ULIF DictUA exact headword relation; VESUM lemma gate	unresolved
балакати	synonyms	гелготіти (розм.)	ULIF DictUA exact headword relation; VESUM lemma gate	unresolved
балакати	synonyms	джеркотати (розм.)	ULIF DictUA exact headword relation; VESUM lemma gate	unresolved
балакати	synonyms	джеркотіти (розм.)	ULIF DictUA exact headword relation; VESUM lemma gate	unresolved
балакати	synonyms	шваркотіти (розм.)	ULIF DictUA exact headword relation; VESUM lemma gate	unresolved
балакати	synonyms	цвенькати (розм.)	ULIF DictUA exact headword relation; VESUM lemma gate	unresolved
бандуриста	synonyms	бандурист	ULIF DictUA exact headword relation; VESUM lemma gate	unresolved
баня	synonyms	купол	ULIF DictUA exact headword relation; VESUM lemma gate	unresolved
баня	synonyms	маківка	ULIF DictUA exact headword relation; VESUM lemma gate	unresolved
баня	synonyms	шатро	ULIF DictUA exact headword relation; VESUM lemma gate	unresolved
баранці	synonyms	баранець	ULIF DictUA exact headword relation; VESUM lemma gate	unresolved
барва	synonyms	окраска	ULIF DictUA exact headword relation; VESUM lemma gate	unresolved
баси	synonyms	бас	ULIF DictUA exact headword relation; VESUM lemma gate	unresolved
батарея	synonyms	обстріл	ULIF DictUA exact headword relation; VESUM lemma gate	unresolved
батарея	synonyms	шквал	ULIF DictUA exact headword relation; VESUM lemma gate	unresolved
безвусий	synonyms	молод	ULIF DictUA exact headword relation; VESUM lemma gate	unresolved
безвусий	synonyms	молодистий	ULIF DictUA exact headword relation; VESUM lemma gate	unresolved
безвусий	synonyms	безостий	ULIF DictUA exact headword relation; VESUM lemma gate	unresolved
безглуздо	synonyms	смішно	ULIF DictUA exact headword relation; VESUM lemma gate	unresolved
безнадійно	synonyms	зневажливо	ULIF DictUA exact headword relation; VESUM lemma gate	unresolved
безпечно	synonyms	безтурботно	ULIF DictUA exact headword relation; VESUM lemma gate	unresolved
безпечність	synonyms	безтурботність	ULIF DictUA exact headword relation; VESUM lemma gate	unresolved
безталанний	synonyms	бездарний	ULIF DictUA exact headword relation; VESUM lemma gate	unresolved
безталання	synonyms	бездарність	ULIF DictUA exact headword relation; VESUM lemma gate	unresolved
безтурботний	synonyms	недбалий	ULIF DictUA exact headword relation; VESUM lemma gate	unresolved
бетонозмішувач	synonyms	бетономішалка	ULIF DictUA exact headword relation; VESUM lemma gate	unresolved
благодійний	synonyms	добрячий	ULIF DictUA exact headword relation; VESUM lemma gate	unresolved
благодійний	synonyms	доброзичливий	ULIF DictUA exact headword relation; VESUM lemma gate	unresolved
благодійний	synonyms	філантропічний	ULIF DictUA exact headword relation; VESUM lemma gate	unresolved
благословити	synonyms	обдаряти	ULIF DictUA exact headword relation; VESUM lemma gate	unresolved
благословити	synonyms	здарувати	ULIF DictUA exact headword relation; VESUM lemma gate	unresolved
благословити	synonyms	подарити	ULIF DictUA exact headword relation; VESUM lemma gate	unresolved
благословити	synonyms	обдарити	ULIF DictUA exact headword relation; VESUM lemma gate	unresolved
благословити	synonyms	право	ULIF DictUA exact headword relation; VESUM lemma gate	unresolved
бланк	synonyms	лакуна	ULIF DictUA exact headword relation; VESUM lemma gate	unresolved
блокувати	synonyms	перешкоджати	ULIF DictUA exact headword relation; VESUM lemma gate	unresolved
блокувати	synonyms	забувати	ULIF DictUA exact headword relation; VESUM lemma gate	unresolved
блокувати	synonyms	бентежити	ULIF DictUA exact headword relation; VESUM lemma gate	unresolved
блокувати	synonyms	зупинити	ULIF DictUA exact headword relation; VESUM lemma gate	unresolved
блокувати	synonyms	накидати	ULIF DictUA exact headword relation; VESUM lemma gate	unresolved
блокувати	synonyms	глушити	ULIF DictUA exact headword relation; VESUM lemma gate	unresolved
блокувати	synonyms	маскувати	ULIF DictUA exact headword relation; VESUM lemma gate	unresolved
блокувати	synonyms	закривати	ULIF DictUA exact headword relation; VESUM lemma gate	unresolved
боком	synonyms	вбік	ULIF DictUA exact headword relation; VESUM lemma gate	unresolved
боляче	synonyms	ніжний	ULIF DictUA exact headword relation; VESUM lemma gate	unresolved
боляче	synonyms	сирий	ULIF DictUA exact headword relation; VESUM lemma gate	unresolved
боляче	synonyms	чутливий	ULIF DictUA exact headword relation; VESUM lemma gate	unresolved
боляче	synonyms	ображений	ULIF DictUA exact headword relation; VESUM lemma gate	unresolved
боляче	synonyms	поранений	ULIF DictUA exact headword relation; VESUM lemma gate	unresolved
боляче	synonyms	боліти	ULIF DictUA exact headword relation; VESUM lemma gate	unresolved
боляче	synonyms	страждати	ULIF DictUA exact headword relation; VESUM lemma gate	unresolved
боляче	synonyms	болісно	ULIF DictUA exact headword relation; VESUM lemma gate	unresolved
бордо	synonyms	червоний	ULIF DictUA exact headword relation; VESUM lemma gate	unresolved
бордо	synonyms	кров'яний	ULIF DictUA exact headword relation; VESUM lemma gate	unresolved
бордо	synonyms	кривавий	ULIF DictUA exact headword relation; VESUM lemma gate	unresolved
бордо	synonyms	калиновий	ULIF DictUA exact headword relation; VESUM lemma gate	unresolved
бордо	synonyms	бордовий	ULIF DictUA exact headword relation; VESUM lemma gate	unresolved
бордо	synonyms	вишневий	ULIF DictUA exact headword relation; VESUM lemma gate	unresolved
бордо	synonyms	червлений	ULIF DictUA exact headword relation; VESUM lemma gate	unresolved
бордо	synonyms	гранатовий	ULIF DictUA exact headword relation; VESUM lemma gate	unresolved
бордо	synonyms	малиновий	ULIF DictUA exact headword relation; VESUM lemma gate	unresolved
бордо	synonyms	рубіновий	ULIF DictUA exact headword relation; VESUM lemma gate	unresolved
бордо	synonyms	маковий	ULIF DictUA exact headword relation; VESUM lemma gate	unresolved
бордо	synonyms	червіньковий	ULIF DictUA exact headword relation; VESUM lemma gate	unresolved
бордо	synonyms	кумачевий	ULIF DictUA exact headword relation; VESUM lemma gate	unresolved
бордо	synonyms	кораловий	ULIF DictUA exact headword relation; VESUM lemma gate	unresolved
бордо	synonyms	кармінний	ULIF DictUA exact headword relation; VESUM lemma gate	unresolved
бордо	synonyms	карміновий	ULIF DictUA exact headword relation; VESUM lemma gate	unresolved
бордо	synonyms	шарлаховий	ULIF DictUA exact headword relation; VESUM lemma gate	unresolved
бордо	synonyms	червоногарячий	ULIF DictUA exact headword relation; VESUM lemma gate	unresolved
бордо	synonyms	полум'яний	ULIF DictUA exact headword relation; VESUM lemma gate	unresolved
бордо	synonyms	полум'янистий	ULIF DictUA exact headword relation; VESUM lemma gate	unresolved
бордо	synonyms	жаркий	ULIF DictUA exact headword relation; VESUM lemma gate	unresolved
бордо	synonyms	пломенистий	ULIF DictUA exact headword relation; VESUM lemma gate	unresolved
бордо	synonyms	рожевий	ULIF DictUA exact headword relation; VESUM lemma gate	unresolved
бордо	synonyms	фрез	ULIF DictUA exact headword relation; VESUM lemma gate	unresolved
бордо	synonyms	рум'яний	ULIF DictUA exact headword relation; VESUM lemma gate	unresolved
бордо	synonyms	багряний	ULIF DictUA exact headword relation; VESUM lemma gate	unresolved
бордо	synonyms	червоніти	ULIF DictUA exact headword relation; VESUM lemma gate	unresolved
боржомі	synonyms	боржом	ULIF DictUA exact headword relation; VESUM lemma gate	unresolved
боронити	synonyms	збороняти	ULIF DictUA exact headword relation; VESUM lemma gate	unresolved
боронити	synonyms	зборонити	ULIF DictUA exact headword relation; VESUM lemma gate	unresolved
боронити	synonyms	боронувати	ULIF DictUA exact headword relation; VESUM lemma gate	unresolved
боронити	synonyms	скородити	ULIF DictUA exact headword relation; VESUM lemma gate	unresolved
боронити	synonyms	волочити	ULIF DictUA exact headword relation; VESUM lemma gate	unresolved
борщ	synonyms	холодник	ULIF DictUA exact headword relation; VESUM lemma gate	unresolved
бос	synonyms	бригадир	ULIF DictUA exact headword relation; VESUM lemma gate	unresolved
босоніж	synonyms	босо	ULIF DictUA exact headword relation; VESUM lemma gate	unresolved
брахман	synonyms	брамін	ULIF DictUA exact headword relation; VESUM lemma gate	unresolved
брови	synonyms	брова	ULIF DictUA exact headword relation; VESUM lemma gate	unresolved
бронювання	synonyms	залучення	ULIF DictUA exact headword relation; VESUM lemma gate	unresolved
броня	synonyms	кольчуга	ULIF DictUA exact headword relation; VESUM lemma gate	unresolved
брязкіт	synonyms	брязк	ULIF DictUA exact headword relation; VESUM lemma gate	unresolved
будівник	synonyms	будівельник	ULIF DictUA exact headword relation; VESUM lemma gate	unresolved
бурмістр	synonyms	бургомістр	ULIF DictUA exact headword relation; VESUM lemma gate	unresolved
бурчати	synonyms	гуркотіти	ULIF DictUA exact headword relation; VESUM lemma gate	unresolved
бурчати	synonyms	булькати	ULIF DictUA exact headword relation; VESUM lemma gate	unresolved
бурчати	synonyms	лепетати	ULIF DictUA exact headword relation; VESUM lemma gate	unresolved
бурчати	synonyms	каркати	ULIF DictUA exact headword relation; VESUM lemma gate	unresolved
бурчати	synonyms	лаяти	ULIF DictUA exact headword relation; VESUM lemma gate	unresolved
бурчати	synonyms	гарчати	ULIF DictUA exact headword relation; VESUM lemma gate	unresolved
бурчати	synonyms	кривошип	ULIF DictUA exact headword relation; VESUM lemma gate	unresolved
бурчати	synonyms	сварка	ULIF DictUA exact headword relation; VESUM lemma gate	unresolved
бурштин	synonyms	янтар	ULIF DictUA exact headword relation; VESUM lemma gate	unresolved
бусел	synonyms	дзьобун	ULIF DictUA exact headword relation; VESUM lemma gate	unresolved
буцім	synonyms	буцімто	ULIF DictUA exact headword relation; VESUM lemma gate	unresolved
буцімто	synonyms	буцім	ULIF DictUA exact headword relation; VESUM lemma gate	unresolved
біг	synonyms	лінійний	ULIF DictUA exact headword relation; VESUM lemma gate	unresolved
біг	synonyms	вилив	ULIF DictUA exact headword relation; VESUM lemma gate	unresolved
біг	synonyms	розрядка	ULIF DictUA exact headword relation; VESUM lemma gate	unresolved
біг	synonyms	доріжка	ULIF DictUA exact headword relation; VESUM lemma gate	unresolved
біг	synonyms	смуга	ULIF DictUA exact headword relation; VESUM lemma gate	unresolved
бігти	antonyms	іти	ULIF DictUA exact headword relation; VESUM lemma gate	unresolved
бігун	synonyms	столон	ULIF DictUA exact headword relation; VESUM lemma gate	unresolved
бігцем	synonyms	риссю	ULIF DictUA exact headword relation; VESUM lemma gate	unresolved
бігцем	synonyms	стрілою	ULIF DictUA exact headword relation; VESUM lemma gate	unresolved
бігцем	synonyms	вихорем	ULIF DictUA exact headword relation; VESUM lemma gate	unresolved
бігцем	synonyms	сторчголовою	ULIF DictUA exact headword relation; VESUM lemma gate	unresolved
бігцем	synonyms	шибко	ULIF DictUA exact headword relation; VESUM lemma gate	unresolved
бігцем	synonyms	помахом	ULIF DictUA exact headword relation; VESUM lemma gate	unresolved
бігцем	synonyms	опукою	ULIF DictUA exact headword relation; VESUM lemma gate	unresolved
бігцем	synonyms	льотом	ULIF DictUA exact headword relation; VESUM lemma gate	unresolved
бігцем	synonyms	махом	ULIF DictUA exact headword relation; VESUM lemma gate	unresolved
бідний	antonyms	насичений	ULIF DictUA exact headword relation; VESUM lemma gate	unresolved
бідний	antonyms	радісний	ULIF DictUA exact headword relation; VESUM lemma gate	unresolved
бізнес	synonyms	діяльність	ULIF DictUA exact headword relation; VESUM lemma gate	unresolved
бізнес	synonyms	професія	ULIF DictUA exact headword relation; VESUM lemma gate	unresolved
бізнес	synonyms	концерн	ULIF DictUA exact headword relation; VESUM lemma gate	unresolved
бізнес	synonyms	клієнтура	ULIF DictUA exact headword relation; VESUM lemma gate	unresolved
бізнес	synonyms	патронат	ULIF DictUA exact headword relation; VESUM lemma gate	unresolved
білий	antonyms	червоний	ULIF DictUA exact headword relation; VESUM lemma gate	unresolved
більшість	synonyms	майже	ULIF DictUA exact headword relation; VESUM lemma gate	unresolved
більшість	synonyms	поблизу	ULIF DictUA exact headword relation; VESUM lemma gate	unresolved
більшість	synonyms	про	ULIF DictUA exact headword relation; VESUM lemma gate	unresolved
більшість	synonyms	фактично	ULIF DictUA exact headword relation; VESUM lemma gate	unresolved
більшість	synonyms	маса	ULIF DictUA exact headword relation; VESUM lemma gate	unresolved
в	synonyms	сфера	ULIF DictUA exact headword relation; VESUM lemma gate	unresolved
в	synonyms	уві	ULIF DictUA exact headword relation; VESUM lemma gate	unresolved
в	synonyms	у	ULIF DictUA exact headword relation; VESUM lemma gate	unresolved
вагон	synonyms	ведмедиця	ULIF DictUA exact headword relation; VESUM lemma gate	unresolved
вагон	synonyms	плуг	ULIF DictUA exact headword relation; VESUM lemma gate	unresolved
важливо	synonyms	значно	ULIF DictUA exact headword relation; VESUM lemma gate	unresolved
важливість	synonyms	величність	ULIF DictUA exact headword relation; VESUM lemma gate	unresolved
вапна	synonyms	вапно	ULIF DictUA exact headword relation; VESUM lemma gate	unresolved
вар	synonyms	кипінь	ULIF DictUA exact headword relation; VESUM lemma gate	unresolved
вар	synonyms	кип'яч	ULIF DictUA exact headword relation; VESUM lemma gate	unresolved
вар	synonyms	сквар	ULIF DictUA exact headword relation; VESUM lemma gate	unresolved
варений	synonyms	відварний	ULIF DictUA exact headword relation; VESUM lemma gate	unresolved
варений	synonyms	варенуха	ULIF DictUA exact headword relation; VESUM lemma gate	unresolved
вариво	synonyms	варіння	ULIF DictUA exact headword relation; VESUM lemma gate	unresolved
вариво	synonyms	варення	ULIF DictUA exact headword relation; VESUM lemma gate	unresolved
вариво	synonyms	кухня	ULIF DictUA exact headword relation; VESUM lemma gate	unresolved
вариво	synonyms	готівля	ULIF DictUA exact headword relation; VESUM lemma gate	unresolved
варка	synonyms	варіння	ULIF DictUA exact headword relation; VESUM lemma gate	unresolved
вартовий	synonyms	вартова	ULIF DictUA exact headword relation; VESUM lemma gate	unresolved
вартовий	synonyms	вартівник	ULIF DictUA exact headword relation; VESUM lemma gate	unresolved
вартовий	synonyms	страж	ULIF DictUA exact headword relation; VESUM lemma gate	unresolved
вартовий	synonyms	вартівничий	ULIF DictUA exact headword relation; VESUM lemma gate	unresolved
вартовий	synonyms	вартовик	ULIF DictUA exact headword relation; VESUM lemma gate	unresolved
вартовий	synonyms	стійковий	ULIF DictUA exact headword relation; VESUM lemma gate	unresolved
вартовий	synonyms	стійчик	ULIF DictUA exact headword relation; VESUM lemma gate	unresolved
вартовий	synonyms	шельвах	ULIF DictUA exact headword relation; VESUM lemma gate	unresolved
вартовий	synonyms	конвойник	ULIF DictUA exact headword relation; VESUM lemma gate	unresolved
вартовий	synonyms	конвоїр	ULIF DictUA exact headword relation; VESUM lemma gate	unresolved
вартовий	synonyms	охоронець	ULIF DictUA exact headword relation; VESUM lemma gate	unresolved
вартовий	synonyms	сторож	ULIF DictUA exact headword relation; VESUM lemma gate	unresolved
вартовий	synonyms	охоронник	ULIF DictUA exact headword relation; VESUM lemma gate	unresolved
вартовий	synonyms	хранитель	ULIF DictUA exact headword relation; VESUM lemma gate	unresolved
вартовий	synonyms	ринда	ULIF DictUA exact headword relation; VESUM lemma gate	unresolved
вартовий	synonyms	цербер	ULIF DictUA exact headword relation; VESUM lemma gate	unresolved
вартовий	synonyms	вахтер	ULIF DictUA exact headword relation; VESUM lemma gate	unresolved
вартовий	synonyms	швейцар	ULIF DictUA exact headword relation; VESUM lemma gate	unresolved
вартовий	synonyms	портьє	ULIF DictUA exact headword relation; VESUM lemma gate	unresolved
вартовий	synonyms	консьєрж	ULIF DictUA exact headword relation; VESUM lemma gate	unresolved
вартовий	synonyms	придверник	ULIF DictUA exact headword relation; VESUM lemma gate	unresolved
вартовий	synonyms	дверник	ULIF DictUA exact headword relation; VESUM lemma gate	unresolved
вартовий	synonyms	воротар	ULIF DictUA exact headword relation; VESUM lemma gate	unresolved
вартовий	synonyms	калатальник	ULIF DictUA exact headword relation; VESUM lemma gate	unresolved
вартовий	synonyms	дід	ULIF DictUA exact headword relation; VESUM lemma gate	unresolved
вартовий	synonyms	будочник	ULIF DictUA exact headword relation; VESUM lemma gate	unresolved
вартовий	synonyms	будник	ULIF DictUA exact headword relation; VESUM lemma gate	unresolved
вартовий	synonyms	черговий	ULIF DictUA exact headword relation; VESUM lemma gate	unresolved
варіант	synonyms	форма	ULIF DictUA exact headword relation; VESUM lemma gate	unresolved
варіант	synonyms	версія	ULIF DictUA exact headword relation; VESUM lemma gate	unresolved
варіант	synonyms	варіювати	ULIF DictUA exact headword relation; VESUM lemma gate	unresolved
вберегти	synonyms	пощадити	ULIF DictUA exact headword relation; VESUM lemma gate	unresolved
вберегти	synonyms	збороняти	ULIF DictUA exact headword relation; VESUM lemma gate	unresolved
вберегти	synonyms	зборонити	ULIF DictUA exact headword relation; VESUM lemma gate	unresolved
вберегти	synonyms	застраховувати	ULIF DictUA exact headword relation; VESUM lemma gate	unresolved
вберегти	synonyms	огороджувати	ULIF DictUA exact headword relation; VESUM lemma gate	unresolved
вберегти	synonyms	сокотити	ULIF DictUA exact headword relation; VESUM lemma gate	unresolved
вберегтися	synonyms	уберегтися	ULIF DictUA exact headword relation; VESUM lemma gate	unresolved
вбити	synonyms	калічити	ULIF DictUA exact headword relation; VESUM lemma gate	unresolved
вверх	antonyms	вниз	ULIF DictUA exact headword relation; VESUM lemma gate	unresolved
ввести	synonyms	допровадити	ULIF DictUA exact headword relation; VESUM lemma gate	unresolved
ввести	synonyms	підвести	ULIF DictUA exact headword relation; VESUM lemma gate	unresolved
ввести	synonyms	навести	ULIF DictUA exact headword relation; VESUM lemma gate	unresolved
ввести	synonyms	звести	ULIF DictUA exact headword relation; VESUM lemma gate	unresolved
ввести	synonyms	спровадити	ULIF DictUA exact headword relation; VESUM lemma gate	unresolved
ввести	synonyms	переводити	ULIF DictUA exact headword relation; VESUM lemma gate	unresolved
ввести	synonyms	супроводжувати	ULIF DictUA exact headword relation; VESUM lemma gate	unresolved
ввесь	synonyms	всей	ULIF DictUA exact headword relation; VESUM lemma gate	unresolved
вві	synonyms	в	ULIF DictUA exact headword relation; VESUM lemma gate	unresolved
ввібрати	synonyms	сприйняти	ULIF DictUA exact headword relation; VESUM lemma gate	unresolved
ввібрати	synonyms	уловити	ULIF DictUA exact headword relation; VESUM lemma gate	unresolved
ввібрати	synonyms	піймати	ULIF DictUA exact headword relation; VESUM lemma gate	unresolved
ввібрати	synonyms	упіймати	ULIF DictUA exact headword relation; VESUM lemma gate	unresolved
ввібрати	synonyms	прийняти	ULIF DictUA exact headword relation; VESUM lemma gate	unresolved
ввійти	synonyms	вникати	ULIF DictUA exact headword relation; VESUM lemma gate	unresolved
ввійти	synonyms	вникнути	ULIF DictUA exact headword relation; VESUM lemma gate	unresolved
ввійти	synonyms	переступати	ULIF DictUA exact headword relation; VESUM lemma gate	unresolved
ввійти	synonyms	поріг	ULIF DictUA exact headword relation; VESUM lemma gate	unresolved
ввійти	synonyms	переступити	ULIF DictUA exact headword relation; VESUM lemma gate	unresolved
ввійти	synonyms	просунутися	ULIF DictUA exact headword relation; VESUM lemma gate	unresolved
ввійти	synonyms	впхнутися	ULIF DictUA exact headword relation; VESUM lemma gate	unresolved
ввійти	synonyms	упхнутися	ULIF DictUA exact headword relation; VESUM lemma gate	unresolved
ввійти	synonyms	впхатися	ULIF DictUA exact headword relation; VESUM lemma gate	unresolved
ввійти	synonyms	упхатися	ULIF DictUA exact headword relation; VESUM lemma gate	unresolved
ввійти	synonyms	проникати	ULIF DictUA exact headword relation; VESUM lemma gate	unresolved
ввійти	synonyms	проходити	ULIF DictUA exact headword relation; VESUM lemma gate	unresolved
ввійти	synonyms	пробиватися	ULIF DictUA exact headword relation; VESUM lemma gate	unresolved
ввійти	synonyms	просочуватися	ULIF DictUA exact headword relation; VESUM lemma gate	unresolved
ввімкнути	synonyms	вмикати	ULIF DictUA exact headword relation; VESUM lemma gate	unresolved
ввічливість	synonyms	чемність	ULIF DictUA exact headword relation; VESUM lemma gate	unresolved
ввічливість	synonyms	гладкість	ULIF DictUA exact headword relation; VESUM lemma gate	unresolved
ввічливість	synonyms	м'якість	ULIF DictUA exact headword relation; VESUM lemma gate	unresolved
вгору	antonyms	вниз	ULIF DictUA exact headword relation; VESUM lemma gate	unresolved
вдалеч	synonyms	вдаль	ULIF DictUA exact headword relation; VESUM lemma gate	unresolved
вдовиця	synonyms	вдова	ULIF DictUA exact headword relation; VESUM lemma gate	unresolved
вдягати	synonyms	нацуплювати	ULIF DictUA exact headword relation; VESUM lemma gate	unresolved
вдягати	synonyms	облачати	ULIF DictUA exact headword relation; VESUM lemma gate	unresolved
вдягати	synonyms	одіти	ULIF DictUA exact headword relation; VESUM lemma gate	unresolved
вдягати	synonyms	зодіти	ULIF DictUA exact headword relation; VESUM lemma gate	unresolved
вдягати	synonyms	зодягти	ULIF DictUA exact headword relation; VESUM lemma gate	unresolved
вдягати	synonyms	облачити	ULIF DictUA exact headword relation; VESUM lemma gate	unresolved
вдягати	synonyms	нарядити	ULIF DictUA exact headword relation; VESUM lemma gate	unresolved
вдягати	synonyms	обрядити	ULIF DictUA exact headword relation; VESUM lemma gate	unresolved
вдягати	synonyms	вирядити	ULIF DictUA exact headword relation; VESUM lemma gate	unresolved
вдягати	synonyms	розрядити	ULIF DictUA exact headword relation; VESUM lemma gate	unresolved
вдягати	synonyms	вичепурити	ULIF DictUA exact headword relation; VESUM lemma gate	unresolved
вдягати	synonyms	прихахулити	ULIF DictUA exact headword relation; VESUM lemma gate	unresolved
ведмедя	synonyms	медведя	ULIF DictUA exact headword relation; VESUM lemma gate	unresolved
ведмежий	synonyms	медведячий	ULIF DictUA exact headword relation; VESUM lemma gate	unresolved
ведмежий	synonyms	медвежий	ULIF DictUA exact headword relation; VESUM lemma gate	unresolved
ведмежий	synonyms	мучниця	ULIF DictUA exact headword relation; VESUM lemma gate	unresolved
ведучий	synonyms	провідний	ULIF DictUA exact headword relation; VESUM lemma gate	unresolved
велет	synonyms	дилда	ULIF DictUA exact headword relation; VESUM lemma gate	unresolved
великий	antonyms	малий	ULIF DictUA exact headword relation; VESUM lemma gate	unresolved
великий	antonyms	маленький	ULIF DictUA exact headword relation; VESUM lemma gate	unresolved
венеційський	synonyms	венеціанський	ULIF DictUA exact headword relation; VESUM lemma gate	unresolved
вернутися	synonyms	повертатися	ULIF DictUA exact headword relation; VESUM lemma gate	unresolved
вернутися	synonyms	вертатися	ULIF DictUA exact headword relation; VESUM lemma gate	unresolved
вернутися	synonyms	повертати	ULIF DictUA exact headword relation; VESUM lemma gate	unresolved
вернутися	synonyms	вертати	ULIF DictUA exact headword relation; VESUM lemma gate	unresolved
вернутися	synonyms	завертати	ULIF DictUA exact headword relation; VESUM lemma gate	unresolved
вернутися	synonyms	завертатися	ULIF DictUA exact headword relation; VESUM lemma gate	unresolved
вернутися	synonyms	звертати	ULIF DictUA exact headword relation; VESUM lemma gate	unresolved
вернутися	synonyms	повернутися	ULIF DictUA exact headword relation; VESUM lemma gate	unresolved
вернутися	synonyms	повернути	ULIF DictUA exact headword relation; VESUM lemma gate	unresolved
вернутися	synonyms	вернути	ULIF DictUA exact headword relation; VESUM lemma gate	unresolved
вернутися	synonyms	завернути	ULIF DictUA exact headword relation; VESUM lemma gate	unresolved
вернутися	synonyms	завернутися	ULIF DictUA exact headword relation; VESUM lemma gate	unresolved
вернутися	synonyms	звернути	ULIF DictUA exact headword relation; VESUM lemma gate	unresolved
верстка	synonyms	верстання	ULIF DictUA exact headword relation; VESUM lemma gate	unresolved
вертикальний	antonyms	горизонтальний	ULIF DictUA exact headword relation; VESUM lemma gate	unresolved
верхній	antonyms	нижній	ULIF DictUA exact headword relation; VESUM lemma gate	unresolved
веселий	antonyms	понурий	ULIF DictUA exact headword relation; VESUM lemma gate	unresolved
веселий	antonyms	похмурий	ULIF DictUA exact headword relation; VESUM lemma gate	unresolved
весна	synonyms	квітень	ULIF DictUA exact headword relation; VESUM lemma gate	unresolved
весна	synonyms	відзимки (розм.)	ULIF DictUA exact headword relation; VESUM lemma gate	unresolved
взаємність	synonyms	взаємозалежність	ULIF DictUA exact headword relation; VESUM lemma gate	unresolved
взувати	synonyms	надягати	ULIF DictUA exact headword relation; VESUM lemma gate	unresolved
взувати	synonyms	натягати (розм.)	ULIF DictUA exact headword relation; VESUM lemma gate	unresolved
взувати	synonyms	натягувати (розм.)	ULIF DictUA exact headword relation; VESUM lemma gate	unresolved
взувати	synonyms	всовувати (розм.)	ULIF DictUA exact headword relation; VESUM lemma gate	unresolved
взувати	synonyms	всувати (розм.)	ULIF DictUA exact headword relation; VESUM lemma gate	unresolved
вибачати	synonyms	забувати	ULIF DictUA exact headword relation; VESUM lemma gate	unresolved
вибачитися	synonyms	перепрошатися	ULIF DictUA exact headword relation; VESUM lemma gate	unresolved
вибачитися	synonyms	звинятися	ULIF DictUA exact headword relation; VESUM lemma gate	unresolved
вибачитися	synonyms	звинитися	ULIF DictUA exact headword relation; VESUM lemma gate	unresolved
вибитися	synonyms	викарабкуватися	ULIF DictUA exact headword relation; VESUM lemma gate	unresolved
вибитися	synonyms	вигрібтися	ULIF DictUA exact headword relation; VESUM lemma gate	unresolved
вибитися	synonyms	викарабкатися	ULIF DictUA exact headword relation; VESUM lemma gate	unresolved
вибороти	synonyms	ратоборствувати	ULIF DictUA exact headword relation; VESUM lemma gate	unresolved
вибратися	synonyms	викарабкуватися	ULIF DictUA exact headword relation; VESUM lemma gate	unresolved
вибратися	synonyms	вигрібтися	ULIF DictUA exact headword relation; VESUM lemma gate	unresolved
вибратися	synonyms	викарабкатися	ULIF DictUA exact headword relation; VESUM lemma gate	unresolved
вибігати	synonyms	вилітати	ULIF DictUA exact headword relation; VESUM lemma gate	unresolved
вибігати	synonyms	вихоплюватися	ULIF DictUA exact headword relation; VESUM lemma gate	unresolved
вибігати	synonyms	вискакувати	ULIF DictUA exact headword relation; VESUM lemma gate	unresolved
вибігати	synonyms	висипати	ULIF DictUA exact headword relation; VESUM lemma gate	unresolved
вибігати	synonyms	випорскувати	ULIF DictUA exact headword relation; VESUM lemma gate	unresolved
вибігати	synonyms	виноситися	ULIF DictUA exact headword relation; VESUM lemma gate	unresolved
вибігати	synonyms	вимикатися (рідко)	ULIF DictUA exact headword relation; VESUM lemma gate	unresolved
вибігати	synonyms	вихвачуватися (розм.)	ULIF DictUA exact headword relation; VESUM lemma gate	unresolved
вибігати	synonyms	викочуватися (розм.)	ULIF DictUA exact headword relation; VESUM lemma gate	unresolved
вибігати	synonyms	вислизати	ULIF DictUA exact headword relation; VESUM lemma gate	unresolved
вибігати	synonyms	висмикуватися (розм.)	ULIF DictUA exact headword relation; VESUM lemma gate	unresolved
вибігати	synonyms	випурхувати	ULIF DictUA exact headword relation; VESUM lemma gate	unresolved
вибігати	synonyms	вибігти	ULIF DictUA exact headword relation; VESUM lemma gate	unresolved
вибірка	synonyms	вибирання	ULIF DictUA exact headword relation; VESUM lemma gate	unresolved
вивантажити	synonyms	вивантажувати	ULIF DictUA exact headword relation; VESUM lemma gate	unresolved
виведення	synonyms	висиджування	ULIF DictUA exact headword relation; VESUM lemma gate	unresolved
виведення	synonyms	отримання	ULIF DictUA exact headword relation; VESUM lemma gate	unresolved
виведення	synonyms	одержання	ULIF DictUA exact headword relation; VESUM lemma gate	unresolved
виводити	synonyms	вести	ULIF DictUA exact headword relation; VESUM lemma gate	unresolved
виводити	synonyms	виводити	ULIF DictUA exact headword relation; VESUM lemma gate	unresolved
вивіз	synonyms	експорт	ULIF DictUA exact headword relation; VESUM lemma gate	unresolved
вивіз	synonyms	вивезення	ULIF DictUA exact headword relation; VESUM lemma gate	unresolved
вигнання	synonyms	виштовхування	ULIF DictUA exact headword relation; VESUM lemma gate	unresolved
вигнання	synonyms	проекція	ULIF DictUA exact headword relation; VESUM lemma gate	unresolved
вигнання	synonyms	заборона	ULIF DictUA exact headword relation; VESUM lemma gate	unresolved
вигнання	synonyms	позбавлення	ULIF DictUA exact headword relation; VESUM lemma gate	unresolved
вигнання	synonyms	виключення	ULIF DictUA exact headword relation; VESUM lemma gate	unresolved
вигнання	synonyms	остракізм	ULIF DictUA exact headword relation; VESUM lemma gate	unresolved
вигнати	synonyms	прогонити	ULIF DictUA exact headword relation; VESUM lemma gate	unresolved
вигнати	synonyms	турити	ULIF DictUA exact headword relation; VESUM lemma gate	unresolved
вигнати	synonyms	видворяти	ULIF DictUA exact headword relation; VESUM lemma gate	unresolved
вигнати	synonyms	потурлити	ULIF DictUA exact headword relation; VESUM lemma gate	unresolved
вигнати	synonyms	видворити	ULIF DictUA exact headword relation; VESUM lemma gate	unresolved
виговоритися	synonyms	виговорюватися	ULIF DictUA exact headword relation; VESUM lemma gate	unresolved
виголосити	synonyms	чеканити	ULIF DictUA exact headword relation; VESUM lemma gate	unresolved
виголосити	synonyms	відчеканити	ULIF DictUA exact headword relation; VESUM lemma gate	unresolved
вигравати	synonyms	перемагати	ULIF DictUA exact headword relation; VESUM lemma gate	unresolved
вигравати	synonyms	виграти	ULIF DictUA exact headword relation; VESUM lemma gate	unresolved
виграти	synonyms	вигравати	ULIF DictUA exact headword relation; VESUM lemma gate	unresolved
видати	synonyms	оглашати	ULIF DictUA exact headword relation; VESUM lemma gate	unresolved
видати	synonyms	огласити	ULIF DictUA exact headword relation; VESUM lemma gate	unresolved
видати	synonyms	бачити	ULIF DictUA exact headword relation; VESUM lemma gate	unresolved
видерти	synonyms	прихватити	ULIF DictUA exact headword relation; VESUM lemma gate	unresolved
видозмінити	synonyms	видозмінювати	ULIF DictUA exact headword relation; VESUM lemma gate	unresolved
виживання	synonyms	селекція	ULIF DictUA exact headword relation; VESUM lemma gate	unresolved
виживання	synonyms	витривалість	ULIF DictUA exact headword relation; VESUM lemma gate	unresolved
визволити	synonyms	розкабаляти	ULIF DictUA exact headword relation; VESUM lemma gate	unresolved
визволити	synonyms	ослобоняти	ULIF DictUA exact headword relation; VESUM lemma gate	unresolved
визволити	synonyms	розкабалити	ULIF DictUA exact headword relation; VESUM lemma gate	unresolved
визначати	synonyms	обчислювати	ULIF DictUA exact headword relation; VESUM lemma gate	unresolved
визначати	synonyms	вимірювати	ULIF DictUA exact headword relation; VESUM lemma gate	unresolved
визначати	synonyms	вираховувати	ULIF DictUA exact headword relation; VESUM lemma gate	unresolved
визначати	synonyms	визначувати (рідше)	ULIF DictUA exact headword relation; VESUM lemma gate	unresolved
визначати	synonyms	призначувати (рідше)	ULIF DictUA exact headword relation; VESUM lemma gate	unresolved
визначитися	synonyms	обрисуватися	ULIF DictUA exact headword relation; VESUM lemma gate	unresolved
виймати	synonyms	тягати (рідше)	ULIF DictUA exact headword relation; VESUM lemma gate	unresolved
виймати	synonyms	здобувати (рідко)	ULIF DictUA exact headword relation; VESUM lemma gate	unresolved
виймати	synonyms	вишпортувати (розм.)	ULIF DictUA exact headword relation; VESUM lemma gate	unresolved
виказати	synonyms	наябедничати	ULIF DictUA exact headword relation; VESUM lemma gate	unresolved
виказати	synonyms	нафіскалити	ULIF DictUA exact headword relation; VESUM lemma gate	unresolved
викидати	synonyms	кидати	ULIF DictUA exact headword relation; VESUM lemma gate	unresolved
викидати	synonyms	викинути	ULIF DictUA exact headword relation; VESUM lemma gate	unresolved
викласти	synonyms	оскопляти	ULIF DictUA exact headword relation; VESUM lemma gate	unresolved
викласти	synonyms	каплунити	ULIF DictUA exact headword relation; VESUM lemma gate	unresolved
викласти	synonyms	оскопити	ULIF DictUA exact headword relation; VESUM lemma gate	unresolved
викласти	synonyms	овалашити	ULIF DictUA exact headword relation; VESUM lemma gate	unresolved
викласти	synonyms	вивалашити	ULIF DictUA exact headword relation; VESUM lemma gate	unresolved
викласти	synonyms	звалашити	ULIF DictUA exact headword relation; VESUM lemma gate	unresolved
викласти	synonyms	обмостити	ULIF DictUA exact headword relation; VESUM lemma gate	unresolved
викласти	synonyms	обкаменувати	ULIF DictUA exact headword relation; VESUM lemma gate	unresolved
викласти	synonyms	уповідати	ULIF DictUA exact headword relation; VESUM lemma gate	unresolved
викласти	synonyms	оповідувати	ULIF DictUA exact headword relation; VESUM lemma gate	unresolved
виконання	synonyms	проведення	ULIF DictUA exact headword relation; VESUM lemma gate	unresolved
виконання	synonyms	гра	ULIF DictUA exact headword relation; VESUM lemma gate	unresolved
виконання	synonyms	переслідування	ULIF DictUA exact headword relation; VESUM lemma gate	unresolved
виконання	synonyms	реалізація	ULIF DictUA exact headword relation; VESUM lemma gate	unresolved
виконувати	synonyms	поповнювати	ULIF DictUA exact headword relation; VESUM lemma gate	unresolved
виконувач	synonyms	виконавець	ULIF DictUA exact headword relation; VESUM lemma gate	unresolved
викопати	synonyms	нагибати	ULIF DictUA exact headword relation; VESUM lemma gate	unresolved
викопати	synonyms	штикувати	ULIF DictUA exact headword relation; VESUM lemma gate	unresolved
використання	synonyms	маніпуляція	ULIF DictUA exact headword relation; VESUM lemma gate	unresolved
використання	synonyms	споживання	ULIF DictUA exact headword relation; VESUM lemma gate	unresolved
використання	synonyms	звичай	ULIF DictUA exact headword relation; VESUM lemma gate	unresolved
використання	synonyms	вправа	ULIF DictUA exact headword relation; VESUM lemma gate	unresolved
використання	synonyms	користування	ULIF DictUA exact headword relation; VESUM lemma gate	unresolved
використання	synonyms	утилізація	ULIF DictUA exact headword relation; VESUM lemma gate	unresolved
використання	synonyms	призначення	ULIF DictUA exact headword relation; VESUM lemma gate	unresolved
використання	synonyms	роль	ULIF DictUA exact headword relation; VESUM lemma gate	unresolved
використовувати	synonyms	споживати (рідше)	ULIF DictUA exact headword relation; VESUM lemma gate	unresolved
використовувати	synonyms	поживати (розм.)	ULIF DictUA exact headword relation; VESUM lemma gate	unresolved
використовувати	synonyms	зужитковувати (розм.)	ULIF DictUA exact headword relation; VESUM lemma gate	unresolved
викосити	synonyms	викошувати	ULIF DictUA exact headword relation; VESUM lemma gate	unresolved
викрасти	synonyms	підцуплювати	ULIF DictUA exact headword relation; VESUM lemma gate	unresolved
викрасти	synonyms	підцапувати	ULIF DictUA exact headword relation; VESUM lemma gate	unresolved
викрасти	synonyms	скрасти	ULIF DictUA exact headword relation; VESUM lemma gate	unresolved
викрасти	synonyms	підцапати	ULIF DictUA exact headword relation; VESUM lemma gate	unresolved
викупити	synonyms	викуповувати	ULIF DictUA exact headword relation; VESUM lemma gate	unresolved
викурити	synonyms	прогонити	ULIF DictUA exact headword relation; VESUM lemma gate	unresolved
викурити	synonyms	турити	ULIF DictUA exact headword relation; VESUM lemma gate	unresolved
викурити	synonyms	видворяти	ULIF DictUA exact headword relation; VESUM lemma gate	unresolved
викурити	synonyms	потурлити	ULIF DictUA exact headword relation; VESUM lemma gate	unresolved
викурити	synonyms	видворити	ULIF DictUA exact headword relation; VESUM lemma gate	unresolved
вилазити	synonyms	вилізти	ULIF DictUA exact headword relation; VESUM lemma gate	unresolved
вилучити	synonyms	випроменити	ULIF DictUA exact headword relation; VESUM lemma gate	unresolved
виліпити	synonyms	обшліфовувати	ULIF DictUA exact headword relation; VESUM lemma gate	unresolved
виліпити	synonyms	струнчити	ULIF DictUA exact headword relation; VESUM lemma gate	unresolved
виліпити	synonyms	отесати	ULIF DictUA exact headword relation; VESUM lemma gate	unresolved
вилітати	synonyms	вилетіти	ULIF DictUA exact headword relation; VESUM lemma gate	unresolved
виманити	synonyms	виудити	ULIF DictUA exact headword relation; VESUM lemma gate	unresolved
вимести	synonyms	прогонити	ULIF DictUA exact headword relation; VESUM lemma gate	unresolved
вимести	synonyms	турити	ULIF DictUA exact headword relation; VESUM lemma gate	unresolved
вимести	synonyms	видворяти	ULIF DictUA exact headword relation; VESUM lemma gate	unresolved
вимести	synonyms	потурлити	ULIF DictUA exact headword relation; VESUM lemma gate	unresolved
вимести	synonyms	видворити	ULIF DictUA exact headword relation; VESUM lemma gate	unresolved
вимикач	synonyms	тумблер	ULIF DictUA exact headword relation; VESUM lemma gate	unresolved
виморити	synonyms	ухекати	ULIF DictUA exact headword relation; VESUM lemma gate	unresolved
виморити	synonyms	проманіжити	ULIF DictUA exact headword relation; VESUM lemma gate	unresolved
виморити	synonyms	струджувати	ULIF DictUA exact headword relation; VESUM lemma gate	unresolved
виміряти	synonyms	виміряти	ULIF DictUA exact headword relation; VESUM lemma gate	unresolved
виникати	synonyms	поставати	ULIF DictUA exact headword relation; VESUM lemma gate	unresolved
виникати	synonyms	народжуватися	ULIF DictUA exact headword relation; VESUM lemma gate	unresolved
виникати	synonyms	зароджуватися	ULIF DictUA exact headword relation; VESUM lemma gate	unresolved
виникати	synonyms	зав'язуватися	ULIF DictUA exact headword relation; VESUM lemma gate	unresolved
виникати	synonyms	започатковуватися	ULIF DictUA exact headword relation; VESUM lemma gate	unresolved
виникати	synonyms	повставати	ULIF DictUA exact headword relation; VESUM lemma gate	unresolved
виникати	synonyms	ставати	ULIF DictUA exact headword relation; VESUM lemma gate	unresolved
виникати	synonyms	появлятися	ULIF DictUA exact headword relation; VESUM lemma gate	unresolved
виникати	synonyms	утворюватися	ULIF DictUA exact headword relation; VESUM lemma gate	unresolved
виникати	synonyms	створюватися	ULIF DictUA exact headword relation; VESUM lemma gate	unresolved
виникати	synonyms	витворюватися	ULIF DictUA exact headword relation; VESUM lemma gate	unresolved
виникати	synonyms	здійматися	ULIF DictUA exact headword relation; VESUM lemma gate	unresolved
виникати	synonyms	братися	ULIF DictUA exact headword relation; VESUM lemma gate	unresolved
виникати	synonyms	формуватися	ULIF DictUA exact headword relation; VESUM lemma gate	unresolved
виникати	synonyms	породжуватися	ULIF DictUA exact headword relation; VESUM lemma gate	unresolved
виникати	synonyms	схоплюватися (рідко)	ULIF DictUA exact headword relation; VESUM lemma gate	unresolved
виникати	synonyms	творитися (рідше)	ULIF DictUA exact headword relation; VESUM lemma gate	unresolved
виникати	synonyms	плодитися (розм.)	ULIF DictUA exact headword relation; VESUM lemma gate	unresolved
виникати	synonyms	приходити	ULIF DictUA exact headword relation; VESUM lemma gate	unresolved
виникати	synonyms	пробуджуватися	ULIF DictUA exact headword relation; VESUM lemma gate	unresolved
виникати	synonyms	назрівати	ULIF DictUA exact headword relation; VESUM lemma gate	unresolved
виникати	synonyms	підійматися	ULIF DictUA exact headword relation; VESUM lemma gate	unresolved
виникати	synonyms	проймати	ULIF DictUA exact headword relation; VESUM lemma gate	unresolved
виникати	synonyms	розворушуватися	ULIF DictUA exact headword relation; VESUM lemma gate	unresolved
виникати	synonyms	виникнути	ULIF DictUA exact headword relation; VESUM lemma gate	unresolved
виникнення	synonyms	походження	ULIF DictUA exact headword relation; VESUM lemma gate	unresolved
виникнення	synonyms	спливання	ULIF DictUA exact headword relation; VESUM lemma gate	unresolved
виникнення	synonyms	вступ	ULIF DictUA exact headword relation; VESUM lemma gate	unresolved
виникнення	synonyms	заснування	ULIF DictUA exact headword relation; VESUM lemma gate	unresolved
виникнення	synonyms	створення	ULIF DictUA exact headword relation; VESUM lemma gate	unresolved
виникнення	synonyms	установа	ULIF DictUA exact headword relation; VESUM lemma gate	unresolved
виникнення	synonyms	постання	ULIF DictUA exact headword relation; VESUM lemma gate	unresolved
виносити	synonyms	приносити	ULIF DictUA exact headword relation; VESUM lemma gate	unresolved
виносити	synonyms	зберігати	ULIF DictUA exact headword relation; VESUM lemma gate	unresolved
виносити	synonyms	винести	ULIF DictUA exact headword relation; VESUM lemma gate	unresolved
випадком	synonyms	припадком	ULIF DictUA exact headword relation; VESUM lemma gate	unresolved
випадіння	synonyms	вискакування	ULIF DictUA exact headword relation; VESUM lemma gate	unresolved
випивати	synonyms	вихиляти (розм.)	ULIF DictUA exact headword relation; VESUM lemma gate	unresolved
випивати	synonyms	висушувати (розм.)	ULIF DictUA exact headword relation; VESUM lemma gate	unresolved
випивати	synonyms	осушувати (розм.)	ULIF DictUA exact headword relation; VESUM lemma gate	unresolved
випивати	synonyms	виціджувати (розм.)	ULIF DictUA exact headword relation; VESUM lemma gate	unresolved
випивати	synonyms	пропускати (розм.)	ULIF DictUA exact headword relation; VESUM lemma gate	unresolved
випивати	synonyms	перепускати (розм.)	ULIF DictUA exact headword relation; VESUM lemma gate	unresolved
випивати	synonyms	напивати (розм.)	ULIF DictUA exact headword relation; VESUM lemma gate	unresolved
випивати	synonyms	перехиляти (розм.)	ULIF DictUA exact headword relation; VESUM lemma gate	unresolved
випивати	synonyms	розпивати (розм.)	ULIF DictUA exact headword relation; VESUM lemma gate	unresolved
випивати	synonyms	перекидати (розм.)	ULIF DictUA exact headword relation; VESUM lemma gate	unresolved
випивати	synonyms	бахкати (розм.)	ULIF DictUA exact headword relation; VESUM lemma gate	unresolved
випивати	synonyms	пригублювати (розм.)	ULIF DictUA exact headword relation; VESUM lemma gate	unresolved
випивати	synonyms	видувати (розм.)	ULIF DictUA exact headword relation; VESUM lemma gate	unresolved
випивати	synonyms	видудлювати (розм.)	ULIF DictUA exact headword relation; VESUM lemma gate	unresolved
випивати	synonyms	висмоктувати (розм.)	ULIF DictUA exact headword relation; VESUM lemma gate	unresolved
виписати	synonyms	визивати	ULIF DictUA exact headword relation; VESUM lemma gate	unresolved
виписати	synonyms	визвати	ULIF DictUA exact headword relation; VESUM lemma gate	unresolved
виписувати	synonyms	передплачувати	ULIF DictUA exact headword relation; VESUM lemma gate	unresolved
виплатити	synonyms	виплачувати	ULIF DictUA exact headword relation; VESUM lemma gate	unresolved
виплювати	synonyms	випльовувати	ULIF DictUA exact headword relation; VESUM lemma gate	unresolved
виправдовувати	synonyms	відшкодувати	ULIF DictUA exact headword relation; VESUM lemma gate	unresolved
виправлення	synonyms	поправка (розм.)	ULIF DictUA exact headword relation; VESUM lemma gate	unresolved
виправлення	synonyms	виправа (заст.)	ULIF DictUA exact headword relation; VESUM lemma gate	unresolved
виправлення	synonyms	поправа (діал.)	ULIF DictUA exact headword relation; VESUM lemma gate	unresolved
виправлення	synonyms	правка (розм.)	ULIF DictUA exact headword relation; VESUM lemma gate	unresolved
випробувати	synonyms	випробувати	ULIF DictUA exact headword relation; VESUM lemma gate	unresolved
випрягти	synonyms	випрягати	ULIF DictUA exact headword relation; VESUM lemma gate	unresolved
випуск	synonyms	вихлоп	ULIF DictUA exact headword relation; VESUM lemma gate	unresolved
випускати	synonyms	пускати	ULIF DictUA exact headword relation; VESUM lemma gate	unresolved
випускати	synonyms	публікувати	ULIF DictUA exact headword relation; VESUM lemma gate	unresolved
випічка	synonyms	випікання	ULIF DictUA exact headword relation; VESUM lemma gate	unresolved
виражений	synonyms	позначений	ULIF DictUA exact headword relation; VESUM lemma gate	unresolved
виражений	synonyms	явний	ULIF DictUA exact headword relation; VESUM lemma gate	unresolved
виразити	synonyms	випроменити	ULIF DictUA exact headword relation; VESUM lemma gate	unresolved
вирвати	synonyms	прихватити	ULIF DictUA exact headword relation; VESUM lemma gate	unresolved
вирватися	synonyms	викарабкуватися	ULIF DictUA exact headword relation; VESUM lemma gate	unresolved
вирватися	synonyms	вигрібтися	ULIF DictUA exact headword relation; VESUM lemma gate	unresolved
вирватися	synonyms	викарабкатися	ULIF DictUA exact headword relation; VESUM lemma gate	unresolved
виробництво	synonyms	промисловість	ULIF DictUA exact headword relation; VESUM lemma gate	unresolved
виробництво	synonyms	продукт	ULIF DictUA exact headword relation; VESUM lemma gate	unresolved
виробництво	synonyms	вихід	ULIF DictUA exact headword relation; VESUM lemma gate	unresolved
виробництво	synonyms	дохід	ULIF DictUA exact headword relation; VESUM lemma gate	unresolved
виростати	synonyms	рости	ULIF DictUA exact headword relation; VESUM lemma gate	unresolved
виростати	synonyms	зростати	ULIF DictUA exact headword relation; VESUM lemma gate	unresolved
виростати	synonyms	більшати	ULIF DictUA exact headword relation; VESUM lemma gate	unresolved
виростати	synonyms	вищати	ULIF DictUA exact headword relation; VESUM lemma gate	unresolved
виростати	synonyms	довшати	ULIF DictUA exact headword relation; VESUM lemma gate	unresolved
виростати	synonyms	дужчати	ULIF DictUA exact headword relation; VESUM lemma gate	unresolved
вирощувати	synonyms	виплекувати	ULIF DictUA exact headword relation; VESUM lemma gate	unresolved
вирощувати	synonyms	випещувати	ULIF DictUA exact headword relation; VESUM lemma gate	unresolved
вирощувати	synonyms	виростати (рідше)	ULIF DictUA exact headword relation; VESUM lemma gate	unresolved
вирощувати	synonyms	вирощати (рідко)	ULIF DictUA exact headword relation; VESUM lemma gate	unresolved
вирубати	synonyms	вирубати	ULIF DictUA exact headword relation; VESUM lemma gate	unresolved
виручити	synonyms	погоджати	ULIF DictUA exact headword relation; VESUM lemma gate	unresolved
виручити	synonyms	бути	ULIF DictUA exact headword relation; VESUM lemma gate	unresolved
виручити	synonyms	пригоді	ULIF DictUA exact headword relation; VESUM lemma gate	unresolved
вирушати	synonyms	рушатися (розм.)	ULIF DictUA exact headword relation; VESUM lemma gate	unresolved
вирушати	synonyms	випихатися (розм.)	ULIF DictUA exact headword relation; VESUM lemma gate	unresolved
вирушати	synonyms	вимикатися (розм.)	ULIF DictUA exact headword relation; VESUM lemma gate	unresolved
вирізати	synonyms	вирізати	ULIF DictUA exact headword relation; VESUM lemma gate	unresolved
висиплятися	synonyms	виспатися	ULIF DictUA exact headword relation; VESUM lemma gate	unresolved
вислизнути	synonyms	виприснути	ULIF DictUA exact headword relation; VESUM lemma gate	unresolved
висловитися	synonyms	висловлюватися	ULIF DictUA exact headword relation; VESUM lemma gate	unresolved
висловлювати	synonyms	говорити	ULIF DictUA exact headword relation; VESUM lemma gate	unresolved
висловлювати	synonyms	казати	ULIF DictUA exact headword relation; VESUM lemma gate	unresolved
висловлювати	synonyms	викладати	ULIF DictUA exact headword relation; VESUM lemma gate	unresolved
висловлювати	synonyms	повідати	ULIF DictUA exact headword relation; VESUM lemma gate	unresolved
висловлювати	synonyms	передавати	ULIF DictUA exact headword relation; VESUM lemma gate	unresolved
вислухати	synonyms	вислухувати	ULIF DictUA exact headword relation; VESUM lemma gate	unresolved
вислухати	synonyms	вислухати	ULIF DictUA exact headword relation; VESUM lemma gate	unresolved
вислуховувати	synonyms	вислухувати	ULIF DictUA exact headword relation; VESUM lemma gate	unresolved
висміяти	synonyms	кпитися	ULIF DictUA exact headword relation; VESUM lemma gate	unresolved
висок	synonyms	скрань	ULIF DictUA exact headword relation; VESUM lemma gate	unresolved
високий	antonyms	низький	ULIF DictUA exact headword relation; VESUM lemma gate	unresolved
високий	antonyms	малий	ULIF DictUA exact headword relation; VESUM lemma gate	unresolved
високо	synonyms	надзвичайно	ULIF DictUA exact headword relation; VESUM lemma gate	unresolved
високо	synonyms	високий	ULIF DictUA exact headword relation; VESUM lemma gate	unresolved
високо	synonyms	розкішно	ULIF DictUA exact headword relation; VESUM lemma gate	unresolved
виспатися	synonyms	висиплятися	ULIF DictUA exact headword relation; VESUM lemma gate	unresolved
виставляти	synonyms	виймати	ULIF DictUA exact headword relation; VESUM lemma gate	unresolved
вистачити	synonyms	вистачить	ULIF DictUA exact headword relation; VESUM lemma gate	unresolved
вистачити	synonyms	буде	ULIF DictUA exact headword relation; VESUM lemma gate	unresolved
вистрілити	synonyms	вистрілювати	ULIF DictUA exact headword relation; VESUM lemma gate	unresolved
виступити	synonyms	ратоборствувати	ULIF DictUA exact headword relation; VESUM lemma gate	unresolved
висувати	synonyms	висаджувати	ULIF DictUA exact headword relation; VESUM lemma gate	unresolved
висушити	synonyms	осушати	ULIF DictUA exact headword relation; VESUM lemma gate	unresolved
висхідний	antonyms	низхідний	ULIF DictUA exact headword relation; VESUM lemma gate	unresolved
витрата	synonyms	витрачення	ULIF DictUA exact headword relation; VESUM lemma gate	unresolved
витрата	synonyms	марнування	ULIF DictUA exact headword relation; VESUM lemma gate	unresolved
витрата	synonyms	розхід (розм.)	ULIF DictUA exact headword relation; VESUM lemma gate	unresolved
витрачати	synonyms	розтрачати (рідко)	ULIF DictUA exact headword relation; VESUM lemma gate	unresolved
витрачати	synonyms	викидати (розм.)	ULIF DictUA exact headword relation; VESUM lemma gate	unresolved
витрачати	synonyms	розтринькувати (розм.)	ULIF DictUA exact headword relation; VESUM lemma gate	unresolved
витрачати	synonyms	тринькати (розм.)	ULIF DictUA exact headword relation; VESUM lemma gate	unresolved
витрачати	synonyms	розточувати (розм.)	ULIF DictUA exact headword relation; VESUM lemma gate	unresolved
витрачати	synonyms	розсипати (розм.)	ULIF DictUA exact headword relation; VESUM lemma gate	unresolved
витрачати	synonyms	розтрушувати (розм.)	ULIF DictUA exact headword relation; VESUM lemma gate	unresolved
витрачати	synonyms	розпускати (розм.)	ULIF DictUA exact headword relation; VESUM lemma gate	unresolved
витрачати	synonyms	спускати (розм.)	ULIF DictUA exact headword relation; VESUM lemma gate	unresolved
витрачати	synonyms	розтрачуватися (розм.)	ULIF DictUA exact headword relation; VESUM lemma gate	unresolved
витривалість	synonyms	виживання	ULIF DictUA exact headword relation; VESUM lemma gate	unresolved
витривалість	synonyms	сміливість	ULIF DictUA exact headword relation; VESUM lemma gate	unresolved
витривалість	synonyms	міцність	ULIF DictUA exact headword relation; VESUM lemma gate	unresolved
витривалість	synonyms	хтивість	ULIF DictUA exact headword relation; VESUM lemma gate	unresolved
витривалість	synonyms	стійкість	ULIF DictUA exact headword relation; VESUM lemma gate	unresolved
витримати	synonyms	винести (розм.)	ULIF DictUA exact headword relation; VESUM lemma gate	unresolved
витримати	synonyms	перетривати (розм.)	ULIF DictUA exact headword relation; VESUM lemma gate	unresolved
витримка	synonyms	витримування	ULIF DictUA exact headword relation; VESUM lemma gate	unresolved
витягнутий	synonyms	продовгуватий	ULIF DictUA exact headword relation; VESUM lemma gate	unresolved
виховання	synonyms	розведення	ULIF DictUA exact headword relation; VESUM lemma gate	unresolved
виховання	synonyms	навчання	ULIF DictUA exact headword relation; VESUM lemma gate	unresolved
виховання	synonyms	освіта	ULIF DictUA exact headword relation; VESUM lemma gate	unresolved
виходити	synonyms	йти	ULIF DictUA exact headword relation; VESUM lemma gate	unresolved
виходити	synonyms	вийти	ULIF DictUA exact headword relation; VESUM lemma gate	unresolved
виходити	synonyms	з'являтися	ULIF DictUA exact headword relation; VESUM lemma gate	unresolved
вицвілий	synonyms	вибілений	ULIF DictUA exact headword relation; VESUM lemma gate	unresolved
вицвілий	synonyms	вологий	ULIF DictUA exact headword relation; VESUM lemma gate	unresolved
вицвілий	synonyms	змитий	ULIF DictUA exact headword relation; VESUM lemma gate	unresolved
вицвілий	synonyms	ослаблений	ULIF DictUA exact headword relation; VESUM lemma gate	unresolved
вичавити	synonyms	вижимати	ULIF DictUA exact headword relation; VESUM lemma gate	unresolved
вичерпатися	synonyms	вичерпуватися	ULIF DictUA exact headword relation; VESUM lemma gate	unresolved
вишняк	synonyms	вишник	ULIF DictUA exact headword relation; VESUM lemma gate	unresolved
вишняк	synonyms	вишнина	ULIF DictUA exact headword relation; VESUM lemma gate	unresolved
вишняк	synonyms	вишнівка	ULIF DictUA exact headword relation; VESUM lemma gate	unresolved
вишняк	synonyms	підсливок	ULIF DictUA exact headword relation; VESUM lemma gate	unresolved
вишняк	synonyms	підсливник	ULIF DictUA exact headword relation; VESUM lemma gate	unresolved
вишняк	synonyms	підвишень	ULIF DictUA exact headword relation; VESUM lemma gate	unresolved
вишняк	synonyms	садовик	ULIF DictUA exact headword relation; VESUM lemma gate	unresolved
виявити	synonyms	випроменити	ULIF DictUA exact headword relation; VESUM lemma gate	unresolved
виявити	synonyms	назнавати	ULIF DictUA exact headword relation; VESUM lemma gate	unresolved
виявлятися	synonyms	прорізатися (рідко)	ULIF DictUA exact headword relation; VESUM lemma gate	unresolved
виїжджати	synonyms	виступати	ULIF DictUA exact headword relation; VESUM lemma gate	unresolved
виїмка	synonyms	глибка	ULIF DictUA exact headword relation; VESUM lemma gate	unresolved
вказати	synonyms	наущати	ULIF DictUA exact headword relation; VESUM lemma gate	unresolved
вказати	synonyms	урозумляти	ULIF DictUA exact headword relation; VESUM lemma gate	unresolved
вказати	synonyms	ясувати	ULIF DictUA exact headword relation; VESUM lemma gate	unresolved
вказати	synonyms	присвідчувати	ULIF DictUA exact headword relation; VESUM lemma gate	unresolved
вказати	synonyms	присвідчити	ULIF DictUA exact headword relation; VESUM lemma gate	unresolved
вказівний	synonyms	викривальний	ULIF DictUA exact headword relation; VESUM lemma gate	unresolved
вказівний	synonyms	значущий	ULIF DictUA exact headword relation; VESUM lemma gate	unresolved
вказівний	synonyms	декларативний	ULIF DictUA exact headword relation; VESUM lemma gate	unresolved
включати	synonyms	вмикати	ULIF DictUA exact headword relation; VESUM lemma gate	unresolved
включати	synonyms	влучати	ULIF DictUA exact headword relation; VESUM lemma gate	unresolved
власно	synonyms	власне	ULIF DictUA exact headword relation; VESUM lemma gate	unresolved
влетіти	synonyms	доставатися	ULIF DictUA exact headword relation; VESUM lemma gate	unresolved
вліво	antonyms	вправо	ULIF DictUA exact headword relation; VESUM lemma gate	unresolved
вліво	synonyms	по	ULIF DictUA exact headword relation; VESUM lemma gate	unresolved
вліво	synonyms	ліву	ULIF DictUA exact headword relation; VESUM lemma gate	unresolved
вліво	synonyms	руку	ULIF DictUA exact headword relation; VESUM lemma gate	unresolved
вліво	synonyms	цоб	ULIF DictUA exact headword relation; VESUM lemma gate	unresolved
вмістилище	synonyms	вмістище	ULIF DictUA exact headword relation; VESUM lemma gate	unresolved
вміти	synonyms	тямити (розм.)	ULIF DictUA exact headword relation; VESUM lemma gate	unresolved
внести	synonyms	привносити	ULIF DictUA exact headword relation; VESUM lemma gate	unresolved
внести	synonyms	прибавити	ULIF DictUA exact headword relation; VESUM lemma gate	unresolved
внести	synonyms	притулити	ULIF DictUA exact headword relation; VESUM lemma gate	unresolved
внести	synonyms	причинити	ULIF DictUA exact headword relation; VESUM lemma gate	unresolved
внутрішній	antonyms	зовнішній	ULIF DictUA exact headword relation; VESUM lemma gate	unresolved
вовченя	synonyms	вовча	ULIF DictUA exact headword relation; VESUM lemma gate	unresolved
вогкість	synonyms	вільга	ULIF DictUA exact headword relation; VESUM lemma gate	unresolved
водний	synonyms	ватерполо	ULIF DictUA exact headword relation; VESUM lemma gate	unresolved
водограй	synonyms	водотриск	ULIF DictUA exact headword relation; VESUM lemma gate	unresolved
водограй	synonyms	фонтана	ULIF DictUA exact headword relation; VESUM lemma gate	unresolved
вожак	synonyms	провідець	ULIF DictUA exact headword relation; VESUM lemma gate	unresolved
волога	synonyms	вологість	ULIF DictUA exact headword relation; VESUM lemma gate	unresolved
вологість	synonyms	волога	ULIF DictUA exact headword relation; VESUM lemma gate	unresolved
вологість	synonyms	вільгота (рідше)	ULIF DictUA exact headword relation; VESUM lemma gate	unresolved
вологість	synonyms	вільготність (рідше)	ULIF DictUA exact headword relation; VESUM lemma gate	unresolved
володіти	synonyms	володати	ULIF DictUA exact headword relation; VESUM lemma gate	unresolved
володіти	synonyms	владувати (рідше)	ULIF DictUA exact headword relation; VESUM lemma gate	unresolved
володіти	synonyms	володарювати	ULIF DictUA exact headword relation; VESUM lemma gate	unresolved
волос	synonyms	волосина	ULIF DictUA exact headword relation; VESUM lemma gate	unresolved
волос	synonyms	волосінь	ULIF DictUA exact headword relation; VESUM lemma gate	unresolved
волос	synonyms	волосок	ULIF DictUA exact headword relation; VESUM lemma gate	unresolved
волос	synonyms	пружинка	ULIF DictUA exact headword relation; VESUM lemma gate	unresolved
волос	synonyms	дротик	ULIF DictUA exact headword relation; VESUM lemma gate	unresolved
волос	synonyms	волосся	ULIF DictUA exact headword relation; VESUM lemma gate	unresolved
волос	synonyms	чуб	ULIF DictUA exact headword relation; VESUM lemma gate	unresolved
волос	synonyms	чуприна	ULIF DictUA exact headword relation; VESUM lemma gate	unresolved
волос	synonyms	шевелюра	ULIF DictUA exact headword relation; VESUM lemma gate	unresolved
волос	synonyms	чупер	ULIF DictUA exact headword relation; VESUM lemma gate	unresolved
волос	synonyms	коси	ULIF DictUA exact headword relation; VESUM lemma gate	unresolved
волос	synonyms	кучері	ULIF DictUA exact headword relation; VESUM lemma gate	unresolved
волос	synonyms	грива	ULIF DictUA exact headword relation; VESUM lemma gate	unresolved
волос	synonyms	кучма	ULIF DictUA exact headword relation; VESUM lemma gate	unresolved
волос	synonyms	копиця	ULIF DictUA exact headword relation; VESUM lemma gate	unresolved
волос	synonyms	шапка	ULIF DictUA exact headword relation; VESUM lemma gate	unresolved
волос	synonyms	шапчина	ULIF DictUA exact headword relation; VESUM lemma gate	unresolved
волос	synonyms	оселедець	ULIF DictUA exact headword relation; VESUM lemma gate	unresolved
волос	synonyms	патли	ULIF DictUA exact headword relation; VESUM lemma gate	unresolved
волосінь	synonyms	волосина	ULIF DictUA exact headword relation; VESUM lemma gate	unresolved
волосінь	synonyms	волос	ULIF DictUA exact headword relation; VESUM lemma gate	unresolved
волосінь	synonyms	волосня	ULIF DictUA exact headword relation; VESUM lemma gate	unresolved
волосінь	synonyms	ліска	ULIF DictUA exact headword relation; VESUM lemma gate	unresolved
волосінь	synonyms	поводок	ULIF DictUA exact headword relation; VESUM lemma gate	unresolved
воля	antonyms	неволя	ULIF DictUA exact headword relation; VESUM lemma gate	unresolved
воля	antonyms	рабство	ULIF DictUA exact headword relation; VESUM lemma gate	unresolved
воїнство	synonyms	сили	ULIF DictUA exact headword relation; VESUM lemma gate	unresolved
воїнство	synonyms	полки	ULIF DictUA exact headword relation; VESUM lemma gate	unresolved
воїнство	synonyms	збройні	ULIF DictUA exact headword relation; VESUM lemma gate	unresolved
впертий	synonyms	заклятий	ULIF DictUA exact headword relation; VESUM lemma gate	unresolved
впертий	synonyms	огурний (діал.)	ULIF DictUA exact headword relation; VESUM lemma gate	unresolved
вперто	synonyms	уперто	ULIF DictUA exact headword relation; VESUM lemma gate	unresolved
впертість	synonyms	упертість	ULIF DictUA exact headword relation; VESUM lemma gate	unresolved
вписатися	synonyms	вписуватися	ULIF DictUA exact headword relation; VESUM lemma gate	unresolved
вподовж	antonyms	впоперек	ULIF DictUA exact headword relation; VESUM lemma gate	unresolved
впоперек	antonyms	вздовж	ULIF DictUA exact headword relation; VESUM lemma gate	unresolved
впоперек	antonyms	вподовж	ULIF DictUA exact headword relation; VESUM lemma gate	unresolved
вправа	synonyms	тренування	ULIF DictUA exact headword relation; VESUM lemma gate	unresolved
вправа	synonyms	практика	ULIF DictUA exact headword relation; VESUM lemma gate	unresolved
вправа	synonyms	декламація	ULIF DictUA exact headword relation; VESUM lemma gate	unresolved
вправа	synonyms	використання	ULIF DictUA exact headword relation; VESUM lemma gate	unresolved
вправа	synonyms	користування	ULIF DictUA exact headword relation; VESUM lemma gate	unresolved
вправа	synonyms	працевлаштування	ULIF DictUA exact headword relation; VESUM lemma gate	unresolved
вправа	synonyms	утилізація	ULIF DictUA exact headword relation; VESUM lemma gate	unresolved
вправо	antonyms	вліво	ULIF DictUA exact headword relation; VESUM lemma gate	unresolved
впровадити	synonyms	уставити	ULIF DictUA exact headword relation; VESUM lemma gate	unresolved
впровадити	synonyms	настановити	ULIF DictUA exact headword relation; VESUM lemma gate	unresolved
впровадити	synonyms	насадити	ULIF DictUA exact headword relation; VESUM lemma gate	unresolved
впродовж	synonyms	протягом	ULIF DictUA exact headword relation; VESUM lemma gate	unresolved
впрягати	synonyms	запрягати	ULIF DictUA exact headword relation; VESUM lemma gate	unresolved
вражений	synonyms	закоханий	ULIF DictUA exact headword relation; VESUM lemma gate	unresolved
вражений	synonyms	здивований	ULIF DictUA exact headword relation; VESUM lemma gate	unresolved
вражений	synonyms	приголомшений	ULIF DictUA exact headword relation; VESUM lemma gate	unresolved
вранці	synonyms	рано-вранці	ULIF DictUA exact headword relation; VESUM lemma gate	unresolved
вранці	synonyms	раннім-рано	ULIF DictUA exact headword relation; VESUM lemma gate	unresolved
вранці	synonyms	зарані (розм.)	ULIF DictUA exact headword relation; VESUM lemma gate	unresolved
вранці	synonyms	пораненьку (розм.)	ULIF DictUA exact headword relation; VESUM lemma gate	unresolved
вранці	synonyms	зарана (діал.)	ULIF DictUA exact headword relation; VESUM lemma gate	unresolved
всередину	antonyms	назовні	ULIF DictUA exact headword relation; VESUM lemma gate	unresolved
всихання	synonyms	усихання	ULIF DictUA exact headword relation; VESUM lemma gate	unresolved
вскочити	synonyms	вплигати	ULIF DictUA exact headword relation; VESUM lemma gate	unresolved
вставати	antonyms	лягати	ULIF DictUA exact headword relation; VESUM lemma gate	unresolved
вставати	synonyms	зводитися	ULIF DictUA exact headword relation; VESUM lemma gate	unresolved
вставати	synonyms	підводитися	ULIF DictUA exact headword relation; VESUM lemma gate	unresolved
вставати	synonyms	підхоплюватися	ULIF DictUA exact headword relation; VESUM lemma gate	unresolved
вставити	synonyms	заправляти	ULIF DictUA exact headword relation; VESUM lemma gate	unresolved
всупереч	synonyms	насупроти	ULIF DictUA exact headword relation; VESUM lemma gate	unresolved
всупереч	synonyms	упоперек	ULIF DictUA exact headword relation; VESUM lemma gate	unresolved
всього	synonyms	разом	ULIF DictUA exact headword relation; VESUM lemma gate	unresolved
всього	synonyms	нумерувати	ULIF DictUA exact headword relation; VESUM lemma gate	unresolved
всього	synonyms	приходити	ULIF DictUA exact headword relation; VESUM lemma gate	unresolved
всього	synonyms	додавати	ULIF DictUA exact headword relation; VESUM lemma gate	unresolved
всього	synonyms	підраховувати	ULIF DictUA exact headword relation; VESUM lemma gate	unresolved
всього	synonyms	підсумовувати	ULIF DictUA exact headword relation; VESUM lemma gate	unresolved
вся	synonyms	весь	ULIF DictUA exact headword relation; VESUM lemma gate	unresolved
всяк	synonyms	всяко	ULIF DictUA exact headword relation; VESUM lemma gate	unresolved
всякчас	synonyms	повік-віки	ULIF DictUA exact headword relation; VESUM lemma gate	unresolved
всякчас	synonyms	повік-віків	ULIF DictUA exact headword relation; VESUM lemma gate	unresolved
всякчас	synonyms	будь-коли	ULIF DictUA exact headword relation; VESUM lemma gate	unresolved
втеча	synonyms	евакуація	ULIF DictUA exact headword relation; VESUM lemma gate	unresolved
втопитися	synonyms	топнути	ULIF DictUA exact headword relation; VESUM lemma gate	unresolved
втопитися	synonyms	втупитися	ULIF DictUA exact headword relation; VESUM lemma gate	unresolved
втручатися	synonyms	пхатися	ULIF DictUA exact headword relation; VESUM lemma gate	unresolved
втручатися	synonyms	вв'язуватися (розм.)	ULIF DictUA exact headword relation; VESUM lemma gate	unresolved
втручатися	synonyms	встрявати (розм.)	ULIF DictUA exact headword relation; VESUM lemma gate	unresolved
втручатися	synonyms	мішатися (розм.)	ULIF DictUA exact headword relation; VESUM lemma gate	unresolved
втручатися	synonyms	замішуватися (розм.)	ULIF DictUA exact headword relation; VESUM lemma gate	unresolved
втручатися	synonyms	вмішуватися (розм.)	ULIF DictUA exact headword relation; VESUM lemma gate	unresolved
втручатися	synonyms	микатися (діал.)	ULIF DictUA exact headword relation; VESUM lemma gate	unresolved
втручатися	synonyms	підпрягатися (розм.)	ULIF DictUA exact headword relation; VESUM lemma gate	unresolved
втручатися	synonyms	сікатися	ULIF DictUA exact headword relation; VESUM lemma gate	unresolved
втягнути	synonyms	вволікати	ULIF DictUA exact headword relation; VESUM lemma gate	unresolved
втягнути	synonyms	втаскувати	ULIF DictUA exact headword relation; VESUM lemma gate	unresolved
втягнути	synonyms	залучати	ULIF DictUA exact headword relation; VESUM lemma gate	unresolved
втягнути	synonyms	прилучати	ULIF DictUA exact headword relation; VESUM lemma gate	unresolved
втягнути	synonyms	притягати	ULIF DictUA exact headword relation; VESUM lemma gate	unresolved
втягнути	synonyms	притягувати	ULIF DictUA exact headword relation; VESUM lemma gate	unresolved
втягнути	synonyms	підпрягати	ULIF DictUA exact headword relation; VESUM lemma gate	unresolved
втягнути	synonyms	залучити	ULIF DictUA exact headword relation; VESUM lemma gate	unresolved
втягнути	synonyms	прилучити	ULIF DictUA exact headword relation; VESUM lemma gate	unresolved
втягнути	synonyms	притягти	ULIF DictUA exact headword relation; VESUM lemma gate	unresolved
втягнути	synonyms	притягнути	ULIF DictUA exact headword relation; VESUM lemma gate	unresolved
втягнути	synonyms	підпрягти	ULIF DictUA exact headword relation; VESUM lemma gate	unresolved
втягнути	synonyms	засмоктувати	ULIF DictUA exact headword relation; VESUM lemma gate	unresolved
втягнути	synonyms	засисати	ULIF DictUA exact headword relation; VESUM lemma gate	unresolved
втягнути	synonyms	усмоктувати	ULIF DictUA exact headword relation; VESUM lemma gate	unresolved
втягти	synonyms	вволікати	ULIF DictUA exact headword relation; VESUM lemma gate	unresolved
втягти	synonyms	втаскувати	ULIF DictUA exact headword relation; VESUM lemma gate	unresolved
втягти	synonyms	залучати	ULIF DictUA exact headword relation; VESUM lemma gate	unresolved
втягти	synonyms	прилучати	ULIF DictUA exact headword relation; VESUM lemma gate	unresolved
втягти	synonyms	притягати	ULIF DictUA exact headword relation; VESUM lemma gate	unresolved
втягти	synonyms	притягувати	ULIF DictUA exact headword relation; VESUM lemma gate	unresolved
втягти	synonyms	підпрягати	ULIF DictUA exact headword relation; VESUM lemma gate	unresolved
втягти	synonyms	залучити	ULIF DictUA exact headword relation; VESUM lemma gate	unresolved
втягти	synonyms	прилучити	ULIF DictUA exact headword relation; VESUM lemma gate	unresolved
втягти	synonyms	притягти	ULIF DictUA exact headword relation; VESUM lemma gate	unresolved
втягти	synonyms	притягнути	ULIF DictUA exact headword relation; VESUM lemma gate	unresolved
втягти	synonyms	підпрягти	ULIF DictUA exact headword relation; VESUM lemma gate	unresolved
втягти	synonyms	засмоктувати	ULIF DictUA exact headword relation; VESUM lemma gate	unresolved
втягти	synonyms	засисати	ULIF DictUA exact headword relation; VESUM lemma gate	unresolved
втягти	synonyms	усмоктувати	ULIF DictUA exact headword relation; VESUM lemma gate	unresolved
втягувати	synonyms	всиляти	ULIF DictUA exact headword relation; VESUM lemma gate	unresolved
втілити	synonyms	здійсняти	ULIF DictUA exact headword relation; VESUM lemma gate	unresolved
втілити	synonyms	звершати	ULIF DictUA exact headword relation; VESUM lemma gate	unresolved
вугіль	synonyms	вуглина	ULIF DictUA exact headword relation; VESUM lemma gate	unresolved
вульгаризм	synonyms	непристойність	ULIF DictUA exact headword relation; VESUM lemma gate	unresolved
вульгаризм	synonyms	грубість	ULIF DictUA exact headword relation; VESUM lemma gate	unresolved
вульгаризм	synonyms	звичайність	ULIF DictUA exact headword relation; VESUM lemma gate	unresolved
вуста	synonyms	уста	ULIF DictUA exact headword relation; VESUM lemma gate	unresolved
вхопити	synonyms	убагнути	ULIF DictUA exact headword relation; VESUM lemma gate	unresolved
вхопити	synonyms	розчумати	ULIF DictUA exact headword relation; VESUM lemma gate	unresolved
вхопити	synonyms	розгадати	ULIF DictUA exact headword relation; VESUM lemma gate	unresolved
вхопити	synonyms	розкусити	ULIF DictUA exact headword relation; VESUM lemma gate	unresolved
вхопити	synonyms	розкумекати	ULIF DictUA exact headword relation; VESUM lemma gate	unresolved
вхопити	synonyms	розуміти	ULIF DictUA exact headword relation; VESUM lemma gate	unresolved
вхопити	synonyms	тямити	ULIF DictUA exact headword relation; VESUM lemma gate	unresolved
вхопити	synonyms	уловлювати	ULIF DictUA exact headword relation; VESUM lemma gate	unresolved
вхопити	synonyms	розбиратися	ULIF DictUA exact headword relation; VESUM lemma gate	unresolved
вхопити	synonyms	розгадувати	ULIF DictUA exact headword relation; VESUM lemma gate	unresolved
вхопити	synonyms	розкушувати	ULIF DictUA exact headword relation; VESUM lemma gate	unresolved
вхопити	synonyms	додуматися	ULIF DictUA exact headword relation; VESUM lemma gate	unresolved
вхопити	synonyms	усвідомлювати	ULIF DictUA exact headword relation; VESUM lemma gate	unresolved
вхопити	synonyms	ухоплювати	ULIF DictUA exact headword relation; VESUM lemma gate	unresolved
вхід	synonyms	хідник (розм.)	ULIF DictUA exact headword relation; VESUM lemma gate	unresolved
вхід	synonyms	входження	ULIF DictUA exact headword relation; VESUM lemma gate	unresolved
вшир	antonyms	вздовж	ULIF DictUA exact headword relation; VESUM lemma gate	unresolved
вшир	antonyms	вподовж	ULIF DictUA exact headword relation; VESUM lemma gate	unresolved
ві	synonyms	в	ULIF DictUA exact headword relation; VESUM lemma gate	unresolved
від-їзд	synonyms	виїзд	ULIF DictUA exact headword relation; VESUM lemma gate	unresolved
відбити	synonyms	випроменити	ULIF DictUA exact headword relation; VESUM lemma gate	unresolved
відвезти	synonyms	відвозити	ULIF DictUA exact headword relation; VESUM lemma gate	unresolved
відвідувати	synonyms	вчащати	ULIF DictUA exact headword relation; VESUM lemma gate	unresolved
відвідувати	synonyms	навіщати (розм.)	ULIF DictUA exact headword relation; VESUM lemma gate	unresolved
відвідувати	synonyms	візитувати (заст.)	ULIF DictUA exact headword relation; VESUM lemma gate	unresolved
відвіз	synonyms	відвезення	ULIF DictUA exact headword relation; VESUM lemma gate	unresolved
відгукнутися	synonyms	окликнутися	ULIF DictUA exact headword relation; VESUM lemma gate	unresolved
віддалитися	synonyms	ретируватися	ULIF DictUA exact headword relation; VESUM lemma gate	unresolved
віддалитися	synonyms	шаснутися	ULIF DictUA exact headword relation; VESUM lemma gate	unresolved
віддалі	synonyms	одаль	ULIF DictUA exact headword relation; VESUM lemma gate	unresolved
віддання	synonyms	відданість	ULIF DictUA exact headword relation; VESUM lemma gate	unresolved
віддих	synonyms	опочивок	ULIF DictUA exact headword relation; VESUM lemma gate	unresolved
віддих	synonyms	опочивка	ULIF DictUA exact headword relation; VESUM lemma gate	unresolved
віддих	synonyms	перепочивок	ULIF DictUA exact headword relation; VESUM lemma gate	unresolved
віддих	synonyms	припочивок	ULIF DictUA exact headword relation; VESUM lemma gate	unresolved
відзначити	synonyms	примочувати	ULIF DictUA exact headword relation; VESUM lemma gate	unresolved
відзначити	synonyms	удостоїти	ULIF DictUA exact headword relation; VESUM lemma gate	unresolved
відзначити	synonyms	удостоювати	ULIF DictUA exact headword relation; VESUM lemma gate	unresolved
відзначитися	synonyms	напрокудити	ULIF DictUA exact headword relation; VESUM lemma gate	unresolved
відзначитися	synonyms	починити	ULIF DictUA exact headword relation; VESUM lemma gate	unresolved
відзначитися	synonyms	начудити	ULIF DictUA exact headword relation; VESUM lemma gate	unresolved
відказ	synonyms	відповідь	ULIF DictUA exact headword relation; VESUM lemma gate	unresolved
відказ	synonyms	бекар	ULIF DictUA exact headword relation; VESUM lemma gate	unresolved
відкинути	synonyms	прокривати	ULIF DictUA exact headword relation; VESUM lemma gate	unresolved
відкинути	synonyms	прокрити	ULIF DictUA exact headword relation; VESUM lemma gate	unresolved
відкинутий	synonyms	відкинений	ULIF DictUA exact headword relation; VESUM lemma gate	unresolved
відкладати	synonyms	класти	ULIF DictUA exact headword relation; VESUM lemma gate	unresolved
відкладення	synonyms	відклад	ULIF DictUA exact headword relation; VESUM lemma gate	unresolved
відключення	synonyms	від'єднання	ULIF DictUA exact headword relation; VESUM lemma gate	unresolved
відкритися	synonyms	отверзатися	ULIF DictUA exact headword relation; VESUM lemma gate	unresolved
відкритися	synonyms	отверзтися	ULIF DictUA exact headword relation; VESUM lemma gate	unresolved
відкритися	synonyms	приходити	ULIF DictUA exact headword relation; VESUM lemma gate	unresolved
відкритися	synonyms	надходити	ULIF DictUA exact headword relation; VESUM lemma gate	unresolved
відкупитися	synonyms	відкуповуватися	ULIF DictUA exact headword relation; VESUM lemma gate	unresolved
відкіль	synonyms	відкіля	ULIF DictUA exact headword relation; VESUM lemma gate	unresolved
відміряти	synonyms	відміряти	ULIF DictUA exact headword relation; VESUM lemma gate	unresolved
віднайти	synonyms	нагибати	ULIF DictUA exact headword relation; VESUM lemma gate	unresolved
відник	synonyms	водянка	ULIF DictUA exact headword relation; VESUM lemma gate	unresolved
відноситися	synonyms	стосуватися	ULIF DictUA exact headword relation; VESUM lemma gate	unresolved
відносний	antonyms	безумовний	ULIF DictUA exact headword relation; VESUM lemma gate	unresolved
відняти	synonyms	оволодіти	ULIF DictUA exact headword relation; VESUM lemma gate	unresolved
відняти	synonyms	оволодівати	ULIF DictUA exact headword relation; VESUM lemma gate	unresolved
відписатися	synonyms	відписуватися	ULIF DictUA exact headword relation; VESUM lemma gate	unresolved
відплив	antonyms	приплив	ULIF DictUA exact headword relation; VESUM lemma gate	unresolved
відповідати	synonyms	озиватися	ULIF DictUA exact headword relation; VESUM lemma gate	unresolved
відповідати	synonyms	відзиватися	ULIF DictUA exact headword relation; VESUM lemma gate	unresolved
відповідати	synonyms	відвічати (діал.)	ULIF DictUA exact headword relation; VESUM lemma gate	unresolved
відповідати	synonyms	огризатися	ULIF DictUA exact headword relation; VESUM lemma gate	unresolved
відповідати	synonyms	відгарикуватися	ULIF DictUA exact headword relation; VESUM lemma gate	unresolved
відповідати	synonyms	узгоджуватися	ULIF DictUA exact headword relation; VESUM lemma gate	unresolved
відпочивати	synonyms	віддихати (розм.)	ULIF DictUA exact headword relation; VESUM lemma gate	unresolved
відправлення	synonyms	накладка	ULIF DictUA exact headword relation; VESUM lemma gate	unresolved
відправляти	synonyms	посилати	ULIF DictUA exact headword relation; VESUM lemma gate	unresolved
відправляти	synonyms	відсилати	ULIF DictUA exact headword relation; VESUM lemma gate	unresolved
відправлятися	synonyms	рушатися (розм.)	ULIF DictUA exact headword relation; VESUM lemma gate	unresolved
відправлятися	synonyms	випихатися (розм.)	ULIF DictUA exact headword relation; VESUM lemma gate	unresolved
відправлятися	synonyms	вимикатися (розм.)	ULIF DictUA exact headword relation; VESUM lemma gate	unresolved
відрекомендувати	synonyms	знакомити	ULIF DictUA exact headword relation; VESUM lemma gate	unresolved
відрекомендувати	synonyms	познакомити	ULIF DictUA exact headword relation; VESUM lemma gate	unresolved
відрекомендуватися	synonyms	освідчитися (рідше)	ULIF DictUA exact headword relation; VESUM lemma gate	unresolved
відрекомендуватися	synonyms	відрекомендовуватися	ULIF DictUA exact headword relation; VESUM lemma gate	unresolved
відродити	synonyms	обновлювати	ULIF DictUA exact headword relation; VESUM lemma gate	unresolved
відсталий	antonyms	передовий	ULIF DictUA exact headword relation; VESUM lemma gate	unresolved
відстрочка	synonyms	відстрочення	ULIF DictUA exact headword relation; VESUM lemma gate	unresolved
відсутність	antonyms	присутність	ULIF DictUA exact headword relation; VESUM lemma gate	unresolved
відхекатися	synonyms	відхекуватися	ULIF DictUA exact headword relation; VESUM lemma gate	unresolved
відхилитися	synonyms	відхилятися	ULIF DictUA exact headword relation; VESUM lemma gate	unresolved
відходи	synonyms	відхід	ULIF DictUA exact headword relation; VESUM lemma gate	unresolved
відходити	synonyms	тікати	ULIF DictUA exact headword relation; VESUM lemma gate	unresolved
відходити	synonyms	подаватися	ULIF DictUA exact headword relation; VESUM lemma gate	unresolved
відчайдух	antonyms	боягуз	ULIF DictUA exact headword relation; VESUM lemma gate	unresolved
відчувати	synonyms	зачувати (рідше)	ULIF DictUA exact headword relation; VESUM lemma gate	unresolved
відігнати	synonyms	прогонити	ULIF DictUA exact headword relation; VESUM lemma gate	unresolved
відігнати	synonyms	відстрахувати	ULIF DictUA exact headword relation; VESUM lemma gate	unresolved
відігнути	synonyms	відгинати	ULIF DictUA exact headword relation; VESUM lemma gate	unresolved
відіграти	synonyms	відігравати	ULIF DictUA exact headword relation; VESUM lemma gate	unresolved
візія	synonyms	причуда	ULIF DictUA exact headword relation; VESUM lemma gate	unresolved
візія	synonyms	обмара	ULIF DictUA exact headword relation; VESUM lemma gate	unresolved
візія	synonyms	чмара	ULIF DictUA exact headword relation; VESUM lemma gate	unresolved
візія	synonyms	чмана	ULIF DictUA exact headword relation; VESUM lemma gate	unresolved
вільшаний	synonyms	вільховий	ULIF DictUA exact headword relation; VESUM lemma gate	unresolved
вінчик	synonyms	вінця	ULIF DictUA exact headword relation; VESUM lemma gate	unresolved
віра	antonyms	майна	ULIF DictUA exact headword relation; VESUM lemma gate	unresolved
віра	synonyms	упевненість	ULIF DictUA exact headword relation; VESUM lemma gate	unresolved
віра	synonyms	переконання	ULIF DictUA exact headword relation; VESUM lemma gate	unresolved
віра	synonyms	віросповідання	ULIF DictUA exact headword relation; VESUM lemma gate	unresolved
віра	synonyms	релігія	ULIF DictUA exact headword relation; VESUM lemma gate	unresolved
віра	synonyms	вірування	ULIF DictUA exact headword relation; VESUM lemma gate	unresolved
віра	synonyms	віровизнання	ULIF DictUA exact headword relation; VESUM lemma gate	unresolved
віра	synonyms	віровчення	ULIF DictUA exact headword relation; VESUM lemma gate	unresolved
віра	synonyms	довіра	ULIF DictUA exact headword relation; VESUM lemma gate	unresolved
віра	synonyms	довір'я	ULIF DictUA exact headword relation; VESUM lemma gate	unresolved
віра	synonyms	довіряти	ULIF DictUA exact headword relation; VESUM lemma gate	unresolved
віра	synonyms	довірятися	ULIF DictUA exact headword relation; VESUM lemma gate	unresolved
віра	synonyms	вірити	ULIF DictUA exact headword relation; VESUM lemma gate	unresolved
віра	synonyms	йняти	ULIF DictUA exact headword relation; VESUM lemma gate	unresolved
віра	synonyms	віру	ULIF DictUA exact headword relation; VESUM lemma gate	unresolved
віра	synonyms	покладатися	ULIF DictUA exact headword relation; VESUM lemma gate	unresolved
віра	synonyms	звірятися	ULIF DictUA exact headword relation; VESUM lemma gate	unresolved
віра	synonyms	надіятися	ULIF DictUA exact headword relation; VESUM lemma gate	unresolved
віра	synonyms	ввіряти	ULIF DictUA exact headword relation; VESUM lemma gate	unresolved
віра	synonyms	ввірятися	ULIF DictUA exact headword relation; VESUM lemma gate	unresolved
віра	synonyms	спускатися	ULIF DictUA exact headword relation; VESUM lemma gate	unresolved
віра	synonyms	довіритися	ULIF DictUA exact headword relation; VESUM lemma gate	unresolved
віра	synonyms	пойняти	ULIF DictUA exact headword relation; VESUM lemma gate	unresolved
віра	synonyms	покластися	ULIF DictUA exact headword relation; VESUM lemma gate	unresolved
віра	synonyms	положитися	ULIF DictUA exact headword relation; VESUM lemma gate	unresolved
віра	synonyms	звіритися	ULIF DictUA exact headword relation; VESUM lemma gate	unresolved
віра	synonyms	понадіятися	ULIF DictUA exact headword relation; VESUM lemma gate	unresolved
віра	synonyms	ввірити	ULIF DictUA exact headword relation; VESUM lemma gate	unresolved
віра	synonyms	ввіритися	ULIF DictUA exact headword relation; VESUM lemma gate	unresolved
віра	synonyms	спуститися	ULIF DictUA exact headword relation; VESUM lemma gate	unresolved
віра	synonyms	вгору	ULIF DictUA exact headword relation; VESUM lemma gate	unresolved
віра	synonyms	догори	ULIF DictUA exact headword relation; VESUM lemma gate	unresolved
віра	synonyms	наверх	ULIF DictUA exact headword relation; VESUM lemma gate	unresolved
віра	synonyms	вверх	ULIF DictUA exact headword relation; VESUM lemma gate	unresolved
віра	synonyms	ввись	ULIF DictUA exact headword relation; VESUM lemma gate	unresolved
вірний	synonyms	віруючий	ULIF DictUA exact headword relation; VESUM lemma gate	unresolved
вірний	synonyms	неминучий	ULIF DictUA exact headword relation; VESUM lemma gate	unresolved
вітряк	synonyms	тупчак	ULIF DictUA exact headword relation; VESUM lemma gate	unresolved
вітряк	synonyms	топчій	ULIF DictUA exact headword relation; VESUM lemma gate	unresolved
вітряк	synonyms	вітродвигун	ULIF DictUA exact headword relation; VESUM lemma gate	unresolved
вітряний	synonyms	далекоглядний	ULIF DictUA exact headword relation; VESUM lemma gate	unresolved
вітряний	synonyms	непрактичний	ULIF DictUA exact headword relation; VESUM lemma gate	unresolved
вітряний	synonyms	повітряний	ULIF DictUA exact headword relation; VESUM lemma gate	unresolved
вітряний	synonyms	провітрюваний	ULIF DictUA exact headword relation; VESUM lemma gate	unresolved
віхола	synonyms	хугавиця	ULIF DictUA exact headword relation; VESUM lemma gate	unresolved
віхола	synonyms	хурделя	ULIF DictUA exact headword relation; VESUM lemma gate	unresolved
віхола	synonyms	замета	ULIF DictUA exact headword relation; VESUM lemma gate	unresolved
віхола	synonyms	заметь	ULIF DictUA exact headword relation; VESUM lemma gate	unresolved
віхола	synonyms	кура	ULIF DictUA exact headword relation; VESUM lemma gate	unresolved
віхола	synonyms	фурделиця	ULIF DictUA exact headword relation; VESUM lemma gate	unresolved
віхола	synonyms	хвижа	ULIF DictUA exact headword relation; VESUM lemma gate	unresolved
віхола	synonyms	хиза	ULIF DictUA exact headword relation; VESUM lemma gate	unresolved
віхола	synonyms	шаруга	ULIF DictUA exact headword relation; VESUM lemma gate	unresolved
віхола	synonyms	крутія	ULIF DictUA exact headword relation; VESUM lemma gate	unresolved
віхола	synonyms	снігокрутниця	ULIF DictUA exact headword relation; VESUM lemma gate	unresolved
вічний	synonyms	невмираючий	ULIF DictUA exact headword relation; VESUM lemma gate	unresolved
вічний	synonyms	навіки-віків	ULIF DictUA exact headword relation; VESUM lemma gate	unresolved
вічний	synonyms	навік-віків	ULIF DictUA exact headword relation; VESUM lemma gate	unresolved
вічний	synonyms	на	ULIF DictUA exact headword relation; VESUM lemma gate	unresolved
вічний	synonyms	віки	ULIF DictUA exact headword relation; VESUM lemma gate	unresolved
вічний	synonyms	безрік	ULIF DictUA exact headword relation; VESUM lemma gate	unresolved
вічний	synonyms	без	ULIF DictUA exact headword relation; VESUM lemma gate	unresolved
вічний	synonyms	вороття	ULIF DictUA exact headword relation; VESUM lemma gate	unresolved
вічний	synonyms	звороту	ULIF DictUA exact headword relation; VESUM lemma gate	unresolved
вічний	synonyms	нев'янучий	ULIF DictUA exact headword relation; VESUM lemma gate	unresolved
вічний	synonyms	нестаріючий	ULIF DictUA exact headword relation; VESUM lemma gate	unresolved
вічний	synonyms	авторучка	ULIF DictUA exact headword relation; VESUM lemma gate	unresolved
вічі	synonyms	око	ULIF DictUA exact headword relation; VESUM lemma gate	unresolved
вішати	synonyms	нанизувати	ULIF DictUA exact headword relation; VESUM lemma gate	unresolved
га-га-га	synonyms	га-га	ULIF DictUA exact headword relation; VESUM lemma gate	unresolved
гаджет	synonyms	пристосування	ULIF DictUA exact headword relation; VESUM lemma gate	unresolved
газ	synonyms	метеоризм	ULIF DictUA exact headword relation; VESUM lemma gate	unresolved
гай-гай	synonyms	гай	ULIF DictUA exact headword relation; VESUM lemma gate	unresolved
гак	synonyms	вішало	ULIF DictUA exact headword relation; VESUM lemma gate	unresolved
гак	synonyms	шараги	ULIF DictUA exact headword relation; VESUM lemma gate	unresolved
галас	synonyms	гвалт	ULIF DictUA exact headword relation; VESUM lemma gate	unresolved
галас	synonyms	гелгання	ULIF DictUA exact headword relation; VESUM lemma gate	unresolved
галузь	synonyms	цілина	ULIF DictUA exact headword relation; VESUM lemma gate	unresolved
галябарда	synonyms	алебарда	ULIF DictUA exact headword relation; VESUM lemma gate	unresolved
галявина	synonyms	полявина	ULIF DictUA exact headword relation; VESUM lemma gate	unresolved
ганити	synonyms	попрікати	ULIF DictUA exact headword relation; VESUM lemma gate	unresolved
ганити	synonyms	укоряти	ULIF DictUA exact headword relation; VESUM lemma gate	unresolved
ганити	synonyms	попрікнути	ULIF DictUA exact headword relation; VESUM lemma gate	unresolved
ганити	synonyms	попеняти	ULIF DictUA exact headword relation; VESUM lemma gate	unresolved
ганити	synonyms	укорити	ULIF DictUA exact headword relation; VESUM lemma gate	unresolved
ганити	synonyms	уректи	ULIF DictUA exact headword relation; VESUM lemma gate	unresolved
ганити	synonyms	гудити	ULIF DictUA exact headword relation; VESUM lemma gate	unresolved
гармаш	synonyms	артилерист	ULIF DictUA exact headword relation; VESUM lemma gate	unresolved
гармаш	synonyms	гарматник	ULIF DictUA exact headword relation; VESUM lemma gate	unresolved
гармаш	synonyms	вогневик	ULIF DictUA exact headword relation; VESUM lemma gate	unresolved
гармаш	synonyms	батареєць	ULIF DictUA exact headword relation; VESUM lemma gate	unresolved
гармаш	synonyms	бомбардир	ULIF DictUA exact headword relation; VESUM lemma gate	unresolved
гармаш	synonyms	пушкар	ULIF DictUA exact headword relation; VESUM lemma gate	unresolved
гармаш	synonyms	канонір	ULIF DictUA exact headword relation; VESUM lemma gate	unresolved
гармаш	synonyms	комендор	ULIF DictUA exact headword relation; VESUM lemma gate	unresolved
гармошка	synonyms	гармонька	ULIF DictUA exact headword relation; VESUM lemma gate	unresolved
гарт	synonyms	гартування	ULIF DictUA exact headword relation; VESUM lemma gate	unresolved
гасити	synonyms	притушувати	ULIF DictUA exact headword relation; VESUM lemma gate	unresolved
гасити	synonyms	угасити	ULIF DictUA exact headword relation; VESUM lemma gate	unresolved
гасити	synonyms	притушити	ULIF DictUA exact headword relation; VESUM lemma gate	unresolved
гасити	synonyms	бороти	ULIF DictUA exact headword relation; VESUM lemma gate	unresolved
гасити	synonyms	переборювати	ULIF DictUA exact headword relation; VESUM lemma gate	unresolved
гатка	synonyms	гать	ULIF DictUA exact headword relation; VESUM lemma gate	unresolved
гатка	synonyms	гата	ULIF DictUA exact headword relation; VESUM lemma gate	unresolved
гатка	synonyms	гребля	ULIF DictUA exact headword relation; VESUM lemma gate	unresolved
гатка	synonyms	загата	ULIF DictUA exact headword relation; VESUM lemma gate	unresolved
гатка	synonyms	перегата	ULIF DictUA exact headword relation; VESUM lemma gate	unresolved
гатка	synonyms	перегатка	ULIF DictUA exact headword relation; VESUM lemma gate	unresolved
гатка	synonyms	пригата	ULIF DictUA exact headword relation; VESUM lemma gate	unresolved
гатка	synonyms	тама	ULIF DictUA exact headword relation; VESUM lemma gate	unresolved
гать	synonyms	гатка	ULIF DictUA exact headword relation; VESUM lemma gate	unresolved
гать	synonyms	гата	ULIF DictUA exact headword relation; VESUM lemma gate	unresolved
гать	synonyms	гребля	ULIF DictUA exact headword relation; VESUM lemma gate	unresolved
гать	synonyms	загата	ULIF DictUA exact headword relation; VESUM lemma gate	unresolved
гать	synonyms	перегата	ULIF DictUA exact headword relation; VESUM lemma gate	unresolved
гать	synonyms	перегатка	ULIF DictUA exact headword relation; VESUM lemma gate	unresolved
гать	synonyms	пригата	ULIF DictUA exact headword relation; VESUM lemma gate	unresolved
гать	synonyms	тама	ULIF DictUA exact headword relation; VESUM lemma gate	unresolved
гаяти	synonyms	розтрачати (рідко)	ULIF DictUA exact headword relation; VESUM lemma gate	unresolved
гаяти	synonyms	викидати (розм.)	ULIF DictUA exact headword relation; VESUM lemma gate	unresolved
гаяти	synonyms	розтринькувати (розм.)	ULIF DictUA exact headword relation; VESUM lemma gate	unresolved
гаяти	synonyms	тринькати (розм.)	ULIF DictUA exact headword relation; VESUM lemma gate	unresolved
гаяти	synonyms	розточувати (розм.)	ULIF DictUA exact headword relation; VESUM lemma gate	unresolved
гаяти	synonyms	розсипати (розм.)	ULIF DictUA exact headword relation; VESUM lemma gate	unresolved
гаяти	synonyms	розтрушувати (розм.)	ULIF DictUA exact headword relation; VESUM lemma gate	unresolved
гаяти	synonyms	розпускати (розм.)	ULIF DictUA exact headword relation; VESUM lemma gate	unresolved
гаяти	synonyms	спускати (розм.)	ULIF DictUA exact headword relation; VESUM lemma gate	unresolved
гаяти	synonyms	барити	ULIF DictUA exact headword relation; VESUM lemma gate	unresolved
гвоздик	synonyms	повняк	ULIF DictUA exact headword relation; VESUM lemma gate	unresolved
генератор	synonyms	динамо-машина (заст.)	ULIF DictUA exact headword relation; VESUM lemma gate	unresolved
генератор	synonyms	газогенератор	ULIF DictUA exact headword relation; VESUM lemma gate	unresolved
гидкий	synonyms	сякий-такий	ULIF DictUA exact headword relation; VESUM lemma gate	unresolved
гладити	synonyms	маґлювати	ULIF DictUA exact headword relation; VESUM lemma gate	unresolved
гладити	synonyms	прогладити	ULIF DictUA exact headword relation; VESUM lemma gate	unresolved
гладити	synonyms	вимаґлювати	ULIF DictUA exact headword relation; VESUM lemma gate	unresolved
глибоченний	synonyms	глибочезний	ULIF DictUA exact headword relation; VESUM lemma gate	unresolved
глинистий	synonyms	глинястий	ULIF DictUA exact headword relation; VESUM lemma gate	unresolved
глиця	synonyms	балясина	ULIF DictUA exact headword relation; VESUM lemma gate	unresolved
глиця	synonyms	голка	ULIF DictUA exact headword relation; VESUM lemma gate	unresolved
глиця	synonyms	планка	ULIF DictUA exact headword relation; VESUM lemma gate	unresolved
глиця	synonyms	рейка	ULIF DictUA exact headword relation; VESUM lemma gate	unresolved
глиця	synonyms	бильце	ULIF DictUA exact headword relation; VESUM lemma gate	unresolved
глиця	synonyms	штахет	ULIF DictUA exact headword relation; VESUM lemma gate	unresolved
глиця	synonyms	штахетина	ULIF DictUA exact headword relation; VESUM lemma gate	unresolved
глиця	synonyms	штахетка	ULIF DictUA exact headword relation; VESUM lemma gate	unresolved
глиця	synonyms	планиця	ULIF DictUA exact headword relation; VESUM lemma gate	unresolved
глиця	synonyms	хвоя	ULIF DictUA exact headword relation; VESUM lemma gate	unresolved
глиця	synonyms	шпильки	ULIF DictUA exact headword relation; VESUM lemma gate	unresolved
глиця	synonyms	голки	ULIF DictUA exact headword relation; VESUM lemma gate	unresolved
глиця	synonyms	четина	ULIF DictUA exact headword relation; VESUM lemma gate	unresolved
глиця	synonyms	четиння	ULIF DictUA exact headword relation; VESUM lemma gate	unresolved
глиця	synonyms	фоя	ULIF DictUA exact headword relation; VESUM lemma gate	unresolved
глиця	synonyms	гольник	ULIF DictUA exact headword relation; VESUM lemma gate	unresolved
глуз	synonyms	сміхи	ULIF DictUA exact headword relation; VESUM lemma gate	unresolved
глуз	synonyms	глузи	ULIF DictUA exact headword relation; VESUM lemma gate	unresolved
глухий	antonyms	дзвінкий	ULIF DictUA exact headword relation; VESUM lemma gate	unresolved
глухий	synonyms	убогий	ULIF DictUA exact headword relation; VESUM lemma gate	unresolved
глушко	synonyms	глушман	ULIF DictUA exact headword relation; VESUM lemma gate	unresolved
год	synonyms	рік	ULIF DictUA exact headword relation; VESUM lemma gate	unresolved
головка	synonyms	голівка	ULIF DictUA exact headword relation; VESUM lemma gate	unresolved
головний	synonyms	становий (рідше)	ULIF DictUA exact headword relation; VESUM lemma gate	unresolved
головний	synonyms	передній (рідше)	ULIF DictUA exact headword relation; VESUM lemma gate	unresolved
головний	synonyms	вирішний (рідше)	ULIF DictUA exact headword relation; VESUM lemma gate	unresolved
головоломка	synonyms	містифікатор	ULIF DictUA exact headword relation; VESUM lemma gate	unresolved
головонька	synonyms	голівонька	ULIF DictUA exact headword relation; VESUM lemma gate	unresolved
голій	synonyms	фризер	ULIF DictUA exact headword relation; VESUM lemma gate	unresolved
голій	synonyms	кауфер	ULIF DictUA exact headword relation; VESUM lemma gate	unresolved
гоління	synonyms	випас	ULIF DictUA exact headword relation; VESUM lemma gate	unresolved
гомінкий	synonyms	цокотливий	ULIF DictUA exact headword relation; VESUM lemma gate	unresolved
гомінкий	synonyms	галасуватий	ULIF DictUA exact headword relation; VESUM lemma gate	unresolved
гомінкий	synonyms	гелгання	ULIF DictUA exact headword relation; VESUM lemma gate	unresolved
гонити	synonyms	турити	ULIF DictUA exact headword relation; VESUM lemma gate	unresolved
гонити	synonyms	турлити	ULIF DictUA exact headword relation; VESUM lemma gate	unresolved
гонити	synonyms	туряти	ULIF DictUA exact headword relation; VESUM lemma gate	unresolved
гонити	synonyms	потручувати	ULIF DictUA exact headword relation; VESUM lemma gate	unresolved
гонити	synonyms	потручати	ULIF DictUA exact headword relation; VESUM lemma gate	unresolved
гонити	synonyms	потурлити	ULIF DictUA exact headword relation; VESUM lemma gate	unresolved
гонити	synonyms	потручити	ULIF DictUA exact headword relation; VESUM lemma gate	unresolved
гонити	synonyms	попудити	ULIF DictUA exact headword relation; VESUM lemma gate	unresolved
гонор	synonyms	достоїнство	ULIF DictUA exact headword relation; VESUM lemma gate	unresolved
гонор	synonyms	гонорство	ULIF DictUA exact headword relation; VESUM lemma gate	unresolved
гонор	synonyms	пинда	ULIF DictUA exact headword relation; VESUM lemma gate	unresolved
гонор	synonyms	спесивість	ULIF DictUA exact headword relation; VESUM lemma gate	unresolved
гонор	synonyms	бута	ULIF DictUA exact headword relation; VESUM lemma gate	unresolved
гонор	synonyms	фудулія	ULIF DictUA exact headword relation; VESUM lemma gate	unresolved
гонор	synonyms	зазнайство	ULIF DictUA exact headword relation; VESUM lemma gate	unresolved
горбач	synonyms	горбань	ULIF DictUA exact headword relation; VESUM lemma gate	unresolved
горбач	synonyms	горбатий	ULIF DictUA exact headword relation; VESUM lemma gate	unresolved
горбач	synonyms	горбун	ULIF DictUA exact headword relation; VESUM lemma gate	unresolved
горе	antonyms	радість	ULIF DictUA exact headword relation; VESUM lemma gate	unresolved
горизонтальний	antonyms	вертикальний	ULIF DictUA exact headword relation; VESUM lemma gate	unresolved
горицвіт	synonyms	гориквіт	ULIF DictUA exact headword relation; VESUM lemma gate	unresolved
горлач	synonyms	горлань	ULIF DictUA exact headword relation; VESUM lemma gate	unresolved
гормон	synonyms	ендокринний	ULIF DictUA exact headword relation; VESUM lemma gate	unresolved
горобиний	synonyms	горобцеподібні	ULIF DictUA exact headword relation; VESUM lemma gate	unresolved
город	synonyms	місто	ULIF DictUA exact headword relation; VESUM lemma gate	unresolved
городовий	synonyms	городовик	ULIF DictUA exact headword relation; VESUM lemma gate	unresolved
горщик	synonyms	лікер	ULIF DictUA exact headword relation; VESUM lemma gate	unresolved
горщик	synonyms	вазон	ULIF DictUA exact headword relation; VESUM lemma gate	unresolved
горщик	synonyms	комод	ULIF DictUA exact headword relation; VESUM lemma gate	unresolved
горщик	synonyms	бідон	ULIF DictUA exact headword relation; VESUM lemma gate	unresolved
горщик	synonyms	табурет	ULIF DictUA exact headword relation; VESUM lemma gate	unresolved
горщик	synonyms	трон	ULIF DictUA exact headword relation; VESUM lemma gate	unresolved
горщик	synonyms	буржуйка	ULIF DictUA exact headword relation; VESUM lemma gate	unresolved
горщик	synonyms	еркер	ULIF DictUA exact headword relation; VESUM lemma gate	unresolved
горілиць	antonyms	ниць	ULIF DictUA exact headword relation; VESUM lemma gate	unresolved
готовність	synonyms	підготовка	ULIF DictUA exact headword relation; VESUM lemma gate	unresolved
готовність	synonyms	відвертість	ULIF DictUA exact headword relation; VESUM lemma gate	unresolved
готовність	synonyms	завзяття	ULIF DictUA exact headword relation; VESUM lemma gate	unresolved
граблі	synonyms	кров	ULIF DictUA exact headword relation; VESUM lemma gate	unresolved
граблі	synonyms	розпуста	ULIF DictUA exact headword relation; VESUM lemma gate	unresolved
графік	synonyms	діаграма	ULIF DictUA exact headword relation; VESUM lemma gate	unresolved
графіка	synonyms	реалістичний	ULIF DictUA exact headword relation; VESUM lemma gate	unresolved
графіка	synonyms	яскравий	ULIF DictUA exact headword relation; VESUM lemma gate	unresolved
графіка	synonyms	мистецтво	ULIF DictUA exact headword relation; VESUM lemma gate	unresolved
графітовий	synonyms	графітний	ULIF DictUA exact headword relation; VESUM lemma gate	unresolved
грець	synonyms	гравець	ULIF DictUA exact headword relation; VESUM lemma gate	unresolved
грець	synonyms	грач	ULIF DictUA exact headword relation; VESUM lemma gate	unresolved
грець	synonyms	картяр	ULIF DictUA exact headword relation; VESUM lemma gate	unresolved
грець	synonyms	музикант	ULIF DictUA exact headword relation; VESUM lemma gate	unresolved
грець	synonyms	музика	ULIF DictUA exact headword relation; VESUM lemma gate	unresolved
грець	synonyms	оркестрант	ULIF DictUA exact headword relation; VESUM lemma gate	unresolved
грибний	synonyms	грибковий	ULIF DictUA exact headword relation; VESUM lemma gate	unresolved
гривня	synonyms	гривеник	ULIF DictUA exact headword relation; VESUM lemma gate	unresolved
гриль	synonyms	шашлик	ULIF DictUA exact headword relation; VESUM lemma gate	unresolved
громіздкий	synonyms	некерований	ULIF DictUA exact headword relation; VESUM lemma gate	unresolved
громіздкий	synonyms	невмілий	ULIF DictUA exact headword relation; VESUM lemma gate	unresolved
громіздкий	synonyms	незграбний	ULIF DictUA exact headword relation; VESUM lemma gate	unresolved
грубо	synonyms	жорсткий	ULIF DictUA exact headword relation; VESUM lemma gate	unresolved
грубо	synonyms	кругло	ULIF DictUA exact headword relation; VESUM lemma gate	unresolved
грубо	synonyms	плоский	ULIF DictUA exact headword relation; VESUM lemma gate	unresolved
грубо	synonyms	тупо	ULIF DictUA exact headword relation; VESUM lemma gate	unresolved
грубо	synonyms	суворо	ULIF DictUA exact headword relation; VESUM lemma gate	unresolved
грушка	synonyms	груша	ULIF DictUA exact headword relation; VESUM lemma gate	unresolved
гуд	synonyms	гудіння	ULIF DictUA exact headword relation; VESUM lemma gate	unresolved
гуд	synonyms	гул	ULIF DictUA exact headword relation; VESUM lemma gate	unresolved
гуд	synonyms	гук	ULIF DictUA exact headword relation; VESUM lemma gate	unresolved
гуд	synonyms	гуготіння	ULIF DictUA exact headword relation; VESUM lemma gate	unresolved
гуд	synonyms	гугіт	ULIF DictUA exact headword relation; VESUM lemma gate	unresolved
гуд	synonyms	стугоніння	ULIF DictUA exact headword relation; VESUM lemma gate	unresolved
гуд	synonyms	стугін	ULIF DictUA exact headword relation; VESUM lemma gate	unresolved
гуд	synonyms	дудніння	ULIF DictUA exact headword relation; VESUM lemma gate	unresolved
гуд	synonyms	ревіння	ULIF DictUA exact headword relation; VESUM lemma gate	unresolved
гуд	synonyms	рев	ULIF DictUA exact headword relation; VESUM lemma gate	unresolved
гуд	synonyms	ревіт	ULIF DictUA exact headword relation; VESUM lemma gate	unresolved
гуд	synonyms	перегуд	ULIF DictUA exact headword relation; VESUM lemma gate	unresolved
гуд	synonyms	гомін	ULIF DictUA exact headword relation; VESUM lemma gate	unresolved
гуд	synonyms	гуркіт	ULIF DictUA exact headword relation; VESUM lemma gate	unresolved
гулі	synonyms	гулянка	ULIF DictUA exact headword relation; VESUM lemma gate	unresolved
гулі	synonyms	забава	ULIF DictUA exact headword relation; VESUM lemma gate	unresolved
гулі	synonyms	гуляння	ULIF DictUA exact headword relation; VESUM lemma gate	unresolved
гулі	synonyms	грище	ULIF DictUA exact headword relation; VESUM lemma gate	unresolved
гулі	synonyms	гульбище	ULIF DictUA exact headword relation; VESUM lemma gate	unresolved
гулі	synonyms	гульба	ULIF DictUA exact headword relation; VESUM lemma gate	unresolved
гулі	synonyms	гульня	ULIF DictUA exact headword relation; VESUM lemma gate	unresolved
гулі	synonyms	погуляння	ULIF DictUA exact headword relation; VESUM lemma gate	unresolved
гулі	synonyms	погулянка	ULIF DictUA exact headword relation; VESUM lemma gate	unresolved
гулі	synonyms	гульки	ULIF DictUA exact headword relation; VESUM lemma gate	unresolved
гулі	synonyms	ігрище	ULIF DictUA exact headword relation; VESUM lemma gate	unresolved
гулі	synonyms	музики	ULIF DictUA exact headword relation; VESUM lemma gate	unresolved
гулі	synonyms	вулиця	ULIF DictUA exact headword relation; VESUM lemma gate	unresolved
гулі	synonyms	вечорниці	ULIF DictUA exact headword relation; VESUM lemma gate	unresolved
гулі	synonyms	гостина	ULIF DictUA exact headword relation; VESUM lemma gate	unresolved
гулі	synonyms	бесіда	ULIF DictUA exact headword relation; VESUM lemma gate	unresolved
гулі	synonyms	вечір	ULIF DictUA exact headword relation; VESUM lemma gate	unresolved
гулі	synonyms	вечірка	ULIF DictUA exact headword relation; VESUM lemma gate	unresolved
гулі	synonyms	випивка	ULIF DictUA exact headword relation; VESUM lemma gate	unresolved
гулі	synonyms	випивачка	ULIF DictUA exact headword relation; VESUM lemma gate	unresolved
гулі	synonyms	пиятика	ULIF DictUA exact headword relation; VESUM lemma gate	unresolved
гулі	synonyms	п'янка	ULIF DictUA exact headword relation; VESUM lemma gate	unresolved
гулі	synonyms	бенкет	ULIF DictUA exact headword relation; VESUM lemma gate	unresolved
гулі	synonyms	гуляти	ULIF DictUA exact headword relation; VESUM lemma gate	unresolved
гулі	synonyms	шпацирувати	ULIF DictUA exact headword relation; VESUM lemma gate	unresolved
гулі	synonyms	спацерувати	ULIF DictUA exact headword relation; VESUM lemma gate	unresolved
гулі	synonyms	гардувати	ULIF DictUA exact headword relation; VESUM lemma gate	unresolved
гулі	synonyms	прогулюватися	ULIF DictUA exact headword relation; VESUM lemma gate	unresolved
гулі	synonyms	проходжуватися	ULIF DictUA exact headword relation; VESUM lemma gate	unresolved
гулі	synonyms	проходитися	ULIF DictUA exact headword relation; VESUM lemma gate	unresolved
гулі	synonyms	походжати	ULIF DictUA exact headword relation; VESUM lemma gate	unresolved
гулі	synonyms	проходжатися	ULIF DictUA exact headword relation; VESUM lemma gate	unresolved
гулі	synonyms	розгулювати	ULIF DictUA exact headword relation; VESUM lemma gate	unresolved
гулі	synonyms	вигулювати	ULIF DictUA exact headword relation; VESUM lemma gate	unresolved
гулі	synonyms	фланірувати	ULIF DictUA exact headword relation; VESUM lemma gate	unresolved
гуп	synonyms	гупання	ULIF DictUA exact headword relation; VESUM lemma gate	unresolved
гурток	synonyms	кліка	ULIF DictUA exact headword relation; VESUM lemma gate	unresolved
гурток	synonyms	табір	ULIF DictUA exact headword relation; VESUM lemma gate	unresolved
густи	synonyms	фурчати	ULIF DictUA exact headword relation; VESUM lemma gate	unresolved
густи	synonyms	фуркотати	ULIF DictUA exact headword relation; VESUM lemma gate	unresolved
густи	synonyms	джмеліти	ULIF DictUA exact headword relation; VESUM lemma gate	unresolved
густи	synonyms	дзизкати	ULIF DictUA exact headword relation; VESUM lemma gate	unresolved
гучний	synonyms	грімкий	ULIF DictUA exact headword relation; VESUM lemma gate	unresolved
гучність	synonyms	нахабність	ULIF DictUA exact headword relation; VESUM lemma gate	unresolved
гущина	synonyms	зарості	ULIF DictUA exact headword relation; VESUM lemma gate	unresolved
гущина	synonyms	гущава	ULIF DictUA exact headword relation; VESUM lemma gate	unresolved
гущина	synonyms	хащі	ULIF DictUA exact headword relation; VESUM lemma gate	unresolved
гінді	synonyms	хінді	ULIF DictUA exact headword relation; VESUM lemma gate	unresolved
гіпербола	antonyms	літота	ULIF DictUA exact headword relation; VESUM lemma gate	unresolved
гіркота	synonyms	гіркість	ULIF DictUA exact headword relation; VESUM lemma gate	unresolved
гірш	synonyms	більш	ULIF DictUA exact headword relation; VESUM lemma gate	unresolved
давати	synonyms	вручати	ULIF DictUA exact headword relation; VESUM lemma gate	unresolved
давати	synonyms	доручати	ULIF DictUA exact headword relation; VESUM lemma gate	unresolved
давати	synonyms	тицяти	ULIF DictUA exact headword relation; VESUM lemma gate	unresolved
давати	synonyms	дати	ULIF DictUA exact headword relation; VESUM lemma gate	unresolved
давньогрецький	synonyms	старогрецький	ULIF DictUA exact headword relation; VESUM lemma gate	unresolved
давньоруський	synonyms	староруський	ULIF DictUA exact headword relation; VESUM lemma gate	unresolved
далекосяжний	synonyms	далекобійний	ULIF DictUA exact headword relation; VESUM lemma gate	unresolved
далина	synonyms	далечінь	ULIF DictUA exact headword relation; VESUM lemma gate	unresolved
далина	synonyms	далечина	ULIF DictUA exact headword relation; VESUM lemma gate	unresolved
далина	synonyms	далеч	ULIF DictUA exact headword relation; VESUM lemma gate	unresolved
далина	synonyms	даль	ULIF DictUA exact headword relation; VESUM lemma gate	unresolved
далина	synonyms	віддалина	ULIF DictUA exact headword relation; VESUM lemma gate	unresolved
далина	synonyms	далекість	ULIF DictUA exact headword relation; VESUM lemma gate	unresolved
дама	antonyms	дівчина	ULIF DictUA exact headword relation; VESUM lemma gate	unresolved
даремне	synonyms	даром	ULIF DictUA exact headword relation; VESUM lemma gate	unresolved
даремне	synonyms	по-дурному	ULIF DictUA exact headword relation; VESUM lemma gate	unresolved
даремне	synonyms	по-пустому	ULIF DictUA exact headword relation; VESUM lemma gate	unresolved
даремне	synonyms	без	ULIF DictUA exact headword relation; VESUM lemma gate	unresolved
даремне	synonyms	пуття	ULIF DictUA exact headword relation; VESUM lemma gate	unresolved
даремне	synonyms	толку	ULIF DictUA exact headword relation; VESUM lemma gate	unresolved
даремне	synonyms	дурницею	ULIF DictUA exact headword relation; VESUM lemma gate	unresolved
даремне	synonyms	гарма-дарма	ULIF DictUA exact headword relation; VESUM lemma gate	unresolved
даремне	synonyms	здарма	ULIF DictUA exact headword relation; VESUM lemma gate	unresolved
дарма	synonyms	по-дурному	ULIF DictUA exact headword relation; VESUM lemma gate	unresolved
дарування	synonyms	іскра	ULIF DictUA exact headword relation; VESUM lemma gate	unresolved
дарування	synonyms	божа	ULIF DictUA exact headword relation; VESUM lemma gate	unresolved
датися	synonyms	даватися	ULIF DictUA exact headword relation; VESUM lemma gate	unresolved
дверцята	synonyms	дверці	ULIF DictUA exact headword relation; VESUM lemma gate	unresolved
двигун	synonyms	рушій	ULIF DictUA exact headword relation; VESUM lemma gate	unresolved
двигун	synonyms	движок (розм.)	ULIF DictUA exact headword relation; VESUM lemma gate	unresolved
двигун	synonyms	звір	ULIF DictUA exact headword relation; VESUM lemma gate	unresolved
двозначність	synonyms	викривлення	ULIF DictUA exact headword relation; VESUM lemma gate	unresolved
двійня	synonyms	двійнята	ULIF DictUA exact headword relation; VESUM lemma gate	unresolved
двійнята	synonyms	двійня	ULIF DictUA exact headword relation; VESUM lemma gate	unresolved
де-факто	antonyms	де-юре	ULIF DictUA exact headword relation; VESUM lemma gate	unresolved
де-юре	antonyms	де-факто	ULIF DictUA exact headword relation; VESUM lemma gate	unresolved
дев-яносто	synonyms	дев'ятдесят	ULIF DictUA exact headword relation; VESUM lemma gate	unresolved
дедуктивний	antonyms	індуктивний	ULIF DictUA exact headword relation; VESUM lemma gate	unresolved
дедукція	antonyms	індукція	ULIF DictUA exact headword relation; VESUM lemma gate	unresolved
декаданс	synonyms	декадентство	ULIF DictUA exact headword relation; VESUM lemma gate	unresolved
декламація	synonyms	декламування	ULIF DictUA exact headword relation; VESUM lemma gate	unresolved
деколи	synonyms	коли-не-коли	ULIF DictUA exact headword relation; VESUM lemma gate	unresolved
деколи	synonyms	вряди-годи	ULIF DictUA exact headword relation; VESUM lemma gate	unresolved
деколи	synonyms	нечасто	ULIF DictUA exact headword relation; VESUM lemma gate	unresolved
деколи	synonyms	подеколи (розм.)	ULIF DictUA exact headword relation; VESUM lemma gate	unresolved
деколи	synonyms	колись-не-колись (розм.)	ULIF DictUA exact headword relation; VESUM lemma gate	unresolved
деколи	synonyms	десь-колись (діал.)	ULIF DictUA exact headword relation; VESUM lemma gate	unresolved
дельфін	synonyms	свиня	ULIF DictUA exact headword relation; VESUM lemma gate	unresolved
делікатність	synonyms	тонкість	ULIF DictUA exact headword relation; VESUM lemma gate	unresolved
делікатність	synonyms	дипломатія	ULIF DictUA exact headword relation; VESUM lemma gate	unresolved
демократ	antonyms	аристократ	ULIF DictUA exact headword relation; VESUM lemma gate	unresolved
депозит	synonyms	сховище	ULIF DictUA exact headword relation; VESUM lemma gate	unresolved
депортувати	synonyms	експатріювати	ULIF DictUA exact headword relation; VESUM lemma gate	unresolved
дерев-яний	synonyms	головний	ULIF DictUA exact headword relation; VESUM lemma gate	unresolved
дерев-яний	synonyms	товстий	ULIF DictUA exact headword relation; VESUM lemma gate	unresolved
дерев-яний	synonyms	тупий	ULIF DictUA exact headword relation; VESUM lemma gate	unresolved
дерун	synonyms	здирник	ULIF DictUA exact headword relation; VESUM lemma gate	unresolved
десятирічний	synonyms	десятилітній	ULIF DictUA exact headword relation; VESUM lemma gate	unresolved
деталізація	synonyms	розпис	ULIF DictUA exact headword relation; VESUM lemma gate	unresolved
деталізація	synonyms	конкретизація	ULIF DictUA exact headword relation; VESUM lemma gate	unresolved
дефіцит	synonyms	бажання	ULIF DictUA exact headword relation; VESUM lemma gate	unresolved
дешевий	antonyms	вартісний	ULIF DictUA exact headword relation; VESUM lemma gate	unresolved
дзвоник	synonyms	дзвінок	ULIF DictUA exact headword relation; VESUM lemma gate	unresolved
дзвін	synonyms	дзвеніння	ULIF DictUA exact headword relation; VESUM lemma gate	unresolved
дзвінок	synonyms	зумер	ULIF DictUA exact headword relation; VESUM lemma gate	unresolved
дзвінок	synonyms	пісня	ULIF DictUA exact headword relation; VESUM lemma gate	unresolved
дзвінок	synonyms	крик	ULIF DictUA exact headword relation; VESUM lemma gate	unresolved
дзвінок	synonyms	кричати	ULIF DictUA exact headword relation; VESUM lemma gate	unresolved
дзуськи	synonyms	дзусь	ULIF DictUA exact headword relation; VESUM lemma gate	unresolved
дзінь	synonyms	дзень	ULIF DictUA exact headword relation; VESUM lemma gate	unresolved
диба	synonyms	колодки	ULIF DictUA exact headword relation; VESUM lemma gate	unresolved
диба	synonyms	колоди	ULIF DictUA exact headword relation; VESUM lemma gate	unresolved
диба	synonyms	диби	ULIF DictUA exact headword relation; VESUM lemma gate	unresolved
диба	synonyms	сторч	ULIF DictUA exact headword relation; VESUM lemma gate	unresolved
диба	synonyms	сторчака	ULIF DictUA exact headword relation; VESUM lemma gate	unresolved
диба	synonyms	насторч	ULIF DictUA exact headword relation; VESUM lemma gate	unresolved
диба	synonyms	навсторч	ULIF DictUA exact headword relation; VESUM lemma gate	unresolved
диба	synonyms	стійма	ULIF DictUA exact headword relation; VESUM lemma gate	unresolved
диба	synonyms	ставма	ULIF DictUA exact headword relation; VESUM lemma gate	unresolved
диба	synonyms	сторчма	ULIF DictUA exact headword relation; VESUM lemma gate	unresolved
диба	synonyms	сторчаком	ULIF DictUA exact headword relation; VESUM lemma gate	unresolved
диба	synonyms	сторчки	ULIF DictUA exact headword relation; VESUM lemma gate	unresolved
диба	synonyms	сторцем	ULIF DictUA exact headword relation; VESUM lemma gate	unresolved
диба	synonyms	дибом	ULIF DictUA exact headword relation; VESUM lemma gate	unresolved
диба	synonyms	дибки	ULIF DictUA exact headword relation; VESUM lemma gate	unresolved
диба	synonyms	навдибки	ULIF DictUA exact headword relation; VESUM lemma gate	unresolved
диба	synonyms	цапа	ULIF DictUA exact headword relation; VESUM lemma gate	unresolved
диба	synonyms	цапки	ULIF DictUA exact headword relation; VESUM lemma gate	unresolved
диба	synonyms	цапком	ULIF DictUA exact headword relation; VESUM lemma gate	unresolved
диба	synonyms	вертикально	ULIF DictUA exact headword relation; VESUM lemma gate	unresolved
дивина	synonyms	дивне	ULIF DictUA exact headword relation; VESUM lemma gate	unresolved
дивина	synonyms	пречудо	ULIF DictUA exact headword relation; VESUM lemma gate	unresolved
дивина	synonyms	дивоглядія	ULIF DictUA exact headword relation; VESUM lemma gate	unresolved
дивина	synonyms	див	ULIF DictUA exact headword relation; VESUM lemma gate	unresolved
дивина	synonyms	коров'як	ULIF DictUA exact headword relation; VESUM lemma gate	unresolved
дивовижа	synonyms	дивне	ULIF DictUA exact headword relation; VESUM lemma gate	unresolved
дивовижа	synonyms	пречудо	ULIF DictUA exact headword relation; VESUM lemma gate	unresolved
дивовижа	synonyms	дивоглядія	ULIF DictUA exact headword relation; VESUM lemma gate	unresolved
дивовижа	synonyms	див	ULIF DictUA exact headword relation; VESUM lemma gate	unresolved
дивувати	synonyms	пантеличити	ULIF DictUA exact headword relation; VESUM lemma gate	unresolved
дивувати	synonyms	зачудовувати (розм.)	ULIF DictUA exact headword relation; VESUM lemma gate	unresolved
дивуватися	synonyms	дивувати (розм.)	ULIF DictUA exact headword relation; VESUM lemma gate	unresolved
диктант	synonyms	пропозиція	ULIF DictUA exact headword relation; VESUM lemma gate	unresolved
димка	synonyms	серпанок	ULIF DictUA exact headword relation; VESUM lemma gate	unresolved
динамо	synonyms	динамо-машина	ULIF DictUA exact headword relation; VESUM lemma gate	unresolved
динамізм	synonyms	бадьорість	ULIF DictUA exact headword relation; VESUM lemma gate	unresolved
динамізм	synonyms	сердечність	ULIF DictUA exact headword relation; VESUM lemma gate	unresolved
династія	synonyms	порідня	ULIF DictUA exact headword relation; VESUM lemma gate	unresolved
директриса	synonyms	директорка	ULIF DictUA exact headword relation; VESUM lemma gate	unresolved
дискомфорт	synonyms	болючість	ULIF DictUA exact headword relation; VESUM lemma gate	unresolved
дискомфорт	synonyms	роздратування	ULIF DictUA exact headword relation; VESUM lemma gate	unresolved
дискримінація	synonyms	гострий	ULIF DictUA exact headword relation; VESUM lemma gate	unresolved
дискримінація	synonyms	розрізнення	ULIF DictUA exact headword relation; VESUM lemma gate	unresolved
дискримінація	synonyms	фаворитизм	ULIF DictUA exact headword relation; VESUM lemma gate	unresolved
дисонанс	antonyms	консонанс	ULIF DictUA exact headword relation; VESUM lemma gate	unresolved
дистильований	synonyms	очищений	ULIF DictUA exact headword relation; VESUM lemma gate	unresolved
дистиляція	synonyms	дистилювання	ULIF DictUA exact headword relation; VESUM lemma gate	unresolved
добачити	synonyms	назорити	ULIF DictUA exact headword relation; VESUM lemma gate	unresolved
добачити	synonyms	покмітити	ULIF DictUA exact headword relation; VESUM lemma gate	unresolved
добачити	synonyms	навидіти	ULIF DictUA exact headword relation; VESUM lemma gate	unresolved
добачити	synonyms	обачити	ULIF DictUA exact headword relation; VESUM lemma gate	unresolved
добачити	synonyms	настерігати	ULIF DictUA exact headword relation; VESUM lemma gate	unresolved
добачити	synonyms	устерігати	ULIF DictUA exact headword relation; VESUM lemma gate	unresolved
добачити	synonyms	устерігатися	ULIF DictUA exact headword relation; VESUM lemma gate	unresolved
добачити	synonyms	прикмечувати	ULIF DictUA exact headword relation; VESUM lemma gate	unresolved
доберман	synonyms	доберман-пінчер	ULIF DictUA exact headword relation; VESUM lemma gate	unresolved
добиратися	synonyms	діставатися	ULIF DictUA exact headword relation; VESUM lemma gate	unresolved
добиратися	synonyms	добуватися	ULIF DictUA exact headword relation; VESUM lemma gate	unresolved
добити	synonyms	подоліти	ULIF DictUA exact headword relation; VESUM lemma gate	unresolved
добити	synonyms	осилити	ULIF DictUA exact headword relation; VESUM lemma gate	unresolved
добити	synonyms	зборювати	ULIF DictUA exact headword relation; VESUM lemma gate	unresolved
добити	synonyms	подолувати	ULIF DictUA exact headword relation; VESUM lemma gate	unresolved
добити	synonyms	осилювати	ULIF DictUA exact headword relation; VESUM lemma gate	unresolved
добитися	synonyms	уганяти	ULIF DictUA exact headword relation; VESUM lemma gate	unresolved
добитися	synonyms	уганятися	ULIF DictUA exact headword relation; VESUM lemma gate	unresolved
добитися	synonyms	угнати	ULIF DictUA exact headword relation; VESUM lemma gate	unresolved
добитися	synonyms	допімнутися	ULIF DictUA exact headword relation; VESUM lemma gate	unresolved
добитися	synonyms	доволоктися	ULIF DictUA exact headword relation; VESUM lemma gate	unresolved
добитися	synonyms	доволочитися	ULIF DictUA exact headword relation; VESUM lemma gate	unresolved
добитися	synonyms	доп'ястися	ULIF DictUA exact headword relation; VESUM lemma gate	unresolved
добитися	synonyms	довалитися	ULIF DictUA exact headword relation; VESUM lemma gate	unresolved
добитися	synonyms	доволокти	ULIF DictUA exact headword relation; VESUM lemma gate	unresolved
добраніч	synonyms	добраніч	ULIF DictUA exact headword relation; VESUM lemma gate	unresolved
добрий	antonyms	поганий	ULIF DictUA exact headword relation; VESUM lemma gate	unresolved
добро	antonyms	лихо	ULIF DictUA exact headword relation; VESUM lemma gate	unresolved
добровільний	antonyms	примусовий	ULIF DictUA exact headword relation; VESUM lemma gate	unresolved
добродій	synonyms	чоловік	ULIF DictUA exact headword relation; VESUM lemma gate	unresolved
добродій	synonyms	людина	ULIF DictUA exact headword relation; VESUM lemma gate	unresolved
добродійник	antonyms	лиходій	ULIF DictUA exact headword relation; VESUM lemma gate	unresolved
добродійство	synonyms	добродіяння	ULIF DictUA exact headword relation; VESUM lemma gate	unresolved
доброта	synonyms	доброзичливість	ULIF DictUA exact headword relation; VESUM lemma gate	unresolved
доброта	synonyms	прощення	ULIF DictUA exact headword relation; VESUM lemma gate	unresolved
доброякісний	antonyms	злоякісний	ULIF DictUA exact headword relation; VESUM lemma gate	unresolved
добувати	synonyms	прихватити	ULIF DictUA exact headword relation; VESUM lemma gate	unresolved
добувати	synonyms	призапасити	ULIF DictUA exact headword relation; VESUM lemma gate	unresolved
добувати	synonyms	призапасти	ULIF DictUA exact headword relation; VESUM lemma gate	unresolved
добувати	synonyms	устарати	ULIF DictUA exact headword relation; VESUM lemma gate	unresolved
добувати	synonyms	постарати	ULIF DictUA exact headword relation; VESUM lemma gate	unresolved
добувати	synonyms	народжувати	ULIF DictUA exact headword relation; VESUM lemma gate	unresolved
добудувати	synonyms	добудовувати	ULIF DictUA exact headword relation; VESUM lemma gate	unresolved
добути	synonyms	прихватити	ULIF DictUA exact headword relation; VESUM lemma gate	unresolved
добути	synonyms	призапасити	ULIF DictUA exact headword relation; VESUM lemma gate	unresolved
добути	synonyms	призапасти	ULIF DictUA exact headword relation; VESUM lemma gate	unresolved
добути	synonyms	устарати	ULIF DictUA exact headword relation; VESUM lemma gate	unresolved
добути	synonyms	постарати	ULIF DictUA exact headword relation; VESUM lemma gate	unresolved
довгий	antonyms	короткий	ULIF DictUA exact headword relation; VESUM lemma gate	unresolved
доводити	synonyms	супроводити	ULIF DictUA exact headword relation; VESUM lemma gate	unresolved
довільний	synonyms	достатній	ULIF DictUA exact headword relation; VESUM lemma gate	unresolved
довірити	synonyms	повірювати	ULIF DictUA exact headword relation; VESUM lemma gate	unresolved
довірити	synonyms	звірюватися	ULIF DictUA exact headword relation; VESUM lemma gate	unresolved
довірити	synonyms	уповідати	ULIF DictUA exact headword relation; VESUM lemma gate	unresolved
догляд	synonyms	згляд	ULIF DictUA exact headword relation; VESUM lemma gate	unresolved
доглядати	synonyms	допильновувати (рідше)	ULIF DictUA exact headword relation; VESUM lemma gate	unresolved
доглядати	synonyms	назирати (розм.)	ULIF DictUA exact headword relation; VESUM lemma gate	unresolved
догнати	synonyms	уганятися	ULIF DictUA exact headword relation; VESUM lemma gate	unresolved
догнати	synonyms	на	ULIF DictUA exact headword relation; VESUM lemma gate	unresolved
догнати	synonyms	п'яти	ULIF DictUA exact headword relation; VESUM lemma gate	unresolved
догнати	synonyms	спобігати	ULIF DictUA exact headword relation; VESUM lemma gate	unresolved
догодити	synonyms	приподоблюватися	ULIF DictUA exact headword relation; VESUM lemma gate	unresolved
догодити	synonyms	приподоблятися	ULIF DictUA exact headword relation; VESUM lemma gate	unresolved
додавати	synonyms	досипати	ULIF DictUA exact headword relation; VESUM lemma gate	unresolved
додавати	synonyms	доливати	ULIF DictUA exact headword relation; VESUM lemma gate	unresolved
додавати	synonyms	підбавляти (розм.)	ULIF DictUA exact headword relation; VESUM lemma gate	unresolved
додавати	synonyms	прибавляти (розм.)	ULIF DictUA exact headword relation; VESUM lemma gate	unresolved
додавати	synonyms	набавляти (розм.)	ULIF DictUA exact headword relation; VESUM lemma gate	unresolved
додавати	synonyms	надбавляти (розм.)	ULIF DictUA exact headword relation; VESUM lemma gate	unresolved
додавати	synonyms	піддавати (розм.)	ULIF DictUA exact headword relation; VESUM lemma gate	unresolved
додавати	synonyms	прикидати (розм.)	ULIF DictUA exact headword relation; VESUM lemma gate	unresolved
додавати	synonyms	накидати (розм.)	ULIF DictUA exact headword relation; VESUM lemma gate	unresolved
додавати	synonyms	приплюсовувати (розм.)	ULIF DictUA exact headword relation; VESUM lemma gate	unresolved
додавати	synonyms	притуляти (розм.)	ULIF DictUA exact headword relation; VESUM lemma gate	unresolved
додавати	synonyms	причиняти (діал.)	ULIF DictUA exact headword relation; VESUM lemma gate	unresolved
додатково	synonyms	завантажувати	ULIF DictUA exact headword relation; VESUM lemma gate	unresolved
додержати	synonyms	додержувати	ULIF DictUA exact headword relation; VESUM lemma gate	unresolved
додзвонитися	synonyms	додзвонюватися	ULIF DictUA exact headword relation; VESUM lemma gate	unresolved
дожити	synonyms	доживатися	ULIF DictUA exact headword relation; VESUM lemma gate	unresolved
дозволяти	synonyms	акцептувати	ULIF DictUA exact headword relation; VESUM lemma gate	unresolved
дозвілля	synonyms	підрядковий	ULIF DictUA exact headword relation; VESUM lemma gate	unresolved
дозвілля	synonyms	переслідування	ULIF DictUA exact headword relation; VESUM lemma gate	unresolved
дозвілля	synonyms	професія	ULIF DictUA exact headword relation; VESUM lemma gate	unresolved
дозвілля	synonyms	хобі	ULIF DictUA exact headword relation; VESUM lemma gate	unresolved
дозиметр	synonyms	дозатор	ULIF DictUA exact headword relation; VESUM lemma gate	unresolved
доказати	synonyms	присвідчувати	ULIF DictUA exact headword relation; VESUM lemma gate	unresolved
доказати	synonyms	присвідчити	ULIF DictUA exact headword relation; VESUM lemma gate	unresolved
доказати	synonyms	попрікати	ULIF DictUA exact headword relation; VESUM lemma gate	unresolved
доказати	synonyms	укоряти	ULIF DictUA exact headword relation; VESUM lemma gate	unresolved
документація	synonyms	супровід	ULIF DictUA exact headword relation; VESUM lemma gate	unresolved
документація	synonyms	підтвердження	ULIF DictUA exact headword relation; VESUM lemma gate	unresolved
долити	synonyms	доливати	ULIF DictUA exact headword relation; VESUM lemma gate	unresolved
долучити	synonyms	привносити	ULIF DictUA exact headword relation; VESUM lemma gate	unresolved
долучити	synonyms	прибавити	ULIF DictUA exact headword relation; VESUM lemma gate	unresolved
долучити	synonyms	причинити	ULIF DictUA exact headword relation; VESUM lemma gate	unresolved
долучити	synonyms	доповнити	ULIF DictUA exact headword relation; VESUM lemma gate	unresolved
долучитися	synonyms	присусіджуватися	ULIF DictUA exact headword relation; VESUM lemma gate	unresolved
долучитися	synonyms	припитуватися	ULIF DictUA exact headword relation; VESUM lemma gate	unresolved
долучитися	synonyms	припрягатися	ULIF DictUA exact headword relation; VESUM lemma gate	unresolved
долучитися	synonyms	добавлятися	ULIF DictUA exact headword relation; VESUM lemma gate	unresolved
долучитися	synonyms	прибавитися	ULIF DictUA exact headword relation; VESUM lemma gate	unresolved
долучитися	synonyms	приплестися	ULIF DictUA exact headword relation; VESUM lemma gate	unresolved
долучитися	synonyms	нанизатися	ULIF DictUA exact headword relation; VESUM lemma gate	unresolved
дома	synonyms	житло	ULIF DictUA exact headword relation; VESUM lemma gate	unresolved
дома	synonyms	оселя	ULIF DictUA exact headword relation; VESUM lemma gate	unresolved
дома	synonyms	помешкання	ULIF DictUA exact headword relation; VESUM lemma gate	unresolved
дома	synonyms	дім	ULIF DictUA exact headword relation; VESUM lemma gate	unresolved
дома	synonyms	домівка	ULIF DictUA exact headword relation; VESUM lemma gate	unresolved
дома	synonyms	хата	ULIF DictUA exact headword relation; VESUM lemma gate	unresolved
дома	synonyms	поріг	ULIF DictUA exact headword relation; VESUM lemma gate	unresolved
дома	synonyms	господа	ULIF DictUA exact headword relation; VESUM lemma gate	unresolved
дома	synonyms	лігвище	ULIF DictUA exact headword relation; VESUM lemma gate	unresolved
дома	synonyms	мешкання	ULIF DictUA exact headword relation; VESUM lemma gate	unresolved
дома	synonyms	житво	ULIF DictUA exact headword relation; VESUM lemma gate	unresolved
дома	synonyms	селитьба	ULIF DictUA exact headword relation; VESUM lemma gate	unresolved
дома	synonyms	хатина	ULIF DictUA exact headword relation; VESUM lemma gate	unresolved
дома	synonyms	нора	ULIF DictUA exact headword relation; VESUM lemma gate	unresolved
дома	synonyms	апартаменти	ULIF DictUA exact headword relation; VESUM lemma gate	unresolved
дома	synonyms	барліг	ULIF DictUA exact headword relation; VESUM lemma gate	unresolved
дома	synonyms	халупа	ULIF DictUA exact headword relation; VESUM lemma gate	unresolved
дома	synonyms	вдома	ULIF DictUA exact headword relation; VESUM lemma gate	unresolved
домити	synonyms	домивати	ULIF DictUA exact headword relation; VESUM lemma gate	unresolved
домовлятися	synonyms	порозуміватися	ULIF DictUA exact headword relation; VESUM lemma gate	unresolved
домогосподарство	synonyms	дім	ULIF DictUA exact headword relation; VESUM lemma gate	unresolved
домогосподарство	synonyms	господарювання	ULIF DictUA exact headword relation; VESUM lemma gate	unresolved
домогтися	synonyms	гирувати	ULIF DictUA exact headword relation; VESUM lemma gate	unresolved
домогтися	synonyms	уганяти	ULIF DictUA exact headword relation; VESUM lemma gate	unresolved
домогтися	synonyms	уганятися	ULIF DictUA exact headword relation; VESUM lemma gate	unresolved
домогтися	synonyms	угнати	ULIF DictUA exact headword relation; VESUM lemma gate	unresolved
домогтися	synonyms	допімнутися	ULIF DictUA exact headword relation; VESUM lemma gate	unresolved
донизу	antonyms	догори	ULIF DictUA exact headword relation; VESUM lemma gate	unresolved
доопрацювати	synonyms	доопрацьовувати	ULIF DictUA exact headword relation; VESUM lemma gate	unresolved
допекти	synonyms	завдати	ULIF DictUA exact headword relation; VESUM lemma gate	unresolved
допекти	synonyms	прикрості	ULIF DictUA exact headword relation; VESUM lemma gate	unresolved
допекти	synonyms	доторкнути	ULIF DictUA exact headword relation; VESUM lemma gate	unresolved
допекти	synonyms	доткнути	ULIF DictUA exact headword relation; VESUM lemma gate	unresolved
допекти	synonyms	шпирнути	ULIF DictUA exact headword relation; VESUM lemma gate	unresolved
допекти	synonyms	ушпигнути	ULIF DictUA exact headword relation; VESUM lemma gate	unresolved
допекти	synonyms	шкулити	ULIF DictUA exact headword relation; VESUM lemma gate	unresolved
допекти	synonyms	завдавати	ULIF DictUA exact headword relation; VESUM lemma gate	unresolved
допекти	synonyms	шпирувати	ULIF DictUA exact headword relation; VESUM lemma gate	unresolved
допекти	synonyms	підштрикувати	ULIF DictUA exact headword relation; VESUM lemma gate	unresolved
дописати	synonyms	дописувати	ULIF DictUA exact headword relation; VESUM lemma gate	unresolved
допити	synonyms	допивати	ULIF DictUA exact headword relation; VESUM lemma gate	unresolved
доповнити	synonyms	привносити	ULIF DictUA exact headword relation; VESUM lemma gate	unresolved
доповнити	synonyms	прибавити	ULIF DictUA exact headword relation; VESUM lemma gate	unresolved
доповнити	synonyms	притулити	ULIF DictUA exact headword relation; VESUM lemma gate	unresolved
доповнити	synonyms	причинити	ULIF DictUA exact headword relation; VESUM lemma gate	unresolved
доповнити	synonyms	доповнити	ULIF DictUA exact headword relation; VESUM lemma gate	unresolved
допомагати	synonyms	підмагати (розм.)	ULIF DictUA exact headword relation; VESUM lemma gate	unresolved
допомагати	synonyms	підпомагати (розм.)	ULIF DictUA exact headword relation; VESUM lemma gate	unresolved
доречність	synonyms	влучність	ULIF DictUA exact headword relation; VESUM lemma gate	unresolved
доробити	synonyms	доробляти	ULIF DictUA exact headword relation; VESUM lemma gate	unresolved
дорогий	synonyms	коханий	ULIF DictUA exact headword relation; VESUM lemma gate	unresolved
дорогий	synonyms	дорого	ULIF DictUA exact headword relation; VESUM lemma gate	unresolved
дорогий	synonyms	ласкаво	ULIF DictUA exact headword relation; VESUM lemma gate	unresolved
дорогий	synonyms	любов	ULIF DictUA exact headword relation; VESUM lemma gate	unresolved
дорогий	synonyms	мед	ULIF DictUA exact headword relation; VESUM lemma gate	unresolved
дорогий	synonyms	улюблений	ULIF DictUA exact headword relation; VESUM lemma gate	unresolved
дорогий	synonyms	ягня	ULIF DictUA exact headword relation; VESUM lemma gate	unresolved
дорогий	synonyms	поблизу	ULIF DictUA exact headword relation; VESUM lemma gate	unresolved
дорослий	synonyms	вирощений	ULIF DictUA exact headword relation; VESUM lemma gate	unresolved
дорівнятися	synonyms	дорівнюватися	ULIF DictUA exact headword relation; VESUM lemma gate	unresolved
досередини	antonyms	назовні	ULIF DictUA exact headword relation; VESUM lemma gate	unresolved
досить	synonyms	багацько (розм.)	ULIF DictUA exact headword relation; VESUM lemma gate	unresolved
дослухати	synonyms	дослухувати	ULIF DictUA exact headword relation; VESUM lemma gate	unresolved
досліджувати	synonyms	аналізувати	ULIF DictUA exact headword relation; VESUM lemma gate	unresolved
досліджувати	synonyms	студіювати	ULIF DictUA exact headword relation; VESUM lemma gate	unresolved
досліджувати	synonyms	просліджувати (рідше)	ULIF DictUA exact headword relation; VESUM lemma gate	unresolved
доставляти	synonyms	припроваджувати (розм.)	ULIF DictUA exact headword relation; VESUM lemma gate	unresolved
доставляти	synonyms	правити (розм.)	ULIF DictUA exact headword relation; VESUM lemma gate	unresolved
доставляти	synonyms	приправляти (розм.)	ULIF DictUA exact headword relation; VESUM lemma gate	unresolved
доставляти	synonyms	доправляти (розм.)	ULIF DictUA exact headword relation; VESUM lemma gate	unresolved
доставляти	synonyms	достачати (розм.)	ULIF DictUA exact headword relation; VESUM lemma gate	unresolved
доставляти	synonyms	провадити (діал.)	ULIF DictUA exact headword relation; VESUM lemma gate	unresolved
доставляти	synonyms	достарчати (діал.)	ULIF DictUA exact headword relation; VESUM lemma gate	unresolved
доставляти	synonyms	надвозити (розм.)	ULIF DictUA exact headword relation; VESUM lemma gate	unresolved
доставляти	synonyms	прикочувати (розм.)	ULIF DictUA exact headword relation; VESUM lemma gate	unresolved
доставляти	synonyms	дотягати (розм.)	ULIF DictUA exact headword relation; VESUM lemma gate	unresolved
доставляти	synonyms	доволікати (розм.)	ULIF DictUA exact headword relation; VESUM lemma gate	unresolved
доставляти	synonyms	дотаскувати (розм.)	ULIF DictUA exact headword relation; VESUM lemma gate	unresolved
доставляти	synonyms	підкидати (розм.)	ULIF DictUA exact headword relation; VESUM lemma gate	unresolved
досягнення	synonyms	прибуття	ULIF DictUA exact headword relation; VESUM lemma gate	unresolved
досягнення	synonyms	набуття	ULIF DictUA exact headword relation; VESUM lemma gate	unresolved
досягнення	synonyms	навичка	ULIF DictUA exact headword relation; VESUM lemma gate	unresolved
доторкнутися	synonyms	відповідати	ULIF DictUA exact headword relation; VESUM lemma gate	unresolved
доторкнутися	synonyms	рівнятися	ULIF DictUA exact headword relation; VESUM lemma gate	unresolved
доторкнутися	synonyms	суперничати	ULIF DictUA exact headword relation; VESUM lemma gate	unresolved
доторкнутися	synonyms	натякати	ULIF DictUA exact headword relation; VESUM lemma gate	unresolved
доторкнутися	synonyms	рекламувати	ULIF DictUA exact headword relation; VESUM lemma gate	unresolved
доторкнутися	synonyms	турбувати	ULIF DictUA exact headword relation; VESUM lemma gate	unresolved
дотримати	synonyms	дотримувати	ULIF DictUA exact headword relation; VESUM lemma gate	unresolved
доходити	synonyms	підходити	ULIF DictUA exact headword relation; VESUM lemma gate	unresolved
доходити	synonyms	наближатися	ULIF DictUA exact headword relation; VESUM lemma gate	unresolved
дохід	synonyms	повернення	ULIF DictUA exact headword relation; VESUM lemma gate	unresolved
дохід	synonyms	вихід	ULIF DictUA exact headword relation; VESUM lemma gate	unresolved
дохід	synonyms	виробництво	ULIF DictUA exact headword relation; VESUM lemma gate	unresolved
доцільно	synonyms	знання	ULIF DictUA exact headword relation; VESUM lemma gate	unresolved
дочитати	synonyms	дочитувати	ULIF DictUA exact headword relation; VESUM lemma gate	unresolved
дочитувати	synonyms	дочитати	ULIF DictUA exact headword relation; VESUM lemma gate	unresolved
дочка	synonyms	дівка (діал.)	ULIF DictUA exact headword relation; VESUM lemma gate	unresolved
дочути	synonyms	розслухати	ULIF DictUA exact headword relation; VESUM lemma gate	unresolved
дочути	synonyms	розслухатися	ULIF DictUA exact headword relation; VESUM lemma gate	unresolved
дочути	synonyms	дочувати	ULIF DictUA exact headword relation; VESUM lemma gate	unresolved
дощовик	synonyms	накидка	ULIF DictUA exact headword relation; VESUM lemma gate	unresolved
дощовик	synonyms	мушка	ULIF DictUA exact headword relation; VESUM lemma gate	unresolved
драти	synonyms	деркати	ULIF DictUA exact headword relation; VESUM lemma gate	unresolved
драти	synonyms	спвати	ULIF DictUA exact headword relation; VESUM lemma gate	unresolved
драти	synonyms	драпака	ULIF DictUA exact headword relation; VESUM lemma gate	unresolved
драти	synonyms	панахати	ULIF DictUA exact headword relation; VESUM lemma gate	unresolved
драти	synonyms	шматкувати	ULIF DictUA exact headword relation; VESUM lemma gate	unresolved
драти	synonyms	шабатувати	ULIF DictUA exact headword relation; VESUM lemma gate	unresolved
драти	synonyms	розтерзувати	ULIF DictUA exact headword relation; VESUM lemma gate	unresolved
древній	synonyms	віддавній	ULIF DictUA exact headword relation; VESUM lemma gate	unresolved
древній	synonyms	престарілий	ULIF DictUA exact headword relation; VESUM lemma gate	unresolved
древній	synonyms	дряхлий	ULIF DictUA exact headword relation; VESUM lemma gate	unresolved
древній	synonyms	стародавній	ULIF DictUA exact headword relation; VESUM lemma gate	unresolved
дрозд	synonyms	дрізд	ULIF DictUA exact headword relation; VESUM lemma gate	unresolved
друг	antonyms	недруг	ULIF DictUA exact headword relation; VESUM lemma gate	unresolved
дружити	synonyms	дружитися (розм.)	ULIF DictUA exact headword relation; VESUM lemma gate	unresolved
дружити	synonyms	братати (рідше)	ULIF DictUA exact headword relation; VESUM lemma gate	unresolved
дружити	synonyms	ходити (розм.)	ULIF DictUA exact headword relation; VESUM lemma gate	unresolved
дружити	synonyms	водитися (розм.)	ULIF DictUA exact headword relation; VESUM lemma gate	unresolved
дружити	synonyms	знатися (розм.)	ULIF DictUA exact headword relation; VESUM lemma gate	unresolved
дрючок	synonyms	ломига	ULIF DictUA exact headword relation; VESUM lemma gate	unresolved
дрібен	synonyms	дрібний	ULIF DictUA exact headword relation; VESUM lemma gate	unresolved
дрібка	synonyms	криха	ULIF DictUA exact headword relation; VESUM lemma gate	unresolved
дрібка	synonyms	шкаматок	ULIF DictUA exact headword relation; VESUM lemma gate	unresolved
дрібка	synonyms	кусак	ULIF DictUA exact headword relation; VESUM lemma gate	unresolved
дрібка	synonyms	луста	ULIF DictUA exact headword relation; VESUM lemma gate	unresolved
дрібка	synonyms	плат	ULIF DictUA exact headword relation; VESUM lemma gate	unresolved
дрібка	synonyms	ошимок	ULIF DictUA exact headword relation; VESUM lemma gate	unresolved
дрібно	synonyms	докладно	ULIF DictUA exact headword relation; VESUM lemma gate	unresolved
дуалізм	antonyms	монізм	ULIF DictUA exact headword relation; VESUM lemma gate	unresolved
дуда	synonyms	козиця	ULIF DictUA exact headword relation; VESUM lemma gate	unresolved
дуда	synonyms	жоломійка	ULIF DictUA exact headword relation; VESUM lemma gate	unresolved
дуда	synonyms	пищавка	ULIF DictUA exact headword relation; VESUM lemma gate	unresolved
дуда	synonyms	теленка	ULIF DictUA exact headword relation; VESUM lemma gate	unresolved
дуда	synonyms	фуяра	ULIF DictUA exact headword relation; VESUM lemma gate	unresolved
дуда	synonyms	фуярка	ULIF DictUA exact headword relation; VESUM lemma gate	unresolved
дукач	synonyms	дукат	ULIF DictUA exact headword relation; VESUM lemma gate	unresolved
дукач	synonyms	єднус	ULIF DictUA exact headword relation; VESUM lemma gate	unresolved
дукач	synonyms	цехін	ULIF DictUA exact headword relation; VESUM lemma gate	unresolved
дурницею	synonyms	даром	ULIF DictUA exact headword relation; VESUM lemma gate	unresolved
дурницею	synonyms	по-дурному	ULIF DictUA exact headword relation; VESUM lemma gate	unresolved
дурницею	synonyms	по-пустому	ULIF DictUA exact headword relation; VESUM lemma gate	unresolved
дурницею	synonyms	без	ULIF DictUA exact headword relation; VESUM lemma gate	unresolved
дурницею	synonyms	пуття	ULIF DictUA exact headword relation; VESUM lemma gate	unresolved
дурницею	synonyms	толку	ULIF DictUA exact headword relation; VESUM lemma gate	unresolved
дурницею	synonyms	гарма-дарма	ULIF DictUA exact headword relation; VESUM lemma gate	unresolved
дурницею	synonyms	здарма	ULIF DictUA exact headword relation; VESUM lemma gate	unresolved
духовний	antonyms	світський	ULIF DictUA exact headword relation; VESUM lemma gate	unresolved
духовний	synonyms	духівниця	ULIF DictUA exact headword relation; VESUM lemma gate	unresolved
діагностика	synonyms	діагностування	ULIF DictUA exact headword relation; VESUM lemma gate	unresolved
діагностика	synonyms	нозологія	ULIF DictUA exact headword relation; VESUM lemma gate	unresolved
діагностика	synonyms	симптоматичний	ULIF DictUA exact headword relation; VESUM lemma gate	unresolved
діарея	synonyms	понос	ULIF DictUA exact headword relation; VESUM lemma gate	unresolved
діарея	synonyms	пронос	ULIF DictUA exact headword relation; VESUM lemma gate	unresolved
діарея	synonyms	бігунка	ULIF DictUA exact headword relation; VESUM lemma gate	unresolved
дібраний	synonyms	добраний	ULIF DictUA exact headword relation; VESUM lemma gate	unresolved
дібрати	synonyms	умудрувати	ULIF DictUA exact headword relation; VESUM lemma gate	unresolved
дібрати	synonyms	умудритися	ULIF DictUA exact headword relation; VESUM lemma gate	unresolved
дібрати	synonyms	покмітити	ULIF DictUA exact headword relation; VESUM lemma gate	unresolved
дібрати	synonyms	змірковувати	ULIF DictUA exact headword relation; VESUM lemma gate	unresolved
дібрати	synonyms	прихитрятися	ULIF DictUA exact headword relation; VESUM lemma gate	unresolved
дівка	synonyms	челядина	ULIF DictUA exact headword relation; VESUM lemma gate	unresolved
дізнаватися	synonyms	доколупуватися	ULIF DictUA exact headword relation; VESUM lemma gate	unresolved
дізнаватися	synonyms	провідувати (рідше)	ULIF DictUA exact headword relation; VESUM lemma gate	unresolved
дізнаватися	synonyms	вишпиговувати (рідше)	ULIF DictUA exact headword relation; VESUM lemma gate	unresolved
дізнаватися	synonyms	доскіпуватися (розм.)	ULIF DictUA exact headword relation; VESUM lemma gate	unresolved
дізнаватися	synonyms	винюхувати (розм.)	ULIF DictUA exact headword relation; VESUM lemma gate	unresolved
дізнаватися	synonyms	рознюхувати (розм.)	ULIF DictUA exact headword relation; VESUM lemma gate	unresolved
дізнаватися	synonyms	зазнавати	ULIF DictUA exact headword relation; VESUM lemma gate	unresolved
діл	antonyms	верх	ULIF DictUA exact headword relation; VESUM lemma gate	unresolved
діл	synonyms	підспід	ULIF DictUA exact headword relation; VESUM lemma gate	unresolved
ділитися	synonyms	розділяти	ULIF DictUA exact headword relation; VESUM lemma gate	unresolved
діставати	synonyms	брати	ULIF DictUA exact headword relation; VESUM lemma gate	unresolved
діставатися	synonyms	добиратися	ULIF DictUA exact headword relation; VESUM lemma gate	unresolved
діставатися	synonyms	добуватися	ULIF DictUA exact headword relation; VESUM lemma gate	unresolved
дітися	synonyms	чезнути	ULIF DictUA exact headword relation; VESUM lemma gate	unresolved
дітися	synonyms	угасати	ULIF DictUA exact headword relation; VESUM lemma gate	unresolved
дітися	synonyms	зслизати	ULIF DictUA exact headword relation; VESUM lemma gate	unresolved
дітися	synonyms	зникти	ULIF DictUA exact headword relation; VESUM lemma gate	unresolved
діяч	synonyms	актор	ULIF DictUA exact headword relation; VESUM lemma gate	unresolved
діяч	synonyms	робітник	ULIF DictUA exact headword relation; VESUM lemma gate	unresolved
евакуюватися	synonyms	евакуйовуватися	ULIF DictUA exact headword relation; VESUM lemma gate	unresolved
еклектика	synonyms	еклектизм	ULIF DictUA exact headword relation; VESUM lemma gate	unresolved
експозиція	synonyms	виставка	ULIF DictUA exact headword relation; VESUM lemma gate	unresolved
експозиція	synonyms	набір	ULIF DictUA exact headword relation; VESUM lemma gate	unresolved
експорт	antonyms	імпорт	ULIF DictUA exact headword relation; VESUM lemma gate	unresolved
експресивність	synonyms	виразність	ULIF DictUA exact headword relation; VESUM lemma gate	unresolved
електричний	synonyms	гальванізація	ULIF DictUA exact headword relation; VESUM lemma gate	unresolved
електричний	synonyms	гальванічний	ULIF DictUA exact headword relation; VESUM lemma gate	unresolved
електродинаміка	antonyms	електростатика	ULIF DictUA exact headword relation; VESUM lemma gate	unresolved
електронний	synonyms	електроновий	ULIF DictUA exact headword relation; VESUM lemma gate	unresolved
електрообладнання	synonyms	електроустаткування	ULIF DictUA exact headword relation; VESUM lemma gate	unresolved
ельфа	synonyms	ельф	ULIF DictUA exact headword relation; VESUM lemma gate	unresolved
еліпсис	synonyms	еліпс	ULIF DictUA exact headword relation; VESUM lemma gate	unresolved
енергійно	synonyms	спритно	ULIF DictUA exact headword relation; VESUM lemma gate	unresolved
енергія	synonyms	електроенергія	ULIF DictUA exact headword relation; VESUM lemma gate	unresolved
епіфора	antonyms	анафора	ULIF DictUA exact headword relation; VESUM lemma gate	unresolved
ера	synonyms	епоха	ULIF DictUA exact headword relation; VESUM lemma gate	unresolved
есе	synonyms	перевіряти	ULIF DictUA exact headword relation; VESUM lemma gate	unresolved
жагуче	synonyms	жадібно	ULIF DictUA exact headword relation; VESUM lemma gate	unresolved
жартом	synonyms	смішком	ULIF DictUA exact headword relation; VESUM lemma gate	unresolved
жереб	synonyms	кінь	ULIF DictUA exact headword relation; VESUM lemma gate	unresolved
жереб	synonyms	коняка	ULIF DictUA exact headword relation; VESUM lemma gate	unresolved
жереб	synonyms	комонь	ULIF DictUA exact headword relation; VESUM lemma gate	unresolved
жереб	synonyms	конисько	ULIF DictUA exact headword relation; VESUM lemma gate	unresolved
жереб	synonyms	шкапа	ULIF DictUA exact headword relation; VESUM lemma gate	unresolved
жереб	synonyms	шкапина	ULIF DictUA exact headword relation; VESUM lemma gate	unresolved
жереб	synonyms	конина	ULIF DictUA exact headword relation; VESUM lemma gate	unresolved
жереб	synonyms	конячина	ULIF DictUA exact headword relation; VESUM lemma gate	unresolved
жереб	synonyms	патика	ULIF DictUA exact headword relation; VESUM lemma gate	unresolved
жереб	synonyms	шкінька	ULIF DictUA exact headword relation; VESUM lemma gate	unresolved
жереб	synonyms	драбиняк	ULIF DictUA exact headword relation; VESUM lemma gate	unresolved
жереб	synonyms	лошак	ULIF DictUA exact headword relation; VESUM lemma gate	unresolved
жереб	synonyms	громак	ULIF DictUA exact headword relation; VESUM lemma gate	unresolved
жереб	synonyms	скакун	ULIF DictUA exact headword relation; VESUM lemma gate	unresolved
жереб	synonyms	жеребець	ULIF DictUA exact headword relation; VESUM lemma gate	unresolved
жереб	synonyms	огир	ULIF DictUA exact headword relation; VESUM lemma gate	unresolved
жереб	synonyms	стадник	ULIF DictUA exact headword relation; VESUM lemma gate	unresolved
жереб	synonyms	мерин	ULIF DictUA exact headword relation; VESUM lemma gate	unresolved
жереб	synonyms	тарпан	ULIF DictUA exact headword relation; VESUM lemma gate	unresolved
жереб	synonyms	мустанг	ULIF DictUA exact headword relation; VESUM lemma gate	unresolved
жереб	synonyms	драбант	ULIF DictUA exact headword relation; VESUM lemma gate	unresolved
живий	antonyms	труп	ULIF DictUA exact headword relation; VESUM lemma gate	unresolved
жираф	synonyms	жирафа	ULIF DictUA exact headword relation; VESUM lemma gate	unresolved
жити	antonyms	помирати	ULIF DictUA exact headword relation; VESUM lemma gate	unresolved
жити	antonyms	вмирати	ULIF DictUA exact headword relation; VESUM lemma gate	unresolved
жити	antonyms	вмерти	ULIF DictUA exact headword relation; VESUM lemma gate	unresolved
жорстокість	synonyms	варварство	ULIF DictUA exact headword relation; VESUM lemma gate	unresolved
жорстокість	synonyms	дикість	ULIF DictUA exact headword relation; VESUM lemma gate	unresolved
жорстокість	synonyms	гіркота	ULIF DictUA exact headword relation; VESUM lemma gate	unresolved
жорстокість	synonyms	терпкість	ULIF DictUA exact headword relation; VESUM lemma gate	unresolved
жорстокість	synonyms	мерзотність	ULIF DictUA exact headword relation; VESUM lemma gate	unresolved
жорстокість	synonyms	злобність	ULIF DictUA exact headword relation; VESUM lemma gate	unresolved
жорстокість	synonyms	лютість	ULIF DictUA exact headword relation; VESUM lemma gate	unresolved
жорстокість	synonyms	безжалісність	ULIF DictUA exact headword relation; VESUM lemma gate	unresolved
жуйка	synonyms	жувати	ULIF DictUA exact headword relation; VESUM lemma gate	unresolved
жук	synonyms	киянка	ULIF DictUA exact headword relation; VESUM lemma gate	unresolved
жур	synonyms	сум	ULIF DictUA exact headword relation; VESUM lemma gate	unresolved
жур	synonyms	смуток	ULIF DictUA exact headword relation; VESUM lemma gate	unresolved
жур	synonyms	журба	ULIF DictUA exact headword relation; VESUM lemma gate	unresolved
жур	synonyms	печаль	ULIF DictUA exact headword relation; VESUM lemma gate	unresolved
жур	synonyms	туга	ULIF DictUA exact headword relation; VESUM lemma gate	unresolved
жур	synonyms	жаль	ULIF DictUA exact headword relation; VESUM lemma gate	unresolved
жур	synonyms	жалощі	ULIF DictUA exact headword relation; VESUM lemma gate	unresolved
жур	synonyms	нудьга	ULIF DictUA exact headword relation; VESUM lemma gate	unresolved
жур	synonyms	нудота	ULIF DictUA exact headword relation; VESUM lemma gate	unresolved
жур	synonyms	меланхолія	ULIF DictUA exact headword relation; VESUM lemma gate	unresolved
жур	synonyms	іпохондрія	ULIF DictUA exact headword relation; VESUM lemma gate	unresolved
жур	synonyms	зажура	ULIF DictUA exact headword relation; VESUM lemma gate	unresolved
жур	synonyms	сухота	ULIF DictUA exact headword relation; VESUM lemma gate	unresolved
жур	synonyms	журбота	ULIF DictUA exact headword relation; VESUM lemma gate	unresolved
жур	synonyms	мінор	ULIF DictUA exact headword relation; VESUM lemma gate	unresolved
жур	synonyms	смута	ULIF DictUA exact headword relation; VESUM lemma gate	unresolved
жур	synonyms	притуга	ULIF DictUA exact headword relation; VESUM lemma gate	unresolved
жур	synonyms	нуда	ULIF DictUA exact headword relation; VESUM lemma gate	unresolved
жур	synonyms	жура	ULIF DictUA exact headword relation; VESUM lemma gate	unresolved
жур	synonyms	осмута	ULIF DictUA exact headword relation; VESUM lemma gate	unresolved
жур	synonyms	туск	ULIF DictUA exact headword relation; VESUM lemma gate	unresolved
жур	synonyms	туска	ULIF DictUA exact headword relation; VESUM lemma gate	unresolved
жур	synonyms	присмуток	ULIF DictUA exact headword relation; VESUM lemma gate	unresolved
жур	synonyms	жалоба	ULIF DictUA exact headword relation; VESUM lemma gate	unresolved
жур	synonyms	скорбота	ULIF DictUA exact headword relation; VESUM lemma gate	unresolved
жур	synonyms	скорб	ULIF DictUA exact headword relation; VESUM lemma gate	unresolved
жур	synonyms	безнадія	ULIF DictUA exact headword relation; VESUM lemma gate	unresolved
жінка	antonyms	чоловік	ULIF DictUA exact headword relation; VESUM lemma gate	unresolved
жінка	antonyms	нелюд	ULIF DictUA exact headword relation; VESUM lemma gate	unresolved
з	synonyms	зі	ULIF DictUA exact headword relation; VESUM lemma gate	unresolved
з	synonyms	із	ULIF DictUA exact headword relation; VESUM lemma gate	unresolved
з-ясовувати	synonyms	лизати	ULIF DictUA exact headword relation; VESUM lemma gate	unresolved
з-ясовувати	synonyms	опрацьовувати	ULIF DictUA exact headword relation; VESUM lemma gate	unresolved
з-ясовувати	synonyms	бачити	ULIF DictUA exact headword relation; VESUM lemma gate	unresolved
з-ясовувати	synonyms	дізнаватися	ULIF DictUA exact headword relation; VESUM lemma gate	unresolved
з-ясовувати	synonyms	перевіряти	ULIF DictUA exact headword relation; VESUM lemma gate	unresolved
з-ясовувати	synonyms	спостерігати	ULIF DictUA exact headword relation; VESUM lemma gate	unresolved
з-їсти	synonyms	проковтнути	ULIF DictUA exact headword relation; VESUM lemma gate	unresolved
забезпечувати	synonyms	задовольняти	ULIF DictUA exact headword relation; VESUM lemma gate	unresolved
забити	synonyms	притушувати	ULIF DictUA exact headword relation; VESUM lemma gate	unresolved
забити	synonyms	угасити	ULIF DictUA exact headword relation; VESUM lemma gate	unresolved
забити	synonyms	притушити	ULIF DictUA exact headword relation; VESUM lemma gate	unresolved
забити	synonyms	загорнути	ULIF DictUA exact headword relation; VESUM lemma gate	unresolved
забити	synonyms	привалити	ULIF DictUA exact headword relation; VESUM lemma gate	unresolved
забракувати	synonyms	забраковувати	ULIF DictUA exact headword relation; VESUM lemma gate	unresolved
забруднення	synonyms	зараження	ULIF DictUA exact headword relation; VESUM lemma gate	unresolved
забруднення	synonyms	осквернення	ULIF DictUA exact headword relation; VESUM lemma gate	unresolved
забруднення	synonyms	опоганення	ULIF DictUA exact headword relation; VESUM lemma gate	unresolved
забруднитися	synonyms	забруднюватися	ULIF DictUA exact headword relation; VESUM lemma gate	unresolved
забувати	synonyms	забуватися	ULIF DictUA exact headword relation; VESUM lemma gate	unresolved
забувати	synonyms	забути	ULIF DictUA exact headword relation; VESUM lemma gate	unresolved
забути	synonyms	забувати	ULIF DictUA exact headword relation; VESUM lemma gate	unresolved
забутий	synonyms	неуважний	ULIF DictUA exact headword relation; VESUM lemma gate	unresolved
забутися	synonyms	позабутися	ULIF DictUA exact headword relation; VESUM lemma gate	unresolved
забігати	synonyms	заскакувати	ULIF DictUA exact headword relation; VESUM lemma gate	unresolved
забігати	synonyms	заходити	ULIF DictUA exact headword relation; VESUM lemma gate	unresolved
забігати	synonyms	забігти	ULIF DictUA exact headword relation; VESUM lemma gate	unresolved
зав-язка	antonyms	розв'язка	ULIF DictUA exact headword relation; VESUM lemma gate	unresolved
зав-язка	synonyms	мережка	ULIF DictUA exact headword relation; VESUM lemma gate	unresolved
заварити	synonyms	заварювати	ULIF DictUA exact headword relation; VESUM lemma gate	unresolved
завдати	synonyms	дати	ULIF DictUA exact headword relation; VESUM lemma gate	unresolved
завдати	synonyms	принести	ULIF DictUA exact headword relation; VESUM lemma gate	unresolved
завдати	synonyms	посіяти	ULIF DictUA exact headword relation; VESUM lemma gate	unresolved
завдати	synonyms	привести	ULIF DictUA exact headword relation; VESUM lemma gate	unresolved
завдати	synonyms	призвести	ULIF DictUA exact headword relation; VESUM lemma gate	unresolved
завдати	synonyms	заподіяти	ULIF DictUA exact headword relation; VESUM lemma gate	unresolved
завмерти	synonyms	захолоти	ULIF DictUA exact headword relation; VESUM lemma gate	unresolved
завмерти	synonyms	охолоти	ULIF DictUA exact headword relation; VESUM lemma gate	unresolved
завмерти	synonyms	похолоти	ULIF DictUA exact headword relation; VESUM lemma gate	unresolved
завмерти	synonyms	одебеліти	ULIF DictUA exact headword relation; VESUM lemma gate	unresolved
завойовник	antonyms	визволитель	ULIF DictUA exact headword relation; VESUM lemma gate	unresolved
заволодіти	synonyms	оволодіти	ULIF DictUA exact headword relation; VESUM lemma gate	unresolved
заволодіти	synonyms	оволодівати	ULIF DictUA exact headword relation; VESUM lemma gate	unresolved
заволодіти	synonyms	відхвачувати	ULIF DictUA exact headword relation; VESUM lemma gate	unresolved
завсігди	synonyms	завсіди	ULIF DictUA exact headword relation; VESUM lemma gate	unresolved
завсіди	synonyms	повік-віки	ULIF DictUA exact headword relation; VESUM lemma gate	unresolved
завсіди	synonyms	повік-віків	ULIF DictUA exact headword relation; VESUM lemma gate	unresolved
завсіди	synonyms	будь-коли	ULIF DictUA exact headword relation; VESUM lemma gate	unresolved
завчасу	synonyms	зараннє	ULIF DictUA exact headword relation; VESUM lemma gate	unresolved
завчасу	synonyms	перед	ULIF DictUA exact headword relation; VESUM lemma gate	unresolved
завчасу	synonyms	часом	ULIF DictUA exact headword relation; VESUM lemma gate	unresolved
завчасу	synonyms	без	ULIF DictUA exact headword relation; VESUM lemma gate	unresolved
завчасу	synonyms	пори	ULIF DictUA exact headword relation; VESUM lemma gate	unresolved
завше	synonyms	повік-віки	ULIF DictUA exact headword relation; VESUM lemma gate	unresolved
завше	synonyms	повік-віків	ULIF DictUA exact headword relation; VESUM lemma gate	unresolved
завше	synonyms	будь-коли	ULIF DictUA exact headword relation; VESUM lemma gate	unresolved
завісити	synonyms	завішувати	ULIF DictUA exact headword relation; VESUM lemma gate	unresolved
загадати	synonyms	навратитися	ULIF DictUA exact headword relation; VESUM lemma gate	unresolved
загадати	synonyms	наповратитися	ULIF DictUA exact headword relation; VESUM lemma gate	unresolved
загадати	synonyms	наміркуватися	ULIF DictUA exact headword relation; VESUM lemma gate	unresolved
загалом	synonyms	разом	ULIF DictUA exact headword relation; VESUM lemma gate	unresolved
загалом	synonyms	повністю	ULIF DictUA exact headword relation; VESUM lemma gate	unresolved
заганяти	antonyms	виганяти	ULIF DictUA exact headword relation; VESUM lemma gate	unresolved
загарбати	synonyms	загарбувати	ULIF DictUA exact headword relation; VESUM lemma gate	unresolved
загасити	synonyms	притушувати	ULIF DictUA exact headword relation; VESUM lemma gate	unresolved
загасити	synonyms	угасити	ULIF DictUA exact headword relation; VESUM lemma gate	unresolved
загасити	synonyms	притушити	ULIF DictUA exact headword relation; VESUM lemma gate	unresolved
загасити	synonyms	придушувати	ULIF DictUA exact headword relation; VESUM lemma gate	unresolved
загасити	synonyms	згнічувати	ULIF DictUA exact headword relation; VESUM lemma gate	unresolved
загиблий	synonyms	позбавлений	ULIF DictUA exact headword relation; VESUM lemma gate	unresolved
загиблий	synonyms	скорбота	ULIF DictUA exact headword relation; VESUM lemma gate	unresolved
загиблий	synonyms	смуток	ULIF DictUA exact headword relation; VESUM lemma gate	unresolved
загиблий	synonyms	траур	ULIF DictUA exact headword relation; VESUM lemma gate	unresolved
загинути	synonyms	згибнути	ULIF DictUA exact headword relation; VESUM lemma gate	unresolved
загинути	synonyms	згибати	ULIF DictUA exact headword relation; VESUM lemma gate	unresolved
загинути	synonyms	гибнути	ULIF DictUA exact headword relation; VESUM lemma gate	unresolved
заговорити	synonyms	окликнутися	ULIF DictUA exact headword relation; VESUM lemma gate	unresolved
загорнутий	synonyms	загорнений	ULIF DictUA exact headword relation; VESUM lemma gate	unresolved
загорнутися	synonyms	загортатися	ULIF DictUA exact headword relation; VESUM lemma gate	unresolved
загорода	synonyms	загорожа	ULIF DictUA exact headword relation; VESUM lemma gate	unresolved
загорода	synonyms	загін	ULIF DictUA exact headword relation; VESUM lemma gate	unresolved
загорода	synonyms	обора	ULIF DictUA exact headword relation; VESUM lemma gate	unresolved
загорода	synonyms	вольєра	ULIF DictUA exact headword relation; VESUM lemma gate	unresolved
загорода	synonyms	оцарок	ULIF DictUA exact headword relation; VESUM lemma gate	unresolved
загорода	synonyms	кошара	ULIF DictUA exact headword relation; VESUM lemma gate	unresolved
загорода	synonyms	вівчарня	ULIF DictUA exact headword relation; VESUM lemma gate	unresolved
загорода	synonyms	овечатник	ULIF DictUA exact headword relation; VESUM lemma gate	unresolved
загорода	synonyms	чабарня	ULIF DictUA exact headword relation; VESUM lemma gate	unresolved
загорода	synonyms	огорожа	ULIF DictUA exact headword relation; VESUM lemma gate	unresolved
загорода	synonyms	огорода	ULIF DictUA exact headword relation; VESUM lemma gate	unresolved
загорода	synonyms	ограда	ULIF DictUA exact headword relation; VESUM lemma gate	unresolved
загорода	synonyms	горожа	ULIF DictUA exact headword relation; VESUM lemma gate	unresolved
загорода	synonyms	хист	ULIF DictUA exact headword relation; VESUM lemma gate	unresolved
загорода	synonyms	мур	ULIF DictUA exact headword relation; VESUM lemma gate	unresolved
загорода	synonyms	стіна	ULIF DictUA exact headword relation; VESUM lemma gate	unresolved
загорода	synonyms	вір'я	ULIF DictUA exact headword relation; VESUM lemma gate	unresolved
загорода	synonyms	паркан	ULIF DictUA exact headword relation; VESUM lemma gate	unresolved
загорода	synonyms	загородження	ULIF DictUA exact headword relation; VESUM lemma gate	unresolved
загоріти	synonyms	смаглявіти	ULIF DictUA exact headword relation; VESUM lemma gate	unresolved
загоріти	synonyms	присмагати	ULIF DictUA exact headword relation; VESUM lemma gate	unresolved
загоріти-засмагнути	synonyms	засмагати	ULIF DictUA exact headword relation; VESUM lemma gate	unresolved
загоріти-засмагнути	synonyms	загоряти	ULIF DictUA exact headword relation; VESUM lemma gate	unresolved
загоріти-засмагнути	synonyms	смагнути	ULIF DictUA exact headword relation; VESUM lemma gate	unresolved
загоріти-засмагнути	synonyms	смаглявіти	ULIF DictUA exact headword relation; VESUM lemma gate	unresolved
загоріти-засмагнути	synonyms	обгоряти	ULIF DictUA exact headword relation; VESUM lemma gate	unresolved
загоріти-засмагнути	synonyms	засмажуватися	ULIF DictUA exact headword relation; VESUM lemma gate	unresolved
загоріти-засмагнути	synonyms	засмалюватися	ULIF DictUA exact headword relation; VESUM lemma gate	unresolved
загоріти-засмагнути	synonyms	запалюватися	ULIF DictUA exact headword relation; VESUM lemma gate	unresolved
загоріти-засмагнути	synonyms	смагліти	ULIF DictUA exact headword relation; VESUM lemma gate	unresolved
загоріти-засмагнути	synonyms	присмагати	ULIF DictUA exact headword relation; VESUM lemma gate	unresolved
загоріти-засмагнути	synonyms	припалюватися	ULIF DictUA exact headword relation; VESUM lemma gate	unresolved
загоріти-засмагнути	synonyms	засмагнути	ULIF DictUA exact headword relation; VESUM lemma gate	unresolved
загоріти-засмагнути	synonyms	посмагнути	ULIF DictUA exact headword relation; VESUM lemma gate	unresolved
загоріти-засмагнути	synonyms	обгоріти	ULIF DictUA exact headword relation; VESUM lemma gate	unresolved
загоріти-засмагнути	synonyms	засмажитися	ULIF DictUA exact headword relation; VESUM lemma gate	unresolved
загоріти-засмагнути	synonyms	засмалитися	ULIF DictUA exact headword relation; VESUM lemma gate	unresolved
загоріти-засмагнути	synonyms	запалитися	ULIF DictUA exact headword relation; VESUM lemma gate	unresolved
загоріти-засмагнути	synonyms	засмагліти	ULIF DictUA exact headword relation; VESUM lemma gate	unresolved
загоріти-засмагнути	synonyms	присмагнути	ULIF DictUA exact headword relation; VESUM lemma gate	unresolved
загоріти-засмагнути	synonyms	припалитися	ULIF DictUA exact headword relation; VESUM lemma gate	unresolved
загострення	synonyms	роздратування	ULIF DictUA exact headword relation; VESUM lemma gate	unresolved
загоїти	synonyms	згоювати	ULIF DictUA exact headword relation; VESUM lemma gate	unresolved
загоїти	synonyms	підгоювати	ULIF DictUA exact headword relation; VESUM lemma gate	unresolved
загоїти	synonyms	підгоїти	ULIF DictUA exact headword relation; VESUM lemma gate	unresolved
заграти	synonyms	загравати	ULIF DictUA exact headword relation; VESUM lemma gate	unresolved
загрібати	antonyms	вигрібати	ULIF DictUA exact headword relation; VESUM lemma gate	unresolved
загубити	synonyms	загублювати	ULIF DictUA exact headword relation; VESUM lemma gate	unresolved
зад	antonyms	перед	ULIF DictUA exact headword relation; VESUM lemma gate	unresolved
задати	synonyms	задавати	ULIF DictUA exact headword relation; VESUM lemma gate	unresolved
задній	antonyms	передній	ULIF DictUA exact headword relation; VESUM lemma gate	unresolved
задобрити	synonyms	задобрювати	ULIF DictUA exact headword relation; VESUM lemma gate	unresolved
задоволений	synonyms	загартований	ULIF DictUA exact headword relation; VESUM lemma gate	unresolved
задоволений	synonyms	пишатися	ULIF DictUA exact headword relation; VESUM lemma gate	unresolved
задоволений	synonyms	зміст	ULIF DictUA exact headword relation; VESUM lemma gate	unresolved
задовольнити	synonyms	ублаготворяти	ULIF DictUA exact headword relation; VESUM lemma gate	unresolved
задовольнити	synonyms	ублаготворити	ULIF DictUA exact headword relation; VESUM lemma gate	unresolved
задовольнити	synonyms	угасити	ULIF DictUA exact headword relation; VESUM lemma gate	unresolved
задуха	synonyms	подуха	ULIF DictUA exact headword relation; VESUM lemma gate	unresolved
зажинки	antonyms	обжинки	ULIF DictUA exact headword relation; VESUM lemma gate	unresolved
заздрість	synonyms	завидющість	ULIF DictUA exact headword relation; VESUM lemma gate	unresolved
заздрість	synonyms	заздрощі	ULIF DictUA exact headword relation; VESUM lemma gate	unresolved
заздрість	synonyms	зависть (діал.)	ULIF DictUA exact headword relation; VESUM lemma gate	unresolved
заздрість	synonyms	зависність	ULIF DictUA exact headword relation; VESUM lemma gate	unresolved
заземлення	synonyms	заземлювач	ULIF DictUA exact headword relation; VESUM lemma gate	unresolved
заземлити	synonyms	заземлювати	ULIF DictUA exact headword relation; VESUM lemma gate	unresolved
зайнятися	synonyms	загорітися	ULIF DictUA exact headword relation; VESUM lemma gate	unresolved
зайнятися	synonyms	запалитися	ULIF DictUA exact headword relation; VESUM lemma gate	unresolved
зайнятися	synonyms	спалахнути	ULIF DictUA exact headword relation; VESUM lemma gate	unresolved
зайнятися	synonyms	спахнути	ULIF DictUA exact headword relation; VESUM lemma gate	unresolved
зайнятися	synonyms	запалати	ULIF DictUA exact headword relation; VESUM lemma gate	unresolved
зайнятися	synonyms	запалахкотіти	ULIF DictUA exact headword relation; VESUM lemma gate	unresolved
зайнятися	synonyms	блиснути	ULIF DictUA exact headword relation; VESUM lemma gate	unresolved
зайнятися	synonyms	палахнути	ULIF DictUA exact headword relation; VESUM lemma gate	unresolved
зайнятися	synonyms	затеплитися	ULIF DictUA exact headword relation; VESUM lemma gate	unresolved
зайнятися	synonyms	загорятися	ULIF DictUA exact headword relation; VESUM lemma gate	unresolved
зайнятися	synonyms	займатися	ULIF DictUA exact headword relation; VESUM lemma gate	unresolved
зайнятися	synonyms	запалюватися	ULIF DictUA exact headword relation; VESUM lemma gate	unresolved
зайнятися	synonyms	спалахувати	ULIF DictUA exact headword relation; VESUM lemma gate	unresolved
зайнятися	synonyms	спалахкувати	ULIF DictUA exact headword relation; VESUM lemma gate	unresolved
зайнятися	synonyms	спахати	ULIF DictUA exact headword relation; VESUM lemma gate	unresolved
зайнятися	synonyms	спахувати	ULIF DictUA exact headword relation; VESUM lemma gate	unresolved
зайнятися	synonyms	блискати	ULIF DictUA exact headword relation; VESUM lemma gate	unresolved
зайнятися	synonyms	зайнятися	ULIF DictUA exact headword relation; VESUM lemma gate	unresolved
зайнятість	synonyms	оренда	ULIF DictUA exact headword relation; VESUM lemma gate	unresolved
зайча	synonyms	зайченя	ULIF DictUA exact headword relation; VESUM lemma gate	unresolved
заказати	synonyms	збороняти	ULIF DictUA exact headword relation; VESUM lemma gate	unresolved
заказати	synonyms	зборонити	ULIF DictUA exact headword relation; VESUM lemma gate	unresolved
закинути	synonyms	попрікати	ULIF DictUA exact headword relation; VESUM lemma gate	unresolved
закинути	synonyms	укоряти	ULIF DictUA exact headword relation; VESUM lemma gate	unresolved
закинути	synonyms	попрікнути	ULIF DictUA exact headword relation; VESUM lemma gate	unresolved
закинути	synonyms	попеняти	ULIF DictUA exact headword relation; VESUM lemma gate	unresolved
закинути	synonyms	укорити	ULIF DictUA exact headword relation; VESUM lemma gate	unresolved
закипіти	synonyms	закипати	ULIF DictUA exact headword relation; VESUM lemma gate	unresolved
закладка	synonyms	закладання	ULIF DictUA exact headword relation; VESUM lemma gate	unresolved
заклеїти	synonyms	заклеювати	ULIF DictUA exact headword relation; VESUM lemma gate	unresolved
закляття	synonyms	приговір	ULIF DictUA exact headword relation; VESUM lemma gate	unresolved
закляття	synonyms	клятва	ULIF DictUA exact headword relation; VESUM lemma gate	unresolved
закляття	synonyms	кляття	ULIF DictUA exact headword relation; VESUM lemma gate	unresolved
законодавство	synonyms	законодавчий	ULIF DictUA exact headword relation; VESUM lemma gate	unresolved
закохати	synonyms	прилюбляти	ULIF DictUA exact headword relation; VESUM lemma gate	unresolved
закреслити	synonyms	закреслювати	ULIF DictUA exact headword relation; VESUM lemma gate	unresolved
закривати	synonyms	загороджувати	ULIF DictUA exact headword relation; VESUM lemma gate	unresolved
закривати	synonyms	застувати	ULIF DictUA exact headword relation; VESUM lemma gate	unresolved
закривати	synonyms	застити	ULIF DictUA exact headword relation; VESUM lemma gate	unresolved
закривати	synonyms	заслонювати (рідше)	ULIF DictUA exact headword relation; VESUM lemma gate	unresolved
закривати	synonyms	затулювати (розм.)	ULIF DictUA exact headword relation; VESUM lemma gate	unresolved
закриття	synonyms	блокування	ULIF DictUA exact headword relation; VESUM lemma gate	unresolved
закриття	synonyms	висновок	ULIF DictUA exact headword relation; VESUM lemma gate	unresolved
закриття	synonyms	закрити	ULIF DictUA exact headword relation; VESUM lemma gate	unresolved
закрутка	synonyms	защіпка	ULIF DictUA exact headword relation; VESUM lemma gate	unresolved
закріпитися	synonyms	закріплюватися	ULIF DictUA exact headword relation; VESUM lemma gate	unresolved
закупити	synonyms	закуповувати	ULIF DictUA exact headword relation; VESUM lemma gate	unresolved
закінчити	synonyms	повершити (розм.)	ULIF DictUA exact headword relation; VESUM lemma gate	unresolved
закінчити	synonyms	порішити (розм.)	ULIF DictUA exact headword relation; VESUM lemma gate	unresolved
закінчити	synonyms	укінчити (діал.)	ULIF DictUA exact headword relation; VESUM lemma gate	unresolved
закінчитися	synonyms	ущухати	ULIF DictUA exact headword relation; VESUM lemma gate	unresolved
закінчитися	synonyms	угавати	ULIF DictUA exact headword relation; VESUM lemma gate	unresolved
закінчитися	synonyms	стишуватися	ULIF DictUA exact headword relation; VESUM lemma gate	unresolved
закінчитися	synonyms	стишатися	ULIF DictUA exact headword relation; VESUM lemma gate	unresolved
закінчитися	synonyms	угамовуватися	ULIF DictUA exact headword relation; VESUM lemma gate	unresolved
закінчувати	synonyms	фінішувати	ULIF DictUA exact headword relation; VESUM lemma gate	unresolved
закінчуватися	synonyms	закінчувати	ULIF DictUA exact headword relation; VESUM lemma gate	unresolved
закінчуватися	synonyms	зупинятися	ULIF DictUA exact headword relation; VESUM lemma gate	unresolved
зал	synonyms	зала	ULIF DictUA exact headword relation; VESUM lemma gate	unresolved
зала	synonyms	зал	ULIF DictUA exact headword relation; VESUM lemma gate	unresolved
залити	synonyms	притушувати	ULIF DictUA exact headword relation; VESUM lemma gate	unresolved
залити	synonyms	угасити	ULIF DictUA exact headword relation; VESUM lemma gate	unresolved
залити	synonyms	притушити	ULIF DictUA exact headword relation; VESUM lemma gate	unresolved
залити	synonyms	наводняти	ULIF DictUA exact headword relation; VESUM lemma gate	unresolved
залити	synonyms	запрудити	ULIF DictUA exact headword relation; VESUM lemma gate	unresolved
залишки	synonyms	залишок	ULIF DictUA exact headword relation; VESUM lemma gate	unresolved
залучити	synonyms	підпрягати	ULIF DictUA exact headword relation; VESUM lemma gate	unresolved
залучити	synonyms	прияти	ULIF DictUA exact headword relation; VESUM lemma gate	unresolved
залізти	synonyms	викарабкуватися	ULIF DictUA exact headword relation; VESUM lemma gate	unresolved
залізти	synonyms	викарабкатися	ULIF DictUA exact headword relation; VESUM lemma gate	unresolved
залік	synonyms	визнання	ULIF DictUA exact headword relation; VESUM lemma gate	unresolved
заманити	synonyms	заманювати	ULIF DictUA exact headword relation; VESUM lemma gate	unresolved
замаскувати	synonyms	замасковувати	ULIF DictUA exact headword relation; VESUM lemma gate	unresolved
замах	synonyms	змах	ULIF DictUA exact headword relation; VESUM lemma gate	unresolved
замикати	synonyms	запирати (розм.)	ULIF DictUA exact headword relation; VESUM lemma gate	unresolved
замикати	synonyms	зачиняти (рідко)	ULIF DictUA exact headword relation; VESUM lemma gate	unresolved
замикати	synonyms	защібати (діал.)	ULIF DictUA exact headword relation; VESUM lemma gate	unresolved
замикати	synonyms	защібувати (діал.)	ULIF DictUA exact headword relation; VESUM lemma gate	unresolved
замкнений	synonyms	суцільний	ULIF DictUA exact headword relation; VESUM lemma gate	unresolved
замкнутий	synonyms	суцільний	ULIF DictUA exact headword relation; VESUM lemma gate	unresolved
замкнутий	synonyms	закритий	ULIF DictUA exact headword relation; VESUM lemma gate	unresolved
замовляти-замовити	synonyms	заговорити	ULIF DictUA exact headword relation; VESUM lemma gate	unresolved
замовляти-замовити	synonyms	забалакати	ULIF DictUA exact headword relation; VESUM lemma gate	unresolved
замовляти-замовити	synonyms	загомоніти	ULIF DictUA exact headword relation; VESUM lemma gate	unresolved
замовляти-замовити	synonyms	замовити	ULIF DictUA exact headword relation; VESUM lemma gate	unresolved
замовляти-замовити	synonyms	обізватися	ULIF DictUA exact headword relation; VESUM lemma gate	unresolved
замовляти-замовити	synonyms	окликнутися	ULIF DictUA exact headword relation; VESUM lemma gate	unresolved
замовляти-замовити	synonyms	заговорювати	ULIF DictUA exact headword relation; VESUM lemma gate	unresolved
замовляти-замовити	synonyms	забалакувати	ULIF DictUA exact headword relation; VESUM lemma gate	unresolved
замовляти-замовити	synonyms	обзиватися	ULIF DictUA exact headword relation; VESUM lemma gate	unresolved
замовляти-замовити	synonyms	окликатися	ULIF DictUA exact headword relation; VESUM lemma gate	unresolved
замовляти-замовити	synonyms	примовляти	ULIF DictUA exact headword relation; VESUM lemma gate	unresolved
замовляти-замовити	synonyms	відвертати	ULIF DictUA exact headword relation; VESUM lemma gate	unresolved
замовляти-замовити	synonyms	відшіптувати	ULIF DictUA exact headword relation; VESUM lemma gate	unresolved
замовляти-замовити	synonyms	вишіптувати	ULIF DictUA exact headword relation; VESUM lemma gate	unresolved
замовляти-замовити	synonyms	змовляти	ULIF DictUA exact headword relation; VESUM lemma gate	unresolved
замовляти-замовити	synonyms	примовити	ULIF DictUA exact headword relation; VESUM lemma gate	unresolved
замовляти-замовити	synonyms	відвернути	ULIF DictUA exact headword relation; VESUM lemma gate	unresolved
замовляти-замовити	synonyms	відшептати	ULIF DictUA exact headword relation; VESUM lemma gate	unresolved
замовляти-замовити	synonyms	вишептати	ULIF DictUA exact headword relation; VESUM lemma gate	unresolved
замовляти-замовити	synonyms	змовити	ULIF DictUA exact headword relation; VESUM lemma gate	unresolved
замовляти-замовити	synonyms	сказати	ULIF DictUA exact headword relation; VESUM lemma gate	unresolved
замовник	synonyms	замовець	ULIF DictUA exact headword relation; VESUM lemma gate	unresolved
заміна	synonyms	підстановка	ULIF DictUA exact headword relation; VESUM lemma gate	unresolved
заміна	synonyms	мінянка	ULIF DictUA exact headword relation; VESUM lemma gate	unresolved
замітка	synonyms	зсув	ULIF DictUA exact headword relation; VESUM lemma gate	unresolved
западина	antonyms	виступ	ULIF DictUA exact headword relation; VESUM lemma gate	unresolved
запакувати	synonyms	запаковувати	ULIF DictUA exact headword relation; VESUM lemma gate	unresolved
запалити	synonyms	виявляти	ULIF DictUA exact headword relation; VESUM lemma gate	unresolved
запалити	synonyms	випадково	ULIF DictUA exact headword relation; VESUM lemma gate	unresolved
запальний	synonyms	запалювальний	ULIF DictUA exact headword relation; VESUM lemma gate	unresolved
запам-ятовувати	synonyms	думати	ULIF DictUA exact headword relation; VESUM lemma gate	unresolved
запам-ятовувати	synonyms	пригадувати	ULIF DictUA exact headword relation; VESUM lemma gate	unresolved
запекти	synonyms	запікати	ULIF DictUA exact headword relation; VESUM lemma gate	unresolved
заперечення	synonyms	зречення	ULIF DictUA exact headword relation; VESUM lemma gate	unresolved
заперечення	synonyms	самозречення	ULIF DictUA exact headword relation; VESUM lemma gate	unresolved
заперечення	synonyms	незгода	ULIF DictUA exact headword relation; VESUM lemma gate	unresolved
заперечення	synonyms	відмова	ULIF DictUA exact headword relation; VESUM lemma gate	unresolved
запечений	synonyms	обпалений	ULIF DictUA exact headword relation; VESUM lemma gate	unresolved
запис	synonyms	нотація	ULIF DictUA exact headword relation; VESUM lemma gate	unresolved
запис	synonyms	книга	ULIF DictUA exact headword relation; VESUM lemma gate	unresolved
запити	synonyms	запивати	ULIF DictUA exact headword relation; VESUM lemma gate	unresolved
запитувати	synonyms	питатися (розм.)	ULIF DictUA exact headword relation; VESUM lemma gate	unresolved
запитувати	synonyms	запитуватися (розм.)	ULIF DictUA exact headword relation; VESUM lemma gate	unresolved
заплав	synonyms	плавні	ULIF DictUA exact headword relation; VESUM lemma gate	unresolved
заплав	synonyms	млака	ULIF DictUA exact headword relation; VESUM lemma gate	unresolved
заплата	synonyms	получка	ULIF DictUA exact headword relation; VESUM lemma gate	unresolved
заплата	synonyms	поденне	ULIF DictUA exact headword relation; VESUM lemma gate	unresolved
заплести	synonyms	обсотати	ULIF DictUA exact headword relation; VESUM lemma gate	unresolved
заплести	synonyms	обповивати	ULIF DictUA exact headword relation; VESUM lemma gate	unresolved
заплести	synonyms	сплести	ULIF DictUA exact headword relation; VESUM lemma gate	unresolved
заплести	synonyms	звити	ULIF DictUA exact headword relation; VESUM lemma gate	unresolved
заплести	synonyms	зв'язати	ULIF DictUA exact headword relation; VESUM lemma gate	unresolved
заплутаний	synonyms	хаотичний	ULIF DictUA exact headword relation; VESUM lemma gate	unresolved
заплутати	synonyms	обсотати	ULIF DictUA exact headword relation; VESUM lemma gate	unresolved
заплутати	synonyms	обповивати	ULIF DictUA exact headword relation; VESUM lemma gate	unresolved
заплутатися	synonyms	заплутуватися	ULIF DictUA exact headword relation; VESUM lemma gate	unresolved
заповідник	synonyms	резервація	ULIF DictUA exact headword relation; VESUM lemma gate	unresolved
запорозький	synonyms	запорізький	ULIF DictUA exact headword relation; VESUM lemma gate	unresolved
заправка	synonyms	начинка	ULIF DictUA exact headword relation; VESUM lemma gate	unresolved
запросити	synonyms	випрошувати	ULIF DictUA exact headword relation; VESUM lemma gate	unresolved
запросити	synonyms	приймати	ULIF DictUA exact headword relation; VESUM lemma gate	unresolved
запідозрити	synonyms	підозрівати	ULIF DictUA exact headword relation; VESUM lemma gate	unresolved
запізнюватися	synonyms	затримуватися	ULIF DictUA exact headword relation; VESUM lemma gate	unresolved
заради	synonyms	задля	ULIF DictUA exact headword relation; VESUM lemma gate	unresolved
заради	synonyms	ради	ULIF DictUA exact headword relation; VESUM lemma gate	unresolved
зарадити	synonyms	погоджати	ULIF DictUA exact headword relation; VESUM lemma gate	unresolved
зарадити	synonyms	бути	ULIF DictUA exact headword relation; VESUM lemma gate	unresolved
зарадити	synonyms	пригоді	ULIF DictUA exact headword relation; VESUM lemma gate	unresolved
зарадити	synonyms	стати	ULIF DictUA exact headword relation; VESUM lemma gate	unresolved
зараження	synonyms	передача	ULIF DictUA exact headword relation; VESUM lemma gate	unresolved
зараження	synonyms	інфекція	ULIF DictUA exact headword relation; VESUM lemma gate	unresolved
зараження	synonyms	забруднення	ULIF DictUA exact headword relation; VESUM lemma gate	unresolved
заразитися	synonyms	заражатися	ULIF DictUA exact headword relation; VESUM lemma gate	unresolved
зарання	synonyms	вранці	ULIF DictUA exact headword relation; VESUM lemma gate	unresolved
зарання	synonyms	зранку	ULIF DictUA exact headword relation; VESUM lemma gate	unresolved
зарання	synonyms	ранком	ULIF DictUA exact headword relation; VESUM lemma gate	unresolved
зарання	synonyms	рано	ULIF DictUA exact headword relation; VESUM lemma gate	unresolved
зарання	synonyms	зрання	ULIF DictUA exact headword relation; VESUM lemma gate	unresolved
зарання	synonyms	спозарана	ULIF DictUA exact headword relation; VESUM lemma gate	unresolved
зарання	synonyms	спозаранку	ULIF DictUA exact headword relation; VESUM lemma gate	unresolved
зарання	synonyms	спозарання	ULIF DictUA exact headword relation; VESUM lemma gate	unresolved
зарання	synonyms	зарані	ULIF DictUA exact headword relation; VESUM lemma gate	unresolved
зарання	synonyms	пораненьку	ULIF DictUA exact headword relation; VESUM lemma gate	unresolved
зарання	synonyms	зараннє	ULIF DictUA exact headword relation; VESUM lemma gate	unresolved
зарання	synonyms	зарана	ULIF DictUA exact headword relation; VESUM lemma gate	unresolved
зарання	synonyms	порано	ULIF DictUA exact headword relation; VESUM lemma gate	unresolved
зарання	synonyms	порану	ULIF DictUA exact headword relation; VESUM lemma gate	unresolved
зарання	synonyms	заздалегідь	ULIF DictUA exact headword relation; VESUM lemma gate	unresolved
зарання	synonyms	завчасно	ULIF DictUA exact headword relation; VESUM lemma gate	unresolved
зарання	synonyms	наперед	ULIF DictUA exact headword relation; VESUM lemma gate	unresolved
зарання	synonyms	попереду	ULIF DictUA exact headword relation; VESUM lemma gate	unresolved
зарання	synonyms	авансом	ULIF DictUA exact headword relation; VESUM lemma gate	unresolved
зарання	synonyms	завчасу	ULIF DictUA exact headword relation; VESUM lemma gate	unresolved
зарання	synonyms	загодя	ULIF DictUA exact headword relation; VESUM lemma gate	unresolved
зарання	synonyms	заздалегоди	ULIF DictUA exact headword relation; VESUM lemma gate	unresolved
зарання	synonyms	завгодя	ULIF DictUA exact headword relation; VESUM lemma gate	unresolved
зарання	synonyms	зачасу	ULIF DictUA exact headword relation; VESUM lemma gate	unresolved
зарання	synonyms	передчасно	ULIF DictUA exact headword relation; VESUM lemma gate	unresolved
зарання	synonyms	дочасно	ULIF DictUA exact headword relation; VESUM lemma gate	unresolved
зарання	synonyms	перед	ULIF DictUA exact headword relation; VESUM lemma gate	unresolved
зарання	synonyms	часом	ULIF DictUA exact headword relation; VESUM lemma gate	unresolved
зарання	synonyms	зарано	ULIF DictUA exact headword relation; VESUM lemma gate	unresolved
зарання	synonyms	без	ULIF DictUA exact headword relation; VESUM lemma gate	unresolved
зарання	synonyms	пори	ULIF DictUA exact headword relation; VESUM lemma gate	unresolved
зарання	synonyms	заскоро	ULIF DictUA exact headword relation; VESUM lemma gate	unresolved
зарання	synonyms	зрана	ULIF DictUA exact headword relation; VESUM lemma gate	unresolved
зареєструватися	synonyms	пробивати	ULIF DictUA exact headword relation; VESUM lemma gate	unresolved
заробляти	synonyms	дороблятися	ULIF DictUA exact headword relation; VESUM lemma gate	unresolved
заробляти	synonyms	уробляти (розм.)	ULIF DictUA exact headword relation; VESUM lemma gate	unresolved
заробляти	synonyms	забруднювати	ULIF DictUA exact headword relation; VESUM lemma gate	unresolved
зарубати	synonyms	уражати	ULIF DictUA exact headword relation; VESUM lemma gate	unresolved
зарубати	synonyms	валити	ULIF DictUA exact headword relation; VESUM lemma gate	unresolved
зарубати	synonyms	угроблювати	ULIF DictUA exact headword relation; VESUM lemma gate	unresolved
зарубати	synonyms	підтинати	ULIF DictUA exact headword relation; VESUM lemma gate	unresolved
зарубати	synonyms	класти	ULIF DictUA exact headword relation; VESUM lemma gate	unresolved
зарубати	synonyms	косити	ULIF DictUA exact headword relation; VESUM lemma gate	unresolved
зарубати	synonyms	прикончувати	ULIF DictUA exact headword relation; VESUM lemma gate	unresolved
зарубати	synonyms	кінчати	ULIF DictUA exact headword relation; VESUM lemma gate	unresolved
зарубати	synonyms	рішати	ULIF DictUA exact headword relation; VESUM lemma gate	unresolved
зарубати	synonyms	зарубувати	ULIF DictUA exact headword relation; VESUM lemma gate	unresolved
заручини	synonyms	дата	ULIF DictUA exact headword relation; VESUM lemma gate	unresolved
заручитися	synonyms	заручатися	ULIF DictUA exact headword relation; VESUM lemma gate	unresolved
зарядити	synonyms	вирівнювати	ULIF DictUA exact headword relation; VESUM lemma gate	unresolved
зарядка	synonyms	заряджання	ULIF DictUA exact headword relation; VESUM lemma gate	unresolved
засвоювати	synonyms	наламуватися	ULIF DictUA exact headword relation; VESUM lemma gate	unresolved
засвітитися	synonyms	засвічуватися	ULIF DictUA exact headword relation; VESUM lemma gate	unresolved
заселити	synonyms	оселювати	ULIF DictUA exact headword relation; VESUM lemma gate	unresolved
заселити	synonyms	осаджати	ULIF DictUA exact headword relation; VESUM lemma gate	unresolved
засланий	synonyms	засланець	ULIF DictUA exact headword relation; VESUM lemma gate	unresolved
заслон	synonyms	заслін	ULIF DictUA exact headword relation; VESUM lemma gate	unresolved
заслужити	synonyms	удостоїтися	ULIF DictUA exact headword relation; VESUM lemma gate	unresolved
заслужити	synonyms	удостоюватися	ULIF DictUA exact headword relation; VESUM lemma gate	unresolved
засмаглий	synonyms	закіптявілий	ULIF DictUA exact headword relation; VESUM lemma gate	unresolved
засмагнути	synonyms	смаглявіти	ULIF DictUA exact headword relation; VESUM lemma gate	unresolved
засмагнути	synonyms	присмагати	ULIF DictUA exact headword relation; VESUM lemma gate	unresolved
заспокоювати	synonyms	ублаготворяти	ULIF DictUA exact headword relation; VESUM lemma gate	unresolved
заспокоювати	synonyms	ублаготворити	ULIF DictUA exact headword relation; VESUM lemma gate	unresolved
заспокоювати	synonyms	стішити	ULIF DictUA exact headword relation; VESUM lemma gate	unresolved
заспокоювати	synonyms	уговорити	ULIF DictUA exact headword relation; VESUM lemma gate	unresolved
заспокоювати	synonyms	тішити	ULIF DictUA exact headword relation; VESUM lemma gate	unresolved
заспокоювати	synonyms	потішати	ULIF DictUA exact headword relation; VESUM lemma gate	unresolved
заспокоювати	synonyms	гамувати	ULIF DictUA exact headword relation; VESUM lemma gate	unresolved
заспокоювати	synonyms	угамовувати	ULIF DictUA exact headword relation; VESUM lemma gate	unresolved
заспокоювати	synonyms	уговтувати	ULIF DictUA exact headword relation; VESUM lemma gate	unresolved
заспокоювати	synonyms	угомоняти	ULIF DictUA exact headword relation; VESUM lemma gate	unresolved
заспокоювати	synonyms	угомонювати	ULIF DictUA exact headword relation; VESUM lemma gate	unresolved
заспокоювати	synonyms	погамовувати	ULIF DictUA exact headword relation; VESUM lemma gate	unresolved
заспокоювати	synonyms	успокоювати	ULIF DictUA exact headword relation; VESUM lemma gate	unresolved
заспокоювати	synonyms	упокоювати	ULIF DictUA exact headword relation; VESUM lemma gate	unresolved
заспокоювати	synonyms	пригамовувати	ULIF DictUA exact headword relation; VESUM lemma gate	unresolved
заспокоювати	synonyms	підбадьорювати	ULIF DictUA exact headword relation; VESUM lemma gate	unresolved
заспокоювати	synonyms	уговорювати	ULIF DictUA exact headword relation; VESUM lemma gate	unresolved
заспокоювати	synonyms	уговоряти	ULIF DictUA exact headword relation; VESUM lemma gate	unresolved
заспокоюватися	synonyms	заспокоїтися	ULIF DictUA exact headword relation; VESUM lemma gate	unresolved
заспокоїти	synonyms	ублаготворяти	ULIF DictUA exact headword relation; VESUM lemma gate	unresolved
заспокоїти	synonyms	ублаготворити	ULIF DictUA exact headword relation; VESUM lemma gate	unresolved
заспокоїти	synonyms	стішити	ULIF DictUA exact headword relation; VESUM lemma gate	unresolved
заспокоїти	synonyms	уговорити	ULIF DictUA exact headword relation; VESUM lemma gate	unresolved
заспокоїти	synonyms	тішити	ULIF DictUA exact headword relation; VESUM lemma gate	unresolved
заспокоїти	synonyms	потішати	ULIF DictUA exact headword relation; VESUM lemma gate	unresolved
заспокоїти	synonyms	гамувати	ULIF DictUA exact headword relation; VESUM lemma gate	unresolved
заспокоїти	synonyms	угамовувати	ULIF DictUA exact headword relation; VESUM lemma gate	unresolved
заспокоїти	synonyms	уговтувати	ULIF DictUA exact headword relation; VESUM lemma gate	unresolved
заспокоїти	synonyms	угомоняти	ULIF DictUA exact headword relation; VESUM lemma gate	unresolved
заспокоїти	synonyms	угомонювати	ULIF DictUA exact headword relation; VESUM lemma gate	unresolved
заспокоїти	synonyms	погамовувати	ULIF DictUA exact headword relation; VESUM lemma gate	unresolved
заспокоїти	synonyms	успокоювати	ULIF DictUA exact headword relation; VESUM lemma gate	unresolved
заспокоїти	synonyms	упокоювати	ULIF DictUA exact headword relation; VESUM lemma gate	unresolved
заспокоїти	synonyms	пригамовувати	ULIF DictUA exact headword relation; VESUM lemma gate	unresolved
заспокоїти	synonyms	підбадьорювати	ULIF DictUA exact headword relation; VESUM lemma gate	unresolved
заспокоїти	synonyms	уговорювати	ULIF DictUA exact headword relation; VESUM lemma gate	unresolved
заспокоїти	synonyms	уговоряти	ULIF DictUA exact headword relation; VESUM lemma gate	unresolved
заспокоїтися	synonyms	заспокоюватися	ULIF DictUA exact headword relation; VESUM lemma gate	unresolved
заспівати	synonyms	заспівувати	ULIF DictUA exact headword relation; VESUM lemma gate	unresolved
заставка	antonyms	кінцівка	ULIF DictUA exact headword relation; VESUM lemma gate	unresolved
застати	synonyms	заскочити (розм.)	ULIF DictUA exact headword relation; VESUM lemma gate	unresolved
застати	synonyms	накрити (розм.)	ULIF DictUA exact headword relation; VESUM lemma gate	unresolved
застати	synonyms	застукати (розм.)	ULIF DictUA exact headword relation; VESUM lemma gate	unresolved
застати	synonyms	застигти (рідко)	ULIF DictUA exact headword relation; VESUM lemma gate	unresolved
застати	synonyms	спобігти (рідко)	ULIF DictUA exact headword relation; VESUM lemma gate	unresolved
застосовувати	synonyms	стосувати	ULIF DictUA exact headword relation; VESUM lemma gate	unresolved
застосовувати	synonyms	практикувати	ULIF DictUA exact headword relation; VESUM lemma gate	unresolved
застрахуватися	synonyms	застраховуватися	ULIF DictUA exact headword relation; VESUM lemma gate	unresolved
застрелити	synonyms	застрілювати	ULIF DictUA exact headword relation; VESUM lemma gate	unresolved
застрягти	synonyms	погрузнути	ULIF DictUA exact headword relation; VESUM lemma gate	unresolved
застрягти	synonyms	погрузти	ULIF DictUA exact headword relation; VESUM lemma gate	unresolved
застрягти	synonyms	захрясти	ULIF DictUA exact headword relation; VESUM lemma gate	unresolved
застрягти	synonyms	стрягнути	ULIF DictUA exact headword relation; VESUM lemma gate	unresolved
застрягти	synonyms	погрузати	ULIF DictUA exact headword relation; VESUM lemma gate	unresolved
застудитися	synonyms	застуджуватися	ULIF DictUA exact headword relation; VESUM lemma gate	unresolved
заступитися	synonyms	заступатися	ULIF DictUA exact headword relation; VESUM lemma gate	unresolved
засуджувати	synonyms	картати	ULIF DictUA exact headword relation; VESUM lemma gate	unresolved
засів	synonyms	засівання	ULIF DictUA exact headword relation; VESUM lemma gate	unresolved
засіка	synonyms	сусік	ULIF DictUA exact headword relation; VESUM lemma gate	unresolved
затекти	synonyms	обімлівати	ULIF DictUA exact headword relation; VESUM lemma gate	unresolved
затишок	synonyms	вигода	ULIF DictUA exact headword relation; VESUM lemma gate	unresolved
затишок	synonyms	зручність	ULIF DictUA exact headword relation; VESUM lemma gate	unresolved
затишок	synonyms	догода	ULIF DictUA exact headword relation; VESUM lemma gate	unresolved
затишок	synonyms	придоба	ULIF DictUA exact headword relation; VESUM lemma gate	unresolved
затишок	synonyms	комфортабельність	ULIF DictUA exact headword relation; VESUM lemma gate	unresolved
затишок	synonyms	комфорт	ULIF DictUA exact headword relation; VESUM lemma gate	unresolved
затишок	synonyms	спокій	ULIF DictUA exact headword relation; VESUM lemma gate	unresolved
затишок	synonyms	тиша	ULIF DictUA exact headword relation; VESUM lemma gate	unresolved
затишок	synonyms	тиш	ULIF DictUA exact headword relation; VESUM lemma gate	unresolved
затишок	synonyms	супокій	ULIF DictUA exact headword relation; VESUM lemma gate	unresolved
затишок	synonyms	дрімота	ULIF DictUA exact headword relation; VESUM lemma gate	unresolved
затишок	synonyms	покій	ULIF DictUA exact headword relation; VESUM lemma gate	unresolved
затишок	synonyms	безвітря	ULIF DictUA exact headword relation; VESUM lemma gate	unresolved
затишок	synonyms	безголосся	ULIF DictUA exact headword relation; VESUM lemma gate	unresolved
затишок	synonyms	безмовність	ULIF DictUA exact headword relation; VESUM lemma gate	unresolved
затишок	synonyms	безгоміння	ULIF DictUA exact headword relation; VESUM lemma gate	unresolved
затишок	synonyms	безгомінь	ULIF DictUA exact headword relation; VESUM lemma gate	unresolved
затишок	synonyms	затишшя	ULIF DictUA exact headword relation; VESUM lemma gate	unresolved
заткнути	synonyms	впнути	ULIF DictUA exact headword relation; VESUM lemma gate	unresolved
заткнути	synonyms	впнутися	ULIF DictUA exact headword relation; VESUM lemma gate	unresolved
заткнути	synonyms	впитися	ULIF DictUA exact headword relation; VESUM lemma gate	unresolved
заткнути	synonyms	закупорювати	ULIF DictUA exact headword relation; VESUM lemma gate	unresolved
заткнути	synonyms	законопачувати	ULIF DictUA exact headword relation; VESUM lemma gate	unresolved
заткнути	synonyms	закорковувати	ULIF DictUA exact headword relation; VESUM lemma gate	unresolved
заткнути	synonyms	заткати	ULIF DictUA exact headword relation; VESUM lemma gate	unresolved
заткнути	synonyms	закупорити	ULIF DictUA exact headword relation; VESUM lemma gate	unresolved
заткнути	synonyms	законопатити	ULIF DictUA exact headword relation; VESUM lemma gate	unresolved
заткнути	synonyms	закоркувати	ULIF DictUA exact headword relation; VESUM lemma gate	unresolved
затримувати	synonyms	бавити	ULIF DictUA exact headword relation; VESUM lemma gate	unresolved
затулити	synonyms	ослонювати	ULIF DictUA exact headword relation; VESUM lemma gate	unresolved
затулити	synonyms	обслонювати	ULIF DictUA exact headword relation; VESUM lemma gate	unresolved
затулити	synonyms	ослонити	ULIF DictUA exact headword relation; VESUM lemma gate	unresolved
затулити	synonyms	обслонити	ULIF DictUA exact headword relation; VESUM lemma gate	unresolved
затягти	synonyms	вповивати	ULIF DictUA exact headword relation; VESUM lemma gate	unresolved
затягти	synonyms	обсотувати	ULIF DictUA exact headword relation; VESUM lemma gate	unresolved
затягти	synonyms	засотувати	ULIF DictUA exact headword relation; VESUM lemma gate	unresolved
затягти	synonyms	поймати	ULIF DictUA exact headword relation; VESUM lemma gate	unresolved
затягти	synonyms	окривати	ULIF DictUA exact headword relation; VESUM lemma gate	unresolved
затягти	synonyms	облизувати	ULIF DictUA exact headword relation; VESUM lemma gate	unresolved
затягти	synonyms	притуманювати	ULIF DictUA exact headword relation; VESUM lemma gate	unresolved
затягти	synonyms	оповити	ULIF DictUA exact headword relation; VESUM lemma gate	unresolved
затягти	synonyms	обгорнути	ULIF DictUA exact headword relation; VESUM lemma gate	unresolved
затягти	synonyms	обволокти	ULIF DictUA exact headword relation; VESUM lemma gate	unresolved
затягти	synonyms	заволокти	ULIF DictUA exact headword relation; VESUM lemma gate	unresolved
затягти	synonyms	облягти	ULIF DictUA exact headword relation; VESUM lemma gate	unresolved
затіяти	synonyms	навратитися	ULIF DictUA exact headword relation; VESUM lemma gate	unresolved
затіяти	synonyms	наповратитися	ULIF DictUA exact headword relation; VESUM lemma gate	unresolved
затіяти	synonyms	наміркуватися	ULIF DictUA exact headword relation; VESUM lemma gate	unresolved
зауважити	synonyms	назорити	ULIF DictUA exact headword relation; VESUM lemma gate	unresolved
зауважити	synonyms	покмітити	ULIF DictUA exact headword relation; VESUM lemma gate	unresolved
зауважити	synonyms	навидіти	ULIF DictUA exact headword relation; VESUM lemma gate	unresolved
зауважити	synonyms	обачити	ULIF DictUA exact headword relation; VESUM lemma gate	unresolved
зауважити	synonyms	запримічати	ULIF DictUA exact headword relation; VESUM lemma gate	unresolved
зауважити	synonyms	настерігати	ULIF DictUA exact headword relation; VESUM lemma gate	unresolved
зауважити	synonyms	зважати	ULIF DictUA exact headword relation; VESUM lemma gate	unresolved
зауважити	synonyms	подибувати	ULIF DictUA exact headword relation; VESUM lemma gate	unresolved
зауважити	synonyms	устерігати	ULIF DictUA exact headword relation; VESUM lemma gate	unresolved
захаращений	synonyms	засмічений	ULIF DictUA exact headword relation; VESUM lemma gate	unresolved
захворіти	synonyms	заслабнути (розм.)	ULIF DictUA exact headword relation; VESUM lemma gate	unresolved
захворіти	synonyms	заслабти (розм.)	ULIF DictUA exact headword relation; VESUM lemma gate	unresolved
захворіти	synonyms	заслабіти (розм.)	ULIF DictUA exact headword relation; VESUM lemma gate	unresolved
захворіти	synonyms	рознедужатися (розм.)	ULIF DictUA exact headword relation; VESUM lemma gate	unresolved
захворіти	synonyms	розхворітися (розм.)	ULIF DictUA exact headword relation; VESUM lemma gate	unresolved
захворіти	synonyms	захорувати (діал.)	ULIF DictUA exact headword relation; VESUM lemma gate	unresolved
захворіти	synonyms	захоріти (діал.)	ULIF DictUA exact headword relation; VESUM lemma gate	unresolved
захворіти	synonyms	облягти (рідко)	ULIF DictUA exact headword relation; VESUM lemma gate	unresolved
захиститися	synonyms	захищатися	ULIF DictUA exact headword relation; VESUM lemma gate	unresolved
захищати	synonyms	заступати (розм.)	ULIF DictUA exact headword relation; VESUM lemma gate	unresolved
захищати	synonyms	забороняти (заст.)	ULIF DictUA exact headword relation; VESUM lemma gate	unresolved
захищати	synonyms	крити (заст.)	ULIF DictUA exact headword relation; VESUM lemma gate	unresolved
заходити	synonyms	зайти	ULIF DictUA exact headword relation; VESUM lemma gate	unresolved
захоплювати	synonyms	схоплювати	ULIF DictUA exact headword relation; VESUM lemma gate	unresolved
захоплювати	synonyms	хапати	ULIF DictUA exact headword relation; VESUM lemma gate	unresolved
захоплюватися	synonyms	зачаровуватися	ULIF DictUA exact headword relation; VESUM lemma gate	unresolved
захоплюватися	synonyms	зачудовуватися	ULIF DictUA exact headword relation; VESUM lemma gate	unresolved
захоплюватися	synonyms	замиловуватися	ULIF DictUA exact headword relation; VESUM lemma gate	unresolved
західний	antonyms	східний	ULIF DictUA exact headword relation; VESUM lemma gate	unresolved
зацікавити	synonyms	рупити	ULIF DictUA exact headword relation; VESUM lemma gate	unresolved
зачати	synonyms	розчинати	ULIF DictUA exact headword relation; VESUM lemma gate	unresolved
зачати	synonyms	піднятися	ULIF DictUA exact headword relation; VESUM lemma gate	unresolved
зачати	synonyms	порушити	ULIF DictUA exact headword relation; VESUM lemma gate	unresolved
зачати	synonyms	підійти	ULIF DictUA exact headword relation; VESUM lemma gate	unresolved
зачати	synonyms	підступити	ULIF DictUA exact headword relation; VESUM lemma gate	unresolved
зачерпнути	synonyms	зачерпувати	ULIF DictUA exact headword relation; VESUM lemma gate	unresolved
зачин	synonyms	пролог	ULIF DictUA exact headword relation; VESUM lemma gate	unresolved
зачин	synonyms	заспів	ULIF DictUA exact headword relation; VESUM lemma gate	unresolved
зачиняти	synonyms	затріскувати	ULIF DictUA exact headword relation; VESUM lemma gate	unresolved
заєць	synonyms	вухань	ULIF DictUA exact headword relation; VESUM lemma gate	unresolved
заєць	synonyms	куций	ULIF DictUA exact headword relation; VESUM lemma gate	unresolved
заєць	synonyms	куцохвостий	ULIF DictUA exact headword relation; VESUM lemma gate	unresolved
заєць	synonyms	косоокий	ULIF DictUA exact headword relation; VESUM lemma gate	unresolved
заєць	synonyms	сплюх	ULIF DictUA exact headword relation; VESUM lemma gate	unresolved
заєць	synonyms	тушканчик	ULIF DictUA exact headword relation; VESUM lemma gate	unresolved
заїхати	synonyms	дзвонити	ULIF DictUA exact headword relation; VESUM lemma gate	unresolved
збагатитися	synonyms	збагачуватися	ULIF DictUA exact headword relation; VESUM lemma gate	unresolved
збереження	synonyms	заощадження	ULIF DictUA exact headword relation; VESUM lemma gate	unresolved
збереження	synonyms	охорона	ULIF DictUA exact headword relation; VESUM lemma gate	unresolved
зберігати	synonyms	схороняти (розм.)	ULIF DictUA exact headword relation; VESUM lemma gate	unresolved
збивати	synonyms	валити	ULIF DictUA exact headword relation; VESUM lemma gate	unresolved
збивати	synonyms	звалювати	ULIF DictUA exact headword relation; VESUM lemma gate	unresolved
збирання	synonyms	збиральництво	ULIF DictUA exact headword relation; VESUM lemma gate	unresolved
збирати	synonyms	згромаджувати	ULIF DictUA exact headword relation; VESUM lemma gate	unresolved
збирати	synonyms	зібрати	ULIF DictUA exact headword relation; VESUM lemma gate	unresolved
збирати	synonyms	набирати	ULIF DictUA exact headword relation; VESUM lemma gate	unresolved
збиратися	synonyms	громадитися	ULIF DictUA exact headword relation; VESUM lemma gate	unresolved
збиратися	synonyms	згромаджуватися	ULIF DictUA exact headword relation; VESUM lemma gate	unresolved
збиратися	synonyms	купчитися	ULIF DictUA exact headword relation; VESUM lemma gate	unresolved
збиратися	synonyms	скупчуватися	ULIF DictUA exact headword relation; VESUM lemma gate	unresolved
збиратися	synonyms	зосереджуватися	ULIF DictUA exact headword relation; VESUM lemma gate	unresolved
збитися	synonyms	зблукати	ULIF DictUA exact headword relation; VESUM lemma gate	unresolved
збитися	synonyms	зблудитися	ULIF DictUA exact headword relation; VESUM lemma gate	unresolved
збитися	synonyms	зблукатися	ULIF DictUA exact headword relation; VESUM lemma gate	unresolved
збитися	synonyms	дати	ULIF DictUA exact headword relation; VESUM lemma gate	unresolved
збитися	synonyms	маху	ULIF DictUA exact headword relation; VESUM lemma gate	unresolved
збитися	synonyms	огулитися	ULIF DictUA exact headword relation; VESUM lemma gate	unresolved
збитися	synonyms	позівати	ULIF DictUA exact headword relation; VESUM lemma gate	unresolved
зблизити	synonyms	зріднювати	ULIF DictUA exact headword relation; VESUM lemma gate	unresolved
зблизити	synonyms	породичати	ULIF DictUA exact headword relation; VESUM lemma gate	unresolved
збудити	synonyms	псіяти	ULIF DictUA exact headword relation; VESUM lemma gate	unresolved
збудити	synonyms	розгарячати	ULIF DictUA exact headword relation; VESUM lemma gate	unresolved
збудити	synonyms	розгарячувати	ULIF DictUA exact headword relation; VESUM lemma gate	unresolved
збіг	synonyms	випадковість	ULIF DictUA exact headword relation; VESUM lemma gate	unresolved
збіг	synonyms	злиття	ULIF DictUA exact headword relation; VESUM lemma gate	unresolved
збіг	synonyms	одночасність	ULIF DictUA exact headword relation; VESUM lemma gate	unresolved
збіг	synonyms	узгодження	ULIF DictUA exact headword relation; VESUM lemma gate	unresolved
збігати	antonyms	з'являтися	ULIF DictUA exact headword relation; VESUM lemma gate	unresolved
збій	synonyms	кривавий	ULIF DictUA exact headword relation; VESUM lemma gate	unresolved
збій	synonyms	помилка	ULIF DictUA exact headword relation; VESUM lemma gate	unresolved
збільшення	synonyms	розширення	ULIF DictUA exact headword relation; VESUM lemma gate	unresolved
збільшення	synonyms	приріст	ULIF DictUA exact headword relation; VESUM lemma gate	unresolved
збільшення	synonyms	ріст	ULIF DictUA exact headword relation; VESUM lemma gate	unresolved
збільшитися	synonyms	прибільшатися	ULIF DictUA exact headword relation; VESUM lemma gate	unresolved
збільшитися	synonyms	прибавитися	ULIF DictUA exact headword relation; VESUM lemma gate	unresolved
збільшувати	synonyms	прибільшувати (розм.)	ULIF DictUA exact headword relation; VESUM lemma gate	unresolved
збільшувати	synonyms	добавляти (розм.)	ULIF DictUA exact headword relation; VESUM lemma gate	unresolved
збільшувати	synonyms	прибавляти (розм.)	ULIF DictUA exact headword relation; VESUM lemma gate	unresolved
збільшувати	synonyms	піддавати (розм.)	ULIF DictUA exact headword relation; VESUM lemma gate	unresolved
збільшувати	synonyms	підсичувати (діал.)	ULIF DictUA exact headword relation; VESUM lemma gate	unresolved
збільшувати	synonyms	наганяти (розм.)	ULIF DictUA exact headword relation; VESUM lemma gate	unresolved
зв-язок	synonyms	в'язь	ULIF DictUA exact headword relation; VESUM lemma gate	unresolved
зв-язок	synonyms	пов'язь	ULIF DictUA exact headword relation; VESUM lemma gate	unresolved
зв-язок	synonyms	приналежність	ULIF DictUA exact headword relation; VESUM lemma gate	unresolved
зв-язок	synonyms	любов	ULIF DictUA exact headword relation; VESUM lemma gate	unresolved
зв-язок	synonyms	роман	ULIF DictUA exact headword relation; VESUM lemma gate	unresolved
зв-язок	synonyms	інтимність	ULIF DictUA exact headword relation; VESUM lemma gate	unresolved
зв-язок	synonyms	союз	ULIF DictUA exact headword relation; VESUM lemma gate	unresolved
звалити	synonyms	турлити	ULIF DictUA exact headword relation; VESUM lemma gate	unresolved
звалити	synonyms	повергти	ULIF DictUA exact headword relation; VESUM lemma gate	unresolved
звалитися	synonyms	звалюватися	ULIF DictUA exact headword relation; VESUM lemma gate	unresolved
зварити	synonyms	концентрувати	ULIF DictUA exact headword relation; VESUM lemma gate	unresolved
звернути	synonyms	вернутися	ULIF DictUA exact headword relation; VESUM lemma gate	unresolved
звернути	synonyms	завернутися	ULIF DictUA exact headword relation; VESUM lemma gate	unresolved
звертання	synonyms	поводження	ULIF DictUA exact headword relation; VESUM lemma gate	unresolved
звертатися	synonyms	адресуватися (заст.)	ULIF DictUA exact headword relation; VESUM lemma gate	unresolved
звертатися	synonyms	ударятися (розм.)	ULIF DictUA exact headword relation; VESUM lemma gate	unresolved
звертатися	synonyms	обертатися (рідко)	ULIF DictUA exact headword relation; VESUM lemma gate	unresolved
зверхній	antonyms	внутрішній	ULIF DictUA exact headword relation; VESUM lemma gate	unresolved
зверху	antonyms	внизу	ULIF DictUA exact headword relation; VESUM lemma gate	unresolved
зверху	antonyms	всередині	ULIF DictUA exact headword relation; VESUM lemma gate	unresolved
зверху	antonyms	знизу	ULIF DictUA exact headword relation; VESUM lemma gate	unresolved
звести	synonyms	місто	ULIF DictUA exact headword relation; VESUM lemma gate	unresolved
звести	synonyms	стіни	ULIF DictUA exact headword relation; VESUM lemma gate	unresolved
звести	synonyms	построїти	ULIF DictUA exact headword relation; VESUM lemma gate	unresolved
звести	synonyms	випроводити	ULIF DictUA exact headword relation; VESUM lemma gate	unresolved
звести	synonyms	відвести	ULIF DictUA exact headword relation; VESUM lemma gate	unresolved
звести	synonyms	відпровадити	ULIF DictUA exact headword relation; VESUM lemma gate	unresolved
звестися	synonyms	чезнути	ULIF DictUA exact headword relation; VESUM lemma gate	unresolved
звестися	synonyms	угасати	ULIF DictUA exact headword relation; VESUM lemma gate	unresolved
звестися	synonyms	відживати	ULIF DictUA exact headword relation; VESUM lemma gate	unresolved
звестися	synonyms	відходити	ULIF DictUA exact headword relation; VESUM lemma gate	unresolved
звестися	synonyms	відпадати	ULIF DictUA exact headword relation; VESUM lemma gate	unresolved
звестися	synonyms	тікати	ULIF DictUA exact headword relation; VESUM lemma gate	unresolved
звестися	synonyms	утікати	ULIF DictUA exact headword relation; VESUM lemma gate	unresolved
звикати	synonyms	привикати (діал.)	ULIF DictUA exact headword relation; VESUM lemma gate	unresolved
звити	synonyms	скачувати	ULIF DictUA exact headword relation; VESUM lemma gate	unresolved
звити	synonyms	скачати	ULIF DictUA exact headword relation; VESUM lemma gate	unresolved
звичайно	synonyms	загально	ULIF DictUA exact headword relation; VESUM lemma gate	unresolved
звичайно	synonyms	зазвичай	ULIF DictUA exact headword relation; VESUM lemma gate	unresolved
звичайно	synonyms	нормально	ULIF DictUA exact headword relation; VESUM lemma gate	unresolved
звичайно	synonyms	напевно	ULIF DictUA exact headword relation; VESUM lemma gate	unresolved
зволити	synonyms	право	ULIF DictUA exact headword relation; VESUM lemma gate	unresolved
зволити	synonyms	зохотитися	ULIF DictUA exact headword relation; VESUM lemma gate	unresolved
звіддаля	synonyms	здалік	ULIF DictUA exact headword relation; VESUM lemma gate	unresolved
звіддаля	synonyms	звіддалі	ULIF DictUA exact headword relation; VESUM lemma gate	unresolved
звіддаля	synonyms	здалі	ULIF DictUA exact headword relation; VESUM lemma gate	unresolved
звідки	synonyms	звідкись	ULIF DictUA exact headword relation; VESUM lemma gate	unresolved
звідки	synonyms	звідкіля	ULIF DictUA exact headword relation; VESUM lemma gate	unresolved
звідкіль	synonyms	звідки	ULIF DictUA exact headword relation; VESUM lemma gate	unresolved
звідкіля	synonyms	звідки	ULIF DictUA exact headword relation; VESUM lemma gate	unresolved
звідусюди	synonyms	звідусіль	ULIF DictUA exact headword relation; VESUM lemma gate	unresolved
звільнення	synonyms	відмова	ULIF DictUA exact headword relation; VESUM lemma gate	unresolved
звільнення	synonyms	відставка	ULIF DictUA exact headword relation; VESUM lemma gate	unresolved
звільнення	synonyms	квитанція	ULIF DictUA exact headword relation; VESUM lemma gate	unresolved
звільнення	synonyms	зречення	ULIF DictUA exact headword relation; VESUM lemma gate	unresolved
звістити	synonyms	давати	ULIF DictUA exact headword relation; VESUM lemma gate	unresolved
звістити	synonyms	знати	ULIF DictUA exact headword relation; VESUM lemma gate	unresolved
звістити	synonyms	ясити	ULIF DictUA exact headword relation; VESUM lemma gate	unresolved
звістити	synonyms	освідчати	ULIF DictUA exact headword relation; VESUM lemma gate	unresolved
звістити	synonyms	дати	ULIF DictUA exact headword relation; VESUM lemma gate	unresolved
згадати	synonyms	спогадати (розм.)	ULIF DictUA exact headword relation; VESUM lemma gate	unresolved
згадати	synonyms	спом'янути (розм.)	ULIF DictUA exact headword relation; VESUM lemma gate	unresolved
згадати	synonyms	спімнути (діал.)	ULIF DictUA exact headword relation; VESUM lemma gate	unresolved
згадати	synonyms	пом'янути (заст.)	ULIF DictUA exact headword relation; VESUM lemma gate	unresolved
згин	synonyms	загибель	ULIF DictUA exact headword relation; VESUM lemma gate	unresolved
згладити	synonyms	згладжувати	ULIF DictUA exact headword relation; VESUM lemma gate	unresolved
згнити	synonyms	згнисти	ULIF DictUA exact headword relation; VESUM lemma gate	unresolved
згнити	synonyms	зогнисти	ULIF DictUA exact headword relation; VESUM lemma gate	unresolved
згорання	synonyms	згоряння	ULIF DictUA exact headword relation; VESUM lemma gate	unresolved
згорнути	synonyms	скачувати	ULIF DictUA exact headword relation; VESUM lemma gate	unresolved
згорнути	synonyms	скачати	ULIF DictUA exact headword relation; VESUM lemma gate	unresolved
згорілий	synonyms	спалений	ULIF DictUA exact headword relation; VESUM lemma gate	unresolved
згрупувати	synonyms	згруповувати	ULIF DictUA exact headword relation; VESUM lemma gate	unresolved
згубити	antonyms	знайти	ULIF DictUA exact headword relation; VESUM lemma gate	unresolved
здавати	synonyms	передавати	ULIF DictUA exact headword relation; VESUM lemma gate	unresolved
здалеку	synonyms	здалік	ULIF DictUA exact headword relation; VESUM lemma gate	unresolved
здалеку	synonyms	звіддалі	ULIF DictUA exact headword relation; VESUM lemma gate	unresolved
здалеку	synonyms	здалі	ULIF DictUA exact headword relation; VESUM lemma gate	unresolved
здатися	synonyms	знадобитися	ULIF DictUA exact headword relation; VESUM lemma gate	unresolved
здержати	synonyms	опізнити	ULIF DictUA exact headword relation; VESUM lemma gate	unresolved
здержати	synonyms	переборювати	ULIF DictUA exact headword relation; VESUM lemma gate	unresolved
здержати	synonyms	боротися	ULIF DictUA exact headword relation; VESUM lemma gate	unresolved
здержати	synonyms	приборкувати	ULIF DictUA exact headword relation; VESUM lemma gate	unresolved
здержати	synonyms	давити	ULIF DictUA exact headword relation; VESUM lemma gate	unresolved
здержати	synonyms	придавлювати	ULIF DictUA exact headword relation; VESUM lemma gate	unresolved
здержати	synonyms	душити	ULIF DictUA exact headword relation; VESUM lemma gate	unresolved
здержати	synonyms	придушувати	ULIF DictUA exact headword relation; VESUM lemma gate	unresolved
здержати	synonyms	згнічувати	ULIF DictUA exact headword relation; VESUM lemma gate	unresolved
здивований	synonyms	вражений	ULIF DictUA exact headword relation; VESUM lemma gate	unresolved
здивований	synonyms	приголомшений	ULIF DictUA exact headword relation; VESUM lemma gate	unresolved
здивувати	synonyms	ошелешити	ULIF DictUA exact headword relation; VESUM lemma gate	unresolved
здобич	synonyms	добича	ULIF DictUA exact headword relation; VESUM lemma gate	unresolved
здобич	synonyms	добиток	ULIF DictUA exact headword relation; VESUM lemma gate	unresolved
здобич	synonyms	роздобича	ULIF DictUA exact headword relation; VESUM lemma gate	unresolved
здобич	synonyms	здобуття	ULIF DictUA exact headword relation; VESUM lemma gate	unresolved
здобуток	synonyms	здобуття	ULIF DictUA exact headword relation; VESUM lemma gate	unresolved
здогад	synonyms	кмітливість	ULIF DictUA exact headword relation; VESUM lemma gate	unresolved
здоров	synonyms	добрий	ULIF DictUA exact headword relation; VESUM lemma gate	unresolved
здоров	synonyms	день	ULIF DictUA exact headword relation; VESUM lemma gate	unresolved
здоров	synonyms	вітаю	ULIF DictUA exact headword relation; VESUM lemma gate	unresolved
здоров	synonyms	доброго	ULIF DictUA exact headword relation; VESUM lemma gate	unresolved
здоров	synonyms	здоров'я	ULIF DictUA exact headword relation; VESUM lemma gate	unresolved
здоров	synonyms	здорові	ULIF DictUA exact headword relation; VESUM lemma gate	unresolved
здоров	synonyms	були	ULIF DictUA exact headword relation; VESUM lemma gate	unresolved
здоров	synonyms	вам	ULIF DictUA exact headword relation; VESUM lemma gate	unresolved
здоров	synonyms	ранку	ULIF DictUA exact headword relation; VESUM lemma gate	unresolved
здоров	synonyms	вечір	ULIF DictUA exact headword relation; VESUM lemma gate	unresolved
здоров	synonyms	здоровий	ULIF DictUA exact headword relation; VESUM lemma gate	unresolved
здоров-я	synonyms	цілісність	ULIF DictUA exact headword relation; VESUM lemma gate	unresolved
здоров-я	synonyms	оздоровлення	ULIF DictUA exact headword relation; VESUM lemma gate	unresolved
здоровий	synonyms	санітарний	ULIF DictUA exact headword relation; VESUM lemma gate	unresolved
здохнути	synonyms	скапутитися	ULIF DictUA exact headword relation; VESUM lemma gate	unresolved
здохнути	synonyms	одубитися	ULIF DictUA exact headword relation; VESUM lemma gate	unresolved
здохнути	synonyms	одубнути	ULIF DictUA exact headword relation; VESUM lemma gate	unresolved
здохнути	synonyms	одубти	ULIF DictUA exact headword relation; VESUM lemma gate	unresolved
здохнути	synonyms	лунути	ULIF DictUA exact headword relation; VESUM lemma gate	unresolved
здохнути	synonyms	коліти	ULIF DictUA exact headword relation; VESUM lemma gate	unresolved
здригатися	synonyms	коливатися	ULIF DictUA exact headword relation; VESUM lemma gate	unresolved
здіймати	synonyms	достягнути	ULIF DictUA exact headword relation; VESUM lemma gate	unresolved
здіймати	synonyms	стягти	ULIF DictUA exact headword relation; VESUM lemma gate	unresolved
здіймати	synonyms	стягнути	ULIF DictUA exact headword relation; VESUM lemma gate	unresolved
здіймати	synonyms	фотографувати	ULIF DictUA exact headword relation; VESUM lemma gate	unresolved
здіймати	synonyms	сфотографувати	ULIF DictUA exact headword relation; VESUM lemma gate	unresolved
здійматися	synonyms	фотографуватися	ULIF DictUA exact headword relation; VESUM lemma gate	unresolved
здійняти	synonyms	достягнути	ULIF DictUA exact headword relation; VESUM lemma gate	unresolved
здійняти	synonyms	стягти	ULIF DictUA exact headword relation; VESUM lemma gate	unresolved
здійняти	synonyms	стягнути	ULIF DictUA exact headword relation; VESUM lemma gate	unresolved
здійняти	synonyms	фотографувати	ULIF DictUA exact headword relation; VESUM lemma gate	unresolved
здійняти	synonyms	сфотографувати	ULIF DictUA exact headword relation; VESUM lemma gate	unresolved
здійнятися	synonyms	народитися	ULIF DictUA exact headword relation; VESUM lemma gate	unresolved
здійнятися	synonyms	сформуватися	ULIF DictUA exact headword relation; VESUM lemma gate	unresolved
здійнятися	synonyms	породитися	ULIF DictUA exact headword relation; VESUM lemma gate	unresolved
здійнятися	synonyms	схопитися	ULIF DictUA exact headword relation; VESUM lemma gate	unresolved
здійсненний	synonyms	досяжний	ULIF DictUA exact headword relation; VESUM lemma gate	unresolved
здійсненний	synonyms	реалізований	ULIF DictUA exact headword relation; VESUM lemma gate	unresolved
здійсненний	synonyms	життєздатний	ULIF DictUA exact headword relation; VESUM lemma gate	unresolved
здійсненний	synonyms	практично	ULIF DictUA exact headword relation; VESUM lemma gate	unresolved
здійсненний	synonyms	працездатний	ULIF DictUA exact headword relation; VESUM lemma gate	unresolved
здійснювати	synonyms	матеріялізувати	ULIF DictUA exact headword relation; VESUM lemma gate	unresolved
зелен	synonyms	недостиглий	ULIF DictUA exact headword relation; VESUM lemma gate	unresolved
зелен	synonyms	недозрілий	ULIF DictUA exact headword relation; VESUM lemma gate	unresolved
зелен	synonyms	зеленкуватий	ULIF DictUA exact headword relation; VESUM lemma gate	unresolved
зелен	synonyms	зелений	ULIF DictUA exact headword relation; VESUM lemma gate	unresolved
ззаду	antonyms	попереду	ULIF DictUA exact headword relation; VESUM lemma gate	unresolved
зимній	synonyms	зимовий	ULIF DictUA exact headword relation; VESUM lemma gate	unresolved
зимовий	synonyms	застиглий	ULIF DictUA exact headword relation; VESUM lemma gate	unresolved
зимовий	synonyms	морозний	ULIF DictUA exact headword relation; VESUM lemma gate	unresolved
зливатися	synonyms	обливатися	ULIF DictUA exact headword relation; VESUM lemma gate	unresolved
злизати	synonyms	злизувати	ULIF DictUA exact headword relation; VESUM lemma gate	unresolved
злиток	synonyms	зливок	ULIF DictUA exact headword relation; VESUM lemma gate	unresolved
зло	antonyms	добро	ULIF DictUA exact headword relation; VESUM lemma gate	unresolved
зловити	synonyms	захопити	ULIF DictUA exact headword relation; VESUM lemma gate	unresolved
злочинність	synonyms	вередливість	ULIF DictUA exact headword relation; VESUM lemma gate	unresolved
злочинність	synonyms	роздратування	ULIF DictUA exact headword relation; VESUM lemma gate	unresolved
зліва	antonyms	направо	ULIF DictUA exact headword relation; VESUM lemma gate	unresolved
злізти	synonyms	облізати	ULIF DictUA exact headword relation; VESUM lemma gate	unresolved
злізти	synonyms	ізлазити	ULIF DictUA exact headword relation; VESUM lemma gate	unresolved
злізти	synonyms	ізлізати	ULIF DictUA exact headword relation; VESUM lemma gate	unresolved
злізти	synonyms	ізлізти	ULIF DictUA exact headword relation; VESUM lemma gate	unresolved
злізти	synonyms	обколупуватися	ULIF DictUA exact headword relation; VESUM lemma gate	unresolved
злізти	synonyms	облупуватися	ULIF DictUA exact headword relation; VESUM lemma gate	unresolved
злізти	synonyms	обколупатися	ULIF DictUA exact headword relation; VESUM lemma gate	unresolved
злізти	synonyms	облупатися	ULIF DictUA exact headword relation; VESUM lemma gate	unresolved
злізти	synonyms	зісковзуватися	ULIF DictUA exact headword relation; VESUM lemma gate	unresolved
злісно	synonyms	зверхньо	ULIF DictUA exact headword relation; VESUM lemma gate	unresolved
змагатися	synonyms	ратоборствувати	ULIF DictUA exact headword relation; VESUM lemma gate	unresolved
змагатися	synonyms	умножатися	ULIF DictUA exact headword relation; VESUM lemma gate	unresolved
змагатися	synonyms	подесятерятися	ULIF DictUA exact headword relation; VESUM lemma gate	unresolved
змагатися	synonyms	дужати	ULIF DictUA exact headword relation; VESUM lemma gate	unresolved
змагатися	synonyms	сваритися	ULIF DictUA exact headword relation; VESUM lemma gate	unresolved
змастити	synonyms	нашмаровувати	ULIF DictUA exact headword relation; VESUM lemma gate	unresolved
змастити	synonyms	об'ялозити	ULIF DictUA exact headword relation; VESUM lemma gate	unresolved
зменшення	synonyms	скорочення	ULIF DictUA exact headword relation; VESUM lemma gate	unresolved
зменшення	synonyms	зниження	ULIF DictUA exact headword relation; VESUM lemma gate	unresolved
зменшитися	synonyms	уменшатися	ULIF DictUA exact headword relation; VESUM lemma gate	unresolved
зменшитися	synonyms	уменшуватися	ULIF DictUA exact headword relation; VESUM lemma gate	unresolved
зменшитися	synonyms	убавлятися	ULIF DictUA exact headword relation; VESUM lemma gate	unresolved
зменшитися	synonyms	зменшатися	ULIF DictUA exact headword relation; VESUM lemma gate	unresolved
зменшитися	synonyms	уменшитися	ULIF DictUA exact headword relation; VESUM lemma gate	unresolved
зменшитися	synonyms	попускати	ULIF DictUA exact headword relation; VESUM lemma gate	unresolved
зменшитися	synonyms	притуплятися	ULIF DictUA exact headword relation; VESUM lemma gate	unresolved
зменшитися	synonyms	притуплюватися	ULIF DictUA exact headword relation; VESUM lemma gate	unresolved
зменшувати	synonyms	уменшати (розм.)	ULIF DictUA exact headword relation; VESUM lemma gate	unresolved
зменшувати	synonyms	умалювати (рідко)	ULIF DictUA exact headword relation; VESUM lemma gate	unresolved
зменшувати	synonyms	переполовинювати (розм.)	ULIF DictUA exact headword relation; VESUM lemma gate	unresolved
зменшувати	synonyms	знижати (рідше)	ULIF DictUA exact headword relation; VESUM lemma gate	unresolved
зменшувати	synonyms	спускати (розм.)	ULIF DictUA exact headword relation; VESUM lemma gate	unresolved
зменшувати	synonyms	обрізати (розм.)	ULIF DictUA exact headword relation; VESUM lemma gate	unresolved
зменшувати	synonyms	обтинати (рідше)	ULIF DictUA exact headword relation; VESUM lemma gate	unresolved
зменшуватися	synonyms	відступати	ULIF DictUA exact headword relation; VESUM lemma gate	unresolved
зменшуватися	synonyms	здригатися	ULIF DictUA exact headword relation; VESUM lemma gate	unresolved
зменшуватися	synonyms	зіщулюватися	ULIF DictUA exact headword relation; VESUM lemma gate	unresolved
зменшуватися	synonyms	скривитися	ULIF DictUA exact headword relation; VESUM lemma gate	unresolved
зменшуватися	synonyms	зменшувати	ULIF DictUA exact headword relation; VESUM lemma gate	unresolved
зменшуватися	synonyms	відмирати	ULIF DictUA exact headword relation; VESUM lemma gate	unresolved
зменшуватися	synonyms	опускатися	ULIF DictUA exact headword relation; VESUM lemma gate	unresolved
змерзнути	synonyms	перестуджуватися	ULIF DictUA exact headword relation; VESUM lemma gate	unresolved
змерзнути	synonyms	кригнути	ULIF DictUA exact headword relation; VESUM lemma gate	unresolved
змерзнути	synonyms	одубнути	ULIF DictUA exact headword relation; VESUM lemma gate	unresolved
змерзнути	synonyms	одубеніти	ULIF DictUA exact headword relation; VESUM lemma gate	unresolved
змести	synonyms	змітати	ULIF DictUA exact headword relation; VESUM lemma gate	unresolved
змолоти	synonyms	промелювати	ULIF DictUA exact headword relation; VESUM lemma gate	unresolved
змолоти	synonyms	умолоти	ULIF DictUA exact headword relation; VESUM lemma gate	unresolved
змочити	synonyms	примочувати	ULIF DictUA exact headword relation; VESUM lemma gate	unresolved
змочити	synonyms	оброшувати	ULIF DictUA exact headword relation; VESUM lemma gate	unresolved
змочити	synonyms	поросити	ULIF DictUA exact headword relation; VESUM lemma gate	unresolved
змочити	synonyms	обросити	ULIF DictUA exact headword relation; VESUM lemma gate	unresolved
змушувати	synonyms	зневолювати	ULIF DictUA exact headword relation; VESUM lemma gate	unresolved
змушувати	synonyms	прикручувати (розм.)	ULIF DictUA exact headword relation; VESUM lemma gate	unresolved
змушувати	synonyms	припирати (розм.)	ULIF DictUA exact headword relation; VESUM lemma gate	unresolved
змушувати	synonyms	заставляти (заст.)	ULIF DictUA exact headword relation; VESUM lemma gate	unresolved
змінювати	synonyms	мінити (рідше)	ULIF DictUA exact headword relation; VESUM lemma gate	unresolved
змінювати	synonyms	переінакшувати (розм.)	ULIF DictUA exact headword relation; VESUM lemma gate	unresolved
змінюватися	synonyms	мінитися (рідше)	ULIF DictUA exact headword relation; VESUM lemma gate	unresolved
змінюватися	synonyms	переінакшуватися (розм.)	ULIF DictUA exact headword relation; VESUM lemma gate	unresolved
зміцнити	synonyms	зміцнити	ULIF DictUA exact headword relation; VESUM lemma gate	unresolved
зміцнитися	synonyms	зміцнюватися	ULIF DictUA exact headword relation; VESUM lemma gate	unresolved
знамення	synonyms	символ	ULIF DictUA exact headword relation; VESUM lemma gate	unresolved
знамено	synonyms	коругов	ULIF DictUA exact headword relation; VESUM lemma gate	unresolved
знамено	synonyms	хоругов	ULIF DictUA exact headword relation; VESUM lemma gate	unresolved
знання	synonyms	доцільно	ULIF DictUA exact headword relation; VESUM lemma gate	unresolved
знання	synonyms	обізнаний	ULIF DictUA exact headword relation; VESUM lemma gate	unresolved
знання	synonyms	обізнаність	ULIF DictUA exact headword relation; VESUM lemma gate	unresolved
знання	synonyms	свідомість	ULIF DictUA exact headword relation; VESUM lemma gate	unresolved
знання	synonyms	пізнання	ULIF DictUA exact headword relation; VESUM lemma gate	unresolved
зневоднення	synonyms	висихання	ULIF DictUA exact headword relation; VESUM lemma gate	unresolved
знегоди	synonyms	непогода	ULIF DictUA exact headword relation; VESUM lemma gate	unresolved
знецінення	synonyms	приниження	ULIF DictUA exact headword relation; VESUM lemma gate	unresolved
знешкодити	synonyms	знешкоджувати	ULIF DictUA exact headword relation; VESUM lemma gate	unresolved
зниження	synonyms	падіння	ULIF DictUA exact headword relation; VESUM lemma gate	unresolved
зниження	synonyms	зменшення	ULIF DictUA exact headword relation; VESUM lemma gate	unresolved
зниження	synonyms	порушення	ULIF DictUA exact headword relation; VESUM lemma gate	unresolved
зниження	synonyms	деградація	ULIF DictUA exact headword relation; VESUM lemma gate	unresolved
зниження	synonyms	погіршення	ULIF DictUA exact headword relation; VESUM lemma gate	unresolved
знизитися	synonyms	уменшатися	ULIF DictUA exact headword relation; VESUM lemma gate	unresolved
знизитися	synonyms	уменшуватися	ULIF DictUA exact headword relation; VESUM lemma gate	unresolved
знизитися	synonyms	убавлятися	ULIF DictUA exact headword relation; VESUM lemma gate	unresolved
знизитися	synonyms	зменшатися	ULIF DictUA exact headword relation; VESUM lemma gate	unresolved
знизитися	synonyms	уменшитися	ULIF DictUA exact headword relation; VESUM lemma gate	unresolved
знизитися	synonyms	поникнути	ULIF DictUA exact headword relation; VESUM lemma gate	unresolved
знизитися	synonyms	провалитися	ULIF DictUA exact headword relation; VESUM lemma gate	unresolved
зникати	synonyms	заподіватися (розм.)	ULIF DictUA exact headword relation; VESUM lemma gate	unresolved
зникати	synonyms	збувати (заст.)	ULIF DictUA exact headword relation; VESUM lemma gate	unresolved
знищення	synonyms	розпад	ULIF DictUA exact headword relation; VESUM lemma gate	unresolved
знищення	synonyms	знесення	ULIF DictUA exact headword relation; VESUM lemma gate	unresolved
знищення	synonyms	спустошення	ULIF DictUA exact headword relation; VESUM lemma gate	unresolved
знищення	synonyms	вирівнювання	ULIF DictUA exact headword relation; VESUM lemma gate	unresolved
знищення	synonyms	анігіляція	ULIF DictUA exact headword relation; VESUM lemma gate	unresolved
знищення	synonyms	кінець	ULIF DictUA exact headword relation; VESUM lemma gate	unresolved
знищення	synonyms	смерть	ULIF DictUA exact headword relation; VESUM lemma gate	unresolved
знищення	synonyms	нетлінність	ULIF DictUA exact headword relation; VESUM lemma gate	unresolved
знищити	synonyms	вимордувати	ULIF DictUA exact headword relation; VESUM lemma gate	unresolved
знову	synonyms	повторно	ULIF DictUA exact headword relation; VESUM lemma gate	unresolved
зносити	synonyms	наносити	ULIF DictUA exact headword relation; VESUM lemma gate	unresolved
зносити	synonyms	приносити	ULIF DictUA exact headword relation; VESUM lemma gate	unresolved
знятися	synonyms	відкриватися	ULIF DictUA exact headword relation; VESUM lemma gate	unresolved
знятися	synonyms	заводитися	ULIF DictUA exact headword relation; VESUM lemma gate	unresolved
знятися	synonyms	учинятися	ULIF DictUA exact headword relation; VESUM lemma gate	unresolved
знімати	synonyms	доставати (розм.)	ULIF DictUA exact headword relation; VESUM lemma gate	unresolved
знімати	synonyms	достягати (заст.)	ULIF DictUA exact headword relation; VESUM lemma gate	unresolved
зніматися	synonyms	фотографуватися	ULIF DictUA exact headword relation; VESUM lemma gate	unresolved
зо	synonyms	з	ULIF DictUA exact headword relation; VESUM lemma gate	unresolved
зобов-язання	synonyms	відповідальність	ULIF DictUA exact headword relation; VESUM lemma gate	unresolved
зобов-язання	synonyms	обов'язок	ULIF DictUA exact headword relation; VESUM lemma gate	unresolved
зобов-язання	synonyms	присвята	ULIF DictUA exact headword relation; VESUM lemma gate	unresolved
зовні	antonyms	зсередини	ULIF DictUA exact headword relation; VESUM lemma gate	unresolved
зовні	antonyms	всередині	ULIF DictUA exact headword relation; VESUM lemma gate	unresolved
зовнішній	antonyms	внутрішній	ULIF DictUA exact headword relation; VESUM lemma gate	unresolved
зовсім	synonyms	геть-чисто	ULIF DictUA exact headword relation; VESUM lemma gate	unresolved
зовсім	synonyms	якраз	ULIF DictUA exact headword relation; VESUM lemma gate	unresolved
зойкнути	synonyms	гвалтувати	ULIF DictUA exact headword relation; VESUM lemma gate	unresolved
зойкнути	synonyms	лементіти	ULIF DictUA exact headword relation; VESUM lemma gate	unresolved
зойкнути	synonyms	прорепетувати	ULIF DictUA exact headword relation; VESUM lemma gate	unresolved
зойкнути	synonyms	галайкотати	ULIF DictUA exact headword relation; VESUM lemma gate	unresolved
зойкнути	synonyms	галасати	ULIF DictUA exact headword relation; VESUM lemma gate	unresolved
золото	synonyms	знахідка	ULIF DictUA exact headword relation; VESUM lemma gate	unresolved
золото	synonyms	соус	ULIF DictUA exact headword relation; VESUM lemma gate	unresolved
золото	synonyms	бурштин	ULIF DictUA exact headword relation; VESUM lemma gate	unresolved
зомліти	synonyms	захолоти	ULIF DictUA exact headword relation; VESUM lemma gate	unresolved
зомліти	synonyms	охолоти	ULIF DictUA exact headword relation; VESUM lemma gate	unresolved
зомліти	synonyms	похолоти	ULIF DictUA exact headword relation; VESUM lemma gate	unresolved
зомліти	synonyms	одебеліти	ULIF DictUA exact headword relation; VESUM lemma gate	unresolved
зомліти	synonyms	окам'яніти	ULIF DictUA exact headword relation; VESUM lemma gate	unresolved
зоря	synonyms	зірка	ULIF DictUA exact headword relation; VESUM lemma gate	unresolved
зоря	synonyms	зоряниця	ULIF DictUA exact headword relation; VESUM lemma gate	unresolved
зоря	synonyms	зірниця	ULIF DictUA exact headword relation; VESUM lemma gate	unresolved
зоря	synonyms	звізда	ULIF DictUA exact headword relation; VESUM lemma gate	unresolved
зоря	synonyms	знаменитість	ULIF DictUA exact headword relation; VESUM lemma gate	unresolved
зоря	synonyms	світило	ULIF DictUA exact headword relation; VESUM lemma gate	unresolved
зоря	synonyms	метеор	ULIF DictUA exact headword relation; VESUM lemma gate	unresolved
зосередити	synonyms	купчити	ULIF DictUA exact headword relation; VESUM lemma gate	unresolved
зосередити	synonyms	настягати	ULIF DictUA exact headword relation; VESUM lemma gate	unresolved
зосередити	synonyms	зогнати	ULIF DictUA exact headword relation; VESUM lemma gate	unresolved
зраджувати	synonyms	виявляти	ULIF DictUA exact headword relation; VESUM lemma gate	unresolved
зраджувати	synonyms	топити (розм.)	ULIF DictUA exact headword relation; VESUM lemma gate	unresolved
зрання	synonyms	зараннє	ULIF DictUA exact headword relation; VESUM lemma gate	unresolved
зрання	synonyms	порано	ULIF DictUA exact headword relation; VESUM lemma gate	unresolved
зрання	synonyms	порану	ULIF DictUA exact headword relation; VESUM lemma gate	unresolved
зректися	synonyms	відказатися	ULIF DictUA exact headword relation; VESUM lemma gate	unresolved
зрозуміло	synonyms	чітко	ULIF DictUA exact headword relation; VESUM lemma gate	unresolved
зрости	synonyms	прибільшатися	ULIF DictUA exact headword relation; VESUM lemma gate	unresolved
зрости	synonyms	умножатися	ULIF DictUA exact headword relation; VESUM lemma gate	unresolved
зрости	synonyms	подесятерятися	ULIF DictUA exact headword relation; VESUM lemma gate	unresolved
зрости	synonyms	дужати	ULIF DictUA exact headword relation; VESUM lemma gate	unresolved
зруйнований	synonyms	ветхий	ULIF DictUA exact headword relation; VESUM lemma gate	unresolved
зруйнований	synonyms	зламаний	ULIF DictUA exact headword relation; VESUM lemma gate	unresolved
зруйнований	synonyms	напівзруйнований	ULIF DictUA exact headword relation; VESUM lemma gate	unresolved
зруйнований	synonyms	потертий	ULIF DictUA exact headword relation; VESUM lemma gate	unresolved
зрівноважити	synonyms	зрівноважувати	ULIF DictUA exact headword relation; VESUM lemma gate	unresolved
зріз	synonyms	зрізування	ULIF DictUA exact headword relation; VESUM lemma gate	unresolved
зрізати	synonyms	зстригати	ULIF DictUA exact headword relation; VESUM lemma gate	unresolved
зрізати	synonyms	зстригти	ULIF DictUA exact headword relation; VESUM lemma gate	unresolved
зрізати	synonyms	зрізати	ULIF DictUA exact headword relation; VESUM lemma gate	unresolved
зсадити	synonyms	зсаджувати	ULIF DictUA exact headword relation; VESUM lemma gate	unresolved
зсередини	antonyms	ззовні	ULIF DictUA exact headword relation; VESUM lemma gate	unresolved
зсередини	antonyms	зокола	ULIF DictUA exact headword relation; VESUM lemma gate	unresolved
зсунути	synonyms	зсовувати	ULIF DictUA exact headword relation; VESUM lemma gate	unresolved
зуби	synonyms	зуб	ULIF DictUA exact headword relation; VESUM lemma gate	unresolved
зумовленість	synonyms	детермінізм	ULIF DictUA exact headword relation; VESUM lemma gate	unresolved
зупиняти	synonyms	перепиняти	ULIF DictUA exact headword relation; VESUM lemma gate	unresolved
зустріти	synonyms	запопасти	ULIF DictUA exact headword relation; VESUM lemma gate	unresolved
зустрічати	synonyms	здибити	ULIF DictUA exact headword relation; VESUM lemma gate	unresolved
зустрічатися	synonyms	сходитися	ULIF DictUA exact headword relation; VESUM lemma gate	unresolved
зухвалість	synonyms	лукавість	ULIF DictUA exact headword relation; VESUM lemma gate	unresolved
зухвалість	synonyms	припущення	ULIF DictUA exact headword relation; VESUM lemma gate	unresolved
зухвалість	synonyms	жовчність	ULIF DictUA exact headword relation; VESUM lemma gate	unresolved
зухвалість	synonyms	нахабство	ULIF DictUA exact headword relation; VESUM lemma gate	unresolved
зухвалість	synonyms	свіжість	ULIF DictUA exact headword relation; VESUM lemma gate	unresolved
зухвалість	synonyms	скоринка	ULIF DictUA exact headword relation; VESUM lemma gate	unresolved
зухвалість	synonyms	вперед	ULIF DictUA exact headword relation; VESUM lemma gate	unresolved
зцідити	synonyms	зціджувати	ULIF DictUA exact headword relation; VESUM lemma gate	unresolved
зцілити	synonyms	зцілювати	ULIF DictUA exact headword relation; VESUM lemma gate	unresolved
зцілитися	synonyms	зцілятися	ULIF DictUA exact headword relation; VESUM lemma gate	unresolved
зчистити	synonyms	зчищати	ULIF DictUA exact headword relation; VESUM lemma gate	unresolved
зчитати	synonyms	зчитувати	ULIF DictUA exact headword relation; VESUM lemma gate	unresolved
зшити	synonyms	зшивати	ULIF DictUA exact headword relation; VESUM lemma gate	unresolved
зі	synonyms	з	ULIF DictUA exact headword relation; VESUM lemma gate	unresolved
зі	synonyms	зо	ULIF DictUA exact headword relation; VESUM lemma gate	unresolved
зігнати	synonyms	купчити	ULIF DictUA exact headword relation; VESUM lemma gate	unresolved
зігнати	synonyms	настягати	ULIF DictUA exact headword relation; VESUM lemma gate	unresolved
зігнати	synonyms	зогнати	ULIF DictUA exact headword relation; VESUM lemma gate	unresolved
зігріти	synonyms	отеплювати	ULIF DictUA exact headword relation; VESUM lemma gate	unresolved
зігріти	synonyms	отепляти	ULIF DictUA exact headword relation; VESUM lemma gate	unresolved
зігріти	synonyms	отеплити	ULIF DictUA exact headword relation; VESUM lemma gate	unresolved
зізнатися	synonyms	знакомитися	ULIF DictUA exact headword relation; VESUM lemma gate	unresolved
зізнатися	synonyms	зазнаватися	ULIF DictUA exact headword relation; VESUM lemma gate	unresolved
зізнатися	synonyms	познакомитися	ULIF DictUA exact headword relation; VESUM lemma gate	unresolved
зізнатися	synonyms	зазнатися	ULIF DictUA exact headword relation; VESUM lemma gate	unresolved
зілля	synonyms	зелений	ULIF DictUA exact headword relation; VESUM lemma gate	unresolved
зілля	synonyms	змій	ULIF DictUA exact headword relation; VESUM lemma gate	unresolved
зілля	synonyms	адамові	ULIF DictUA exact headword relation; VESUM lemma gate	unresolved
зілля	synonyms	слізки	ULIF DictUA exact headword relation; VESUM lemma gate	unresolved
зілля	synonyms	грішна	ULIF DictUA exact headword relation; VESUM lemma gate	unresolved
зілля	synonyms	вода	ULIF DictUA exact headword relation; VESUM lemma gate	unresolved
зілля	synonyms	скляний	ULIF DictUA exact headword relation; VESUM lemma gate	unresolved
зілля	synonyms	бог	ULIF DictUA exact headword relation; VESUM lemma gate	unresolved
зілля	synonyms	очищена	ULIF DictUA exact headword relation; VESUM lemma gate	unresolved
зілля	synonyms	пінна	ULIF DictUA exact headword relation; VESUM lemma gate	unresolved
зілля	synonyms	сабашівка	ULIF DictUA exact headword relation; VESUM lemma gate	unresolved
зілля	synonyms	вистоянка	ULIF DictUA exact headword relation; VESUM lemma gate	unresolved
зілля	synonyms	чикилдиха	ULIF DictUA exact headword relation; VESUM lemma gate	unresolved
зілля	synonyms	ханжа	ULIF DictUA exact headword relation; VESUM lemma gate	unresolved
зілля	synonyms	горобинова	ULIF DictUA exact headword relation; VESUM lemma gate	unresolved
зілля	synonyms	тютюн	ULIF DictUA exact headword relation; VESUM lemma gate	unresolved
зілляти	synonyms	зливати	ULIF DictUA exact headword relation; VESUM lemma gate	unresolved
зіниця	synonyms	очі	ULIF DictUA exact headword relation; VESUM lemma gate	unresolved
зіниця	synonyms	зіниці	ULIF DictUA exact headword relation; VESUM lemma gate	unresolved
зіниця	synonyms	більма	ULIF DictUA exact headword relation; VESUM lemma gate	unresolved
зіниця	synonyms	сліпаки	ULIF DictUA exact headword relation; VESUM lemma gate	unresolved
зіниця	synonyms	сліпні	ULIF DictUA exact headword relation; VESUM lemma gate	unresolved
зіниця	synonyms	око	ULIF DictUA exact headword relation; VESUM lemma gate	unresolved
зіпсований	synonyms	зменшений	ULIF DictUA exact headword relation; VESUM lemma gate	unresolved
зіпсований	synonyms	ослаблений	ULIF DictUA exact headword relation; VESUM lemma gate	unresolved
зіпсований	synonyms	принижений	ULIF DictUA exact headword relation; VESUM lemma gate	unresolved
зірвати	synonyms	відказатися	ULIF DictUA exact headword relation; VESUM lemma gate	unresolved
зітхнути	synonyms	перепочити	ULIF DictUA exact headword relation; VESUM lemma gate	unresolved
ймовірно	synonyms	імовірно	ULIF DictUA exact headword relation; VESUM lemma gate	unresolved
ймовірність	synonyms	імовірність	ULIF DictUA exact headword relation; VESUM lemma gate	unresolved
йно	synonyms	іно	ULIF DictUA exact headword relation; VESUM lemma gate	unresolved
йти	synonyms	подаватися	ULIF DictUA exact headword relation; VESUM lemma gate	unresolved
йти	synonyms	дибати	ULIF DictUA exact headword relation; VESUM lemma gate	unresolved
йти	synonyms	крокувати	ULIF DictUA exact headword relation; VESUM lemma gate	unresolved
йти	synonyms	пертися	ULIF DictUA exact headword relation; VESUM lemma gate	unresolved
йти	synonyms	плестися	ULIF DictUA exact headword relation; VESUM lemma gate	unresolved
йти	synonyms	простувати	ULIF DictUA exact headword relation; VESUM lemma gate	unresolved
йти	synonyms	прошкувати	ULIF DictUA exact headword relation; VESUM lemma gate	unresolved
каблук	synonyms	підбір	ULIF DictUA exact headword relation; VESUM lemma gate	unresolved
кава	synonyms	шоколад	ULIF DictUA exact headword relation; VESUM lemma gate	unresolved
кавалер	synonyms	джигун	ULIF DictUA exact headword relation; VESUM lemma gate	unresolved
кавалер	synonyms	спідничник	ULIF DictUA exact headword relation; VESUM lemma gate	unresolved
кавалер	synonyms	холостяк	ULIF DictUA exact headword relation; VESUM lemma gate	unresolved
кадр	synonyms	кадровик	ULIF DictUA exact headword relation; VESUM lemma gate	unresolved
казань	synonyms	проповідь	ULIF DictUA exact headword relation; VESUM lemma gate	unresolved
казань	synonyms	повчання	ULIF DictUA exact headword relation; VESUM lemma gate	unresolved
казань	synonyms	казання	ULIF DictUA exact headword relation; VESUM lemma gate	unresolved
казань	synonyms	промова	ULIF DictUA exact headword relation; VESUM lemma gate	unresolved
калина	synonyms	гордовина	ULIF DictUA exact headword relation; VESUM lemma gate	unresolved
калитка	synonyms	портмонет	ULIF DictUA exact headword relation; VESUM lemma gate	unresolved
калитка	synonyms	портмонетка	ULIF DictUA exact headword relation; VESUM lemma gate	unresolved
калитка	synonyms	киса	ULIF DictUA exact headword relation; VESUM lemma gate	unresolved
калитка	synonyms	кисетина	ULIF DictUA exact headword relation; VESUM lemma gate	unresolved
калорійність	synonyms	тепловий	ULIF DictUA exact headword relation; VESUM lemma gate	unresolved
калорійність	synonyms	термічний	ULIF DictUA exact headword relation; VESUM lemma gate	unresolved
каменяр	synonyms	каменотес	ULIF DictUA exact headword relation; VESUM lemma gate	unresolved
камінний	synonyms	некліпаючий	ULIF DictUA exact headword relation; VESUM lemma gate	unresolved
камінний	synonyms	немигаючий	ULIF DictUA exact headword relation; VESUM lemma gate	unresolved
камінний	synonyms	очерствілий	ULIF DictUA exact headword relation; VESUM lemma gate	unresolved
канапа	synonyms	кушетка	ULIF DictUA exact headword relation; VESUM lemma gate	unresolved
капловухий	synonyms	клаповухий	ULIF DictUA exact headword relation; VESUM lemma gate	unresolved
капля	synonyms	капка	ULIF DictUA exact headword relation; VESUM lemma gate	unresolved
капля	synonyms	каплина	ULIF DictUA exact headword relation; VESUM lemma gate	unresolved
капля	synonyms	кропля	ULIF DictUA exact headword relation; VESUM lemma gate	unresolved
капля	synonyms	дещицю	ULIF DictUA exact headword relation; VESUM lemma gate	unresolved
капля	synonyms	крихту	ULIF DictUA exact headword relation; VESUM lemma gate	unresolved
капля	synonyms	дрібку	ULIF DictUA exact headword relation; VESUM lemma gate	unresolved
капля	synonyms	каплю	ULIF DictUA exact headword relation; VESUM lemma gate	unresolved
капля	synonyms	краплю	ULIF DictUA exact headword relation; VESUM lemma gate	unresolved
капля	synonyms	троха	ULIF DictUA exact headword relation; VESUM lemma gate	unresolved
капля	synonyms	трошка	ULIF DictUA exact headword relation; VESUM lemma gate	unresolved
каптур	synonyms	коба	ULIF DictUA exact headword relation; VESUM lemma gate	unresolved
каптур	synonyms	кобка	ULIF DictUA exact headword relation; VESUM lemma gate	unresolved
капуста	synonyms	салат	ULIF DictUA exact headword relation; VESUM lemma gate	unresolved
капуста	synonyms	тісто	ULIF DictUA exact headword relation; VESUM lemma gate	unresolved
капуста	synonyms	хліб	ULIF DictUA exact headword relation; VESUM lemma gate	unresolved
капуста	synonyms	цукор	ULIF DictUA exact headword relation; VESUM lemma gate	unresolved
капюшон	synonyms	коба	ULIF DictUA exact headword relation; VESUM lemma gate	unresolved
капюшон	synonyms	кобка	ULIF DictUA exact headword relation; VESUM lemma gate	unresolved
капітал	synonyms	капітали	ULIF DictUA exact headword relation; VESUM lemma gate	unresolved
капітал	synonyms	мільйони	ULIF DictUA exact headword relation; VESUM lemma gate	unresolved
капітал	synonyms	капіталізм	ULIF DictUA exact headword relation; VESUM lemma gate	unresolved
кар-єр	synonyms	учвал	ULIF DictUA exact headword relation; VESUM lemma gate	unresolved
кар-єра	synonyms	покликання	ULIF DictUA exact headword relation; VESUM lemma gate	unresolved
карати	synonyms	штрафувати	ULIF DictUA exact headword relation; VESUM lemma gate	unresolved
карати	synonyms	бичувати	ULIF DictUA exact headword relation; VESUM lemma gate	unresolved
карати	synonyms	заперечувати	ULIF DictUA exact headword relation; VESUM lemma gate	unresolved
карати	synonyms	підкоряти	ULIF DictUA exact headword relation; VESUM lemma gate	unresolved
кардіограма	synonyms	електрокардіограма	ULIF DictUA exact headword relation; VESUM lemma gate	unresolved
картуз	synonyms	кепа	ULIF DictUA exact headword relation; VESUM lemma gate	unresolved
катод	antonyms	анод	ULIF DictUA exact headword relation; VESUM lemma gate	unresolved
кафедра	synonyms	мильниця	ULIF DictUA exact headword relation; VESUM lemma gate	unresolved
кафедра	synonyms	пень	ULIF DictUA exact headword relation; VESUM lemma gate	unresolved
кафедра	synonyms	подіум	ULIF DictUA exact headword relation; VESUM lemma gate	unresolved
кафедра	synonyms	трибуна	ULIF DictUA exact headword relation; VESUM lemma gate	unresolved
каченя	synonyms	вутеня	ULIF DictUA exact headword relation; VESUM lemma gate	unresolved
каченя	synonyms	тася	ULIF DictUA exact headword relation; VESUM lemma gate	unresolved
кашмір	synonyms	кашемір	ULIF DictUA exact headword relation; VESUM lemma gate	unresolved
квадратний	synonyms	квадратовий	ULIF DictUA exact headword relation; VESUM lemma gate	unresolved
квапитися	antonyms	гаятися	ULIF DictUA exact headword relation; VESUM lemma gate	unresolved
квас	synonyms	кислота	ULIF DictUA exact headword relation; VESUM lemma gate	unresolved
квасоля	synonyms	купол	ULIF DictUA exact headword relation; VESUM lemma gate	unresolved
квасоля	synonyms	локшина	ULIF DictUA exact headword relation; VESUM lemma gate	unresolved
квит	synonyms	кінець	ULIF DictUA exact headword relation; VESUM lemma gate	unresolved
квит	synonyms	амінь	ULIF DictUA exact headword relation; VESUM lemma gate	unresolved
квит	synonyms	могила	ULIF DictUA exact headword relation; VESUM lemma gate	unresolved
квит	synonyms	амба	ULIF DictUA exact headword relation; VESUM lemma gate	unresolved
квит	synonyms	баста	ULIF DictUA exact headword relation; VESUM lemma gate	unresolved
квит	synonyms	каюк	ULIF DictUA exact headword relation; VESUM lemma gate	unresolved
квит	synonyms	капут	ULIF DictUA exact headword relation; VESUM lemma gate	unresolved
квит	synonyms	капець	ULIF DictUA exact headword relation; VESUM lemma gate	unresolved
квит	synonyms	труба	ULIF DictUA exact headword relation; VESUM lemma gate	unresolved
квітень	synonyms	квіт	ULIF DictUA exact headword relation; VESUM lemma gate	unresolved
кепський	synonyms	казна-який	ULIF DictUA exact headword relation; VESUM lemma gate	unresolved
кепський	synonyms	такий-сякий	ULIF DictUA exact headword relation; VESUM lemma gate	unresolved
кепський	synonyms	чортзна-який	ULIF DictUA exact headword relation; VESUM lemma gate	unresolved
кепський	synonyms	леда-який	ULIF DictUA exact headword relation; VESUM lemma gate	unresolved
керівничка	synonyms	керівниця	ULIF DictUA exact headword relation; VESUM lemma gate	unresolved
кив	synonyms	кивок	ULIF DictUA exact headword relation; VESUM lemma gate	unresolved
кивнути	synonyms	дрімати	ULIF DictUA exact headword relation; VESUM lemma gate	unresolved
кивнути	synonyms	луснути	ULIF DictUA exact headword relation; VESUM lemma gate	unresolved
кидати	synonyms	вергати	ULIF DictUA exact headword relation; VESUM lemma gate	unresolved
килимок	synonyms	килим	ULIF DictUA exact headword relation; VESUM lemma gate	unresolved
килимок	synonyms	слабак	ULIF DictUA exact headword relation; VESUM lemma gate	unresolved
кинутий	synonyms	кинений	ULIF DictUA exact headword relation; VESUM lemma gate	unresolved
кинутися	synonyms	шарахкатися	ULIF DictUA exact headword relation; VESUM lemma gate	unresolved
кинутися	synonyms	шарахкати	ULIF DictUA exact headword relation; VESUM lemma gate	unresolved
кинутися	synonyms	шарахонути	ULIF DictUA exact headword relation; VESUM lemma gate	unresolved
кинутися	synonyms	пруднутися	ULIF DictUA exact headword relation; VESUM lemma gate	unresolved
кислий	antonyms	солодкий	ULIF DictUA exact headword relation; VESUM lemma gate	unresolved
киянка	synonyms	жук	ULIF DictUA exact headword relation; VESUM lemma gate	unresolved
кленок	synonyms	клен	ULIF DictUA exact headword relation; VESUM lemma gate	unresolved
клинок	synonyms	корабеля	ULIF DictUA exact headword relation; VESUM lemma gate	unresolved
клишоногий	synonyms	клишавий	ULIF DictUA exact headword relation; VESUM lemma gate	unresolved
клоун	synonyms	бовдур	ULIF DictUA exact headword relation; VESUM lemma gate	unresolved
клоун	synonyms	дурень	ULIF DictUA exact headword relation; VESUM lemma gate	unresolved
клуб	synonyms	стегно	ULIF DictUA exact headword relation; VESUM lemma gate	unresolved
клуб	synonyms	кульша	ULIF DictUA exact headword relation; VESUM lemma gate	unresolved
кліше	synonyms	банальність	ULIF DictUA exact headword relation; VESUM lemma gate	unresolved
кмітливий	synonyms	тямковитий (розм.)	ULIF DictUA exact headword relation; VESUM lemma gate	unresolved
кмітливий	synonyms	промітний (розм.)	ULIF DictUA exact headword relation; VESUM lemma gate	unresolved
книжечка	synonyms	записник	ULIF DictUA exact headword relation; VESUM lemma gate	unresolved
книжковий	synonyms	прискіпливий	ULIF DictUA exact headword relation; VESUM lemma gate	unresolved
княжна	synonyms	князівна	ULIF DictUA exact headword relation; VESUM lemma gate	unresolved
когерентність	synonyms	згуртованість	ULIF DictUA exact headword relation; VESUM lemma gate	unresolved
когерентність	synonyms	зчеплення	ULIF DictUA exact headword relation; VESUM lemma gate	unresolved
коза	synonyms	волинка	ULIF DictUA exact headword relation; VESUM lemma gate	unresolved
коза	synonyms	дуда	ULIF DictUA exact headword relation; VESUM lemma gate	unresolved
коза	synonyms	козиця	ULIF DictUA exact headword relation; VESUM lemma gate	unresolved
коза	synonyms	баран	ULIF DictUA exact headword relation; VESUM lemma gate	unresolved
коза	synonyms	міх	ULIF DictUA exact headword relation; VESUM lemma gate	unresolved
коза	synonyms	в'язниця	ULIF DictUA exact headword relation; VESUM lemma gate	unresolved
коза	synonyms	тюрма	ULIF DictUA exact headword relation; VESUM lemma gate	unresolved
коза	synonyms	тюряга	ULIF DictUA exact headword relation; VESUM lemma gate	unresolved
коза	synonyms	темниця	ULIF DictUA exact headword relation; VESUM lemma gate	unresolved
коза	synonyms	острог	ULIF DictUA exact headword relation; VESUM lemma gate	unresolved
коза	synonyms	яма	ULIF DictUA exact headword relation; VESUM lemma gate	unresolved
коза	synonyms	кримінал	ULIF DictUA exact headword relation; VESUM lemma gate	unresolved
коза	synonyms	поруб	ULIF DictUA exact headword relation; VESUM lemma gate	unresolved
коза	synonyms	куна	ULIF DictUA exact headword relation; VESUM lemma gate	unresolved
коза	synonyms	затвор	ULIF DictUA exact headword relation; VESUM lemma gate	unresolved
коза	synonyms	хурдига	ULIF DictUA exact headword relation; VESUM lemma gate	unresolved
коза	synonyms	казенка	ULIF DictUA exact headword relation; VESUM lemma gate	unresolved
коза	synonyms	цюпа	ULIF DictUA exact headword relation; VESUM lemma gate	unresolved
коза	synonyms	фурдига	ULIF DictUA exact headword relation; VESUM lemma gate	unresolved
коза	synonyms	централ	ULIF DictUA exact headword relation; VESUM lemma gate	unresolved
коза	synonyms	централка	ULIF DictUA exact headword relation; VESUM lemma gate	unresolved
коза	synonyms	арештантська	ULIF DictUA exact headword relation; VESUM lemma gate	unresolved
коза	synonyms	арешт	ULIF DictUA exact headword relation; VESUM lemma gate	unresolved
коза	synonyms	буцегарня	ULIF DictUA exact headword relation; VESUM lemma gate	unresolved
коза	synonyms	каталажка	ULIF DictUA exact headword relation; VESUM lemma gate	unresolved
коза	synonyms	темна	ULIF DictUA exact headword relation; VESUM lemma gate	unresolved
коза	synonyms	холодна	ULIF DictUA exact headword relation; VESUM lemma gate	unresolved
коза	synonyms	чорна	ULIF DictUA exact headword relation; VESUM lemma gate	unresolved
коза	synonyms	цапиха	ULIF DictUA exact headword relation; VESUM lemma gate	unresolved
коза	synonyms	коза-дереза	ULIF DictUA exact headword relation; VESUM lemma gate	unresolved
коза	synonyms	козлиця	ULIF DictUA exact headword relation; VESUM lemma gate	unresolved
козак	synonyms	іі	ULIF DictUA exact headword relation; VESUM lemma gate	unresolved
козак	synonyms	козачина	ULIF DictUA exact headword relation; VESUM lemma gate	unresolved
козак	synonyms	запорожець	ULIF DictUA exact headword relation; VESUM lemma gate	unresolved
козак	synonyms	січовик	ULIF DictUA exact headword relation; VESUM lemma gate	unresolved
козак	synonyms	братчик	ULIF DictUA exact headword relation; VESUM lemma gate	unresolved
козак	synonyms	низовик	ULIF DictUA exact headword relation; VESUM lemma gate	unresolved
козак	synonyms	компанієць	ULIF DictUA exact headword relation; VESUM lemma gate	unresolved
козак	synonyms	реєстровець	ULIF DictUA exact headword relation; VESUM lemma gate	unresolved
козак	synonyms	молодець	ULIF DictUA exact headword relation; VESUM lemma gate	unresolved
козак	synonyms	молодчина	ULIF DictUA exact headword relation; VESUM lemma gate	unresolved
козак	synonyms	молодчик	ULIF DictUA exact headword relation; VESUM lemma gate	unresolved
козак	synonyms	молодчага	ULIF DictUA exact headword relation; VESUM lemma gate	unresolved
козак	synonyms	легінь	ULIF DictUA exact headword relation; VESUM lemma gate	unresolved
козак	synonyms	зух	ULIF DictUA exact headword relation; VESUM lemma gate	unresolved
козак	synonyms	хват	ULIF DictUA exact headword relation; VESUM lemma gate	unresolved
козак	synonyms	орел	ULIF DictUA exact headword relation; VESUM lemma gate	unresolved
козак	synonyms	сокіл	ULIF DictUA exact headword relation; VESUM lemma gate	unresolved
козак	synonyms	хлопець	ULIF DictUA exact headword relation; VESUM lemma gate	unresolved
козак	synonyms	юнак	ULIF DictUA exact headword relation; VESUM lemma gate	unresolved
козак	synonyms	парубок	ULIF DictUA exact headword relation; VESUM lemma gate	unresolved
козак	synonyms	молодик	ULIF DictUA exact headword relation; VESUM lemma gate	unresolved
козак	synonyms	хлопчина	ULIF DictUA exact headword relation; VESUM lemma gate	unresolved
козак	synonyms	хлоп'яга	ULIF DictUA exact headword relation; VESUM lemma gate	unresolved
козак	synonyms	хлопійко	ULIF DictUA exact headword relation; VESUM lemma gate	unresolved
козак	synonyms	парубчина	ULIF DictUA exact headword relation; VESUM lemma gate	unresolved
козак	synonyms	паруб'я	ULIF DictUA exact headword relation; VESUM lemma gate	unresolved
козак	synonyms	парубчисько	ULIF DictUA exact headword relation; VESUM lemma gate	unresolved
козак	synonyms	паробок	ULIF DictUA exact headword relation; VESUM lemma gate	unresolved
козак	synonyms	парубійка	ULIF DictUA exact headword relation; VESUM lemma gate	unresolved
козак	synonyms	парубіка	ULIF DictUA exact headword relation; VESUM lemma gate	unresolved
козак	synonyms	хлопак	ULIF DictUA exact headword relation; VESUM lemma gate	unresolved
козак	synonyms	шугай	ULIF DictUA exact headword relation; VESUM lemma gate	unresolved
козак	synonyms	жених	ULIF DictUA exact headword relation; VESUM lemma gate	unresolved
колега	synonyms	стипендіат	ULIF DictUA exact headword relation; VESUM lemma gate	unresolved
колега	synonyms	співробітник	ULIF DictUA exact headword relation; VESUM lemma gate	unresolved
колос	synonyms	колосок	ULIF DictUA exact headword relation; VESUM lemma gate	unresolved
колос	synonyms	колосина	ULIF DictUA exact headword relation; VESUM lemma gate	unresolved
колос	synonyms	велетень	ULIF DictUA exact headword relation; VESUM lemma gate	unresolved
колос	synonyms	велет	ULIF DictUA exact headword relation; VESUM lemma gate	unresolved
колос	synonyms	богатир	ULIF DictUA exact headword relation; VESUM lemma gate	unresolved
колос	synonyms	гігант	ULIF DictUA exact headword relation; VESUM lemma gate	unresolved
колос	synonyms	верства	ULIF DictUA exact headword relation; VESUM lemma gate	unresolved
колос	synonyms	дилда	ULIF DictUA exact headword relation; VESUM lemma gate	unresolved
колос	synonyms	одоробло	ULIF DictUA exact headword relation; VESUM lemma gate	unresolved
колос	synonyms	одоробало	ULIF DictUA exact headword relation; VESUM lemma gate	unresolved
колос	synonyms	громада	ULIF DictUA exact headword relation; VESUM lemma gate	unresolved
колос	synonyms	колосся	ULIF DictUA exact headword relation; VESUM lemma gate	unresolved
колючка	synonyms	скабка	ULIF DictUA exact headword relation; VESUM lemma gate	unresolved
коляска	synonyms	штовхач	ULIF DictUA exact headword relation; VESUM lemma gate	unresolved
коляска	synonyms	доріжка	ULIF DictUA exact headword relation; VESUM lemma gate	unresolved
коляска	synonyms	постава	ULIF DictUA exact headword relation; VESUM lemma gate	unresolved
колірний	synonyms	дальтонізм	ULIF DictUA exact headword relation; VESUM lemma gate	unresolved
комиш	synonyms	очерет	ULIF DictUA exact headword relation; VESUM lemma gate	unresolved
комиш	synonyms	тростина	ULIF DictUA exact headword relation; VESUM lemma gate	unresolved
комиш	synonyms	троща	ULIF DictUA exact headword relation; VESUM lemma gate	unresolved
комиш	synonyms	очерети	ULIF DictUA exact headword relation; VESUM lemma gate	unresolved
комиш	synonyms	комиші	ULIF DictUA exact headword relation; VESUM lemma gate	unresolved
комиш	synonyms	трістя	ULIF DictUA exact headword relation; VESUM lemma gate	unresolved
компостний	synonyms	компостовий	ULIF DictUA exact headword relation; VESUM lemma gate	unresolved
компромісний	synonyms	гнучкий	ULIF DictUA exact headword relation; VESUM lemma gate	unresolved
комірник	synonyms	кватирант	ULIF DictUA exact headword relation; VESUM lemma gate	unresolved
комірник	synonyms	комірний	ULIF DictUA exact headword relation; VESUM lemma gate	unresolved
комірник	synonyms	магазинник	ULIF DictUA exact headword relation; VESUM lemma gate	unresolved
конечно	synonyms	конечне	ULIF DictUA exact headword relation; VESUM lemma gate	unresolved
консолідація	synonyms	інтеграція	ULIF DictUA exact headword relation; VESUM lemma gate	unresolved
констатація	synonyms	констатування	ULIF DictUA exact headword relation; VESUM lemma gate	unresolved
консультація	synonyms	довідка	ULIF DictUA exact headword relation; VESUM lemma gate	unresolved
консультація	synonyms	аудиторія	ULIF DictUA exact headword relation; VESUM lemma gate	unresolved
консультація	synonyms	інтерв'ю	ULIF DictUA exact headword relation; VESUM lemma gate	unresolved
контейнер	synonyms	збірня	ULIF DictUA exact headword relation; VESUM lemma gate	unresolved
конфіденційність	synonyms	приховування	ULIF DictUA exact headword relation; VESUM lemma gate	unresolved
конфіденційність	synonyms	відокремлення	ULIF DictUA exact headword relation; VESUM lemma gate	unresolved
коня	synonyms	коненя	ULIF DictUA exact headword relation; VESUM lemma gate	unresolved
коня	synonyms	конячина	ULIF DictUA exact headword relation; VESUM lemma gate	unresolved
копчений	synonyms	копчення	ULIF DictUA exact headword relation; VESUM lemma gate	unresolved
копіювання	synonyms	розмноження	ULIF DictUA exact headword relation; VESUM lemma gate	unresolved
користь	antonyms	убуток	ULIF DictUA exact headword relation; VESUM lemma gate	unresolved
користь	antonyms	шкода	ULIF DictUA exact headword relation; VESUM lemma gate	unresolved
корити	synonyms	попрікати	ULIF DictUA exact headword relation; VESUM lemma gate	unresolved
корити	synonyms	укоряти	ULIF DictUA exact headword relation; VESUM lemma gate	unresolved
корити	synonyms	попрікнути	ULIF DictUA exact headword relation; VESUM lemma gate	unresolved
корити	synonyms	попеняти	ULIF DictUA exact headword relation; VESUM lemma gate	unresolved
корити	synonyms	укорити	ULIF DictUA exact headword relation; VESUM lemma gate	unresolved
корити	synonyms	уректи	ULIF DictUA exact headword relation; VESUM lemma gate	unresolved
корито	synonyms	нецьки	ULIF DictUA exact headword relation; VESUM lemma gate	unresolved
корок	synonyms	заткало	ULIF DictUA exact headword relation; VESUM lemma gate	unresolved
корок	synonyms	підп'яток	ULIF DictUA exact headword relation; VESUM lemma gate	unresolved
корок	synonyms	обчас	ULIF DictUA exact headword relation; VESUM lemma gate	unresolved
короленко	synonyms	королевич	ULIF DictUA exact headword relation; VESUM lemma gate	unresolved
короткий	antonyms	тривалий	ULIF DictUA exact headword relation; VESUM lemma gate	unresolved
корпус	synonyms	людини	ULIF DictUA exact headword relation; VESUM lemma gate	unresolved
корсет	synonyms	шнуровиці	ULIF DictUA exact headword relation; VESUM lemma gate	unresolved
корсет	synonyms	юпчина	ULIF DictUA exact headword relation; VESUM lemma gate	unresolved
корінний	synonyms	грунтовний	ULIF DictUA exact headword relation; VESUM lemma gate	unresolved
корінний	synonyms	корінник	ULIF DictUA exact headword relation; VESUM lemma gate	unresolved
коріння	synonyms	джерело	ULIF DictUA exact headword relation; VESUM lemma gate	unresolved
коріння	synonyms	походження	ULIF DictUA exact headword relation; VESUM lemma gate	unresolved
костел	synonyms	костьол	ULIF DictUA exact headword relation; VESUM lemma gate	unresolved
котельня	synonyms	казанна	ULIF DictUA exact headword relation; VESUM lemma gate	unresolved
котляр	synonyms	казаняр	ULIF DictUA exact headword relation; VESUM lemma gate	unresolved
кочерга	synonyms	кочережник	ULIF DictUA exact headword relation; VESUM lemma gate	unresolved
кошеня	synonyms	кицька	ULIF DictUA exact headword relation; VESUM lemma gate	unresolved
кошеня	synonyms	кіт	ULIF DictUA exact headword relation; VESUM lemma gate	unresolved
крамар	synonyms	торгівець	ULIF DictUA exact headword relation; VESUM lemma gate	unresolved
кран	synonyms	патрубок	ULIF DictUA exact headword relation; VESUM lemma gate	unresolved
кран	synonyms	гідрант	ULIF DictUA exact headword relation; VESUM lemma gate	unresolved
красен	synonyms	прекрасний	ULIF DictUA exact headword relation; VESUM lemma gate	unresolved
красен	synonyms	прегарний	ULIF DictUA exact headword relation; VESUM lemma gate	unresolved
красен	synonyms	чудовий	ULIF DictUA exact headword relation; VESUM lemma gate	unresolved
красен	synonyms	гарний	ULIF DictUA exact headword relation; VESUM lemma gate	unresolved
красен	synonyms	красивий	ULIF DictUA exact headword relation; VESUM lemma gate	unresolved
красен	synonyms	вродливий	ULIF DictUA exact headword relation; VESUM lemma gate	unresolved
красен	synonyms	хороший	ULIF DictUA exact headword relation; VESUM lemma gate	unresolved
красен	synonyms	славний	ULIF DictUA exact headword relation; VESUM lemma gate	unresolved
красен	synonyms	ладний	ULIF DictUA exact headword relation; VESUM lemma gate	unresolved
красен	synonyms	доладний	ULIF DictUA exact headword relation; VESUM lemma gate	unresolved
красен	synonyms	гожий	ULIF DictUA exact headword relation; VESUM lemma gate	unresolved
красен	synonyms	пригожий	ULIF DictUA exact headword relation; VESUM lemma gate	unresolved
красен	synonyms	ловкий (розм.)	ULIF DictUA exact headword relation; VESUM lemma gate	unresolved
красен	synonyms	красовитий (розм.)	ULIF DictUA exact headword relation; VESUM lemma gate	unresolved
красен	synonyms	благоліпний	ULIF DictUA exact headword relation; VESUM lemma gate	unresolved
красен	synonyms	преподобний	ULIF DictUA exact headword relation; VESUM lemma gate	unresolved
красен	synonyms	подобний (діал.)	ULIF DictUA exact headword relation; VESUM lemma gate	unresolved
красен	synonyms	файний (діал.)	ULIF DictUA exact headword relation; VESUM lemma gate	unresolved
красен	synonyms	хосний (діал.)	ULIF DictUA exact headword relation; VESUM lemma gate	unresolved
красен	synonyms	лепський (діал.)	ULIF DictUA exact headword relation; VESUM lemma gate	unresolved
красен	synonyms	шпетний (діал.)	ULIF DictUA exact headword relation; VESUM lemma gate	unresolved
красен	synonyms	хупавий (діал.)	ULIF DictUA exact headword relation; VESUM lemma gate	unresolved
красен	synonyms	вальний (діал.)	ULIF DictUA exact headword relation; VESUM lemma gate	unresolved
красен	synonyms	пречудовий	ULIF DictUA exact headword relation; VESUM lemma gate	unresolved
красен	synonyms	красний	ULIF DictUA exact headword relation; VESUM lemma gate	unresolved
краска	synonyms	фарба	ULIF DictUA exact headword relation; VESUM lemma gate	unresolved
красномовство	synonyms	хитромовка	ULIF DictUA exact headword relation; VESUM lemma gate	unresolved
краяти	synonyms	терзати	ULIF DictUA exact headword relation; VESUM lemma gate	unresolved
краяти	synonyms	розтерзувати	ULIF DictUA exact headword relation; VESUM lemma gate	unresolved
краяти	synonyms	тиранізувати	ULIF DictUA exact headword relation; VESUM lemma gate	unresolved
кредит	antonyms	дебет	ULIF DictUA exact headword relation; VESUM lemma gate	unresolved
креслити	synonyms	закреслювати	ULIF DictUA exact headword relation; VESUM lemma gate	unresolved
кривда	synonyms	шкода	ULIF DictUA exact headword relation; VESUM lemma gate	unresolved
крига	synonyms	лід	ULIF DictUA exact headword relation; VESUM lemma gate	unresolved
кришка	synonyms	крихта	ULIF DictUA exact headword relation; VESUM lemma gate	unresolved
криївка	synonyms	захисток	ULIF DictUA exact headword relation; VESUM lemma gate	unresolved
кропива	synonyms	кушир	ULIF DictUA exact headword relation; VESUM lemma gate	unresolved
круглий	synonyms	цілковитий	ULIF DictUA exact headword relation; VESUM lemma gate	unresolved
кругозір	synonyms	овид (рідше)	ULIF DictUA exact headword relation; VESUM lemma gate	unresolved
крутий	antonyms	пологий	ULIF DictUA exact headword relation; VESUM lemma gate	unresolved
крутий	antonyms	положистий	ULIF DictUA exact headword relation; VESUM lemma gate	unresolved
крутий	antonyms	лагідний	ULIF DictUA exact headword relation; VESUM lemma gate	unresolved
кручений	synonyms	кучерявий	ULIF DictUA exact headword relation; VESUM lemma gate	unresolved
кручення	synonyms	крутіння	ULIF DictUA exact headword relation; VESUM lemma gate	unresolved
кріль	synonyms	крілик (розм.)	ULIF DictUA exact headword relation; VESUM lemma gate	unresolved
крім	synonyms	окрім	ULIF DictUA exact headword relation; VESUM lemma gate	unresolved
крім	synonyms	опріч	ULIF DictUA exact headword relation; VESUM lemma gate	unresolved
крім	synonyms	опроче	ULIF DictUA exact headword relation; VESUM lemma gate	unresolved
кріп	synonyms	окріп	ULIF DictUA exact headword relation; VESUM lemma gate	unresolved
крісло	synonyms	крісло-гойдалка	ULIF DictUA exact headword relation; VESUM lemma gate	unresolved
куб	synonyms	кубометр	ULIF DictUA exact headword relation; VESUM lemma gate	unresolved
кулик	synonyms	вальдшнеп	ULIF DictUA exact headword relation; VESUM lemma gate	unresolved
купер	synonyms	куприк	ULIF DictUA exact headword relation; VESUM lemma gate	unresolved
купити-куплю	synonyms	купувати	ULIF DictUA exact headword relation; VESUM lemma gate	unresolved
купувати	synonyms	окупати (діал.)	ULIF DictUA exact headword relation; VESUM lemma gate	unresolved
купувати	synonyms	накупляти (розм.)	ULIF DictUA exact headword relation; VESUM lemma gate	unresolved
купувати	synonyms	скупляти (розм.)	ULIF DictUA exact headword relation; VESUM lemma gate	unresolved
купувати	synonyms	набирати (розм.)	ULIF DictUA exact headword relation; VESUM lemma gate	unresolved
купувати	synonyms	справляти (розм.)	ULIF DictUA exact headword relation; VESUM lemma gate	unresolved
купувати	synonyms	перекупляти (розм.)	ULIF DictUA exact headword relation; VESUM lemma gate	unresolved
купувати	synonyms	перекупати (розм.)	ULIF DictUA exact headword relation; VESUM lemma gate	unresolved
купівля	synonyms	купля (заст.)	ULIF DictUA exact headword relation; VESUM lemma gate	unresolved
купівля	synonyms	закупи	ULIF DictUA exact headword relation; VESUM lemma gate	unresolved
кур-єр	synonyms	постачальник	ULIF DictUA exact headword relation; VESUM lemma gate	unresolved
куратор	synonyms	пастор	ULIF DictUA exact headword relation; VESUM lemma gate	unresolved
куратор	synonyms	священик	ULIF DictUA exact headword relation; VESUM lemma gate	unresolved
куратор	synonyms	служитель	ULIF DictUA exact headword relation; VESUM lemma gate	unresolved
куратор	synonyms	консерватор	ULIF DictUA exact headword relation; VESUM lemma gate	unresolved
курсив	synonyms	скоропис	ULIF DictUA exact headword relation; VESUM lemma gate	unresolved
кутній	synonyms	покутній	ULIF DictUA exact headword relation; VESUM lemma gate	unresolved
куточок	synonyms	закуток	ULIF DictUA exact headword relation; VESUM lemma gate	unresolved
кухар	synonyms	куховар	ULIF DictUA exact headword relation; VESUM lemma gate	unresolved
кухар	synonyms	кулінар	ULIF DictUA exact headword relation; VESUM lemma gate	unresolved
кухар	synonyms	кухмістер	ULIF DictUA exact headword relation; VESUM lemma gate	unresolved
кухар	synonyms	кашовар	ULIF DictUA exact headword relation; VESUM lemma gate	unresolved
кухар	synonyms	кок	ULIF DictUA exact headword relation; VESUM lemma gate	unresolved
куций	synonyms	куцохвостий	ULIF DictUA exact headword relation; VESUM lemma gate	unresolved
кіло	synonyms	кілограм	ULIF DictUA exact headword relation; VESUM lemma gate	unresolved
кілограм	synonyms	кіло	ULIF DictUA exact headword relation; VESUM lemma gate	unresolved
кілометр	synonyms	одометр	ULIF DictUA exact headword relation; VESUM lemma gate	unresolved
кінематограф	synonyms	кіноапарат	ULIF DictUA exact headword relation; VESUM lemma gate	unresolved
кіно	synonyms	кінематограф (рідко)	ULIF DictUA exact headword relation; VESUM lemma gate	unresolved
кінофабрика	synonyms	кіностудія	ULIF DictUA exact headword relation; VESUM lemma gate	unresolved
лагодити	synonyms	установлювати	ULIF DictUA exact headword relation; VESUM lemma gate	unresolved
лад	antonyms	безладдя	ULIF DictUA exact headword relation; VESUM lemma gate	unresolved
ладен	synonyms	гарний	ULIF DictUA exact headword relation; VESUM lemma gate	unresolved
ладен	synonyms	красивий	ULIF DictUA exact headword relation; VESUM lemma gate	unresolved
ладен	synonyms	вродливий	ULIF DictUA exact headword relation; VESUM lemma gate	unresolved
ладен	synonyms	хороший	ULIF DictUA exact headword relation; VESUM lemma gate	unresolved
ладен	synonyms	славний	ULIF DictUA exact headword relation; VESUM lemma gate	unresolved
ладен	synonyms	доладний	ULIF DictUA exact headword relation; VESUM lemma gate	unresolved
ладен	synonyms	красний	ULIF DictUA exact headword relation; VESUM lemma gate	unresolved
ладен	synonyms	гожий	ULIF DictUA exact headword relation; VESUM lemma gate	unresolved
ладен	synonyms	пригожий	ULIF DictUA exact headword relation; VESUM lemma gate	unresolved
ладен	synonyms	ловкий (розм.)	ULIF DictUA exact headword relation; VESUM lemma gate	unresolved
ладен	synonyms	красовитий (розм.)	ULIF DictUA exact headword relation; VESUM lemma gate	unresolved
ладен	synonyms	благоліпний	ULIF DictUA exact headword relation; VESUM lemma gate	unresolved
ладен	synonyms	преподобний	ULIF DictUA exact headword relation; VESUM lemma gate	unresolved
ладен	synonyms	подобний (діал.)	ULIF DictUA exact headword relation; VESUM lemma gate	unresolved
ладен	synonyms	файний (діал.)	ULIF DictUA exact headword relation; VESUM lemma gate	unresolved
ладен	synonyms	хосний (діал.)	ULIF DictUA exact headword relation; VESUM lemma gate	unresolved
ладен	synonyms	лепський (діал.)	ULIF DictUA exact headword relation; VESUM lemma gate	unresolved
ладен	synonyms	шпетний (діал.)	ULIF DictUA exact headword relation; VESUM lemma gate	unresolved
ладен	synonyms	хупавий (діал.)	ULIF DictUA exact headword relation; VESUM lemma gate	unresolved
ладен	synonyms	вальний (діал.)	ULIF DictUA exact headword relation; VESUM lemma gate	unresolved
ладен	synonyms	прекрасний	ULIF DictUA exact headword relation; VESUM lemma gate	unresolved
ладен	synonyms	чудовий	ULIF DictUA exact headword relation; VESUM lemma gate	unresolved
ладен	synonyms	пречудовий	ULIF DictUA exact headword relation; VESUM lemma gate	unresolved
ладен	synonyms	чарівний	ULIF DictUA exact headword relation; VESUM lemma gate	unresolved
ладнати	synonyms	шикувати	ULIF DictUA exact headword relation; VESUM lemma gate	unresolved
лайка	synonyms	лаяння	ULIF DictUA exact headword relation; VESUM lemma gate	unresolved
ласкав	synonyms	ласкавий	ULIF DictUA exact headword relation; VESUM lemma gate	unresolved
ласкаво	synonyms	дорогий	ULIF DictUA exact headword relation; VESUM lemma gate	unresolved
ласкаво	synonyms	дорого	ULIF DictUA exact headword relation; VESUM lemma gate	unresolved
латиниця	synonyms	латинка	ULIF DictUA exact headword relation; VESUM lemma gate	unresolved
латинка	synonyms	латиниця	ULIF DictUA exact headword relation; VESUM lemma gate	unresolved
лебедя	synonyms	лебедиця	ULIF DictUA exact headword relation; VESUM lemma gate	unresolved
левовий	synonyms	левиний	ULIF DictUA exact headword relation; VESUM lemma gate	unresolved
легкий	synonyms	пухкий	ULIF DictUA exact headword relation; VESUM lemma gate	unresolved
легкий	synonyms	розсипчастий	ULIF DictUA exact headword relation; VESUM lemma gate	unresolved
ледве-ледве	synonyms	ледь-ледь	ULIF DictUA exact headword relation; VESUM lemma gate	unresolved
ледь-ледь	synonyms	ледве-ледве	ULIF DictUA exact headword relation; VESUM lemma gate	unresolved
лежачи	synonyms	пологи	ULIF DictUA exact headword relation; VESUM lemma gate	unresolved
лексичний	synonyms	лексема	ULIF DictUA exact headword relation; VESUM lemma gate	unresolved
лелеченя	synonyms	лелеча	ULIF DictUA exact headword relation; VESUM lemma gate	unresolved
летючий	synonyms	кажан	ULIF DictUA exact headword relation; VESUM lemma gate	unresolved
лис	synonyms	песець	ULIF DictUA exact headword relation; VESUM lemma gate	unresolved
лисиця	synonyms	підступність	ULIF DictUA exact headword relation; VESUM lemma gate	unresolved
лисиця	synonyms	ремесло	ULIF DictUA exact headword relation; VESUM lemma gate	unresolved
лисиця	synonyms	хитрість	ULIF DictUA exact headword relation; VESUM lemma gate	unresolved
лисиця	synonyms	лукавий	ULIF DictUA exact headword relation; VESUM lemma gate	unresolved
лисиця	synonyms	гарпія	ULIF DictUA exact headword relation; VESUM lemma gate	unresolved
листяний	antonyms	хвойний	ULIF DictUA exact headword relation; VESUM lemma gate	unresolved
литий	synonyms	пролитий	ULIF DictUA exact headword relation; VESUM lemma gate	unresolved
лов	synonyms	ловлення	ULIF DictUA exact headword relation; VESUM lemma gate	unresolved
лови	synonyms	ловлення	ULIF DictUA exact headword relation; VESUM lemma gate	unresolved
ловити	synonyms	закохувати	ULIF DictUA exact headword relation; VESUM lemma gate	unresolved
ловити	synonyms	зачаровувати	ULIF DictUA exact headword relation; VESUM lemma gate	unresolved
ловити	synonyms	обманювати	ULIF DictUA exact headword relation; VESUM lemma gate	unresolved
ловити	synonyms	чарувати	ULIF DictUA exact headword relation; VESUM lemma gate	unresolved
ловити	synonyms	діставати	ULIF DictUA exact headword relation; VESUM lemma gate	unresolved
ловити	synonyms	приймати	ULIF DictUA exact headword relation; VESUM lemma gate	unresolved
ловити	synonyms	наставляти	ULIF DictUA exact headword relation; VESUM lemma gate	unresolved
ловити	synonyms	топтати	ULIF DictUA exact headword relation; VESUM lemma gate	unresolved
лоза	synonyms	лозняк	ULIF DictUA exact headword relation; VESUM lemma gate	unresolved
лопата	synonyms	заступ	ULIF DictUA exact headword relation; VESUM lemma gate	unresolved
лоток	synonyms	розносник	ULIF DictUA exact headword relation; VESUM lemma gate	unresolved
лоток	synonyms	торговець	ULIF DictUA exact headword relation; VESUM lemma gate	unresolved
лощина	synonyms	видолинок	ULIF DictUA exact headword relation; VESUM lemma gate	unresolved
лунко	synonyms	претензійно	ULIF DictUA exact headword relation; VESUM lemma gate	unresolved
любенько	synonyms	гарненько	ULIF DictUA exact headword relation; VESUM lemma gate	unresolved
любесенько	synonyms	гарнесенько	ULIF DictUA exact headword relation; VESUM lemma gate	unresolved
люлі-люлі	synonyms	люлі	ULIF DictUA exact headword relation; VESUM lemma gate	unresolved
лягати	antonyms	вставати	ULIF DictUA exact headword relation; VESUM lemma gate	unresolved
лягати	synonyms	розпростиратися	ULIF DictUA exact headword relation; VESUM lemma gate	unresolved
лящ	synonyms	ляпас	ULIF DictUA exact headword relation; VESUM lemma gate	unresolved
ліберія	synonyms	ліврея	ULIF DictUA exact headword relation; VESUM lemma gate	unresolved
лівий	antonyms	правий	ULIF DictUA exact headword relation; VESUM lemma gate	unresolved
лівобережний	antonyms	правобережний	ULIF DictUA exact headword relation; VESUM lemma gate	unresolved
ліворуч	antonyms	праворуч	ULIF DictUA exact headword relation; VESUM lemma gate	unresolved
лікування	synonyms	відшкодування	ULIF DictUA exact headword relation; VESUM lemma gate	unresolved
лікування	synonyms	виправлення	ULIF DictUA exact headword relation; VESUM lemma gate	unresolved
лікування	synonyms	втручання	ULIF DictUA exact headword relation; VESUM lemma gate	unresolved
лікування	synonyms	терапія	ULIF DictUA exact headword relation; VESUM lemma gate	unresolved
лілія	synonyms	латаття	ULIF DictUA exact headword relation; VESUM lemma gate	unresolved
ліньки	synonyms	ліниво	ULIF DictUA exact headword relation; VESUM lemma gate	unresolved
лісний	synonyms	лісовий	ULIF DictUA exact headword relation; VESUM lemma gate	unresolved
лісник	synonyms	лісівник	ULIF DictUA exact headword relation; VESUM lemma gate	unresolved
літ	synonyms	летіння	ULIF DictUA exact headword relation; VESUM lemma gate	unresolved
літота	antonyms	гіпербола	ULIF DictUA exact headword relation; VESUM lemma gate	unresolved
літургія	synonyms	обідня	ULIF DictUA exact headword relation; VESUM lemma gate	unresolved
ліхтарик	synonyms	факел	ULIF DictUA exact headword relation; VESUM lemma gate	unresolved
м-яч	synonyms	бейсбол	ULIF DictUA exact headword relation; VESUM lemma gate	unresolved
м-яч	synonyms	глобус	ULIF DictUA exact headword relation; VESUM lemma gate	unresolved
м-яч	synonyms	куля	ULIF DictUA exact headword relation; VESUM lemma gate	unresolved
мавка	synonyms	русалка	ULIF DictUA exact headword relation; VESUM lemma gate	unresolved
мавпа	synonyms	імітатор	ULIF DictUA exact headword relation; VESUM lemma gate	unresolved
мавпа	synonyms	наслідувач	ULIF DictUA exact headword relation; VESUM lemma gate	unresolved
мавпа	synonyms	негідник	ULIF DictUA exact headword relation; VESUM lemma gate	unresolved
магнітний	synonyms	магнетит	ULIF DictUA exact headword relation; VESUM lemma gate	unresolved
мажор	antonyms	мінор	ULIF DictUA exact headword relation; VESUM lemma gate	unresolved
мазати	synonyms	розпещувати	ULIF DictUA exact headword relation; VESUM lemma gate	unresolved
май	synonyms	травень	ULIF DictUA exact headword relation; VESUM lemma gate	unresolved
майна	antonyms	віра	ULIF DictUA exact headword relation; VESUM lemma gate	unresolved
майструвати	synonyms	теслювати	ULIF DictUA exact headword relation; VESUM lemma gate	unresolved
мак	synonyms	макінтош	ULIF DictUA exact headword relation; VESUM lemma gate	unresolved
макроскопічний	antonyms	мікроскопічний	ULIF DictUA exact headword relation; VESUM lemma gate	unresolved
максимальний	antonyms	мінімальний	ULIF DictUA exact headword relation; VESUM lemma gate	unresolved
максимальний	synonyms	максимум	ULIF DictUA exact headword relation; VESUM lemma gate	unresolved
маленький	antonyms	великий	ULIF DictUA exact headword relation; VESUM lemma gate	unresolved
малесенький	synonyms	манюній	ULIF DictUA exact headword relation; VESUM lemma gate	unresolved
малий	antonyms	великий	ULIF DictUA exact headword relation; VESUM lemma gate	unresolved
малий	antonyms	високий	ULIF DictUA exact headword relation; VESUM lemma gate	unresolved
мало	antonyms	багато	ULIF DictUA exact headword relation; VESUM lemma gate	unresolved
мамин	synonyms	мамій	ULIF DictUA exact headword relation; VESUM lemma gate	unresolved
маніпуляція	synonyms	процедура	ULIF DictUA exact headword relation; VESUM lemma gate	unresolved
маніпуляція	synonyms	операція	ULIF DictUA exact headword relation; VESUM lemma gate	unresolved
маніпуляція	synonyms	махінація	ULIF DictUA exact headword relation; VESUM lemma gate	unresolved
маркіз	synonyms	маркграф	ULIF DictUA exact headword relation; VESUM lemma gate	unresolved
масниця	synonyms	масничка	ULIF DictUA exact headword relation; VESUM lemma gate	unresolved
масть	synonyms	мазь	ULIF DictUA exact headword relation; VESUM lemma gate	unresolved
матеріальний	antonyms	духовний	ULIF DictUA exact headword relation; VESUM lemma gate	unresolved
машина	synonyms	механізм	ULIF DictUA exact headword relation; VESUM lemma gate	unresolved
машина	synonyms	автомат	ULIF DictUA exact headword relation; VESUM lemma gate	unresolved
машина	synonyms	робот	ULIF DictUA exact headword relation; VESUM lemma gate	unresolved
маєво	synonyms	майво	ULIF DictUA exact headword relation; VESUM lemma gate	unresolved
менеджер	synonyms	тренер	ULIF DictUA exact headword relation; VESUM lemma gate	unresolved
менеджер	synonyms	директор	ULIF DictUA exact headword relation; VESUM lemma gate	unresolved
менш	synonyms	менше	ULIF DictUA exact headword relation; VESUM lemma gate	unresolved
мертвий	antonyms	живий	ULIF DictUA exact headword relation; VESUM lemma gate	unresolved
металічний	synonyms	металевий	ULIF DictUA exact headword relation; VESUM lemma gate	unresolved
механізм	synonyms	прилад	ULIF DictUA exact headword relation; VESUM lemma gate	unresolved
механізм	synonyms	пристрій	ULIF DictUA exact headword relation; VESUM lemma gate	unresolved
механізм	synonyms	машина	ULIF DictUA exact headword relation; VESUM lemma gate	unresolved
механічний	synonyms	механістичний	ULIF DictUA exact headword relation; VESUM lemma gate	unresolved
мигдаль	synonyms	бобчук	ULIF DictUA exact headword relation; VESUM lemma gate	unresolved
милость	synonyms	милість	ULIF DictUA exact headword relation; VESUM lemma gate	unresolved
минати	synonyms	випереджати	ULIF DictUA exact headword relation; VESUM lemma gate	unresolved
мислення	synonyms	інтелект	ULIF DictUA exact headword relation; VESUM lemma gate	unresolved
мислення	synonyms	розум	ULIF DictUA exact headword relation; VESUM lemma gate	unresolved
мислення	synonyms	роздумування	ULIF DictUA exact headword relation; VESUM lemma gate	unresolved
миття	synonyms	чищення	ULIF DictUA exact headword relation; VESUM lemma gate	unresolved
миття	synonyms	мити	ULIF DictUA exact headword relation; VESUM lemma gate	unresolved
миття	synonyms	промивання	ULIF DictUA exact headword relation; VESUM lemma gate	unresolved
миш	synonyms	миша	ULIF DictUA exact headword relation; VESUM lemma gate	unresolved
миша	synonyms	кажан	ULIF DictUA exact headword relation; VESUM lemma gate	unresolved
млинок	synonyms	віялка	ULIF DictUA exact headword relation; VESUM lemma gate	unresolved
млявість	synonyms	в'ялість	ULIF DictUA exact headword relation; VESUM lemma gate	unresolved
млявість	synonyms	розслабленість	ULIF DictUA exact headword relation; VESUM lemma gate	unresolved
млявість	synonyms	неохайність	ULIF DictUA exact headword relation; VESUM lemma gate	unresolved
млявість	synonyms	сентиментальність	ULIF DictUA exact headword relation; VESUM lemma gate	unresolved
млявість	synonyms	стоїцизм	ULIF DictUA exact headword relation; VESUM lemma gate	unresolved
млявість	synonyms	заціпеніння	ULIF DictUA exact headword relation; VESUM lemma gate	unresolved
млявість	synonyms	недбалість	ULIF DictUA exact headword relation; VESUM lemma gate	unresolved
млявість	synonyms	розхлябаність	ULIF DictUA exact headword relation; VESUM lemma gate	unresolved
мовчання	synonyms	скритність	ULIF DictUA exact headword relation; VESUM lemma gate	unresolved
мозолити	synonyms	базікати	ULIF DictUA exact headword relation; VESUM lemma gate	unresolved
мозоль	synonyms	мозоля	ULIF DictUA exact headword relation; VESUM lemma gate	unresolved
мозоля	synonyms	мозоль	ULIF DictUA exact headword relation; VESUM lemma gate	unresolved
молодий	synonyms	весняний	ULIF DictUA exact headword relation; VESUM lemma gate	unresolved
молодий	synonyms	дитина	ULIF DictUA exact headword relation; VESUM lemma gate	unresolved
молодий	synonyms	неповнолітній	ULIF DictUA exact headword relation; VESUM lemma gate	unresolved
молодий	synonyms	пташеня	ULIF DictUA exact headword relation; VESUM lemma gate	unresolved
молодий	synonyms	стартер	ULIF DictUA exact headword relation; VESUM lemma gate	unresolved
молодий	synonyms	молодняк	ULIF DictUA exact headword relation; VESUM lemma gate	unresolved
молодий	synonyms	учасник	ULIF DictUA exact headword relation; VESUM lemma gate	unresolved
молодий	synonyms	неозорий	ULIF DictUA exact headword relation; VESUM lemma gate	unresolved
момент	synonyms	хвиля (розм.)	ULIF DictUA exact headword relation; VESUM lemma gate	unresolved
момент	synonyms	хвилька (розм.)	ULIF DictUA exact headword relation; VESUM lemma gate	unresolved
момент	synonyms	мет	ULIF DictUA exact headword relation; VESUM lemma gate	unresolved
монотеїзм	antonyms	політеїзм	ULIF DictUA exact headword relation; VESUM lemma gate	unresolved
монтаж	synonyms	підйом	ULIF DictUA exact headword relation; VESUM lemma gate	unresolved
монтаж	synonyms	зведення	ULIF DictUA exact headword relation; VESUM lemma gate	unresolved
монтажер	synonyms	монтажист	ULIF DictUA exact headword relation; VESUM lemma gate	unresolved
монітор	synonyms	гідромонітор	ULIF DictUA exact headword relation; VESUM lemma gate	unresolved
морально	synonyms	доброчесно	ULIF DictUA exact headword relation; VESUM lemma gate	unresolved
морити	synonyms	труїти	ULIF DictUA exact headword relation; VESUM lemma gate	unresolved
морфологічний	synonyms	структурний	ULIF DictUA exact headword relation; VESUM lemma gate	unresolved
морфологічний	synonyms	геоморфологічний	ULIF DictUA exact headword relation; VESUM lemma gate	unresolved
мотивація	synonyms	спонукання	ULIF DictUA exact headword relation; VESUM lemma gate	unresolved
мотивація	synonyms	мотив	ULIF DictUA exact headword relation; VESUM lemma gate	unresolved
мотивація	synonyms	потреба	ULIF DictUA exact headword relation; VESUM lemma gate	unresolved
мотивація	synonyms	пересування	ULIF DictUA exact headword relation; VESUM lemma gate	unresolved
мох	synonyms	елодея	ULIF DictUA exact headword relation; VESUM lemma gate	unresolved
мряка	synonyms	морок	ULIF DictUA exact headword relation; VESUM lemma gate	unresolved
мряка	synonyms	пітьма	ULIF DictUA exact headword relation; VESUM lemma gate	unresolved
мряка	synonyms	темрява	ULIF DictUA exact headword relation; VESUM lemma gate	unresolved
мряка	synonyms	темінь	ULIF DictUA exact headword relation; VESUM lemma gate	unresolved
мряка	synonyms	померки (діал.)	ULIF DictUA exact headword relation; VESUM lemma gate	unresolved
мрійництво	synonyms	мріяння	ULIF DictUA exact headword relation; VESUM lemma gate	unresolved
мріти	synonyms	світати	ULIF DictUA exact headword relation; VESUM lemma gate	unresolved
мудрий	synonyms	хитрий	ULIF DictUA exact headword relation; VESUM lemma gate	unresolved
мужність	synonyms	рішучість	ULIF DictUA exact headword relation; VESUM lemma gate	unresolved
мужність	synonyms	смілість (рідше)	ULIF DictUA exact headword relation; VESUM lemma gate	unresolved
мужність	synonyms	змужнілість	ULIF DictUA exact headword relation; VESUM lemma gate	unresolved
музикальність	synonyms	музичність	ULIF DictUA exact headword relation; VESUM lemma gate	unresolved
мурава	synonyms	моріг	ULIF DictUA exact headword relation; VESUM lemma gate	unresolved
мурашка	synonyms	мураха	ULIF DictUA exact headword relation; VESUM lemma gate	unresolved
мурашка	synonyms	муравель	ULIF DictUA exact headword relation; VESUM lemma gate	unresolved
мурашка	synonyms	терміт	ULIF DictUA exact headword relation; VESUM lemma gate	unresolved
мурашка	synonyms	муравка	ULIF DictUA exact headword relation; VESUM lemma gate	unresolved
мутний	synonyms	каламутний	ULIF DictUA exact headword relation; VESUM lemma gate	unresolved
мікрорайон	synonyms	громада	ULIF DictUA exact headword relation; VESUM lemma gate	unresolved
міксер	synonyms	соціальний	ULIF DictUA exact headword relation; VESUM lemma gate	unresolved
міна	synonyms	торпеда	ULIF DictUA exact headword relation; VESUM lemma gate	unresolved
мінімальний	antonyms	максимальний	ULIF DictUA exact headword relation; VESUM lemma gate	unresolved
місто	synonyms	город (діал.)	ULIF DictUA exact headword relation; VESUM lemma gate	unresolved
місто	synonyms	столиця	ULIF DictUA exact headword relation; VESUM lemma gate	unresolved
місто	synonyms	центр	ULIF DictUA exact headword relation; VESUM lemma gate	unresolved
містобудування	synonyms	містобудівництво	ULIF DictUA exact headword relation; VESUM lemma gate	unresolved
місячний	synonyms	менструація	ULIF DictUA exact headword relation; VESUM lemma gate	unresolved
мітла	synonyms	комета	ULIF DictUA exact headword relation; VESUM lemma gate	unresolved
міцно	synonyms	добре	ULIF DictUA exact headword relation; VESUM lemma gate	unresolved
міцно	synonyms	надійно	ULIF DictUA exact headword relation; VESUM lemma gate	unresolved
міць	synonyms	міцність	ULIF DictUA exact headword relation; VESUM lemma gate	unresolved
набирати	synonyms	брати	ULIF DictUA exact headword relation; VESUM lemma gate	unresolved
набирати	synonyms	збирати	ULIF DictUA exact headword relation; VESUM lemma gate	unresolved
наближатися	synonyms	доходити	ULIF DictUA exact headword relation; VESUM lemma gate	unresolved
наблизити	synonyms	зіс	ULIF DictUA exact headword relation; VESUM lemma gate	unresolved
набратися	synonyms	напиратися	ULIF DictUA exact headword relation; VESUM lemma gate	unresolved
набридати	synonyms	приставати (розм.)	ULIF DictUA exact headword relation; VESUM lemma gate	unresolved
набридати	synonyms	в'язнути (розм.)	ULIF DictUA exact headword relation; VESUM lemma gate	unresolved
набридати	synonyms	лізти (розм.)	ULIF DictUA exact headword relation; VESUM lemma gate	unresolved
наважуватися	synonyms	зважуватися	ULIF DictUA exact headword relation; VESUM lemma gate	unresolved
наважуватися	synonyms	відважуватися	ULIF DictUA exact headword relation; VESUM lemma gate	unresolved
наважуватися	synonyms	насмілюватися	ULIF DictUA exact headword relation; VESUM lemma gate	unresolved
наважуватися	synonyms	осмілюватися	ULIF DictUA exact headword relation; VESUM lemma gate	unresolved
наважуватися	synonyms	надумуватися	ULIF DictUA exact headword relation; VESUM lemma gate	unresolved
наважуватися	synonyms	посягати (рідше)	ULIF DictUA exact headword relation; VESUM lemma gate	unresolved
наголошений	synonyms	тоніка	ULIF DictUA exact headword relation; VESUM lemma gate	unresolved
наголошувати	synonyms	виокремлювати (рідше)	ULIF DictUA exact headword relation; VESUM lemma gate	unresolved
нагрівний	synonyms	нагрівальний	ULIF DictUA exact headword relation; VESUM lemma gate	unresolved
надати	synonyms	дарувати	ULIF DictUA exact headword relation; VESUM lemma gate	unresolved
надати	synonyms	наділяти	ULIF DictUA exact headword relation; VESUM lemma gate	unresolved
надати	synonyms	спонукати	ULIF DictUA exact headword relation; VESUM lemma gate	unresolved
надати	synonyms	нагороджувати	ULIF DictUA exact headword relation; VESUM lemma gate	unresolved
надати	synonyms	приносити	ULIF DictUA exact headword relation; VESUM lemma gate	unresolved
надати	synonyms	сприяти	ULIF DictUA exact headword relation; VESUM lemma gate	unresolved
надихати	synonyms	надихувати	ULIF DictUA exact headword relation; VESUM lemma gate	unresolved
надихати	synonyms	наснажувати	ULIF DictUA exact headword relation; VESUM lemma gate	unresolved
надихати	synonyms	надихнути	ULIF DictUA exact headword relation; VESUM lemma gate	unresolved
надкусити	synonyms	надкушувати	ULIF DictUA exact headword relation; VESUM lemma gate	unresolved
надмір	synonyms	надміру	ULIF DictUA exact headword relation; VESUM lemma gate	unresolved
надпис	synonyms	напис	ULIF DictUA exact headword relation; VESUM lemma gate	unresolved
надписати	synonyms	надписувати	ULIF DictUA exact headword relation; VESUM lemma gate	unresolved
надрізати	synonyms	надрізувати	ULIF DictUA exact headword relation; VESUM lemma gate	unresolved
надрізати	synonyms	надрізати	ULIF DictUA exact headword relation; VESUM lemma gate	unresolved
нажив	synonyms	наживка	ULIF DictUA exact headword relation; VESUM lemma gate	unresolved
нажитися	synonyms	наживатися	ULIF DictUA exact headword relation; VESUM lemma gate	unresolved
назад	antonyms	уперед	ULIF DictUA exact headword relation; VESUM lemma gate	unresolved
назбирати	synonyms	купчити	ULIF DictUA exact headword relation; VESUM lemma gate	unresolved
назбирати	synonyms	настягати	ULIF DictUA exact headword relation; VESUM lemma gate	unresolved
назбирати	synonyms	зогнати	ULIF DictUA exact headword relation; VESUM lemma gate	unresolved
назбирати	synonyms	настаратися	ULIF DictUA exact headword relation; VESUM lemma gate	unresolved
назватися	synonyms	узиватися	ULIF DictUA exact headword relation; VESUM lemma gate	unresolved
наземний	antonyms	загробний	ULIF DictUA exact headword relation; VESUM lemma gate	unresolved
наземний	antonyms	потойбічний	ULIF DictUA exact headword relation; VESUM lemma gate	unresolved
називати	synonyms	відкривати	ULIF DictUA exact headword relation; VESUM lemma gate	unresolved
називати	synonyms	розрізняти	ULIF DictUA exact headword relation; VESUM lemma gate	unresolved
називати	synonyms	ідентифікувати	ULIF DictUA exact headword relation; VESUM lemma gate	unresolved
називати	synonyms	звертатися	ULIF DictUA exact headword relation; VESUM lemma gate	unresolved
назовні	antonyms	всередину	ULIF DictUA exact headword relation; VESUM lemma gate	unresolved
найбільший	synonyms	найгірший	ULIF DictUA exact headword relation; VESUM lemma gate	unresolved
найгірший	synonyms	найбільший	ULIF DictUA exact headword relation; VESUM lemma gate	unresolved
наймати	synonyms	приймати	ULIF DictUA exact headword relation; VESUM lemma gate	unresolved
наймати	synonyms	вербувати	ULIF DictUA exact headword relation; VESUM lemma gate	unresolved
наймати	synonyms	єднати	ULIF DictUA exact headword relation; VESUM lemma gate	unresolved
наймати	synonyms	контрактувати	ULIF DictUA exact headword relation; VESUM lemma gate	unresolved
наймати	synonyms	годити (діал.)	ULIF DictUA exact headword relation; VESUM lemma gate	unresolved
наймолодший	antonyms	найстарший	ULIF DictUA exact headword relation; VESUM lemma gate	unresolved
найстарший	antonyms	найменший	ULIF DictUA exact headword relation; VESUM lemma gate	unresolved
найстарший	antonyms	наймолодший	ULIF DictUA exact headword relation; VESUM lemma gate	unresolved
накидати	synonyms	наділяти	ULIF DictUA exact headword relation; VESUM lemma gate	unresolved
накладати	synonyms	надівати	ULIF DictUA exact headword relation; VESUM lemma gate	unresolved
налаштований	synonyms	схильний	ULIF DictUA exact headword relation; VESUM lemma gate	unresolved
налаштований	synonyms	ознайомлений	ULIF DictUA exact headword relation; VESUM lemma gate	unresolved
налаштування	synonyms	розминка	ULIF DictUA exact headword relation; VESUM lemma gate	unresolved
налаштування	synonyms	продукція	ULIF DictUA exact headword relation; VESUM lemma gate	unresolved
налаштування	synonyms	мізансцена	ULIF DictUA exact headword relation; VESUM lemma gate	unresolved
налякати	synonyms	кидатися	ULIF DictUA exact headword relation; VESUM lemma gate	unresolved
налякати	synonyms	приїдатися	ULIF DictUA exact headword relation; VESUM lemma gate	unresolved
налякати	synonyms	оживити	ULIF DictUA exact headword relation; VESUM lemma gate	unresolved
намилити	synonyms	намилювати	ULIF DictUA exact headword relation; VESUM lemma gate	unresolved
напевно	synonyms	безсумнівно	ULIF DictUA exact headword relation; VESUM lemma gate	unresolved
напевно	synonyms	звичайно	ULIF DictUA exact headword relation; VESUM lemma gate	unresolved
написати	synonyms	спотворений	ULIF DictUA exact headword relation; VESUM lemma gate	unresolved
наповнений	synonyms	застійний	ULIF DictUA exact headword relation; VESUM lemma gate	unresolved
наполягти	synonyms	оволодівати	ULIF DictUA exact headword relation; VESUM lemma gate	unresolved
наполягти	synonyms	розпинати	ULIF DictUA exact headword relation; VESUM lemma gate	unresolved
наполягти	synonyms	налітати	ULIF DictUA exact headword relation; VESUM lemma gate	unresolved
наполягти	synonyms	напливати	ULIF DictUA exact headword relation; VESUM lemma gate	unresolved
наполягти	synonyms	наринати	ULIF DictUA exact headword relation; VESUM lemma gate	unresolved
наполягти	synonyms	находити	ULIF DictUA exact headword relation; VESUM lemma gate	unresolved
направо	antonyms	зліва	ULIF DictUA exact headword relation; VESUM lemma gate	unresolved
напів	synonyms	наполовину	ULIF DictUA exact headword relation; VESUM lemma gate	unresolved
наразити	synonyms	наражати	ULIF DictUA exact headword relation; VESUM lemma gate	unresolved
нарахувати	synonyms	нараховувати	ULIF DictUA exact headword relation; VESUM lemma gate	unresolved
наречений	synonyms	названий	ULIF DictUA exact headword relation; VESUM lemma gate	unresolved
наркоманія	synonyms	звичка	ULIF DictUA exact headword relation; VESUM lemma gate	unresolved
наркотик	synonyms	наркоман	ULIF DictUA exact headword relation; VESUM lemma gate	unresolved
наробити	synonyms	нароблювати	ULIF DictUA exact headword relation; VESUM lemma gate	unresolved
народжувати	synonyms	викликувати (рідше)	ULIF DictUA exact headword relation; VESUM lemma gate	unresolved
народжувати	synonyms	наганяти (розм.)	ULIF DictUA exact headword relation; VESUM lemma gate	unresolved
народжувати	synonyms	нагонити (розм.)	ULIF DictUA exact headword relation; VESUM lemma gate	unresolved
народжувати	synonyms	роняти (рідко)	ULIF DictUA exact headword relation; VESUM lemma gate	unresolved
народжуватися	synonyms	родитися	ULIF DictUA exact headword relation; VESUM lemma gate	unresolved
народжуватися	synonyms	зроджуватися	ULIF DictUA exact headword relation; VESUM lemma gate	unresolved
народжуватися	synonyms	уроджуватися	ULIF DictUA exact headword relation; VESUM lemma gate	unresolved
народжуватися	synonyms	народитися	ULIF DictUA exact headword relation; VESUM lemma gate	unresolved
нарубати	synonyms	нарубувати	ULIF DictUA exact headword relation; VESUM lemma gate	unresolved
нарізати	synonyms	нарізати	ULIF DictUA exact headword relation; VESUM lemma gate	unresolved
наситити	synonyms	насичувати	ULIF DictUA exact headword relation; VESUM lemma gate	unresolved
насичений	synonyms	чистий	ULIF DictUA exact headword relation; VESUM lemma gate	unresolved
насичений	synonyms	концентрований	ULIF DictUA exact headword relation; VESUM lemma gate	unresolved
наскрізь	synonyms	через	ULIF DictUA exact headword relation; VESUM lemma gate	unresolved
наскрізь	synonyms	наскрізний	ULIF DictUA exact headword relation; VESUM lemma gate	unresolved
наслідок	antonyms	причина	ULIF DictUA exact headword relation; VESUM lemma gate	unresolved
насолоджуватися	synonyms	втішатися	ULIF DictUA exact headword relation; VESUM lemma gate	unresolved
настати	synonyms	наставати	ULIF DictUA exact headword relation; VESUM lemma gate	unresolved
настоянка	synonyms	настойка	ULIF DictUA exact headword relation; VESUM lemma gate	unresolved
наступати	synonyms	ставатися	ULIF DictUA exact headword relation; VESUM lemma gate	unresolved
насупити	synonyms	насуплювати	ULIF DictUA exact headword relation; VESUM lemma gate	unresolved
насів	synonyms	насівання	ULIF DictUA exact headword relation; VESUM lemma gate	unresolved
насіння	synonyms	насінина	ULIF DictUA exact headword relation; VESUM lemma gate	unresolved
натуральний	antonyms	роблений	ULIF DictUA exact headword relation; VESUM lemma gate	unresolved
натуральний	antonyms	надуманий	ULIF DictUA exact headword relation; VESUM lemma gate	unresolved
натякати	synonyms	підказувати	ULIF DictUA exact headword relation; VESUM lemma gate	unresolved
натякати	synonyms	вигадувати	ULIF DictUA exact headword relation; VESUM lemma gate	unresolved
натякати	synonyms	доторкнутися	ULIF DictUA exact headword relation; VESUM lemma gate	unresolved
натякати	synonyms	рекламувати	ULIF DictUA exact headword relation; VESUM lemma gate	unresolved
нахабство	synonyms	нахабність	ULIF DictUA exact headword relation; VESUM lemma gate	unresolved
начало	antonyms	кінець	ULIF DictUA exact headword relation; VESUM lemma gate	unresolved
небесний	antonyms	низький	ULIF DictUA exact headword relation; VESUM lemma gate	unresolved
небесний	antonyms	земний	ULIF DictUA exact headword relation; VESUM lemma gate	unresolved
невважаючи	synonyms	незважаючи	ULIF DictUA exact headword relation; VESUM lemma gate	unresolved
невеличкий	synonyms	невеликий	ULIF DictUA exact headword relation; VESUM lemma gate	unresolved
невпевненість	synonyms	сумнівність	ULIF DictUA exact headword relation; VESUM lemma gate	unresolved
невільник	synonyms	тюряжник	ULIF DictUA exact headword relation; VESUM lemma gate	unresolved
невістка	synonyms	невістулька	ULIF DictUA exact headword relation; VESUM lemma gate	unresolved
негідний	synonyms	негідник	ULIF DictUA exact headword relation; VESUM lemma gate	unresolved
недосолити	synonyms	недосолювати	ULIF DictUA exact headword relation; VESUM lemma gate	unresolved
недоїсти	synonyms	недоїдати	ULIF DictUA exact headword relation; VESUM lemma gate	unresolved
нежить	synonyms	риніт	ULIF DictUA exact headword relation; VESUM lemma gate	unresolved
незмінний	synonyms	уніформа	ULIF DictUA exact headword relation; VESUM lemma gate	unresolved
незмінний	synonyms	рівний	ULIF DictUA exact headword relation; VESUM lemma gate	unresolved
незмінність	synonyms	фіксованість	ULIF DictUA exact headword relation; VESUM lemma gate	unresolved
нейтральний	synonyms	безособовий	ULIF DictUA exact headword relation; VESUM lemma gate	unresolved
нейтральний	synonyms	інертний	ULIF DictUA exact headword relation; VESUM lemma gate	unresolved
нектар	synonyms	амброзія	ULIF DictUA exact headword relation; VESUM lemma gate	unresolved
нема	synonyms	чортма (розм.)	ULIF DictUA exact headword relation; VESUM lemma gate	unresolved
нематеріальний	synonyms	безтілесний	ULIF DictUA exact headword relation; VESUM lemma gate	unresolved
немає	synonyms	катма (розм.)	ULIF DictUA exact headword relation; VESUM lemma gate	unresolved
немає	synonyms	чортма (розм.)	ULIF DictUA exact headword relation; VESUM lemma gate	unresolved
неметалічний	synonyms	неметалевий	ULIF DictUA exact headword relation; VESUM lemma gate	unresolved
неминучість	synonyms	прийдешність	ULIF DictUA exact headword relation; VESUM lemma gate	unresolved
немічний	synonyms	хворий	ULIF DictUA exact headword relation; VESUM lemma gate	unresolved
ненавидіти	synonyms	гидувати	ULIF DictUA exact headword relation; VESUM lemma gate	unresolved
ненавмисно	synonyms	без	ULIF DictUA exact headword relation; VESUM lemma gate	unresolved
ненавмисно	synonyms	умислу	ULIF DictUA exact headword relation; VESUM lemma gate	unresolved
ненадійно	synonyms	невірно	ULIF DictUA exact headword relation; VESUM lemma gate	unresolved
необхідність	synonyms	реквізит	ULIF DictUA exact headword relation; VESUM lemma gate	unresolved
необхідність	synonyms	вимога	ULIF DictUA exact headword relation; VESUM lemma gate	unresolved
неповнолітній	synonyms	неповноліття	ULIF DictUA exact headword relation; VESUM lemma gate	unresolved
неповнолітній	synonyms	дитячий	ULIF DictUA exact headword relation; VESUM lemma gate	unresolved
неповнолітній	synonyms	простий	ULIF DictUA exact headword relation; VESUM lemma gate	unresolved
неповнолітній	synonyms	дитина	ULIF DictUA exact headword relation; VESUM lemma gate	unresolved
неповнолітній	synonyms	молодий	ULIF DictUA exact headword relation; VESUM lemma gate	unresolved
неповнолітній	synonyms	пташеня	ULIF DictUA exact headword relation; VESUM lemma gate	unresolved
непоганий	synonyms	на	ULIF DictUA exact headword relation; VESUM lemma gate	unresolved
непоганий	synonyms	славу	ULIF DictUA exact headword relation; VESUM lemma gate	unresolved
непоганий	synonyms	підходящий	ULIF DictUA exact headword relation; VESUM lemma gate	unresolved
непотрібний	synonyms	безпотрібний	ULIF DictUA exact headword relation; VESUM lemma gate	unresolved
непотрібний	synonyms	зайвий	ULIF DictUA exact headword relation; VESUM lemma gate	unresolved
непотрібний	synonyms	непристойний	ULIF DictUA exact headword relation; VESUM lemma gate	unresolved
неправда	antonyms	правда	ULIF DictUA exact headword relation; VESUM lemma gate	unresolved
неправильно	synonyms	принижувати	ULIF DictUA exact headword relation; VESUM lemma gate	unresolved
неправильно	synonyms	помилково	ULIF DictUA exact headword relation; VESUM lemma gate	unresolved
нервовий	synonyms	перенапружений	ULIF DictUA exact headword relation; VESUM lemma gate	unresolved
нервовий	synonyms	нудота	ULIF DictUA exact headword relation; VESUM lemma gate	unresolved
нервовий	synonyms	вередливий	ULIF DictUA exact headword relation; VESUM lemma gate	unresolved
нервовий	synonyms	летючий	ULIF DictUA exact headword relation; VESUM lemma gate	unresolved
нервовий	synonyms	моторошний	ULIF DictUA exact headword relation; VESUM lemma gate	unresolved
нервовий	synonyms	тріпотіння	ULIF DictUA exact headword relation; VESUM lemma gate	unresolved
нервувати	synonyms	роздратовувати (розм.)	ULIF DictUA exact headword relation; VESUM lemma gate	unresolved
нервувати	synonyms	дражнити (розм.)	ULIF DictUA exact headword relation; VESUM lemma gate	unresolved
нервувати	synonyms	роздражнювати (розм.)	ULIF DictUA exact headword relation; VESUM lemma gate	unresolved
нервувати	synonyms	роз'ятрювати (розм.)	ULIF DictUA exact headword relation; VESUM lemma gate	unresolved
нервувати	synonyms	шпигати (розм.)	ULIF DictUA exact headword relation; VESUM lemma gate	unresolved
нервувати	synonyms	шкрябати (розм.)	ULIF DictUA exact headword relation; VESUM lemma gate	unresolved
нерухомий	synonyms	нерухливий	ULIF DictUA exact headword relation; VESUM lemma gate	unresolved
нерухомість	synonyms	безжиттєвість	ULIF DictUA exact headword relation; VESUM lemma gate	unresolved
нерухомість	synonyms	фіксація	ULIF DictUA exact headword relation; VESUM lemma gate	unresolved
нерухомість	synonyms	спокій	ULIF DictUA exact headword relation; VESUM lemma gate	unresolved
нерухомість	synonyms	тиша	ULIF DictUA exact headword relation; VESUM lemma gate	unresolved
нерівність	synonyms	шорсткість	ULIF DictUA exact headword relation; VESUM lemma gate	unresolved
нескінченність	synonyms	безмежність	ULIF DictUA exact headword relation; VESUM lemma gate	unresolved
нескінченність	synonyms	вічність	ULIF DictUA exact headword relation; VESUM lemma gate	unresolved
неслухняний	synonyms	некерований	ULIF DictUA exact headword relation; VESUM lemma gate	unresolved
неслухняний	synonyms	гострий	ULIF DictUA exact headword relation; VESUM lemma gate	unresolved
неслухняний	synonyms	пишний	ULIF DictUA exact headword relation; VESUM lemma gate	unresolved
неслухняний	synonyms	синій	ULIF DictUA exact headword relation; VESUM lemma gate	unresolved
неслухняний	synonyms	соковитий	ULIF DictUA exact headword relation; VESUM lemma gate	unresolved
нестямно	synonyms	люто	ULIF DictUA exact headword relation; VESUM lemma gate	unresolved
неформальний	synonyms	затишний	ULIF DictUA exact headword relation; VESUM lemma gate	unresolved
неформальний	synonyms	інтимний	ULIF DictUA exact headword relation; VESUM lemma gate	unresolved
нехворощ	synonyms	чорнобиль	ULIF DictUA exact headword relation; VESUM lemma gate	unresolved
неясний	synonyms	неяскравий	ULIF DictUA exact headword relation; VESUM lemma gate	unresolved
низький	antonyms	рослий	ULIF DictUA exact headword relation; VESUM lemma gate	unresolved
нині	synonyms	ниньки (розм.)	ULIF DictUA exact headword relation; VESUM lemma gate	unresolved
нить	synonyms	нитка	ULIF DictUA exact headword relation; VESUM lemma gate	unresolved
ниць	antonyms	горілиць	ULIF DictUA exact headword relation; VESUM lemma gate	unresolved
нищечком	synonyms	нишком	ULIF DictUA exact headword relation; VESUM lemma gate	unresolved
новонароджений	synonyms	новостворений	ULIF DictUA exact headword relation; VESUM lemma gate	unresolved
нормально	synonyms	гаразд	ULIF DictUA exact headword relation; VESUM lemma gate	unresolved
нормально	synonyms	добре	ULIF DictUA exact headword relation; VESUM lemma gate	unresolved
нормально	synonyms	загально	ULIF DictUA exact headword relation; VESUM lemma gate	unresolved
нормально	synonyms	зазвичай	ULIF DictUA exact headword relation; VESUM lemma gate	unresolved
нормально	synonyms	звичайно	ULIF DictUA exact headword relation; VESUM lemma gate	unresolved
носитися	synonyms	одягатися	ULIF DictUA exact headword relation; VESUM lemma gate	unresolved
носій	synonyms	носильник	ULIF DictUA exact headword relation; VESUM lemma gate	unresolved
нуда	synonyms	нудьгар	ULIF DictUA exact headword relation; VESUM lemma gate	unresolved
нудити	synonyms	нудитися	ULIF DictUA exact headword relation; VESUM lemma gate	unresolved
нудно	synonyms	буріння	ULIF DictUA exact headword relation; VESUM lemma gate	unresolved
нянька	synonyms	няня	ULIF DictUA exact headword relation; VESUM lemma gate	unresolved
нянька-няня	synonyms	нянька	ULIF DictUA exact headword relation; VESUM lemma gate	unresolved
няня	synonyms	нянька	ULIF DictUA exact headword relation; VESUM lemma gate	unresolved
няня	synonyms	годувальниця	ULIF DictUA exact headword relation; VESUM lemma gate	unresolved
няня	synonyms	мамка	ULIF DictUA exact headword relation; VESUM lemma gate	unresolved
нігде	synonyms	ніде	ULIF DictUA exact headword relation; VESUM lemma gate	unresolved
нігде	synonyms	нігде	ULIF DictUA exact headword relation; VESUM lemma gate	unresolved
ніжка	synonyms	гілка	ULIF DictUA exact headword relation; VESUM lemma gate	unresolved
ніжка	synonyms	розгалуження	ULIF DictUA exact headword relation; VESUM lemma gate	unresolved
ніжка	synonyms	хвостовик	ULIF DictUA exact headword relation; VESUM lemma gate	unresolved
ніяко	synonyms	ніяково	ULIF DictUA exact headword relation; VESUM lemma gate	unresolved
оаза	synonyms	оазис	ULIF DictUA exact headword relation; VESUM lemma gate	unresolved
обганяти	synonyms	відганяти	ULIF DictUA exact headword relation; VESUM lemma gate	unresolved
обганяти	synonyms	оббігати	ULIF DictUA exact headword relation; VESUM lemma gate	unresolved
обговорювати	synonyms	дебатувати	ULIF DictUA exact headword relation; VESUM lemma gate	unresolved
обговорювати	synonyms	аналізувати	ULIF DictUA exact headword relation; VESUM lemma gate	unresolved
обговорювати	synonyms	радитися	ULIF DictUA exact headword relation; VESUM lemma gate	unresolved
обговорювати	synonyms	жувати	ULIF DictUA exact headword relation; VESUM lemma gate	unresolved
обговорювати	synonyms	обмислювати	ULIF DictUA exact headword relation; VESUM lemma gate	unresolved
обговорювати	synonyms	обраховувати (рідше)	ULIF DictUA exact headword relation; VESUM lemma gate	unresolved
обговорювати	synonyms	обмовляти (заст.)	ULIF DictUA exact headword relation; VESUM lemma gate	unresolved
обговорювати	synonyms	обсмоктувати (розм.)	ULIF DictUA exact headword relation; VESUM lemma gate	unresolved
обдурювати	synonyms	брехати	ULIF DictUA exact headword relation; VESUM lemma gate	unresolved
обдурювати	synonyms	підводити	ULIF DictUA exact headword relation; VESUM lemma gate	unresolved
обидві	synonyms	обидва	ULIF DictUA exact headword relation; VESUM lemma gate	unresolved
обличчя	synonyms	твар (діал.)	ULIF DictUA exact headword relation; VESUM lemma gate	unresolved
обличчя	synonyms	взір (рідко)	ULIF DictUA exact headword relation; VESUM lemma gate	unresolved
обличчя	synonyms	позір (діал.)	ULIF DictUA exact headword relation; VESUM lemma gate	unresolved
обличчя	synonyms	постава (рідше)	ULIF DictUA exact headword relation; VESUM lemma gate	unresolved
обличчя	synonyms	лик (заст.)	ULIF DictUA exact headword relation; VESUM lemma gate	unresolved
обманювати	synonyms	махлювати	ULIF DictUA exact headword relation; VESUM lemma gate	unresolved
обманювати	synonyms	махлярити	ULIF DictUA exact headword relation; VESUM lemma gate	unresolved
обмеження	synonyms	стриманість	ULIF DictUA exact headword relation; VESUM lemma gate	unresolved
обмеження	synonyms	кваліфікаційний	ULIF DictUA exact headword relation; VESUM lemma gate	unresolved
обморозити	synonyms	обморожувати	ULIF DictUA exact headword relation; VESUM lemma gate	unresolved
оборонитися	synonyms	оборонятися	ULIF DictUA exact headword relation; VESUM lemma gate	unresolved
обпектися	synonyms	обпікатися	ULIF DictUA exact headword relation; VESUM lemma gate	unresolved
обплисти	synonyms	обпливати	ULIF DictUA exact headword relation; VESUM lemma gate	unresolved
ображати	synonyms	колоти	ULIF DictUA exact headword relation; VESUM lemma gate	unresolved
ображати	synonyms	допікати	ULIF DictUA exact headword relation; VESUM lemma gate	unresolved
ображати	synonyms	дошкуляти	ULIF DictUA exact headword relation; VESUM lemma gate	unresolved
образливо	synonyms	огидно	ULIF DictUA exact headword relation; VESUM lemma gate	unresolved
образливо	synonyms	непристойно	ULIF DictUA exact headword relation; VESUM lemma gate	unresolved
обробити	synonyms	полірувати	ULIF DictUA exact headword relation; VESUM lemma gate	unresolved
оброблений	synonyms	рафінований	ULIF DictUA exact headword relation; VESUM lemma gate	unresolved
обробник	synonyms	оброблювач	ULIF DictUA exact headword relation; VESUM lemma gate	unresolved
обрубаний	synonyms	обрубкуватий	ULIF DictUA exact headword relation; VESUM lemma gate	unresolved
обрізати	synonyms	обрізати	ULIF DictUA exact headword relation; VESUM lemma gate	unresolved
обстоювати	synonyms	заступати (розм.)	ULIF DictUA exact headword relation; VESUM lemma gate	unresolved
обстоювати	synonyms	забороняти (заст.)	ULIF DictUA exact headword relation; VESUM lemma gate	unresolved
обстоювати	synonyms	крити (заст.)	ULIF DictUA exact headword relation; VESUM lemma gate	unresolved
обстрілювати	synonyms	обстріляти	ULIF DictUA exact headword relation; VESUM lemma gate	unresolved
обстріляти	synonyms	обстрілювати	ULIF DictUA exact headword relation; VESUM lemma gate	unresolved
обходити	synonyms	іти	ULIF DictUA exact headword relation; VESUM lemma gate	unresolved
обходити	synonyms	обійти	ULIF DictUA exact headword relation; VESUM lemma gate	unresolved
обходитися	synonyms	боротися	ULIF DictUA exact headword relation; VESUM lemma gate	unresolved
обходитися	synonyms	управляти	ULIF DictUA exact headword relation; VESUM lemma gate	unresolved
обігрівач	synonyms	калорифер	ULIF DictUA exact headword relation; VESUM lemma gate	unresolved
обіймати	synonyms	пригортати	ULIF DictUA exact headword relation; VESUM lemma gate	unresolved
обійматися	synonyms	гніздитися	ULIF DictUA exact headword relation; VESUM lemma gate	unresolved
обійматися	synonyms	притискатися	ULIF DictUA exact headword relation; VESUM lemma gate	unresolved
оглушення	synonyms	сонливість	ULIF DictUA exact headword relation; VESUM lemma gate	unresolved
оглушення	synonyms	ступор	ULIF DictUA exact headword relation; VESUM lemma gate	unresolved
оглушення	synonyms	одуріння	ULIF DictUA exact headword relation; VESUM lemma gate	unresolved
огород	synonyms	город	ULIF DictUA exact headword relation; VESUM lemma gate	unresolved
од	synonyms	від	ULIF DictUA exact headword relation; VESUM lemma gate	unresolved
одиниця	synonyms	одиначка	ULIF DictUA exact headword relation; VESUM lemma gate	unresolved
одно	synonyms	один	ULIF DictUA exact headword relation; VESUM lemma gate	unresolved
одні	synonyms	один	ULIF DictUA exact headword relation; VESUM lemma gate	unresolved
одружений	synonyms	чоловік	ULIF DictUA exact headword relation; VESUM lemma gate	unresolved
одружений	synonyms	шлюбний	ULIF DictUA exact headword relation; VESUM lemma gate	unresolved
одужання	synonyms	реконвалесцент	ULIF DictUA exact headword relation; VESUM lemma gate	unresolved
одужання	synonyms	відновлення	ULIF DictUA exact headword relation; VESUM lemma gate	unresolved
одужувати	synonyms	прочунювати (розм.)	ULIF DictUA exact headword relation; VESUM lemma gate	unresolved
одуритися	synonyms	одурюватися	ULIF DictUA exact headword relation; VESUM lemma gate	unresolved
одягати	synonyms	зодягати	ULIF DictUA exact headword relation; VESUM lemma gate	unresolved
одягати	synonyms	обряджати	ULIF DictUA exact headword relation; VESUM lemma gate	unresolved
одягати	synonyms	одівати (діал.)	ULIF DictUA exact headword relation; VESUM lemma gate	unresolved
одягати	synonyms	накладати (розм.)	ULIF DictUA exact headword relation; VESUM lemma gate	unresolved
одягати	synonyms	напинати (розм.)	ULIF DictUA exact headword relation; VESUM lemma gate	unresolved
одягати	synonyms	насаджувати (розм.)	ULIF DictUA exact headword relation; VESUM lemma gate	unresolved
одягати	synonyms	начіплювати (розм.)	ULIF DictUA exact headword relation; VESUM lemma gate	unresolved
одягати	synonyms	чіпляти (розм.)	ULIF DictUA exact headword relation; VESUM lemma gate	unresolved
одягати	synonyms	насувати (розм.)	ULIF DictUA exact headword relation; VESUM lemma gate	unresolved
одягатися	synonyms	зробити	ULIF DictUA exact headword relation; VESUM lemma gate	unresolved
одягатися	synonyms	прикрашати	ULIF DictUA exact headword relation; VESUM lemma gate	unresolved
одягатися	synonyms	вигадувати	ULIF DictUA exact headword relation; VESUM lemma gate	unresolved
одягатися	synonyms	вирішувати	ULIF DictUA exact headword relation; VESUM lemma gate	unresolved
одягатися	synonyms	обдурювати	ULIF DictUA exact headword relation; VESUM lemma gate	unresolved
одягатися	synonyms	фантазувати	ULIF DictUA exact headword relation; VESUM lemma gate	unresolved
одягатися	synonyms	хитрувати	ULIF DictUA exact headword relation; VESUM lemma gate	unresolved
одягнутий	synonyms	одягнений	ULIF DictUA exact headword relation; VESUM lemma gate	unresolved
одягнутися	synonyms	одіватися	ULIF DictUA exact headword relation; VESUM lemma gate	unresolved
одягнутися	synonyms	облачатися	ULIF DictUA exact headword relation; VESUM lemma gate	unresolved
одягнутися	synonyms	обряджатися	ULIF DictUA exact headword relation; VESUM lemma gate	unresolved
одягнутися	synonyms	облачитися	ULIF DictUA exact headword relation; VESUM lemma gate	unresolved
одягнутися	synonyms	розчепуритися	ULIF DictUA exact headword relation; VESUM lemma gate	unresolved
одягнутися	synonyms	прифрантитися	ULIF DictUA exact headword relation; VESUM lemma gate	unresolved
одягнутися	synonyms	прихахулитися	ULIF DictUA exact headword relation; VESUM lemma gate	unresolved
одягнутися	synonyms	застилатися	ULIF DictUA exact headword relation; VESUM lemma gate	unresolved
одягнутися	synonyms	засновуватися	ULIF DictUA exact headword relation; VESUM lemma gate	unresolved
одягнутися	synonyms	обсновуватися	ULIF DictUA exact headword relation; VESUM lemma gate	unresolved
ожиріння	synonyms	жир	ULIF DictUA exact headword relation; VESUM lemma gate	unresolved
ожиріння	synonyms	м'ясистість	ULIF DictUA exact headword relation; VESUM lemma gate	unresolved
ожиріння	synonyms	повнота	ULIF DictUA exact headword relation; VESUM lemma gate	unresolved
ожиріння	synonyms	кремезність	ULIF DictUA exact headword relation; VESUM lemma gate	unresolved
ожиріння	synonyms	округлий	ULIF DictUA exact headword relation; VESUM lemma gate	unresolved
озвучити	synonyms	озвучувати	ULIF DictUA exact headword relation; VESUM lemma gate	unresolved
оздоровлення	synonyms	здоров'я	ULIF DictUA exact headword relation; VESUM lemma gate	unresolved
ознайомитися	synonyms	ознайомлюватися	ULIF DictUA exact headword relation; VESUM lemma gate	unresolved
окисний	synonyms	окиснювальний	ULIF DictUA exact headword relation; VESUM lemma gate	unresolved
окисний	synonyms	окислювальний	ULIF DictUA exact headword relation; VESUM lemma gate	unresolved
округ	synonyms	навколо	ULIF DictUA exact headword relation; VESUM lemma gate	unresolved
округи	synonyms	навколо	ULIF DictUA exact headword relation; VESUM lemma gate	unresolved
окрім	synonyms	крім	ULIF DictUA exact headword relation; VESUM lemma gate	unresolved
окріп	synonyms	кипінь (розм.)	ULIF DictUA exact headword relation; VESUM lemma gate	unresolved
окріп	synonyms	кріп	ULIF DictUA exact headword relation; VESUM lemma gate	unresolved
оксамит	synonyms	орлики	ULIF DictUA exact headword relation; VESUM lemma gate	unresolved
оксюморон	synonyms	оксиморон	ULIF DictUA exact headword relation; VESUM lemma gate	unresolved
омолодження	synonyms	озеленення	ULIF DictUA exact headword relation; VESUM lemma gate	unresolved
оно	synonyms	он	ULIF DictUA exact headword relation; VESUM lemma gate	unresolved
оновлення	synonyms	доповнення	ULIF DictUA exact headword relation; VESUM lemma gate	unresolved
оновлення	synonyms	поповнення	ULIF DictUA exact headword relation; VESUM lemma gate	unresolved
онучка	synonyms	онуча	ULIF DictUA exact headword relation; VESUM lemma gate	unresolved
онучок	synonyms	внучок	ULIF DictUA exact headword relation; VESUM lemma gate	unresolved
опанувати	synonyms	оволодівати	ULIF DictUA exact headword relation; VESUM lemma gate	unresolved
опанувати	synonyms	оволодіти	ULIF DictUA exact headword relation; VESUM lemma gate	unresolved
опанувати	synonyms	осилити	ULIF DictUA exact headword relation; VESUM lemma gate	unresolved
опанувати	synonyms	осилювати	ULIF DictUA exact headword relation; VESUM lemma gate	unresolved
описувати	synonyms	оповідати	ULIF DictUA exact headword relation; VESUM lemma gate	unresolved
описувати	synonyms	малювати (рідше)	ULIF DictUA exact headword relation; VESUM lemma gate	unresolved
описувати	synonyms	обмальовувати (рідко)	ULIF DictUA exact headword relation; VESUM lemma gate	unresolved
опитати	synonyms	опитувати	ULIF DictUA exact headword relation; VESUM lemma gate	unresolved
опріч	synonyms	крім	ULIF DictUA exact headword relation; VESUM lemma gate	unresolved
опуклий	antonyms	угнутий	ULIF DictUA exact headword relation; VESUM lemma gate	unresolved
опіум	synonyms	опій	ULIF DictUA exact headword relation; VESUM lemma gate	unresolved
організувати	synonyms	організовувати	ULIF DictUA exact headword relation; VESUM lemma gate	unresolved
орієнтир	synonyms	настанова	ULIF DictUA exact headword relation; VESUM lemma gate	unresolved
орієнтир	synonyms	довідка	ULIF DictUA exact headword relation; VESUM lemma gate	unresolved
осип	synonyms	осипище	ULIF DictUA exact headword relation; VESUM lemma gate	unresolved
ослаблений	synonyms	зменшений	ULIF DictUA exact headword relation; VESUM lemma gate	unresolved
ослаблений	synonyms	зіпсований	ULIF DictUA exact headword relation; VESUM lemma gate	unresolved
ослаблений	synonyms	поранений	ULIF DictUA exact headword relation; VESUM lemma gate	unresolved
ослаблений	synonyms	розріз	ULIF DictUA exact headword relation; VESUM lemma gate	unresolved
ослаблений	synonyms	вицвілий	ULIF DictUA exact headword relation; VESUM lemma gate	unresolved
ослаблений	synonyms	ослабити	ULIF DictUA exact headword relation; VESUM lemma gate	unresolved
ослаблення	synonyms	ремісія	ULIF DictUA exact headword relation; VESUM lemma gate	unresolved
ослаблення	synonyms	загасання	ULIF DictUA exact headword relation; VESUM lemma gate	unresolved
ослаблення	synonyms	розслаблення	ULIF DictUA exact headword relation; VESUM lemma gate	unresolved
ослаблення	synonyms	полегшення	ULIF DictUA exact headword relation; VESUM lemma gate	unresolved
особливо	synonyms	дивно	ULIF DictUA exact headword relation; VESUM lemma gate	unresolved
особливо	synonyms	незрозуміло	ULIF DictUA exact headword relation; VESUM lemma gate	unresolved
особливо	synonyms	цікаво	ULIF DictUA exact headword relation; VESUM lemma gate	unresolved
особливо	synonyms	зокрема	ULIF DictUA exact headword relation; VESUM lemma gate	unresolved
особливо	synonyms	спеціально	ULIF DictUA exact headword relation; VESUM lemma gate	unresolved
осоромлювати	synonyms	безславити (рідше)	ULIF DictUA exact headword relation; VESUM lemma gate	unresolved
осоромлювати	synonyms	ославлювати (рідше)	ULIF DictUA exact headword relation; VESUM lemma gate	unresolved
осоромлювати	synonyms	ославляти (рідше)	ULIF DictUA exact headword relation; VESUM lemma gate	unresolved
осоромлювати	synonyms	осоромляти (рідше)	ULIF DictUA exact headword relation; VESUM lemma gate	unresolved
осоромлювати	synonyms	заплямовувати (рідше)	ULIF DictUA exact headword relation; VESUM lemma gate	unresolved
ост	antonyms	вест	ULIF DictUA exact headword relation; VESUM lemma gate	unresolved
ост	synonyms	остюк	ULIF DictUA exact headword relation; VESUM lemma gate	unresolved
останній	antonyms	перший	ULIF DictUA exact headword relation; VESUM lemma gate	unresolved
осіянний	synonyms	осяйний	ULIF DictUA exact headword relation; VESUM lemma gate	unresolved
отже	synonyms	звідти	ULIF DictUA exact headword relation; VESUM lemma gate	unresolved
отже	synonyms	відповідно	ULIF DictUA exact headword relation; VESUM lemma gate	unresolved
отже	synonyms	тому	ULIF DictUA exact headword relation; VESUM lemma gate	unresolved
оточувати	synonyms	обскакувати	ULIF DictUA exact headword relation; VESUM lemma gate	unresolved
отримання	synonyms	одержання	ULIF DictUA exact headword relation; VESUM lemma gate	unresolved
отримання	synonyms	виведення	ULIF DictUA exact headword relation; VESUM lemma gate	unresolved
отримання	synonyms	деривація	ULIF DictUA exact headword relation; VESUM lemma gate	unresolved
отримання	synonyms	етимологізація	ULIF DictUA exact headword relation; VESUM lemma gate	unresolved
отримувати	synonyms	уробляти (розм.)	ULIF DictUA exact headword relation; VESUM lemma gate	unresolved
отримувати	synonyms	запрацьовувати (рідко)	ULIF DictUA exact headword relation; VESUM lemma gate	unresolved
отруєння	synonyms	інтоксикація	ULIF DictUA exact headword relation; VESUM lemma gate	unresolved
отруїтися	synonyms	отруюватися	ULIF DictUA exact headword relation; VESUM lemma gate	unresolved
отямитися	synonyms	опам'ятуватися	ULIF DictUA exact headword relation; VESUM lemma gate	unresolved
отямитися	synonyms	очутитися	ULIF DictUA exact headword relation; VESUM lemma gate	unresolved
отямитися	synonyms	очутіти	ULIF DictUA exact headword relation; VESUM lemma gate	unresolved
отямитися	synonyms	охаменутися	ULIF DictUA exact headword relation; VESUM lemma gate	unresolved
отямитися	synonyms	опам'ятовуватися	ULIF DictUA exact headword relation; VESUM lemma gate	unresolved
отямитися	synonyms	спам'ятовуватися	ULIF DictUA exact headword relation; VESUM lemma gate	unresolved
отямитися	synonyms	прочумуватися	ULIF DictUA exact headword relation; VESUM lemma gate	unresolved
отямитися	synonyms	прочинатися	ULIF DictUA exact headword relation; VESUM lemma gate	unresolved
отямитися	synonyms	прочутитися	ULIF DictUA exact headword relation; VESUM lemma gate	unresolved
отямитися	synonyms	очапатися	ULIF DictUA exact headword relation; VESUM lemma gate	unresolved
оформлювати	synonyms	оформляти	ULIF DictUA exact headword relation; VESUM lemma gate	unresolved
ох	synonyms	охання	ULIF DictUA exact headword relation; VESUM lemma gate	unresolved
охолоджувати	synonyms	остуджувати	ULIF DictUA exact headword relation; VESUM lemma gate	unresolved
охолоджувати	synonyms	холодити	ULIF DictUA exact headword relation; VESUM lemma gate	unresolved
охолоджувати	synonyms	студити	ULIF DictUA exact headword relation; VESUM lemma gate	unresolved
охолоджувати	synonyms	вихолоджувати	ULIF DictUA exact headword relation; VESUM lemma gate	unresolved
охолоджувати	synonyms	охолодити	ULIF DictUA exact headword relation; VESUM lemma gate	unresolved
охота	synonyms	полювання	ULIF DictUA exact headword relation; VESUM lemma gate	unresolved
очиститися	synonyms	очищатися	ULIF DictUA exact headword relation; VESUM lemma gate	unresolved
очищати	synonyms	вичищувати	ULIF DictUA exact headword relation; VESUM lemma gate	unresolved
очищення	synonyms	обмивання	ULIF DictUA exact headword relation; VESUM lemma gate	unresolved
очищення	synonyms	прибирання	ULIF DictUA exact headword relation; VESUM lemma gate	unresolved
очищення	synonyms	чистка	ULIF DictUA exact headword relation; VESUM lemma gate	unresolved
очищення	synonyms	рафінування	ULIF DictUA exact headword relation; VESUM lemma gate	unresolved
очний	antonyms	заочний	ULIF DictUA exact headword relation; VESUM lemma gate	unresolved
очікування	synonyms	передбачення	ULIF DictUA exact headword relation; VESUM lemma gate	unresolved
очікувати	synonyms	чекатися (розм.)	ULIF DictUA exact headword relation; VESUM lemma gate	unresolved
очікувати	synonyms	тривати (заст.)	ULIF DictUA exact headword relation; VESUM lemma gate	unresolved
очікувати	synonyms	наджидати (розм.)	ULIF DictUA exact headword relation; VESUM lemma gate	unresolved
очікувати	synonyms	піджидати (розм.)	ULIF DictUA exact headword relation; VESUM lemma gate	unresolved
очікувати	synonyms	зажидати (розм.)	ULIF DictUA exact headword relation; VESUM lemma gate	unresolved
очікувати	synonyms	чигати (розм.)	ULIF DictUA exact headword relation; VESUM lemma gate	unresolved
очікувати	synonyms	чапіти (діал.)	ULIF DictUA exact headword relation; VESUM lemma gate	unresolved
очікувати	synonyms	підстерігати (розм.)	ULIF DictUA exact headword relation; VESUM lemma gate	unresolved
очікувати	synonyms	пантрувати (розм.)	ULIF DictUA exact headword relation; VESUM lemma gate	unresolved
пагорб	synonyms	пагорбок	ULIF DictUA exact headword relation; VESUM lemma gate	unresolved
пагорб	synonyms	горбина (рідше)	ULIF DictUA exact headword relation; VESUM lemma gate	unresolved
падалка	synonyms	падалиця	ULIF DictUA exact headword relation; VESUM lemma gate	unresolved
палений	synonyms	паленка	ULIF DictUA exact headword relation; VESUM lemma gate	unresolved
пам-ятати	synonyms	думати	ULIF DictUA exact headword relation; VESUM lemma gate	unresolved
пам-ятати	synonyms	поминати	ULIF DictUA exact headword relation; VESUM lemma gate	unresolved
пам-ять	synonyms	жетон	ULIF DictUA exact headword relation; VESUM lemma gate	unresolved
пам-ять	synonyms	реліквія	ULIF DictUA exact headword relation; VESUM lemma gate	unresolved
пам-ять	synonyms	сувенір	ULIF DictUA exact headword relation; VESUM lemma gate	unresolved
пам-ять	synonyms	запам'ятовування	ULIF DictUA exact headword relation; VESUM lemma gate	unresolved
пам-ять	synonyms	анамнез	ULIF DictUA exact headword relation; VESUM lemma gate	unresolved
пам-ять	synonyms	пригадування	ULIF DictUA exact headword relation; VESUM lemma gate	unresolved
пам-ять	synonyms	відзначення	ULIF DictUA exact headword relation; VESUM lemma gate	unresolved
панянка	synonyms	панна	ULIF DictUA exact headword relation; VESUM lemma gate	unresolved
папський	synonyms	католицизм	ULIF DictUA exact headword relation; VESUM lemma gate	unresolved
пар	synonyms	парення	ULIF DictUA exact headword relation; VESUM lemma gate	unresolved
парадний	antonyms	задній	ULIF DictUA exact headword relation; VESUM lemma gate	unresolved
парадний	antonyms	чорний	ULIF DictUA exact headword relation; VESUM lemma gate	unresolved
паразитичний	synonyms	паразитарний	ULIF DictUA exact headword relation; VESUM lemma gate	unresolved
пардон	synonyms	прощення	ULIF DictUA exact headword relation; VESUM lemma gate	unresolved
парламентар	synonyms	парламентарій	ULIF DictUA exact headword relation; VESUM lemma gate	unresolved
парламентський	synonyms	парламентарний	ULIF DictUA exact headword relation; VESUM lemma gate	unresolved
партійний	synonyms	партбудівництво	ULIF DictUA exact headword relation; VESUM lemma gate	unresolved
парубоцтво	synonyms	парубота	ULIF DictUA exact headword relation; VESUM lemma gate	unresolved
парубійка	synonyms	парубійко	ULIF DictUA exact headword relation; VESUM lemma gate	unresolved
парус	synonyms	промінь	ULIF DictUA exact headword relation; VESUM lemma gate	unresolved
парцеляція	synonyms	наділ	ULIF DictUA exact headword relation; VESUM lemma gate	unresolved
парцеляція	synonyms	присвоєння	ULIF DictUA exact headword relation; VESUM lemma gate	unresolved
пах	synonyms	запах	ULIF DictUA exact headword relation; VESUM lemma gate	unresolved
пацюк	synonyms	порося	ULIF DictUA exact headword relation; VESUM lemma gate	unresolved
паша	synonyms	пасовище	ULIF DictUA exact headword relation; VESUM lemma gate	unresolved
пенні	synonyms	пенс	ULIF DictUA exact headword relation; VESUM lemma gate	unresolved
первий	synonyms	перший	ULIF DictUA exact headword relation; VESUM lemma gate	unresolved
первістка	synonyms	первачка	ULIF DictUA exact headword relation; VESUM lemma gate	unresolved
пергамен	synonyms	пергамент	ULIF DictUA exact headword relation; VESUM lemma gate	unresolved
перебирати	synonyms	переодягати	ULIF DictUA exact headword relation; VESUM lemma gate	unresolved
перебиратися	synonyms	переодягатися	ULIF DictUA exact headword relation; VESUM lemma gate	unresolved
перебудуватися	synonyms	перебудовуватися	ULIF DictUA exact headword relation; VESUM lemma gate	unresolved
перебігати	synonyms	бігти	ULIF DictUA exact headword relation; VESUM lemma gate	unresolved
перебігати	synonyms	пробігати	ULIF DictUA exact headword relation; VESUM lemma gate	unresolved
перебігати	synonyms	збігати	ULIF DictUA exact headword relation; VESUM lemma gate	unresolved
перебігати	synonyms	проноситися	ULIF DictUA exact headword relation; VESUM lemma gate	unresolved
перебігати	synonyms	мчати	ULIF DictUA exact headword relation; VESUM lemma gate	unresolved
перебігати	synonyms	мчатися	ULIF DictUA exact headword relation; VESUM lemma gate	unresolved
перебігати	synonyms	летіти	ULIF DictUA exact headword relation; VESUM lemma gate	unresolved
перебігати	synonyms	пролітати	ULIF DictUA exact headword relation; VESUM lemma gate	unresolved
перебігати	synonyms	перебігти	ULIF DictUA exact headword relation; VESUM lemma gate	unresolved
перевал	synonyms	виїмка	ULIF DictUA exact headword relation; VESUM lemma gate	unresolved
перевантажений	synonyms	обтяжений	ULIF DictUA exact headword relation; VESUM lemma gate	unresolved
перевантажувати	synonyms	перекладати	ULIF DictUA exact headword relation; VESUM lemma gate	unresolved
перевернути	synonyms	турлити	ULIF DictUA exact headword relation; VESUM lemma gate	unresolved
перевернути	synonyms	повергти	ULIF DictUA exact headword relation; VESUM lemma gate	unresolved
перевернутися	synonyms	переіначуватися	ULIF DictUA exact headword relation; VESUM lemma gate	unresolved
перевернутися	synonyms	переіначитися	ULIF DictUA exact headword relation; VESUM lemma gate	unresolved
перевтомитися	synonyms	перебитися (розм.)	ULIF DictUA exact headword relation; VESUM lemma gate	unresolved
перевтомитися	synonyms	перетрудитися (розм.)	ULIF DictUA exact headword relation; VESUM lemma gate	unresolved
перевіз	synonyms	перевезення	ULIF DictUA exact headword relation; VESUM lemma gate	unresolved
переганяти	synonyms	гнати	ULIF DictUA exact headword relation; VESUM lemma gate	unresolved
переганяти	synonyms	попереджати (рідше)	ULIF DictUA exact headword relation; VESUM lemma gate	unresolved
переганяти	synonyms	попереджувати (рідше)	ULIF DictUA exact headword relation; VESUM lemma gate	unresolved
перегризти	synonyms	перегризати	ULIF DictUA exact headword relation; VESUM lemma gate	unresolved
перед	synonyms	переді	ULIF DictUA exact headword relation; VESUM lemma gate	unresolved
передавати	synonyms	доручати	ULIF DictUA exact headword relation; VESUM lemma gate	unresolved
передавати	synonyms	розтикати (розм.)	ULIF DictUA exact headword relation; VESUM lemma gate	unresolved
передавати	synonyms	висловлювати	ULIF DictUA exact headword relation; VESUM lemma gate	unresolved
передзвонити	synonyms	передзвонювати	ULIF DictUA exact headword relation; VESUM lemma gate	unresolved
передній	synonyms	становий (рідше)	ULIF DictUA exact headword relation; VESUM lemma gate	unresolved
передній	synonyms	вирішний (рідше)	ULIF DictUA exact headword relation; VESUM lemma gate	unresolved
передо	synonyms	перед	ULIF DictUA exact headword relation; VESUM lemma gate	unresolved
переді	synonyms	перед	ULIF DictUA exact headword relation; VESUM lemma gate	unresolved
перезарядити	synonyms	перезаряджати	ULIF DictUA exact headword relation; VESUM lemma gate	unresolved
перезимувати	synonyms	перезимовувати	ULIF DictUA exact headword relation; VESUM lemma gate	unresolved
переймати	synonyms	перехоплювати	ULIF DictUA exact headword relation; VESUM lemma gate	unresolved
переймати	synonyms	перейняти	ULIF DictUA exact headword relation; VESUM lemma gate	unresolved
перейменувати	synonyms	перейменовувати	ULIF DictUA exact headword relation; VESUM lemma gate	unresolved
перекинутий	synonyms	перекинений	ULIF DictUA exact headword relation; VESUM lemma gate	unresolved
перекладати	synonyms	укладати	ULIF DictUA exact headword relation; VESUM lemma gate	unresolved
перекладати	synonyms	класти	ULIF DictUA exact headword relation; VESUM lemma gate	unresolved
переконатися	synonyms	досвідчитися (діал.)	ULIF DictUA exact headword relation; VESUM lemma gate	unresolved
переконатися	synonyms	досвідчити (діал.)	ULIF DictUA exact headword relation; VESUM lemma gate	unresolved
переконатися	synonyms	допевнитися (рідше)	ULIF DictUA exact headword relation; VESUM lemma gate	unresolved
переконатися	synonyms	звіритися (рідше)	ULIF DictUA exact headword relation; VESUM lemma gate	unresolved
переконатися	synonyms	увіритися (діал.)	ULIF DictUA exact headword relation; VESUM lemma gate	unresolved
перекір	synonyms	опір	ULIF DictUA exact headword relation; VESUM lemma gate	unresolved
перемножити	synonyms	перемножувати	ULIF DictUA exact headword relation; VESUM lemma gate	unresolved
перемотати	synonyms	перемотувати	ULIF DictUA exact headword relation; VESUM lemma gate	unresolved
перенавантажити	synonyms	перенавантажувати	ULIF DictUA exact headword relation; VESUM lemma gate	unresolved
перенаселення	synonyms	перенаселеність	ULIF DictUA exact headword relation; VESUM lemma gate	unresolved
перенестися	synonyms	рости	ULIF DictUA exact headword relation; VESUM lemma gate	unresolved
перенестися	synonyms	повзти	ULIF DictUA exact headword relation; VESUM lemma gate	unresolved
перенестися	synonyms	розповзатися	ULIF DictUA exact headword relation; VESUM lemma gate	unresolved
перенестися	synonyms	просочуватися	ULIF DictUA exact headword relation; VESUM lemma gate	unresolved
перенестися	synonyms	переноситися	ULIF DictUA exact headword relation; VESUM lemma gate	unresolved
переносити	synonyms	носити	ULIF DictUA exact headword relation; VESUM lemma gate	unresolved
переносити	synonyms	нести	ULIF DictUA exact headword relation; VESUM lemma gate	unresolved
переночувати	synonyms	переночовувати	ULIF DictUA exact headword relation; VESUM lemma gate	unresolved
переосмислити	synonyms	переосмислювати	ULIF DictUA exact headword relation; VESUM lemma gate	unresolved
переоцінити	synonyms	переоцінювати	ULIF DictUA exact headword relation; VESUM lemma gate	unresolved
переписуватися	synonyms	листуватися	ULIF DictUA exact headword relation; VESUM lemma gate	unresolved
перепливти	synonyms	перепливати	ULIF DictUA exact headword relation; VESUM lemma gate	unresolved
переплисти	synonyms	перепливати	ULIF DictUA exact headword relation; VESUM lemma gate	unresolved
переповнений	synonyms	інстинкт	ULIF DictUA exact headword relation; VESUM lemma gate	unresolved
перерахувати	synonyms	перечислювати	ULIF DictUA exact headword relation; VESUM lemma gate	unresolved
перерахувати	synonyms	перечислити	ULIF DictUA exact headword relation; VESUM lemma gate	unresolved
переривати	synonyms	розривати	ULIF DictUA exact headword relation; VESUM lemma gate	unresolved
перерозподілити	synonyms	перерозподіляти	ULIF DictUA exact headword relation; VESUM lemma gate	unresolved
перерізати	synonyms	пересікати	ULIF DictUA exact headword relation; VESUM lemma gate	unresolved
перерізати	synonyms	пересікти	ULIF DictUA exact headword relation; VESUM lemma gate	unresolved
перерізати	synonyms	розбатовувати	ULIF DictUA exact headword relation; VESUM lemma gate	unresolved
перерізати	synonyms	розплатувати	ULIF DictUA exact headword relation; VESUM lemma gate	unresolved
перерізати	synonyms	перерізати	ULIF DictUA exact headword relation; VESUM lemma gate	unresolved
переслухати	synonyms	переслухувати	ULIF DictUA exact headword relation; VESUM lemma gate	unresolved
переставати	synonyms	припиняти	ULIF DictUA exact headword relation; VESUM lemma gate	unresolved
переставати	synonyms	облишати	ULIF DictUA exact headword relation; VESUM lemma gate	unresolved
переставати	synonyms	лишати	ULIF DictUA exact headword relation; VESUM lemma gate	unresolved
переставати	synonyms	перестати	ULIF DictUA exact headword relation; VESUM lemma gate	unresolved
переступити	synonyms	пересікати	ULIF DictUA exact headword relation; VESUM lemma gate	unresolved
переступити	synonyms	пересікти	ULIF DictUA exact headword relation; VESUM lemma gate	unresolved
перетин	synonyms	перетинання	ULIF DictUA exact headword relation; VESUM lemma gate	unresolved
перетнути	synonyms	пересікати	ULIF DictUA exact headword relation; VESUM lemma gate	unresolved
перетнути	synonyms	пересікти	ULIF DictUA exact headword relation; VESUM lemma gate	unresolved
перетнути	synonyms	перещіпувати	ULIF DictUA exact headword relation; VESUM lemma gate	unresolved
перетнути	synonyms	стиснути	ULIF DictUA exact headword relation; VESUM lemma gate	unresolved
перетравлювати	synonyms	миритися	ULIF DictUA exact headword relation; VESUM lemma gate	unresolved
перетравлювати	synonyms	підтримувати	ULIF DictUA exact headword relation; VESUM lemma gate	unresolved
перетравлювати	synonyms	стирчати	ULIF DictUA exact headword relation; VESUM lemma gate	unresolved
перетравлювати	synonyms	стояти	ULIF DictUA exact headword relation; VESUM lemma gate	unresolved
перетравлювати	synonyms	страждати	ULIF DictUA exact headword relation; VESUM lemma gate	unresolved
переходити	synonyms	проходити	ULIF DictUA exact headword relation; VESUM lemma gate	unresolved
перечитати	synonyms	перечитувати	ULIF DictUA exact headword relation; VESUM lemma gate	unresolved
перечитувати	synonyms	читати	ULIF DictUA exact headword relation; VESUM lemma gate	unresolved
перешкоджати	synonyms	перебаранчати (розм.)	ULIF DictUA exact headword relation; VESUM lemma gate	unresolved
перешкоджати	synonyms	перечити (рідше)	ULIF DictUA exact headword relation; VESUM lemma gate	unresolved
перешкоджати	synonyms	суперечити (рідше)	ULIF DictUA exact headword relation; VESUM lemma gate	unresolved
переїдання	synonyms	обжерливість	ULIF DictUA exact headword relation; VESUM lemma gate	unresolved
перина	synonyms	пір'їна	ULIF DictUA exact headword relation; VESUM lemma gate	unresolved
персоналізувати	synonyms	персоніфікувати	ULIF DictUA exact headword relation; VESUM lemma gate	unresolved
перспектива	synonyms	прогноз	ULIF DictUA exact headword relation; VESUM lemma gate	unresolved
перспектива	synonyms	аспект	ULIF DictUA exact headword relation; VESUM lemma gate	unresolved
перспектива	synonyms	панорама	ULIF DictUA exact headword relation; VESUM lemma gate	unresolved
перспектива	synonyms	сцена	ULIF DictUA exact headword relation; VESUM lemma gate	unresolved
перспектива	synonyms	позиція	ULIF DictUA exact headword relation; VESUM lemma gate	unresolved
перспектива	synonyms	кандидат	ULIF DictUA exact headword relation; VESUM lemma gate	unresolved
перший	antonyms	останній	ULIF DictUA exact headword relation; VESUM lemma gate	unresolved
першокурсник	synonyms	молодняк	ULIF DictUA exact headword relation; VESUM lemma gate	unresolved
першокурсник	synonyms	неофіт	ULIF DictUA exact headword relation; VESUM lemma gate	unresolved
першокурсник	synonyms	учасник	ULIF DictUA exact headword relation; VESUM lemma gate	unresolved
пес	synonyms	гавкун	ULIF DictUA exact headword relation; VESUM lemma gate	unresolved
петлі	synonyms	петля	ULIF DictUA exact headword relation; VESUM lemma gate	unresolved
печаль	synonyms	клопіт	ULIF DictUA exact headword relation; VESUM lemma gate	unresolved
пивний	synonyms	пивниця	ULIF DictUA exact headword relation; VESUM lemma gate	unresolved
пильність	synonyms	тривога	ULIF DictUA exact headword relation; VESUM lemma gate	unresolved
пильність	synonyms	первинність	ULIF DictUA exact headword relation; VESUM lemma gate	unresolved
пильність	synonyms	розважливість	ULIF DictUA exact headword relation; VESUM lemma gate	unresolved
писаний	antonyms	усний	ULIF DictUA exact headword relation; VESUM lemma gate	unresolved
плавання	synonyms	плавба	ULIF DictUA exact headword relation; VESUM lemma gate	unresolved
плавання	synonyms	плав	ULIF DictUA exact headword relation; VESUM lemma gate	unresolved
плавання	synonyms	каботаж	ULIF DictUA exact headword relation; VESUM lemma gate	unresolved
плагіат	synonyms	піратство	ULIF DictUA exact headword relation; VESUM lemma gate	unresolved
плакат	synonyms	вивіска	ULIF DictUA exact headword relation; VESUM lemma gate	unresolved
плакат	synonyms	картка	ULIF DictUA exact headword relation; VESUM lemma gate	unresolved
плакат	synonyms	рахунок	ULIF DictUA exact headword relation; VESUM lemma gate	unresolved
планувати	synonyms	вигадувати	ULIF DictUA exact headword relation; VESUM lemma gate	unresolved
пластир	synonyms	бинт	ULIF DictUA exact headword relation; VESUM lemma gate	unresolved
пластир	synonyms	лейкопластир	ULIF DictUA exact headword relation; VESUM lemma gate	unresolved
пластир	synonyms	припарка	ULIF DictUA exact headword relation; VESUM lemma gate	unresolved
платформа	synonyms	бортовий	ULIF DictUA exact headword relation; VESUM lemma gate	unresolved
платформа	synonyms	квартира	ULIF DictUA exact headword relation; VESUM lemma gate	unresolved
плач	synonyms	тужливий	ULIF DictUA exact headword relation; VESUM lemma gate	unresolved
плач	synonyms	траур	ULIF DictUA exact headword relation; VESUM lemma gate	unresolved
плач	synonyms	елегія	ULIF DictUA exact headword relation; VESUM lemma gate	unresolved
плач	synonyms	реквієм	ULIF DictUA exact headword relation; VESUM lemma gate	unresolved
плач	synonyms	крик	ULIF DictUA exact headword relation; VESUM lemma gate	unresolved
плач	synonyms	брутальний	ULIF DictUA exact headword relation; VESUM lemma gate	unresolved
плач	synonyms	ранг	ULIF DictUA exact headword relation; VESUM lemma gate	unresolved
плюралізм	antonyms	монізм	ULIF DictUA exact headword relation; VESUM lemma gate	unresolved
пліснява	synonyms	пліснявина (розм.)	ULIF DictUA exact headword relation; VESUM lemma gate	unresolved
пліснява	synonyms	пліснявка (розм.)	ULIF DictUA exact headword relation; VESUM lemma gate	unresolved
пліт	synonyms	живопліт	ULIF DictUA exact headword relation; VESUM lemma gate	unresolved
по	antonyms	проти	ULIF DictUA exact headword relation; VESUM lemma gate	unresolved
по	synonyms	геть	ULIF DictUA exact headword relation; VESUM lemma gate	unresolved
по	synonyms	осторонь	ULIF DictUA exact headword relation; VESUM lemma gate	unresolved
по-англійськи	synonyms	по-англійському	ULIF DictUA exact headword relation; VESUM lemma gate	unresolved
по-батьківськи	synonyms	по-батьківському	ULIF DictUA exact headword relation; VESUM lemma gate	unresolved
по-братерськи	synonyms	по-братерському	ULIF DictUA exact headword relation; VESUM lemma gate	unresolved
по-друге	synonyms	другий	ULIF DictUA exact headword relation; VESUM lemma gate	unresolved
по-змовницьки	synonyms	по-змовницькому	ULIF DictUA exact headword relation; VESUM lemma gate	unresolved
по-козацьки	synonyms	по-козацькому	ULIF DictUA exact headword relation; VESUM lemma gate	unresolved
по-людськи	synonyms	по-людському	ULIF DictUA exact headword relation; VESUM lemma gate	unresolved
по-панськи	synonyms	по-панському	ULIF DictUA exact headword relation; VESUM lemma gate	unresolved
по-російськи	synonyms	по-російському	ULIF DictUA exact headword relation; VESUM lemma gate	unresolved
по-татарськи	synonyms	по-татарському	ULIF DictUA exact headword relation; VESUM lemma gate	unresolved
по-турецьки	synonyms	по-турецькому	ULIF DictUA exact headword relation; VESUM lemma gate	unresolved
по-українськи	synonyms	по-українському	ULIF DictUA exact headword relation; VESUM lemma gate	unresolved
по-французьки	synonyms	по-французькому	ULIF DictUA exact headword relation; VESUM lemma gate	unresolved
по-хазяйськи	synonyms	по-хазяйському	ULIF DictUA exact headword relation; VESUM lemma gate	unresolved
по-японськи	synonyms	по-японському	ULIF DictUA exact headword relation; VESUM lemma gate	unresolved
побити	synonyms	барабанити	ULIF DictUA exact headword relation; VESUM lemma gate	unresolved
побити	synonyms	мітингувати	ULIF DictUA exact headword relation; VESUM lemma gate	unresolved
побудувати	synonyms	реконструювати	ULIF DictUA exact headword relation; VESUM lemma gate	unresolved
побільше	synonyms	здебільшого	ULIF DictUA exact headword relation; VESUM lemma gate	unresolved
пов-язаний	synonyms	призначений	ULIF DictUA exact headword relation; VESUM lemma gate	unresolved
пов-язаний	synonyms	скріплений	ULIF DictUA exact headword relation; VESUM lemma gate	unresolved
повен	synonyms	наповнений	ULIF DictUA exact headword relation; VESUM lemma gate	unresolved
повен	synonyms	заповнений	ULIF DictUA exact headword relation; VESUM lemma gate	unresolved
повен	synonyms	сповнений	ULIF DictUA exact headword relation; VESUM lemma gate	unresolved
повертати	synonyms	кружеляти (розм.)	ULIF DictUA exact headword relation; VESUM lemma gate	unresolved
повертати	synonyms	млинкувати (розм.)	ULIF DictUA exact headword relation; VESUM lemma gate	unresolved
повертати	synonyms	вихорити (розм.)	ULIF DictUA exact headword relation; VESUM lemma gate	unresolved
повертати	synonyms	вихрити (розм.)	ULIF DictUA exact headword relation; VESUM lemma gate	unresolved
повертатися	synonyms	ворушитися	ULIF DictUA exact headword relation; VESUM lemma gate	unresolved
повертатися	synonyms	спрямовуватися	ULIF DictUA exact headword relation; VESUM lemma gate	unresolved
поверховий	synonyms	поверхневий	ULIF DictUA exact headword relation; VESUM lemma gate	unresolved
повздовж	synonyms	подовж	ULIF DictUA exact headword relation; VESUM lemma gate	unresolved
повно	antonyms	мало	ULIF DictUA exact headword relation; VESUM lemma gate	unresolved
поводитися	synonyms	діяти	ULIF DictUA exact headword relation; VESUM lemma gate	unresolved
поводитися	synonyms	лікувати	ULIF DictUA exact headword relation; VESUM lemma gate	unresolved
поводитися	synonyms	вести	ULIF DictUA exact headword relation; VESUM lemma gate	unresolved
поводитися	synonyms	виправдовувати	ULIF DictUA exact headword relation; VESUM lemma gate	unresolved
поводитися	synonyms	нести	ULIF DictUA exact headword relation; VESUM lemma gate	unresolved
повоєнний	synonyms	післявоєнний	ULIF DictUA exact headword relation; VESUM lemma gate	unresolved
повторювати	synonyms	переказувати	ULIF DictUA exact headword relation; VESUM lemma gate	unresolved
повторювати	synonyms	повторити	ULIF DictUA exact headword relation; VESUM lemma gate	unresolved
повторювати	synonyms	копіювати	ULIF DictUA exact headword relation; VESUM lemma gate	unresolved
повідомляти	synonyms	заповідати	ULIF DictUA exact headword relation; VESUM lemma gate	unresolved
повідомляти	synonyms	повідомити	ULIF DictUA exact headword relation; VESUM lemma gate	unresolved
повідомляти	synonyms	оповідати	ULIF DictUA exact headword relation; VESUM lemma gate	unresolved
поганий	antonyms	добрий	ULIF DictUA exact headword relation; VESUM lemma gate	unresolved
поганий	antonyms	хороший	ULIF DictUA exact headword relation; VESUM lemma gate	unresolved
погляд	synonyms	зір	ULIF DictUA exact headword relation; VESUM lemma gate	unresolved
погрозити	synonyms	нагрожуватися	ULIF DictUA exact headword relation; VESUM lemma gate	unresolved
погрозити	synonyms	відхвалитися	ULIF DictUA exact headword relation; VESUM lemma gate	unresolved
погріб	synonyms	пивниця (діал.)	ULIF DictUA exact headword relation; VESUM lemma gate	unresolved
погіршення	synonyms	роздратування	ULIF DictUA exact headword relation; VESUM lemma gate	unresolved
погіршення	synonyms	деградація	ULIF DictUA exact headword relation; VESUM lemma gate	unresolved
погіршення	synonyms	зниження	ULIF DictUA exact headword relation; VESUM lemma gate	unresolved
погіршуватися	synonyms	паршивіти	ULIF DictUA exact headword relation; VESUM lemma gate	unresolved
погіршуватися	synonyms	подаватися	ULIF DictUA exact headword relation; VESUM lemma gate	unresolved
погіршуватися	synonyms	поганіти (розм.)	ULIF DictUA exact headword relation; VESUM lemma gate	unresolved
погіршуватися	synonyms	розклеюватися (розм.)	ULIF DictUA exact headword relation; VESUM lemma gate	unresolved
подальше	synonyms	подалі	ULIF DictUA exact headword relation; VESUM lemma gate	unresolved
подальший	antonyms	попередній	ULIF DictUA exact headword relation; VESUM lemma gate	unresolved
подих	synonyms	дух (розм.)	ULIF DictUA exact headword relation; VESUM lemma gate	unresolved
подорожник	synonyms	подорожанин	ULIF DictUA exact headword relation; VESUM lemma gate	unresolved
подразнення	synonyms	іннервація	ULIF DictUA exact headword relation; VESUM lemma gate	unresolved
подружити	synonyms	сприятелювати	ULIF DictUA exact headword relation; VESUM lemma gate	unresolved
подружити	synonyms	потоваришити	ULIF DictUA exact headword relation; VESUM lemma gate	unresolved
подружити	synonyms	опеньгати	ULIF DictUA exact headword relation; VESUM lemma gate	unresolved
подружити	synonyms	обручити	ULIF DictUA exact headword relation; VESUM lemma gate	unresolved
подружити	synonyms	обручати	ULIF DictUA exact headword relation; VESUM lemma gate	unresolved
подув	synonyms	вітер	ULIF DictUA exact headword relation; VESUM lemma gate	unresolved
поділитися	synonyms	поділятися	ULIF DictUA exact headword relation; VESUM lemma gate	unresolved
поезія	antonyms	проза	ULIF DictUA exact headword relation; VESUM lemma gate	unresolved
поз	synonyms	повз	ULIF DictUA exact headword relation; VESUM lemma gate	unresolved
позаду	antonyms	попереду	ULIF DictUA exact headword relation; VESUM lemma gate	unresolved
позитивний	antonyms	уявний	ULIF DictUA exact headword relation; VESUM lemma gate	unresolved
позмагатися	synonyms	посваритися	ULIF DictUA exact headword relation; VESUM lemma gate	unresolved
позначатися	synonyms	запам'ятатися	ULIF DictUA exact headword relation; VESUM lemma gate	unresolved
позначити	synonyms	палькувати	ULIF DictUA exact headword relation; VESUM lemma gate	unresolved
позначити	synonyms	появляти	ULIF DictUA exact headword relation; VESUM lemma gate	unresolved
показувати	synonyms	демонструвати	ULIF DictUA exact headword relation; VESUM lemma gate	unresolved
показувати	synonyms	давати	ULIF DictUA exact headword relation; VESUM lemma gate	unresolved
показувати	synonyms	знайомити	ULIF DictUA exact headword relation; VESUM lemma gate	unresolved
покидати	synonyms	залишати	ULIF DictUA exact headword relation; VESUM lemma gate	unresolved
покидати	synonyms	вибувати	ULIF DictUA exact headword relation; VESUM lemma gate	unresolved
покидати	synonyms	виходити	ULIF DictUA exact headword relation; VESUM lemma gate	unresolved
покидати	synonyms	виїжджати	ULIF DictUA exact headword relation; VESUM lemma gate	unresolved
покидати	synonyms	виїздити	ULIF DictUA exact headword relation; VESUM lemma gate	unresolved
покидати	synonyms	покинути	ULIF DictUA exact headword relation; VESUM lemma gate	unresolved
поклад	synonyms	послід	ULIF DictUA exact headword relation; VESUM lemma gate	unresolved
поклади	synonyms	поклад	ULIF DictUA exact headword relation; VESUM lemma gate	unresolved
покласти	synonyms	збудувати	ULIF DictUA exact headword relation; VESUM lemma gate	unresolved
покластися	synonyms	йняти	ULIF DictUA exact headword relation; VESUM lemma gate	unresolved
покластися	synonyms	віру	ULIF DictUA exact headword relation; VESUM lemma gate	unresolved
покластися	synonyms	пойняти	ULIF DictUA exact headword relation; VESUM lemma gate	unresolved
покластися	synonyms	розплатуватися	ULIF DictUA exact headword relation; VESUM lemma gate	unresolved
поклонитися	synonyms	похилитися	ULIF DictUA exact headword relation; VESUM lemma gate	unresolved
покращення	synonyms	вгору	ULIF DictUA exact headword relation; VESUM lemma gate	unresolved
покращення	synonyms	поліпшення	ULIF DictUA exact headword relation; VESUM lemma gate	unresolved
покращення	synonyms	підсолоджування	ULIF DictUA exact headword relation; VESUM lemma gate	unresolved
покращення	synonyms	підйом	ULIF DictUA exact headword relation; VESUM lemma gate	unresolved
покращення	synonyms	косметика	ULIF DictUA exact headword relation; VESUM lemma gate	unresolved
покров	synonyms	покривало	ULIF DictUA exact headword relation; VESUM lemma gate	unresolved
покуп	synonyms	купування	ULIF DictUA exact headword relation; VESUM lemma gate	unresolved
покупати	synonyms	викупати	ULIF DictUA exact headword relation; VESUM lemma gate	unresolved
покупець	synonyms	купувальник (розм.)	ULIF DictUA exact headword relation; VESUM lemma gate	unresolved
покупець	synonyms	купець (розм.)	ULIF DictUA exact headword relation; VESUM lemma gate	unresolved
покупець	synonyms	клієнт	ULIF DictUA exact headword relation; VESUM lemma gate	unresolved
покурити	synonyms	покадити	ULIF DictUA exact headword relation; VESUM lemma gate	unresolved
покій	synonyms	кімната	ULIF DictUA exact headword relation; VESUM lemma gate	unresolved
покірливий	synonyms	покірний	ULIF DictUA exact headword relation; VESUM lemma gate	unresolved
полегшити	synonyms	поглушати	ULIF DictUA exact headword relation; VESUM lemma gate	unresolved
полив	synonyms	поливання	ULIF DictUA exact headword relation; VESUM lemma gate	unresolved
поливати	synonyms	підливати (розм.)	ULIF DictUA exact headword relation; VESUM lemma gate	unresolved
поливати	synonyms	полоскати (розм.)	ULIF DictUA exact headword relation; VESUM lemma gate	unresolved
поливати	synonyms	мити (розм.)	ULIF DictUA exact headword relation; VESUM lemma gate	unresolved
пологий	antonyms	крутий	ULIF DictUA exact headword relation; VESUM lemma gate	unresolved
полуниця	synonyms	суниця	ULIF DictUA exact headword relation; VESUM lemma gate	unresolved
польовий	synonyms	мисливський	ULIF DictUA exact headword relation; VESUM lemma gate	unresolved
політеїзм	antonyms	монотеїзм	ULIF DictUA exact headword relation; VESUM lemma gate	unresolved
поліція	synonyms	закон	ULIF DictUA exact headword relation; VESUM lemma gate	unresolved
полічити	synonyms	полікувати	ULIF DictUA exact headword relation; VESUM lemma gate	unresolved
пом-якшений	synonyms	приглушено	ULIF DictUA exact headword relation; VESUM lemma gate	unresolved
пом-якшення	synonyms	помірність	ULIF DictUA exact headword relation; VESUM lemma gate	unresolved
пом-якшення	synonyms	пацифікація	ULIF DictUA exact headword relation; VESUM lemma gate	unresolved
пом-якшення	synonyms	заспокійливий	ULIF DictUA exact headword relation; VESUM lemma gate	unresolved
пом-якшення	synonyms	рятувальний	ULIF DictUA exact headword relation; VESUM lemma gate	unresolved
помирати	antonyms	жити	ULIF DictUA exact headword relation; VESUM lemma gate	unresolved
помовчати	synonyms	німотствувати	ULIF DictUA exact headword relation; VESUM lemma gate	unresolved
помічати	synonyms	постерігати	ULIF DictUA exact headword relation; VESUM lemma gate	unresolved
помічати	synonyms	зауважувати	ULIF DictUA exact headword relation; VESUM lemma gate	unresolved
помічати	synonyms	закмічувати	ULIF DictUA exact headword relation; VESUM lemma gate	unresolved
пониження	synonyms	приниження	ULIF DictUA exact headword relation; VESUM lemma gate	unresolved
попеластий	synonyms	попелястий	ULIF DictUA exact headword relation; VESUM lemma gate	unresolved
попереджати	synonyms	погрожувати	ULIF DictUA exact headword relation; VESUM lemma gate	unresolved
попереджати	synonyms	повідомляти	ULIF DictUA exact headword relation; VESUM lemma gate	unresolved
попередник	synonyms	предок	ULIF DictUA exact headword relation; VESUM lemma gate	unresolved
попереду	antonyms	позаду	ULIF DictUA exact headword relation; VESUM lemma gate	unresolved
поперек	antonyms	вздовж	ULIF DictUA exact headword relation; VESUM lemma gate	unresolved
поперечний	antonyms	поздовжній	ULIF DictUA exact headword relation; VESUM lemma gate	unresolved
попоїсти	synonyms	наїстися	ULIF DictUA exact headword relation; VESUM lemma gate	unresolved
поправка	synonyms	виправлення	ULIF DictUA exact headword relation; VESUM lemma gate	unresolved
поправка	synonyms	коректива	ULIF DictUA exact headword relation; VESUM lemma gate	unresolved
поправка	synonyms	коректив	ULIF DictUA exact headword relation; VESUM lemma gate	unresolved
поправка	synonyms	виправа (заст.)	ULIF DictUA exact headword relation; VESUM lemma gate	unresolved
поправка	synonyms	поправа (діал.)	ULIF DictUA exact headword relation; VESUM lemma gate	unresolved
поправка	synonyms	правка (розм.)	ULIF DictUA exact headword relation; VESUM lemma gate	unresolved
попросту	synonyms	по-простому	ULIF DictUA exact headword relation; VESUM lemma gate	unresolved
пора	synonyms	доба	ULIF DictUA exact headword relation; VESUM lemma gate	unresolved
порозумітися	synonyms	розмовитися (заст.)	ULIF DictUA exact headword relation; VESUM lemma gate	unresolved
порядкувати	synonyms	наказувати	ULIF DictUA exact headword relation; VESUM lemma gate	unresolved
порядок	antonyms	безладдя	ULIF DictUA exact headword relation; VESUM lemma gate	unresolved
порізати	synonyms	стругати	ULIF DictUA exact headword relation; VESUM lemma gate	unresolved
порізати	synonyms	жало	ULIF DictUA exact headword relation; VESUM lemma gate	unresolved
порізати	synonyms	рубати	ULIF DictUA exact headword relation; VESUM lemma gate	unresolved
порічки	synonyms	порічка	ULIF DictUA exact headword relation; VESUM lemma gate	unresolved
посадити	synonyms	вбудовувати	ULIF DictUA exact headword relation; VESUM lemma gate	unresolved
посадити	synonyms	вставляти	ULIF DictUA exact headword relation; VESUM lemma gate	unresolved
посадка	synonyms	саджання	ULIF DictUA exact headword relation; VESUM lemma gate	unresolved
посадка	synonyms	пониження	ULIF DictUA exact headword relation; VESUM lemma gate	unresolved
посивілий	synonyms	притуплений	ULIF DictUA exact headword relation; VESUM lemma gate	unresolved
посилення	synonyms	доопрацювання	ULIF DictUA exact headword relation; VESUM lemma gate	unresolved
посилення	synonyms	підсилення	ULIF DictUA exact headword relation; VESUM lemma gate	unresolved
послати	synonyms	постелити	ULIF DictUA exact headword relation; VESUM lemma gate	unresolved
послугувати	synonyms	послуговувати	ULIF DictUA exact headword relation; VESUM lemma gate	unresolved
посмертний	synonyms	загробний	ULIF DictUA exact headword relation; VESUM lemma gate	unresolved
поспішати	synonyms	помикати (розм.)	ULIF DictUA exact headword relation; VESUM lemma gate	unresolved
поспішати	synonyms	шамкати (діал.)	ULIF DictUA exact headword relation; VESUM lemma gate	unresolved
поспішати	synonyms	поскорятися (діал.)	ULIF DictUA exact headword relation; VESUM lemma gate	unresolved
поспішати	synonyms	гнати (розм.)	ULIF DictUA exact headword relation; VESUM lemma gate	unresolved
поспішати	synonyms	гнатися (розм.)	ULIF DictUA exact headword relation; VESUM lemma gate	unresolved
поспішати	synonyms	бігти (розм.)	ULIF DictUA exact headword relation; VESUM lemma gate	unresolved
поспішати	synonyms	устигати	ULIF DictUA exact headword relation; VESUM lemma gate	unresolved
поспішати	synonyms	ходити	ULIF DictUA exact headword relation; VESUM lemma gate	unresolved
поступок	synonyms	учинок	ULIF DictUA exact headword relation; VESUM lemma gate	unresolved
посудомийка	synonyms	посудомийня	ULIF DictUA exact headword relation; VESUM lemma gate	unresolved
потаємне	synonyms	потаємно	ULIF DictUA exact headword relation; VESUM lemma gate	unresolved
потворний	antonyms	вродливий	ULIF DictUA exact headword relation; VESUM lemma gate	unresolved
потворний	antonyms	уродливий	ULIF DictUA exact headword relation; VESUM lemma gate	unresolved
потиснути	synonyms	глотити	ULIF DictUA exact headword relation; VESUM lemma gate	unresolved
потому	synonyms	поготів	ULIF DictUA exact headword relation; VESUM lemma gate	unresolved
потоп	synonyms	затоплення	ULIF DictUA exact headword relation; VESUM lemma gate	unresolved
потоп	synonyms	потік	ULIF DictUA exact headword relation; VESUM lemma gate	unresolved
потоп	synonyms	водограй	ULIF DictUA exact headword relation; VESUM lemma gate	unresolved
потоп	synonyms	злива	ULIF DictUA exact headword relation; VESUM lemma gate	unresolved
потоп	synonyms	плющити	ULIF DictUA exact headword relation; VESUM lemma gate	unresolved
пофарбований	synonyms	вибілений	ULIF DictUA exact headword relation; VESUM lemma gate	unresolved
пофарбований	synonyms	кольоровий	ULIF DictUA exact headword relation; VESUM lemma gate	unresolved
пофарбований	synonyms	лакований	ULIF DictUA exact headword relation; VESUM lemma gate	unresolved
поцупити	synonyms	ударити	ULIF DictUA exact headword relation; VESUM lemma gate	unresolved
початок	synonyms	зачинання	ULIF DictUA exact headword relation; VESUM lemma gate	unresolved
почервоніння	synonyms	рум'янець	ULIF DictUA exact headword relation; VESUM lemma gate	unresolved
почервоніння	synonyms	помутніння	ULIF DictUA exact headword relation; VESUM lemma gate	unresolved
починатися	synonyms	зачинатися (розм.)	ULIF DictUA exact headword relation; VESUM lemma gate	unresolved
починатися	synonyms	заходитися (розм.)	ULIF DictUA exact headword relation; VESUM lemma gate	unresolved
починатися	synonyms	законятися (діал.)	ULIF DictUA exact headword relation; VESUM lemma gate	unresolved
почистити	synonyms	відчитувати	ULIF DictUA exact headword relation; VESUM lemma gate	unresolved
почити	synonyms	починати	ULIF DictUA exact headword relation; VESUM lemma gate	unresolved
почім	synonyms	почому	ULIF DictUA exact headword relation; VESUM lemma gate	unresolved
поширюватися	synonyms	розширюватися	ULIF DictUA exact headword relation; VESUM lemma gate	unresolved
поширюватися	synonyms	розвиватися	ULIF DictUA exact headword relation; VESUM lemma gate	unresolved
поширюватися	synonyms	шугати (розм.)	ULIF DictUA exact headword relation; VESUM lemma gate	unresolved
поширюватися	synonyms	гуляти (розм.)	ULIF DictUA exact headword relation; VESUM lemma gate	unresolved
поширюватися	synonyms	розгулюватися (розм.)	ULIF DictUA exact headword relation; VESUM lemma gate	unresolved
пояснювати	synonyms	відгадувати	ULIF DictUA exact headword relation; VESUM lemma gate	unresolved
поїздка	synonyms	ковзання	ULIF DictUA exact headword relation; VESUM lemma gate	unresolved
поїздка	synonyms	помилка	ULIF DictUA exact headword relation; VESUM lemma gate	unresolved
прав	synonyms	правий	ULIF DictUA exact headword relation; VESUM lemma gate	unresolved
правда	antonyms	неправда	ULIF DictUA exact headword relation; VESUM lemma gate	unresolved
правда	antonyms	кривда	ULIF DictUA exact headword relation; VESUM lemma gate	unresolved
правий	synonyms	могутньо	ULIF DictUA exact headword relation; VESUM lemma gate	unresolved
правий	synonyms	могутній	ULIF DictUA exact headword relation; VESUM lemma gate	unresolved
правий	synonyms	потужний	ULIF DictUA exact headword relation; VESUM lemma gate	unresolved
правильно	synonyms	право	ULIF DictUA exact headword relation; VESUM lemma gate	unresolved
правильно	synonyms	пристойний	ULIF DictUA exact headword relation; VESUM lemma gate	unresolved
правильно	synonyms	пристойно	ULIF DictUA exact headword relation; VESUM lemma gate	unresolved
правильно	synonyms	справа	ULIF DictUA exact headword relation; VESUM lemma gate	unresolved
правильно	synonyms	правильний	ULIF DictUA exact headword relation; VESUM lemma gate	unresolved
право	synonyms	законодавство	ULIF DictUA exact headword relation; VESUM lemma gate	unresolved
право	synonyms	кріпацтво	ULIF DictUA exact headword relation; VESUM lemma gate	unresolved
правобережний	antonyms	лівобережний	ULIF DictUA exact headword relation; VESUM lemma gate	unresolved
праворуч	antonyms	ліворуч	ULIF DictUA exact headword relation; VESUM lemma gate	unresolved
практично	synonyms	виконуваний	ULIF DictUA exact headword relation; VESUM lemma gate	unresolved
практично	synonyms	здійсненний	ULIF DictUA exact headword relation; VESUM lemma gate	unresolved
практично	synonyms	працездатний	ULIF DictUA exact headword relation; VESUM lemma gate	unresolved
праля	synonyms	прачка	ULIF DictUA exact headword relation; VESUM lemma gate	unresolved
працевлаштування	synonyms	вправа	ULIF DictUA exact headword relation; VESUM lemma gate	unresolved
працевлаштування	synonyms	користування	ULIF DictUA exact headword relation; VESUM lemma gate	unresolved
превелебний	synonyms	єпископ	ULIF DictUA exact headword relation; VESUM lemma gate	unresolved
предок	synonyms	пращур	ULIF DictUA exact headword relation; VESUM lemma gate	unresolved
предок	synonyms	попередник	ULIF DictUA exact headword relation; VESUM lemma gate	unresolved
прем-єр	synonyms	прем'єр-міністр	ULIF DictUA exact headword relation; VESUM lemma gate	unresolved
прес	synonyms	прес-пап'є	ULIF DictUA exact headword relation; VESUM lemma gate	unresolved
прибирати	synonyms	порядкувати	ULIF DictUA exact headword relation; VESUM lemma gate	unresolved
прибирати	synonyms	прятати	ULIF DictUA exact headword relation; VESUM lemma gate	unresolved
прибирати	synonyms	чепурити	ULIF DictUA exact headword relation; VESUM lemma gate	unresolved
прибутковий	antonyms	видатковий	ULIF DictUA exact headword relation; VESUM lemma gate	unresolved
прибічник	synonyms	прихилець	ULIF DictUA exact headword relation; VESUM lemma gate	unresolved
привертати	synonyms	приворожувати	ULIF DictUA exact headword relation; VESUM lemma gate	unresolved
привертати	synonyms	красувати (рідко)	ULIF DictUA exact headword relation; VESUM lemma gate	unresolved
приглушений	synonyms	приглушено	ULIF DictUA exact headword relation; VESUM lemma gate	unresolved
приглушений	synonyms	притихлий	ULIF DictUA exact headword relation; VESUM lemma gate	unresolved
приглушений	synonyms	тьмяний	ULIF DictUA exact headword relation; VESUM lemma gate	unresolved
приглушено	synonyms	пом'якшений	ULIF DictUA exact headword relation; VESUM lemma gate	unresolved
приглушено	synonyms	приглушений	ULIF DictUA exact headword relation; VESUM lemma gate	unresolved
приглушено	synonyms	притихлий	ULIF DictUA exact headword relation; VESUM lemma gate	unresolved
приголомшений	synonyms	вражений	ULIF DictUA exact headword relation; VESUM lemma gate	unresolved
приголомшений	synonyms	здивований	ULIF DictUA exact headword relation; VESUM lemma gate	unresolved
приголомшений	synonyms	ошелешений	ULIF DictUA exact headword relation; VESUM lemma gate	unresolved
приголомшений	synonyms	жах	ULIF DictUA exact headword relation; VESUM lemma gate	unresolved
приголомшений	synonyms	збентежений	ULIF DictUA exact headword relation; VESUM lemma gate	unresolved
приголомшений	synonyms	шокований	ULIF DictUA exact headword relation; VESUM lemma gate	unresolved
приголомшений	synonyms	дурний	ULIF DictUA exact headword relation; VESUM lemma gate	unresolved
приголосний	synonyms	згодний	ULIF DictUA exact headword relation; VESUM lemma gate	unresolved
приголосний	synonyms	співзвучний	ULIF DictUA exact headword relation; VESUM lemma gate	unresolved
приголосний	synonyms	гармонізований	ULIF DictUA exact headword relation; VESUM lemma gate	unresolved
приголосний	synonyms	гармонійний	ULIF DictUA exact headword relation; VESUM lemma gate	unresolved
пригостити	synonyms	стуснути	ULIF DictUA exact headword relation; VESUM lemma gate	unresolved
пригостити	synonyms	гакнути	ULIF DictUA exact headword relation; VESUM lemma gate	unresolved
пригостити	synonyms	хвисьнути	ULIF DictUA exact headword relation; VESUM lemma gate	unresolved
пригостити	synonyms	удрати	ULIF DictUA exact headword relation; VESUM lemma gate	unresolved
пригостити	synonyms	телехнути	ULIF DictUA exact headword relation; VESUM lemma gate	unresolved
пригостити	synonyms	грянути	ULIF DictUA exact headword relation; VESUM lemma gate	unresolved
пригостити	synonyms	шеменути	ULIF DictUA exact headword relation; VESUM lemma gate	unresolved
пригостити	synonyms	фраснути	ULIF DictUA exact headword relation; VESUM lemma gate	unresolved
пригостити	synonyms	ушпарити	ULIF DictUA exact headword relation; VESUM lemma gate	unresolved
пригостити	synonyms	ушкварнути	ULIF DictUA exact headword relation; VESUM lemma gate	unresolved
пригостити	synonyms	пригощати	ULIF DictUA exact headword relation; VESUM lemma gate	unresolved
приготування	synonyms	імпровізований	ULIF DictUA exact headword relation; VESUM lemma gate	unresolved
приготування	synonyms	кулінарія	ULIF DictUA exact headword relation; VESUM lemma gate	unresolved
призначати	synonyms	приділяти	ULIF DictUA exact headword relation; VESUM lemma gate	unresolved
призначений	synonyms	пов'язаний	ULIF DictUA exact headword relation; VESUM lemma gate	unresolved
призначений	synonyms	приписаний	ULIF DictUA exact headword relation; VESUM lemma gate	unresolved
призначений	synonyms	призначення	ULIF DictUA exact headword relation; VESUM lemma gate	unresolved
призначений	synonyms	прив'язаний	ULIF DictUA exact headword relation; VESUM lemma gate	unresolved
призначення	synonyms	позначення	ULIF DictUA exact headword relation; VESUM lemma gate	unresolved
призначення	synonyms	присвоєння	ULIF DictUA exact headword relation; VESUM lemma gate	unresolved
призначення	synonyms	побачення	ULIF DictUA exact headword relation; VESUM lemma gate	unresolved
призначення	synonyms	дарувати	ULIF DictUA exact headword relation; VESUM lemma gate	unresolved
призначення	synonyms	намір	ULIF DictUA exact headword relation; VESUM lemma gate	unresolved
призначення	synonyms	адреса	ULIF DictUA exact headword relation; VESUM lemma gate	unresolved
призначення	synonyms	використання	ULIF DictUA exact headword relation; VESUM lemma gate	unresolved
приймання	synonyms	заручення	ULIF DictUA exact headword relation; VESUM lemma gate	unresolved
приймання	synonyms	усиновлення	ULIF DictUA exact headword relation; VESUM lemma gate	unresolved
прикрашати	synonyms	уцяцьковувати	ULIF DictUA exact headword relation; VESUM lemma gate	unresolved
прикрашати	synonyms	красити	ULIF DictUA exact headword relation; VESUM lemma gate	unresolved
прикрашати	synonyms	золотити	ULIF DictUA exact headword relation; VESUM lemma gate	unresolved
прикрашений	synonyms	одягнений	ULIF DictUA exact headword relation; VESUM lemma gate	unresolved
прикрашений	synonyms	ошатний	ULIF DictUA exact headword relation; VESUM lemma gate	unresolved
прилеглий	synonyms	прілий	ULIF DictUA exact headword relation; VESUM lemma gate	unresolved
прима	synonyms	примадонна	ULIF DictUA exact headword relation; VESUM lemma gate	unresolved
примирення	synonyms	заспокоєння	ULIF DictUA exact headword relation; VESUM lemma gate	unresolved
примирення	synonyms	зближення	ULIF DictUA exact headword relation; VESUM lemma gate	unresolved
примирення	synonyms	заспокійливий	ULIF DictUA exact headword relation; VESUM lemma gate	unresolved
примушувати	synonyms	зневолювати	ULIF DictUA exact headword relation; VESUM lemma gate	unresolved
примушувати	synonyms	прикручувати (розм.)	ULIF DictUA exact headword relation; VESUM lemma gate	unresolved
примушувати	synonyms	припирати (розм.)	ULIF DictUA exact headword relation; VESUM lemma gate	unresolved
примушувати	synonyms	заставляти (заст.)	ULIF DictUA exact headword relation; VESUM lemma gate	unresolved
принаймні	synonyms	принайменше	ULIF DictUA exact headword relation; VESUM lemma gate	unresolved
приналежність	synonyms	зв'язок	ULIF DictUA exact headword relation; VESUM lemma gate	unresolved
приналежність	synonyms	доповнення	ULIF DictUA exact headword relation; VESUM lemma gate	unresolved
приносити	synonyms	вносити	ULIF DictUA exact headword relation; VESUM lemma gate	unresolved
приносити	synonyms	заносити	ULIF DictUA exact headword relation; VESUM lemma gate	unresolved
припадати	synonyms	личити	ULIF DictUA exact headword relation; VESUM lemma gate	unresolved
приплив	antonyms	відплив	ULIF DictUA exact headword relation; VESUM lemma gate	unresolved
приповідка	synonyms	приговір	ULIF DictUA exact headword relation; VESUM lemma gate	unresolved
приповідка	synonyms	приговірка	ULIF DictUA exact headword relation; VESUM lemma gate	unresolved
приречений	synonyms	проклятий	ULIF DictUA exact headword relation; VESUM lemma gate	unresolved
приречений	synonyms	невдалий	ULIF DictUA exact headword relation; VESUM lemma gate	unresolved
приречений	synonyms	нещасливий	ULIF DictUA exact headword relation; VESUM lemma gate	unresolved
присвячений	synonyms	освячений	ULIF DictUA exact headword relation; VESUM lemma gate	unresolved
присвячений	synonyms	освячувати	ULIF DictUA exact headword relation; VESUM lemma gate	unresolved
присвячувати	synonyms	адресувати	ULIF DictUA exact headword relation; VESUM lemma gate	unresolved
прислуга	synonyms	обслуга	ULIF DictUA exact headword relation; VESUM lemma gate	unresolved
приставний	synonyms	епентетичний	ULIF DictUA exact headword relation; VESUM lemma gate	unresolved
пристань	synonyms	док	ULIF DictUA exact headword relation; VESUM lemma gate	unresolved
пристань	synonyms	причал	ULIF DictUA exact headword relation; VESUM lemma gate	unresolved
пристань	synonyms	пірс	ULIF DictUA exact headword relation; VESUM lemma gate	unresolved
пристосовувати	synonyms	достосовувати	ULIF DictUA exact headword relation; VESUM lemma gate	unresolved
пристосуватися	synonyms	звикти	ULIF DictUA exact headword relation; VESUM lemma gate	unresolved
пристосуватися	synonyms	звиктися	ULIF DictUA exact headword relation; VESUM lemma gate	unresolved
пристосуватися	synonyms	обвикти	ULIF DictUA exact headword relation; VESUM lemma gate	unresolved
пристосуватися	synonyms	обвиктися	ULIF DictUA exact headword relation; VESUM lemma gate	unresolved
пристосуватися	synonyms	привикти	ULIF DictUA exact headword relation; VESUM lemma gate	unresolved
пристосуватися	synonyms	присвоїтися	ULIF DictUA exact headword relation; VESUM lemma gate	unresolved
пристосуватися	synonyms	оббутися	ULIF DictUA exact headword relation; VESUM lemma gate	unresolved
пристосуватися	synonyms	озвичаїтися	ULIF DictUA exact headword relation; VESUM lemma gate	unresolved
пристосуватися	synonyms	обім'ятися	ULIF DictUA exact headword relation; VESUM lemma gate	unresolved
пристосуватися	synonyms	обсвідчитися	ULIF DictUA exact headword relation; VESUM lemma gate	unresolved
пристосуватися	synonyms	ожитися	ULIF DictUA exact headword relation; VESUM lemma gate	unresolved
пристосуватися	synonyms	оббуватися	ULIF DictUA exact headword relation; VESUM lemma gate	unresolved
пристосуватися	synonyms	озвичаюватися	ULIF DictUA exact headword relation; VESUM lemma gate	unresolved
пристосуватися	synonyms	обсвідчуватися	ULIF DictUA exact headword relation; VESUM lemma gate	unresolved
пристосуватися	synonyms	оживатися	ULIF DictUA exact headword relation; VESUM lemma gate	unresolved
присуд	synonyms	присудження	ULIF DictUA exact headword relation; VESUM lemma gate	unresolved
присутність	antonyms	відсутність	ULIF DictUA exact headword relation; VESUM lemma gate	unresolved
присягатися	synonyms	приносити	ULIF DictUA exact headword relation; VESUM lemma gate	unresolved
присягатися-клястися	synonyms	присягатися	ULIF DictUA exact headword relation; VESUM lemma gate	unresolved
притягнутий	synonyms	притягнений	ULIF DictUA exact headword relation; VESUM lemma gate	unresolved
притягуватися	synonyms	притягатися	ULIF DictUA exact headword relation; VESUM lemma gate	unresolved
приходити	synonyms	прибувати	ULIF DictUA exact headword relation; VESUM lemma gate	unresolved
приходити	synonyms	прийти	ULIF DictUA exact headword relation; VESUM lemma gate	unresolved
причина	antonyms	наслідок	ULIF DictUA exact headword relation; VESUM lemma gate	unresolved
приязне	synonyms	приязно	ULIF DictUA exact headword relation; VESUM lemma gate	unresolved
приємно	synonyms	майстерний	ULIF DictUA exact headword relation; VESUM lemma gate	unresolved
приємно	synonyms	весело	ULIF DictUA exact headword relation; VESUM lemma gate	unresolved
приємно	synonyms	сонячно	ULIF DictUA exact headword relation; VESUM lemma gate	unresolved
приємно	synonyms	милостивий	ULIF DictUA exact headword relation; VESUM lemma gate	unresolved
приїздити	synonyms	прибувати	ULIF DictUA exact headword relation; VESUM lemma gate	unresolved
про	synonyms	навколо	ULIF DictUA exact headword relation; VESUM lemma gate	unresolved
про	synonyms	приблизно	ULIF DictUA exact headword relation; VESUM lemma gate	unresolved
про	synonyms	більшість	ULIF DictUA exact headword relation; VESUM lemma gate	unresolved
про	synonyms	майже	ULIF DictUA exact headword relation; VESUM lemma gate	unresolved
про	synonyms	поблизу	ULIF DictUA exact headword relation; VESUM lemma gate	unresolved
про	synonyms	фактично	ULIF DictUA exact headword relation; VESUM lemma gate	unresolved
пробачити	synonyms	перепрошую	ULIF DictUA exact headword relation; VESUM lemma gate	unresolved
пробачити	synonyms	вибач	ULIF DictUA exact headword relation; VESUM lemma gate	unresolved
пробачити	synonyms	пробач	ULIF DictUA exact headword relation; VESUM lemma gate	unresolved
пробачити	synonyms	прошу	ULIF DictUA exact headword relation; VESUM lemma gate	unresolved
пробачити	synonyms	вибачай	ULIF DictUA exact headword relation; VESUM lemma gate	unresolved
пробачити	synonyms	пробачай	ULIF DictUA exact headword relation; VESUM lemma gate	unresolved
пробачити	synonyms	за	ULIF DictUA exact headword relation; VESUM lemma gate	unresolved
пробачити	synonyms	перепрошенням	ULIF DictUA exact headword relation; VESUM lemma gate	unresolved
пробачити	synonyms	перепрошаю	ULIF DictUA exact headword relation; VESUM lemma gate	unresolved
пробування	synonyms	місцеперебування	ULIF DictUA exact headword relation; VESUM lemma gate	unresolved
пробігати	synonyms	перебігати	ULIF DictUA exact headword relation; VESUM lemma gate	unresolved
пробігати	synonyms	бігти	ULIF DictUA exact headword relation; VESUM lemma gate	unresolved
пробігати	synonyms	збігати	ULIF DictUA exact headword relation; VESUM lemma gate	unresolved
пробігати	synonyms	проноситися	ULIF DictUA exact headword relation; VESUM lemma gate	unresolved
пробігати	synonyms	мчати	ULIF DictUA exact headword relation; VESUM lemma gate	unresolved
пробігати	synonyms	мчатися	ULIF DictUA exact headword relation; VESUM lemma gate	unresolved
пробігати	synonyms	летіти	ULIF DictUA exact headword relation; VESUM lemma gate	unresolved
пробігати	synonyms	пролітати	ULIF DictUA exact headword relation; VESUM lemma gate	unresolved
пробігати	synonyms	пробігти	ULIF DictUA exact headword relation; VESUM lemma gate	unresolved
пробій	synonyms	пробійник	ULIF DictUA exact headword relation; VESUM lemma gate	unresolved
провал	synonyms	невдача	ULIF DictUA exact headword relation; VESUM lemma gate	unresolved
проваритися	synonyms	проварюватися	ULIF DictUA exact headword relation; VESUM lemma gate	unresolved
провисання	synonyms	обвисання	ULIF DictUA exact headword relation; VESUM lemma gate	unresolved
провисання	synonyms	обвислий	ULIF DictUA exact headword relation; VESUM lemma gate	unresolved
провисання	synonyms	падіння	ULIF DictUA exact headword relation; VESUM lemma gate	unresolved
провисання	synonyms	спад	ULIF DictUA exact headword relation; VESUM lemma gate	unresolved
провисання	synonyms	розслабленість	ULIF DictUA exact headword relation; VESUM lemma gate	unresolved
проводжати	synonyms	супроводити	ULIF DictUA exact headword relation; VESUM lemma gate	unresolved
проводити	antonyms	зустрічати	ULIF DictUA exact headword relation; VESUM lemma gate	unresolved
провід	synonyms	супровід	ULIF DictUA exact headword relation; VESUM lemma gate	unresolved
провінційний	synonyms	провінціальний	ULIF DictUA exact headword relation; VESUM lemma gate	unresolved
прогноз	synonyms	знак	ULIF DictUA exact headword relation; VESUM lemma gate	unresolved
прогноз	synonyms	передвістя	ULIF DictUA exact headword relation; VESUM lemma gate	unresolved
прогноз	synonyms	прикмета	ULIF DictUA exact headword relation; VESUM lemma gate	unresolved
прогноз	synonyms	прогностичний	ULIF DictUA exact headword relation; VESUM lemma gate	unresolved
прогноз	synonyms	перспектива	ULIF DictUA exact headword relation; VESUM lemma gate	unresolved
прогноз	synonyms	прогнозування	ULIF DictUA exact headword relation; VESUM lemma gate	unresolved
прогнозувати	synonyms	оцінювати	ULIF DictUA exact headword relation; VESUM lemma gate	unresolved
прогнозувати	synonyms	рахувати	ULIF DictUA exact headword relation; VESUM lemma gate	unresolved
прогнозувати	synonyms	ворожити	ULIF DictUA exact headword relation; VESUM lemma gate	unresolved
прогнозувати	synonyms	обіцяти	ULIF DictUA exact headword relation; VESUM lemma gate	unresolved
прогодуватися	synonyms	прогодовуватися	ULIF DictUA exact headword relation; VESUM lemma gate	unresolved
програвати	synonyms	просаджувати (розм.)	ULIF DictUA exact headword relation; VESUM lemma gate	unresolved
програмовий	synonyms	програмний	ULIF DictUA exact headword relation; VESUM lemma gate	unresolved
прогрес	antonyms	регрес	ULIF DictUA exact headword relation; VESUM lemma gate	unresolved
прогулятися	synonyms	прогулюватися	ULIF DictUA exact headword relation; VESUM lemma gate	unresolved
продаж	synonyms	продавання	ULIF DictUA exact headword relation; VESUM lemma gate	unresolved
продовольство	synonyms	корм	ULIF DictUA exact headword relation; VESUM lemma gate	unresolved
продовольство	synonyms	комісаріат	ULIF DictUA exact headword relation; VESUM lemma gate	unresolved
продукція	synonyms	розминка	ULIF DictUA exact headword relation; VESUM lemma gate	unresolved
продукція	synonyms	налаштування	ULIF DictUA exact headword relation; VESUM lemma gate	unresolved
продукція	synonyms	передмова	ULIF DictUA exact headword relation; VESUM lemma gate	unresolved
проект	synonyms	праця	ULIF DictUA exact headword relation; VESUM lemma gate	unresolved
проект	synonyms	підприємство	ULIF DictUA exact headword relation; VESUM lemma gate	unresolved
проект	synonyms	проекція	ULIF DictUA exact headword relation; VESUM lemma gate	unresolved
проза	antonyms	поезія	ULIF DictUA exact headword relation; VESUM lemma gate	unresolved
прозаїк	antonyms	поет	ULIF DictUA exact headword relation; VESUM lemma gate	unresolved
прозорість	synonyms	прозірність	ULIF DictUA exact headword relation; VESUM lemma gate	unresolved
прозорість	synonyms	зрозумілість	ULIF DictUA exact headword relation; VESUM lemma gate	unresolved
прозорість	synonyms	напівпрозорість	ULIF DictUA exact headword relation; VESUM lemma gate	unresolved
пройти	synonyms	зійти	ULIF DictUA exact headword relation; VESUM lemma gate	unresolved
прокат	synonyms	кінопрокат	ULIF DictUA exact headword relation; VESUM lemma gate	unresolved
прокачати	synonyms	прокачувати	ULIF DictUA exact headword relation; VESUM lemma gate	unresolved
прокидатися	synonyms	прокинутися	ULIF DictUA exact headword relation; VESUM lemma gate	unresolved
пролетар	synonyms	пролетаріат	ULIF DictUA exact headword relation; VESUM lemma gate	unresolved
пролив	synonyms	кровопролиття	ULIF DictUA exact headword relation; VESUM lemma gate	unresolved
пролиття	synonyms	кровопролиття	ULIF DictUA exact headword relation; VESUM lemma gate	unresolved
проліски	synonyms	проліска	ULIF DictUA exact headword relation; VESUM lemma gate	unresolved
проліски	synonyms	пролісок	ULIF DictUA exact headword relation; VESUM lemma gate	unresolved
променевий	synonyms	променеподібний	ULIF DictUA exact headword relation; VESUM lemma gate	unresolved
променистий	synonyms	променеподібний	ULIF DictUA exact headword relation; VESUM lemma gate	unresolved
промовка	synonyms	примовка	ULIF DictUA exact headword relation; VESUM lemma gate	unresolved
промоклий	synonyms	жорсткий	ULIF DictUA exact headword relation; VESUM lemma gate	unresolved
промоклий	synonyms	запилений	ULIF DictUA exact headword relation; VESUM lemma gate	unresolved
промоклий	synonyms	навантажений	ULIF DictUA exact headword relation; VESUM lemma gate	unresolved
промоклий	synonyms	одурманений	ULIF DictUA exact headword relation; VESUM lemma gate	unresolved
промоклий	synonyms	пропитий	ULIF DictUA exact headword relation; VESUM lemma gate	unresolved
промоклий	synonyms	розбитий	ULIF DictUA exact headword relation; VESUM lemma gate	unresolved
промоклий	synonyms	розлючений	ULIF DictUA exact headword relation; VESUM lemma gate	unresolved
промоклий	synonyms	туго	ULIF DictUA exact headword relation; VESUM lemma gate	unresolved
промокнути	synonyms	промокнути	ULIF DictUA exact headword relation; VESUM lemma gate	unresolved
пронести	synonyms	проносити	ULIF DictUA exact headword relation; VESUM lemma gate	unresolved
проникати	synonyms	проходити	ULIF DictUA exact headword relation; VESUM lemma gate	unresolved
проникати	synonyms	просіватися	ULIF DictUA exact headword relation; VESUM lemma gate	unresolved
проникати	synonyms	перфорувати	ULIF DictUA exact headword relation; VESUM lemma gate	unresolved
проникати	synonyms	загадувати	ULIF DictUA exact headword relation; VESUM lemma gate	unresolved
проникати	synonyms	просочувати	ULIF DictUA exact headword relation; VESUM lemma gate	unresolved
проникати	synonyms	розповсюджувати	ULIF DictUA exact headword relation; VESUM lemma gate	unresolved
пронумерувати	synonyms	пронумеровувати	ULIF DictUA exact headword relation; VESUM lemma gate	unresolved
проповідь	synonyms	проповідування	ULIF DictUA exact headword relation; VESUM lemma gate	unresolved
пропорційний	synonyms	відносний	ULIF DictUA exact headword relation; VESUM lemma gate	unresolved
пропорційний	synonyms	гармонійний	ULIF DictUA exact headword relation; VESUM lemma gate	unresolved
пропорційний	synonyms	симетричний	ULIF DictUA exact headword relation; VESUM lemma gate	unresolved
пропускати	synonyms	впускати	ULIF DictUA exact headword relation; VESUM lemma gate	unresolved
просвіт	synonyms	зазор	ULIF DictUA exact headword relation; VESUM lemma gate	unresolved
просидіти	synonyms	просиджувати	ULIF DictUA exact headword relation; VESUM lemma gate	unresolved
проскочити	synonyms	проскакувати	ULIF DictUA exact headword relation; VESUM lemma gate	unresolved
прослуховувати	synonyms	прослухувати	ULIF DictUA exact headword relation; VESUM lemma gate	unresolved
проспати	synonyms	просипати	ULIF DictUA exact headword relation; VESUM lemma gate	unresolved
простий	antonyms	складений	ULIF DictUA exact headword relation; VESUM lemma gate	unresolved
просторіччя	synonyms	вульгарний	ULIF DictUA exact headword relation; VESUM lemma gate	unresolved
просторіччя	synonyms	загальний	ULIF DictUA exact headword relation; VESUM lemma gate	unresolved
протистояти	synonyms	передбачати	ULIF DictUA exact headword relation; VESUM lemma gate	unresolved
протистояти	synonyms	відмовлятися	ULIF DictUA exact headword relation; VESUM lemma gate	unresolved
протистояти	synonyms	суперечити	ULIF DictUA exact headword relation; VESUM lemma gate	unresolved
протистояти	synonyms	стикатися	ULIF DictUA exact headword relation; VESUM lemma gate	unresolved
протистояти	synonyms	сварити	ULIF DictUA exact headword relation; VESUM lemma gate	unresolved
протистояти	synonyms	боротися	ULIF DictUA exact headword relation; VESUM lemma gate	unresolved
протистояти	synonyms	відбиватися	ULIF DictUA exact headword relation; VESUM lemma gate	unresolved
протяг	synonyms	ковток	ULIF DictUA exact headword relation; VESUM lemma gate	unresolved
протягом	synonyms	впродовж	ULIF DictUA exact headword relation; VESUM lemma gate	unresolved
протікання	synonyms	повінь	ULIF DictUA exact headword relation; VESUM lemma gate	unresolved
проходження	synonyms	короткочасний	ULIF DictUA exact headword relation; VESUM lemma gate	unresolved
проходження	synonyms	перехідний	ULIF DictUA exact headword relation; VESUM lemma gate	unresolved
проходження	synonyms	надзвичайно	ULIF DictUA exact headword relation; VESUM lemma gate	unresolved
проходження	synonyms	побіжний	ULIF DictUA exact headword relation; VESUM lemma gate	unresolved
проходити	synonyms	переходити	ULIF DictUA exact headword relation; VESUM lemma gate	unresolved
проїзд	synonyms	бульвар	ULIF DictUA exact headword relation; VESUM lemma gate	unresolved
проїзд	synonyms	під'їзд	ULIF DictUA exact headword relation; VESUM lemma gate	unresolved
проїздити	synonyms	проїжджати	ULIF DictUA exact headword relation; VESUM lemma gate	unresolved
проїздити	synonyms	проїздити	ULIF DictUA exact headword relation; VESUM lemma gate	unresolved
проїхати	synonyms	прокотитися (розм.)	ULIF DictUA exact headword relation; VESUM lemma gate	unresolved
проїхати	synonyms	прокотити (розм.)	ULIF DictUA exact headword relation; VESUM lemma gate	unresolved
пташка	synonyms	волан	ULIF DictUA exact headword relation; VESUM lemma gate	unresolved
пташка	synonyms	птах	ULIF DictUA exact headword relation; VESUM lemma gate	unresolved
пташка	synonyms	човник	ULIF DictUA exact headword relation; VESUM lemma gate	unresolved
південь	antonyms	північ	ULIF DictUA exact headword relation; VESUM lemma gate	unresolved
північ	antonyms	південь	ULIF DictUA exact headword relation; VESUM lemma gate	unresolved
півтемрява	synonyms	напівтемрява	ULIF DictUA exact headword relation; VESUM lemma gate	unresolved
півтора	synonyms	півтори	ULIF DictUA exact headword relation; VESUM lemma gate	unresolved
півтори	synonyms	півтора	ULIF DictUA exact headword relation; VESUM lemma gate	unresolved
під-їзд	synonyms	проїзд	ULIF DictUA exact headword relation; VESUM lemma gate	unresolved
підбадьорити	synonyms	стішити	ULIF DictUA exact headword relation; VESUM lemma gate	unresolved
підбадьорити	synonyms	уговорити	ULIF DictUA exact headword relation; VESUM lemma gate	unresolved
підбадьорити	synonyms	угомоняти	ULIF DictUA exact headword relation; VESUM lemma gate	unresolved
підбадьорити	synonyms	угомонювати	ULIF DictUA exact headword relation; VESUM lemma gate	unresolved
підбадьорити	synonyms	погамовувати	ULIF DictUA exact headword relation; VESUM lemma gate	unresolved
підбадьорити	synonyms	успокоювати	ULIF DictUA exact headword relation; VESUM lemma gate	unresolved
підбадьорити	synonyms	упокоювати	ULIF DictUA exact headword relation; VESUM lemma gate	unresolved
підбадьорити	synonyms	пригамовувати	ULIF DictUA exact headword relation; VESUM lemma gate	unresolved
підбадьорити	synonyms	уговорювати	ULIF DictUA exact headword relation; VESUM lemma gate	unresolved
підбадьорити	synonyms	уговоряти	ULIF DictUA exact headword relation; VESUM lemma gate	unresolved
підбадьорити	synonyms	умовляти	ULIF DictUA exact headword relation; VESUM lemma gate	unresolved
підбадьорити	synonyms	розраджувати	ULIF DictUA exact headword relation; VESUM lemma gate	unresolved
підбадьорити	synonyms	розраювати	ULIF DictUA exact headword relation; VESUM lemma gate	unresolved
підбадьорити	synonyms	розділяти	ULIF DictUA exact headword relation; VESUM lemma gate	unresolved
підбадьорити	synonyms	охолоджувати	ULIF DictUA exact headword relation; VESUM lemma gate	unresolved
підбирати	synonyms	збирати	ULIF DictUA exact headword relation; VESUM lemma gate	unresolved
підбирати	synonyms	визбирувати	ULIF DictUA exact headword relation; VESUM lemma gate	unresolved
підбирати	synonyms	брати	ULIF DictUA exact headword relation; VESUM lemma gate	unresolved
підбити	synonyms	підбивати	ULIF DictUA exact headword relation; VESUM lemma gate	unresolved
підбиття	synonyms	підбивання	ULIF DictUA exact headword relation; VESUM lemma gate	unresolved
підвищувати	synonyms	побільшувати (рідше)	ULIF DictUA exact headword relation; VESUM lemma gate	unresolved
підвищувати	synonyms	прибільшувати (розм.)	ULIF DictUA exact headword relation; VESUM lemma gate	unresolved
підвищувати	synonyms	добавляти (розм.)	ULIF DictUA exact headword relation; VESUM lemma gate	unresolved
підвищувати	synonyms	прибавляти (розм.)	ULIF DictUA exact headword relation; VESUM lemma gate	unresolved
підвищувати	synonyms	піддавати (розм.)	ULIF DictUA exact headword relation; VESUM lemma gate	unresolved
підвищувати	synonyms	підсичувати (діал.)	ULIF DictUA exact headword relation; VESUM lemma gate	unresolved
підвищувати	synonyms	наганяти (розм.)	ULIF DictUA exact headword relation; VESUM lemma gate	unresolved
підвіска	synonyms	підвіс	ULIF DictUA exact headword relation; VESUM lemma gate	unresolved
підйом	synonyms	монтаж	ULIF DictUA exact headword relation; VESUM lemma gate	unresolved
підйом	synonyms	підняття	ULIF DictUA exact headword relation; VESUM lemma gate	unresolved
підйом	synonyms	висхідний	ULIF DictUA exact headword relation; VESUM lemma gate	unresolved
підйом	synonyms	сходження	ULIF DictUA exact headword relation; VESUM lemma gate	unresolved
підйом	synonyms	покращення	ULIF DictUA exact headword relation; VESUM lemma gate	unresolved
підкорювати	synonyms	прибрати	ULIF DictUA exact headword relation; VESUM lemma gate	unresolved
підкорювати	synonyms	до	ULIF DictUA exact headword relation; VESUM lemma gate	unresolved
підкорювати	synonyms	рук	ULIF DictUA exact headword relation; VESUM lemma gate	unresolved
підкорювати	synonyms	прибирати	ULIF DictUA exact headword relation; VESUM lemma gate	unresolved
підкорювати	synonyms	упідлеглити	ULIF DictUA exact headword relation; VESUM lemma gate	unresolved
підкреслювати	synonyms	вирізняти	ULIF DictUA exact headword relation; VESUM lemma gate	unresolved
підлога	synonyms	паркет	ULIF DictUA exact headword relation; VESUM lemma gate	unresolved
підлога	synonyms	поміст (розм.)	ULIF DictUA exact headword relation; VESUM lemma gate	unresolved
підлога	synonyms	міст (діал.)	ULIF DictUA exact headword relation; VESUM lemma gate	unresolved
підлікувати	synonyms	підліковувати	ULIF DictUA exact headword relation; VESUM lemma gate	unresolved
підношення	synonyms	піднесення	ULIF DictUA exact headword relation; VESUM lemma gate	unresolved
підо	synonyms	під	ULIF DictUA exact headword relation; VESUM lemma gate	unresolved
підпалити	synonyms	розгнічувати	ULIF DictUA exact headword relation; VESUM lemma gate	unresolved
підпалити	synonyms	розгнітати	ULIF DictUA exact headword relation; VESUM lemma gate	unresolved
підпалити	synonyms	розгнітити	ULIF DictUA exact headword relation; VESUM lemma gate	unresolved
підплисти	synonyms	підпливати	ULIF DictUA exact headword relation; VESUM lemma gate	unresolved
підрядний	antonyms	сурядний	ULIF DictUA exact headword relation; VESUM lemma gate	unresolved
підрядність	antonyms	сурядність	ULIF DictUA exact headword relation; VESUM lemma gate	unresolved
підскочити	synonyms	підскакувати	ULIF DictUA exact headword relation; VESUM lemma gate	unresolved
підслухати	synonyms	підслухувати	ULIF DictUA exact headword relation; VESUM lemma gate	unresolved
підслухати	synonyms	підслухати	ULIF DictUA exact headword relation; VESUM lemma gate	unresolved
підсолити	synonyms	підсолювати	ULIF DictUA exact headword relation; VESUM lemma gate	unresolved
підстригти	synonyms	остригати	ULIF DictUA exact headword relation; VESUM lemma gate	unresolved
підстригти	synonyms	остригти	ULIF DictUA exact headword relation; VESUM lemma gate	unresolved
підступність	synonyms	підступництво	ULIF DictUA exact headword relation; VESUM lemma gate	unresolved
підсушити	synonyms	підсушувати	ULIF DictUA exact headword relation; VESUM lemma gate	unresolved
підсів	synonyms	підсівання	ULIF DictUA exact headword relation; VESUM lemma gate	unresolved
підтримувати	synonyms	піддержувати (діал.)	ULIF DictUA exact headword relation; VESUM lemma gate	unresolved
підходити	synonyms	надходити	ULIF DictUA exact headword relation; VESUM lemma gate	unresolved
підходити	synonyms	доходити	ULIF DictUA exact headword relation; VESUM lemma gate	unresolved
підхопити	synonyms	прихвачувати	ULIF DictUA exact headword relation; VESUM lemma gate	unresolved
підхопити	synonyms	захвачувати	ULIF DictUA exact headword relation; VESUM lemma gate	unresolved
підхопити	synonyms	прихватити	ULIF DictUA exact headword relation; VESUM lemma gate	unresolved
підхопити	synonyms	захватити	ULIF DictUA exact headword relation; VESUM lemma gate	unresolved
підхопити	synonyms	нагибати	ULIF DictUA exact headword relation; VESUM lemma gate	unresolved
піді	synonyms	під	ULIF DictUA exact headword relation; VESUM lemma gate	unresolved
підігріти	synonyms	розгарячати	ULIF DictUA exact headword relation; VESUM lemma gate	unresolved
підігріти	synonyms	розгарячувати	ULIF DictUA exact headword relation; VESUM lemma gate	unresolved
підігріти	synonyms	оп'яняти	ULIF DictUA exact headword relation; VESUM lemma gate	unresolved
підігріти	synonyms	оп'янювати	ULIF DictUA exact headword relation; VESUM lemma gate	unresolved
підігріти	synonyms	обуджати	ULIF DictUA exact headword relation; VESUM lemma gate	unresolved
підіймання	synonyms	піднімання	ULIF DictUA exact headword relation; VESUM lemma gate	unresolved
після	synonyms	десерт	ULIF DictUA exact headword relation; VESUM lemma gate	unresolved
після	synonyms	згодом	ULIF DictUA exact headword relation; VESUM lemma gate	unresolved
після	synonyms	потім	ULIF DictUA exact headword relation; VESUM lemma gate	unresolved
після	synonyms	пізніше	ULIF DictUA exact headword relation; VESUM lemma gate	unresolved
пісний	antonyms	скоромний	ULIF DictUA exact headword relation; VESUM lemma gate	unresolved
піти	antonyms	стати	ULIF DictUA exact headword relation; VESUM lemma gate	unresolved
ради	synonyms	заради	ULIF DictUA exact headword relation; VESUM lemma gate	unresolved
радощі	synonyms	радіння (розм.)	ULIF DictUA exact headword relation; VESUM lemma gate	unresolved
радощі	synonyms	розрада (розм.)	ULIF DictUA exact headword relation; VESUM lemma gate	unresolved
радощі	synonyms	відрадість (розм.)	ULIF DictUA exact headword relation; VESUM lemma gate	unresolved
радіо	synonyms	радіоприймач	ULIF DictUA exact headword relation; VESUM lemma gate	unresolved
радість	synonyms	задоволення	ULIF DictUA exact headword relation; VESUM lemma gate	unresolved
радість	synonyms	приємність	ULIF DictUA exact headword relation; VESUM lemma gate	unresolved
радість	synonyms	радіння (розм.)	ULIF DictUA exact headword relation; VESUM lemma gate	unresolved
радість	synonyms	розрада (розм.)	ULIF DictUA exact headword relation; VESUM lemma gate	unresolved
радість	synonyms	відрадість (розм.)	ULIF DictUA exact headword relation; VESUM lemma gate	unresolved
рак	synonyms	складка	ULIF DictUA exact headword relation; VESUM lemma gate	unresolved
рак	synonyms	торпеда	ULIF DictUA exact headword relation; VESUM lemma gate	unresolved
рак	synonyms	краб	ULIF DictUA exact headword relation; VESUM lemma gate	unresolved
ралець	synonyms	бенкет	ULIF DictUA exact headword relation; VESUM lemma gate	unresolved
раптово	synonyms	коротко	ULIF DictUA exact headword relation; VESUM lemma gate	unresolved
раптово	synonyms	мертвий	ULIF DictUA exact headword relation; VESUM lemma gate	unresolved
раптово	synonyms	різко	ULIF DictUA exact headword relation; VESUM lemma gate	unresolved
раціональний	antonyms	ірраціональний	ULIF DictUA exact headword relation; VESUM lemma gate	unresolved
реабілітація	synonyms	відновлення	ULIF DictUA exact headword relation; VESUM lemma gate	unresolved
реабілітація	synonyms	рекультивація	ULIF DictUA exact headword relation; VESUM lemma gate	unresolved
реальний	antonyms	уявний	ULIF DictUA exact headword relation; VESUM lemma gate	unresolved
реальний	antonyms	уявне	ULIF DictUA exact headword relation; VESUM lemma gate	unresolved
регулювати	synonyms	впливати	ULIF DictUA exact headword relation; VESUM lemma gate	unresolved
регулювати	synonyms	формувати	ULIF DictUA exact headword relation; VESUM lemma gate	unresolved
регулювати	synonyms	наказувати	ULIF DictUA exact headword relation; VESUM lemma gate	unresolved
регулювати	synonyms	упорядкувати	ULIF DictUA exact headword relation; VESUM lemma gate	unresolved
регулювати	synonyms	управляти	ULIF DictUA exact headword relation; VESUM lemma gate	unresolved
регулювати	synonyms	виправляти	ULIF DictUA exact headword relation; VESUM lemma gate	unresolved
редагувати	synonyms	стилізувати	ULIF DictUA exact headword relation; VESUM lemma gate	unresolved
редакція	synonyms	редагування	ULIF DictUA exact headword relation; VESUM lemma gate	unresolved
результативність	synonyms	дієвість	ULIF DictUA exact headword relation; VESUM lemma gate	unresolved
реквізит	synonyms	необхідний	ULIF DictUA exact headword relation; VESUM lemma gate	unresolved
реквізит	synonyms	вимога	ULIF DictUA exact headword relation; VESUM lemma gate	unresolved
реквізит	synonyms	необхідність	ULIF DictUA exact headword relation; VESUM lemma gate	unresolved
реквізит	synonyms	власність	ULIF DictUA exact headword relation; VESUM lemma gate	unresolved
реклама	synonyms	уважність	ULIF DictUA exact headword relation; VESUM lemma gate	unresolved
реклама	synonyms	уважний	ULIF DictUA exact headword relation; VESUM lemma gate	unresolved
ренет	synonyms	ранет	ULIF DictUA exact headword relation; VESUM lemma gate	unresolved
ретельно	synonyms	вичерпно	ULIF DictUA exact headword relation; VESUM lemma gate	unresolved
рефлексія	synonyms	міркування	ULIF DictUA exact headword relation; VESUM lemma gate	unresolved
рефлексія	synonyms	розмірковування	ULIF DictUA exact headword relation; VESUM lemma gate	unresolved
рефлексія	synonyms	роздумування	ULIF DictUA exact headword relation; VESUM lemma gate	unresolved
рефлексія	synonyms	вияв	ULIF DictUA exact headword relation; VESUM lemma gate	unresolved
речовина	synonyms	субстанція	ULIF DictUA exact headword relation; VESUM lemma gate	unresolved
реєстрація	synonyms	зарахування	ULIF DictUA exact headword relation; VESUM lemma gate	unresolved
рибалка	synonyms	риболовля	ULIF DictUA exact headword relation; VESUM lemma gate	unresolved
рибний	synonyms	підозрюваний	ULIF DictUA exact headword relation; VESUM lemma gate	unresolved
рибний	synonyms	підозріло	ULIF DictUA exact headword relation; VESUM lemma gate	unresolved
рибний	synonyms	дивно	ULIF DictUA exact headword relation; VESUM lemma gate	unresolved
ризик	synonyms	непевність	ULIF DictUA exact headword relation; VESUM lemma gate	unresolved
ризик	synonyms	непередбаченість	ULIF DictUA exact headword relation; VESUM lemma gate	unresolved
ризикнути	synonyms	дерзнути	ULIF DictUA exact headword relation; VESUM lemma gate	unresolved
ризикнути	synonyms	обісмілитися	ULIF DictUA exact headword relation; VESUM lemma gate	unresolved
ризикнути	synonyms	дерзати	ULIF DictUA exact headword relation; VESUM lemma gate	unresolved
ризикнути	synonyms	обісмілюватися	ULIF DictUA exact headword relation; VESUM lemma gate	unresolved
рип-рип	synonyms	рип	ULIF DictUA exact headword relation; VESUM lemma gate	unresolved
риска	synonyms	дефіс	ULIF DictUA exact headword relation; VESUM lemma gate	unresolved
робочий	synonyms	робітничий	ULIF DictUA exact headword relation; VESUM lemma gate	unresolved
рогатий	synonyms	чорт	ULIF DictUA exact headword relation; VESUM lemma gate	unresolved
рогоза	synonyms	рогіз	ULIF DictUA exact headword relation; VESUM lemma gate	unresolved
родинно	synonyms	по-рідному	ULIF DictUA exact headword relation; VESUM lemma gate	unresolved
роз-єднання	synonyms	відведення	ULIF DictUA exact headword relation; VESUM lemma gate	unresolved
роз-єднання	synonyms	від'єднання	ULIF DictUA exact headword relation; VESUM lemma gate	unresolved
роз-єднання	synonyms	прірва	ULIF DictUA exact headword relation; VESUM lemma gate	unresolved
розбирати	synonyms	розкуповувати	ULIF DictUA exact headword relation; VESUM lemma gate	unresolved
розбудити	synonyms	розбуркати (розм.)	ULIF DictUA exact headword relation; VESUM lemma gate	unresolved
розбудити	synonyms	пробуркати (розм.)	ULIF DictUA exact headword relation; VESUM lemma gate	unresolved
розбудити	synonyms	прокинути (розм.)	ULIF DictUA exact headword relation; VESUM lemma gate	unresolved
розбудити	synonyms	добудитися (розм.)	ULIF DictUA exact headword relation; VESUM lemma gate	unresolved
розбудити	synonyms	розштовхати (розм.)	ULIF DictUA exact headword relation; VESUM lemma gate	unresolved
розбудити	synonyms	розтермосити (розм.)	ULIF DictUA exact headword relation; VESUM lemma gate	unresolved
розбудити	synonyms	розторсати (розм.)	ULIF DictUA exact headword relation; VESUM lemma gate	unresolved
розбудувати	synonyms	розбудовувати	ULIF DictUA exact headword relation; VESUM lemma gate	unresolved
розвантажити	synonyms	розвантажувати	ULIF DictUA exact headword relation; VESUM lemma gate	unresolved
розвинутися	synonyms	розвиватися	ULIF DictUA exact headword relation; VESUM lemma gate	unresolved
розвіяти	synonyms	розвівати	ULIF DictUA exact headword relation; VESUM lemma gate	unresolved
розгадати	synonyms	убагнути	ULIF DictUA exact headword relation; VESUM lemma gate	unresolved
розгадати	synonyms	розчумати	ULIF DictUA exact headword relation; VESUM lemma gate	unresolved
розгледіти	synonyms	розглядати	ULIF DictUA exact headword relation; VESUM lemma gate	unresolved
розгорнутися	synonyms	розгортатися	ULIF DictUA exact headword relation; VESUM lemma gate	unresolved
роздягнути	synonyms	роздягати	ULIF DictUA exact headword relation; VESUM lemma gate	unresolved
розділ	synonyms	розріз	ULIF DictUA exact headword relation; VESUM lemma gate	unresolved
розділ	synonyms	відділ	ULIF DictUA exact headword relation; VESUM lemma gate	unresolved
розділ	synonyms	підрозділ	ULIF DictUA exact headword relation; VESUM lemma gate	unresolved
розділитися	synonyms	розділятися	ULIF DictUA exact headword relation; VESUM lemma gate	unresolved
роззутися	synonyms	роззуватися	ULIF DictUA exact headword relation; VESUM lemma gate	unresolved
розказувати	synonyms	описувати	ULIF DictUA exact headword relation; VESUM lemma gate	unresolved
розквітати	synonyms	махати	ULIF DictUA exact headword relation; VESUM lemma gate	unresolved
розквітати	synonyms	розмахувати	ULIF DictUA exact headword relation; VESUM lemma gate	unresolved
розквітлий	synonyms	дозрілий	ULIF DictUA exact headword relation; VESUM lemma gate	unresolved
розкладати	synonyms	класти	ULIF DictUA exact headword relation; VESUM lemma gate	unresolved
розклеїти	synonyms	розклеювати	ULIF DictUA exact headword relation; VESUM lemma gate	unresolved
розкоші	synonyms	розкіш	ULIF DictUA exact headword relation; VESUM lemma gate	unresolved
розкішно	synonyms	щедро	ULIF DictUA exact headword relation; VESUM lemma gate	unresolved
розкішно	synonyms	високо	ULIF DictUA exact headword relation; VESUM lemma gate	unresolved
розлетітися	synonyms	розсіюватися	ULIF DictUA exact headword relation; VESUM lemma gate	unresolved
розлетітися	synonyms	розтавати	ULIF DictUA exact headword relation; VESUM lemma gate	unresolved
розлити	synonyms	розливати	ULIF DictUA exact headword relation; VESUM lemma gate	unresolved
розмаїття	synonyms	розмаїтість	ULIF DictUA exact headword relation; VESUM lemma gate	unresolved
розмовляти	synonyms	лопотати (розм.)	ULIF DictUA exact headword relation; VESUM lemma gate	unresolved
розмовляти	synonyms	лопотіти (розм.)	ULIF DictUA exact headword relation; VESUM lemma gate	unresolved
розмовляти	synonyms	гелготати (розм.)	ULIF DictUA exact headword relation; VESUM lemma gate	unresolved
розмовляти	synonyms	гелготіти (розм.)	ULIF DictUA exact headword relation; VESUM lemma gate	unresolved
розмовляти	synonyms	джеркотати (розм.)	ULIF DictUA exact headword relation; VESUM lemma gate	unresolved
розмовляти	synonyms	джеркотіти (розм.)	ULIF DictUA exact headword relation; VESUM lemma gate	unresolved
розмовляти	synonyms	шваркотіти (розм.)	ULIF DictUA exact headword relation; VESUM lemma gate	unresolved
розмовляти	synonyms	цвенькати (розм.)	ULIF DictUA exact headword relation; VESUM lemma gate	unresolved
розмовний	synonyms	вимовний	ULIF DictUA exact headword relation; VESUM lemma gate	unresolved
розміщувати	synonyms	ташувати	ULIF DictUA exact headword relation; VESUM lemma gate	unresolved
розпустити	synonyms	прогаювати	ULIF DictUA exact headword relation; VESUM lemma gate	unresolved
розпустити	synonyms	пробавляти	ULIF DictUA exact headword relation; VESUM lemma gate	unresolved
розпустити	synonyms	розточити	ULIF DictUA exact headword relation; VESUM lemma gate	unresolved
розробляти	synonyms	добувати	ULIF DictUA exact headword relation; VESUM lemma gate	unresolved
розрізати	synonyms	розрізувати	ULIF DictUA exact headword relation; VESUM lemma gate	unresolved
розрізати	synonyms	розрізати	ULIF DictUA exact headword relation; VESUM lemma gate	unresolved
розслабитися	synonyms	розслаблюватися	ULIF DictUA exact headword relation; VESUM lemma gate	unresolved
розслаблення	synonyms	ослаблення	ULIF DictUA exact headword relation; VESUM lemma gate	unresolved
розслаблення	synonyms	ледарювання	ULIF DictUA exact headword relation; VESUM lemma gate	unresolved
розслаблення	synonyms	релаксація	ULIF DictUA exact headword relation; VESUM lemma gate	unresolved
розслаблятися	synonyms	розслаблюватися	ULIF DictUA exact headword relation; VESUM lemma gate	unresolved
розслідування	synonyms	слідчий	ULIF DictUA exact headword relation; VESUM lemma gate	unresolved
розстріляти	synonyms	на	ULIF DictUA exact headword relation; VESUM lemma gate	unresolved
розстріляти	synonyms	смерть	ULIF DictUA exact headword relation; VESUM lemma gate	unresolved
розстріляти	synonyms	горло	ULIF DictUA exact headword relation; VESUM lemma gate	unresolved
розстріляти	synonyms	садити	ULIF DictUA exact headword relation; VESUM lemma gate	unresolved
розстріляти	synonyms	палю	ULIF DictUA exact headword relation; VESUM lemma gate	unresolved
розстріляти	synonyms	електричний	ULIF DictUA exact headword relation; VESUM lemma gate	unresolved
розстріляти	synonyms	стілець	ULIF DictUA exact headword relation; VESUM lemma gate	unresolved
розстріляти	synonyms	розіп'яти	ULIF DictUA exact headword relation; VESUM lemma gate	unresolved
розстріляти	synonyms	хресті	ULIF DictUA exact headword relation; VESUM lemma gate	unresolved
розстріляти	synonyms	посадити	ULIF DictUA exact headword relation; VESUM lemma gate	unresolved
розтягнутий	synonyms	розтягнений	ULIF DictUA exact headword relation; VESUM lemma gate	unresolved
розчарований	synonyms	збентежений	ULIF DictUA exact headword relation; VESUM lemma gate	unresolved
розчарований	synonyms	переможений	ULIF DictUA exact headword relation; VESUM lemma gate	unresolved
розчарувати	synonyms	розчаровувати	ULIF DictUA exact headword relation; VESUM lemma gate	unresolved
розчесати	synonyms	розчісувати	ULIF DictUA exact headword relation; VESUM lemma gate	unresolved
розчиняти	synonyms	анатомувати	ULIF DictUA exact headword relation; VESUM lemma gate	unresolved
розчленування	synonyms	розбирання	ULIF DictUA exact headword relation; VESUM lemma gate	unresolved
розчухати	synonyms	розчухувати	ULIF DictUA exact headword relation; VESUM lemma gate	unresolved
розширювати	synonyms	збільшувати	ULIF DictUA exact headword relation; VESUM lemma gate	unresolved
розширяти	synonyms	збільшувати	ULIF DictUA exact headword relation; VESUM lemma gate	unresolved
розігнати	synonyms	розганяти	ULIF DictUA exact headword relation; VESUM lemma gate	unresolved
роль	synonyms	частина	ULIF DictUA exact headword relation; VESUM lemma gate	unresolved
роль	synonyms	посада	ULIF DictUA exact headword relation; VESUM lemma gate	unresolved
роль	synonyms	персона	ULIF DictUA exact headword relation; VESUM lemma gate	unresolved
роль	synonyms	характер	ULIF DictUA exact headword relation; VESUM lemma gate	unresolved
роль	synonyms	використання	ULIF DictUA exact headword relation; VESUM lemma gate	unresolved
рубати	synonyms	різати	ULIF DictUA exact headword relation; VESUM lemma gate	unresolved
рубати	synonyms	бити	ULIF DictUA exact headword relation; VESUM lemma gate	unresolved
рубати	synonyms	молотити	ULIF DictUA exact headword relation; VESUM lemma gate	unresolved
рубати	synonyms	підкидати	ULIF DictUA exact headword relation; VESUM lemma gate	unresolved
рубати	synonyms	косити	ULIF DictUA exact headword relation; VESUM lemma gate	unresolved
рубати	synonyms	бичувати	ULIF DictUA exact headword relation; VESUM lemma gate	unresolved
рубати	synonyms	мотати	ULIF DictUA exact headword relation; VESUM lemma gate	unresolved
рубати	synonyms	шмагати	ULIF DictUA exact headword relation; VESUM lemma gate	unresolved
рука	synonyms	рукав	ULIF DictUA exact headword relation; VESUM lemma gate	unresolved
рука	synonyms	зброя	ULIF DictUA exact headword relation; VESUM lemma gate	unresolved
рука	synonyms	роздача	ULIF DictUA exact headword relation; VESUM lemma gate	unresolved
рука	synonyms	рукавиця	ULIF DictUA exact headword relation; VESUM lemma gate	unresolved
рука	synonyms	сценарій	ULIF DictUA exact headword relation; VESUM lemma gate	unresolved
рука	synonyms	наймит	ULIF DictUA exact headword relation; VESUM lemma gate	unresolved
руський	synonyms	російський	ULIF DictUA exact headword relation; VESUM lemma gate	unresolved
ручка	synonyms	манеж	ULIF DictUA exact headword relation; VESUM lemma gate	unresolved
рядовий	synonyms	рядковий	ULIF DictUA exact headword relation; VESUM lemma gate	unresolved
ряска	synonyms	ряса	ULIF DictUA exact headword relation; VESUM lemma gate	unresolved
рівносильний	synonyms	рівнозначний	ULIF DictUA exact headword relation; VESUM lemma gate	unresolved
ріг	synonyms	ребро	ULIF DictUA exact headword relation; VESUM lemma gate	unresolved
ріг	synonyms	руб	ULIF DictUA exact headword relation; VESUM lemma gate	unresolved
рідкий	antonyms	твердий	ULIF DictUA exact headword relation; VESUM lemma gate	unresolved
рідно	synonyms	по-рідному	ULIF DictUA exact headword relation; VESUM lemma gate	unresolved
різко	synonyms	хрусткий	ULIF DictUA exact headword relation; VESUM lemma gate	unresolved
різко	synonyms	точно	ULIF DictUA exact headword relation; VESUM lemma gate	unresolved
різко	synonyms	стрімко	ULIF DictUA exact headword relation; VESUM lemma gate	unresolved
різко	synonyms	гострий	ULIF DictUA exact headword relation; VESUM lemma gate	unresolved
різко	synonyms	коротко	ULIF DictUA exact headword relation; VESUM lemma gate	unresolved
різко	synonyms	мертвий	ULIF DictUA exact headword relation; VESUM lemma gate	unresolved
різко	synonyms	раптово	ULIF DictUA exact headword relation; VESUM lemma gate	unresolved
різко	synonyms	раптом	ULIF DictUA exact headword relation; VESUM lemma gate	unresolved
різноманіття	synonyms	різноманітність	ULIF DictUA exact headword relation; VESUM lemma gate	unresolved
річка	synonyms	струмок	ULIF DictUA exact headword relation; VESUM lemma gate	unresolved
річка	synonyms	потік	ULIF DictUA exact headword relation; VESUM lemma gate	unresolved
сагайдак	synonyms	лук	ULIF DictUA exact headword relation; VESUM lemma gate	unresolved
садок	synonyms	сад	ULIF DictUA exact headword relation; VESUM lemma gate	unresolved
сазан	synonyms	короп	ULIF DictUA exact headword relation; VESUM lemma gate	unresolved
сакральний	synonyms	крижовий	ULIF DictUA exact headword relation; VESUM lemma gate	unresolved
салат	synonyms	капуста	ULIF DictUA exact headword relation; VESUM lemma gate	unresolved
салат	synonyms	тісто	ULIF DictUA exact headword relation; VESUM lemma gate	unresolved
салат	synonyms	хліб	ULIF DictUA exact headword relation; VESUM lemma gate	unresolved
салат	synonyms	цукор	ULIF DictUA exact headword relation; VESUM lemma gate	unresolved
салата	synonyms	салат	ULIF DictUA exact headword relation; VESUM lemma gate	unresolved
сальто	synonyms	сальто-мортале	ULIF DictUA exact headword relation; VESUM lemma gate	unresolved
самка	synonyms	самиця	ULIF DictUA exact headword relation; VESUM lemma gate	unresolved
самовидець	synonyms	очевидець	ULIF DictUA exact headword relation; VESUM lemma gate	unresolved
самодостатній	synonyms	самовладання	ULIF DictUA exact headword relation; VESUM lemma gate	unresolved
самонавіювання	synonyms	самонавіяння	ULIF DictUA exact headword relation; VESUM lemma gate	unresolved
самооцінка	synonyms	гідність	ULIF DictUA exact headword relation; VESUM lemma gate	unresolved
самооцінка	synonyms	самоповага	ULIF DictUA exact headword relation; VESUM lemma gate	unresolved
самоперевірка	synonyms	самоаналіз	ULIF DictUA exact headword relation; VESUM lemma gate	unresolved
самоперевірка	synonyms	самоспоглядання	ULIF DictUA exact headword relation; VESUM lemma gate	unresolved
саморегуляція	synonyms	саморегулювання	ULIF DictUA exact headword relation; VESUM lemma gate	unresolved
саморозвиток	synonyms	саморух	ULIF DictUA exact headword relation; VESUM lemma gate	unresolved
самота	synonyms	самотою	ULIF DictUA exact headword relation; VESUM lemma gate	unresolved
самотній	synonyms	самотинний	ULIF DictUA exact headword relation; VESUM lemma gate	unresolved
самотній	synonyms	самий	ULIF DictUA exact headword relation; VESUM lemma gate	unresolved
самотній	synonyms	сам-один	ULIF DictUA exact headword relation; VESUM lemma gate	unresolved
сантехнік	synonyms	сантехніка	ULIF DictUA exact headword relation; VESUM lemma gate	unresolved
сарай	synonyms	хлів	ULIF DictUA exact headword relation; VESUM lemma gate	unresolved
сахароза	synonyms	цукроза	ULIF DictUA exact headword relation; VESUM lemma gate	unresolved
свекрушище	synonyms	свекруха	ULIF DictUA exact headword relation; VESUM lemma gate	unresolved
свербіж	synonyms	дратівливий	ULIF DictUA exact headword relation; VESUM lemma gate	unresolved
свербіж	synonyms	неспокійний	ULIF DictUA exact headword relation; VESUM lemma gate	unresolved
свербіж	synonyms	короста	ULIF DictUA exact headword relation; VESUM lemma gate	unresolved
свербіж	synonyms	спонукання	ULIF DictUA exact headword relation; VESUM lemma gate	unresolved
свербіж	synonyms	образливість	ULIF DictUA exact headword relation; VESUM lemma gate	unresolved
свербіж	synonyms	свідчення	ULIF DictUA exact headword relation; VESUM lemma gate	unresolved
светр	synonyms	джемпер	ULIF DictUA exact headword relation; VESUM lemma gate	unresolved
свинка	synonyms	довгоносик	ULIF DictUA exact headword relation; VESUM lemma gate	unresolved
свиня	synonyms	льоха	ULIF DictUA exact headword relation; VESUM lemma gate	unresolved
свиня	synonyms	свиноматка	ULIF DictUA exact headword relation; VESUM lemma gate	unresolved
свиня	synonyms	підсвинок	ULIF DictUA exact headword relation; VESUM lemma gate	unresolved
свиня	synonyms	дельфін	ULIF DictUA exact headword relation; VESUM lemma gate	unresolved
свищик	synonyms	свисток	ULIF DictUA exact headword relation; VESUM lemma gate	unresolved
свят	synonyms	святий	ULIF DictUA exact headword relation; VESUM lemma gate	unresolved
свіжо	synonyms	свіжий	ULIF DictUA exact headword relation; VESUM lemma gate	unresolved
свіжо	synonyms	зухвало	ULIF DictUA exact headword relation; VESUM lemma gate	unresolved
свіжо	synonyms	нахабно	ULIF DictUA exact headword relation; VESUM lemma gate	unresolved
світильник	synonyms	свічник	ULIF DictUA exact headword relation; VESUM lemma gate	unresolved
світловолосий	synonyms	блондин	ULIF DictUA exact headword relation; VESUM lemma gate	unresolved
світловолосий	synonyms	блондинка	ULIF DictUA exact headword relation; VESUM lemma gate	unresolved
світовідчуття	synonyms	світовідчування	ULIF DictUA exact headword relation; VESUM lemma gate	unresolved
свічення	synonyms	світіння	ULIF DictUA exact headword relation; VESUM lemma gate	unresolved
сезонний	synonyms	вчасно	ULIF DictUA exact headword relation; VESUM lemma gate	unresolved
сезонний	synonyms	своєчасно	ULIF DictUA exact headword relation; VESUM lemma gate	unresolved
семантика	synonyms	семасіологія	ULIF DictUA exact headword relation; VESUM lemma gate	unresolved
сентименталізм	synonyms	сентиментальність	ULIF DictUA exact headword relation; VESUM lemma gate	unresolved
середи	synonyms	серед	ULIF DictUA exact headword relation; VESUM lemma gate	unresolved
середина	synonyms	нутро	ULIF DictUA exact headword relation; VESUM lemma gate	unresolved
середина	synonyms	нутрощі	ULIF DictUA exact headword relation; VESUM lemma gate	unresolved
середина	synonyms	душа	ULIF DictUA exact headword relation; VESUM lemma gate	unresolved
середина	synonyms	дух	ULIF DictUA exact headword relation; VESUM lemma gate	unresolved
середина	synonyms	утроба (розм.)	ULIF DictUA exact headword relation; VESUM lemma gate	unresolved
середина	synonyms	душиця	ULIF DictUA exact headword relation; VESUM lemma gate	unresolved
середина	synonyms	посередині	ULIF DictUA exact headword relation; VESUM lemma gate	unresolved
середу	synonyms	серед	ULIF DictUA exact headword relation; VESUM lemma gate	unresolved
серце	synonyms	центр	ULIF DictUA exact headword relation; VESUM lemma gate	unresolved
серце	synonyms	середина	ULIF DictUA exact headword relation; VESUM lemma gate	unresolved
серце	synonyms	лоно	ULIF DictUA exact headword relation; VESUM lemma gate	unresolved
серце	synonyms	мужність	ULIF DictUA exact headword relation; VESUM lemma gate	unresolved
серце	synonyms	нерв	ULIF DictUA exact headword relation; VESUM lemma gate	unresolved
серце	synonyms	ніжність	ULIF DictUA exact headword relation; VESUM lemma gate	unresolved
серце	synonyms	прихильність	ULIF DictUA exact headword relation; VESUM lemma gate	unresolved
серце	synonyms	сердечність	ULIF DictUA exact headword relation; VESUM lemma gate	unresolved
сеча	synonyms	гематурія	ULIF DictUA exact headword relation; VESUM lemma gate	unresolved
сечовий	synonyms	сечовиснаження	ULIF DictUA exact headword relation; VESUM lemma gate	unresolved
сигнал	synonyms	яса	ULIF DictUA exact headword relation; VESUM lemma gate	unresolved
сигнал	synonyms	гудок	ULIF DictUA exact headword relation; VESUM lemma gate	unresolved
сидьма	synonyms	сидячи	ULIF DictUA exact headword relation; VESUM lemma gate	unresolved
сильний	antonyms	слабкий	ULIF DictUA exact headword relation; VESUM lemma gate	unresolved
сильний	antonyms	слабий	ULIF DictUA exact headword relation; VESUM lemma gate	unresolved
симптоматичний	synonyms	діагностика	ULIF DictUA exact headword relation; VESUM lemma gate	unresolved
синиця	synonyms	груди	ULIF DictUA exact headword relation; VESUM lemma gate	unresolved
синиця	synonyms	молоток	ULIF DictUA exact headword relation; VESUM lemma gate	unresolved
синок	synonyms	груди	ULIF DictUA exact headword relation; VESUM lemma gate	unresolved
синок	synonyms	пишний	ULIF DictUA exact headword relation; VESUM lemma gate	unresolved
синок	synonyms	син	ULIF DictUA exact headword relation; VESUM lemma gate	unresolved
синок	synonyms	складений	ULIF DictUA exact headword relation; VESUM lemma gate	unresolved
синок	synonyms	хтивий	ULIF DictUA exact headword relation; VESUM lemma gate	unresolved
синок	synonyms	дитинча	ULIF DictUA exact headword relation; VESUM lemma gate	unresolved
синок	synonyms	хлопець	ULIF DictUA exact headword relation; VESUM lemma gate	unresolved
скавчання	synonyms	скавучання	ULIF DictUA exact headword relation; VESUM lemma gate	unresolved
сказ	synonyms	божевілля	ULIF DictUA exact headword relation; VESUM lemma gate	unresolved
сказ	synonyms	гідрофобія	ULIF DictUA exact headword relation; VESUM lemma gate	unresolved
скалка	synonyms	більмо	ULIF DictUA exact headword relation; VESUM lemma gate	unresolved
скасовувати	synonyms	зносити (заст.)	ULIF DictUA exact headword relation; VESUM lemma gate	unresolved
скасовувати	synonyms	уневажнювати	ULIF DictUA exact headword relation; VESUM lemma gate	unresolved
складання	synonyms	малювання	ULIF DictUA exact headword relation; VESUM lemma gate	unresolved
складання	synonyms	компонування	ULIF DictUA exact headword relation; VESUM lemma gate	unresolved
складений	antonyms	простий	ULIF DictUA exact headword relation; VESUM lemma gate	unresolved
складений	synonyms	груди	ULIF DictUA exact headword relation; VESUM lemma gate	unresolved
складений	synonyms	пишний	ULIF DictUA exact headword relation; VESUM lemma gate	unresolved
складений	synonyms	син	ULIF DictUA exact headword relation; VESUM lemma gate	unresolved
складений	synonyms	синок	ULIF DictUA exact headword relation; VESUM lemma gate	unresolved
складений	synonyms	хтивий	ULIF DictUA exact headword relation; VESUM lemma gate	unresolved
складний	antonyms	простий	ULIF DictUA exact headword relation; VESUM lemma gate	unresolved
складно	synonyms	детально	ULIF DictUA exact headword relation; VESUM lemma gate	unresolved
скорбота	antonyms	радість	ULIF DictUA exact headword relation; VESUM lemma gate	unresolved
скорше	synonyms	скоріше	ULIF DictUA exact headword relation; VESUM lemma gate	unresolved
скотиняка	synonyms	скотина	ULIF DictUA exact headword relation; VESUM lemma gate	unresolved
скромний	antonyms	розв'язний	ULIF DictUA exact headword relation; VESUM lemma gate	unresolved
скучити	synonyms	скучати	ULIF DictUA exact headword relation; VESUM lemma gate	unresolved
скількись	synonyms	скільки-небудь	ULIF DictUA exact headword relation; VESUM lemma gate	unresolved
слабий	antonyms	сильний	ULIF DictUA exact headword relation; VESUM lemma gate	unresolved
слабкий	antonyms	сильний	ULIF DictUA exact headword relation; VESUM lemma gate	unresolved
слабкість	synonyms	крихкість	ULIF DictUA exact headword relation; VESUM lemma gate	unresolved
слава	synonyms	прославлення	ULIF DictUA exact headword relation; VESUM lemma gate	unresolved
слава	synonyms	знаменитість	ULIF DictUA exact headword relation; VESUM lemma gate	unresolved
слава	synonyms	відомість	ULIF DictUA exact headword relation; VESUM lemma gate	unresolved
слава	synonyms	блиск	ULIF DictUA exact headword relation; VESUM lemma gate	unresolved
слава	synonyms	німб	ULIF DictUA exact headword relation; VESUM lemma gate	unresolved
слати	synonyms	стелити	ULIF DictUA exact headword relation; VESUM lemma gate	unresolved
слобожанський	synonyms	слобідський	ULIF DictUA exact headword relation; VESUM lemma gate	unresolved
слюсар	synonyms	коваль	ULIF DictUA exact headword relation; VESUM lemma gate	unresolved
сліпий	antonyms	зрячий	ULIF DictUA exact headword relation; VESUM lemma gate	unresolved
сліпучо	synonyms	сліпуче	ULIF DictUA exact headword relation; VESUM lemma gate	unresolved
смакувати	synonyms	грітися	ULIF DictUA exact headword relation; VESUM lemma gate	unresolved
смердіти	synonyms	димитися	ULIF DictUA exact headword relation; VESUM lemma gate	unresolved
смертний	antonyms	безсмертний	ULIF DictUA exact headword relation; VESUM lemma gate	unresolved
смуга	synonyms	період	ULIF DictUA exact headword relation; VESUM lemma gate	unresolved
смуга	synonyms	пасмуга	ULIF DictUA exact headword relation; VESUM lemma gate	unresolved
смуга	synonyms	пов'язка	ULIF DictUA exact headword relation; VESUM lemma gate	unresolved
смуга	synonyms	кільце	ULIF DictUA exact headword relation; VESUM lemma gate	unresolved
смуга	synonyms	стрілка	ULIF DictUA exact headword relation; VESUM lemma gate	unresolved
смуга	synonyms	біг	ULIF DictUA exact headword relation; VESUM lemma gate	unresolved
смуга	synonyms	перешийок	ULIF DictUA exact headword relation; VESUM lemma gate	unresolved
смуга	synonyms	смужка	ULIF DictUA exact headword relation; VESUM lemma gate	unresolved
смутен	synonyms	смутний	ULIF DictUA exact headword relation; VESUM lemma gate	unresolved
смішно	synonyms	безглуздо	ULIF DictUA exact headword relation; VESUM lemma gate	unresolved
собака	synonyms	сука	ULIF DictUA exact headword relation; VESUM lemma gate	unresolved
собака	synonyms	сучка	ULIF DictUA exact headword relation; VESUM lemma gate	unresolved
солод	synonyms	насолода	ULIF DictUA exact headword relation; VESUM lemma gate	unresolved
солодкий	antonyms	кислий	ULIF DictUA exact headword relation; VESUM lemma gate	unresolved
солодкий	antonyms	солоний	ULIF DictUA exact headword relation; VESUM lemma gate	unresolved
солома	synonyms	стебло	ULIF DictUA exact headword relation; VESUM lemma gate	unresolved
солома	synonyms	лушпиння	ULIF DictUA exact headword relation; VESUM lemma gate	unresolved
солома	synonyms	полова	ULIF DictUA exact headword relation; VESUM lemma gate	unresolved
солома	synonyms	стерня	ULIF DictUA exact headword relation; VESUM lemma gate	unresolved
солома	synonyms	пшениця	ULIF DictUA exact headword relation; VESUM lemma gate	unresolved
соломинка	synonyms	соломка	ULIF DictUA exact headword relation; VESUM lemma gate	unresolved
соломка	synonyms	соломинка	ULIF DictUA exact headword relation; VESUM lemma gate	unresolved
солоний	antonyms	солодкий	ULIF DictUA exact headword relation; VESUM lemma gate	unresolved
сон	antonyms	дійсність	ULIF DictUA exact headword relation; VESUM lemma gate	unresolved
сон	synonyms	спання	ULIF DictUA exact headword relation; VESUM lemma gate	unresolved
сорока	synonyms	балакун	ULIF DictUA exact headword relation; VESUM lemma gate	unresolved
сороковий	synonyms	сорокавідерний	ULIF DictUA exact headword relation; VESUM lemma gate	unresolved
сорочка	synonyms	зрушення	ULIF DictUA exact headword relation; VESUM lemma gate	unresolved
сорочка	synonyms	мішок	ULIF DictUA exact headword relation; VESUM lemma gate	unresolved
сорочка	synonyms	накладка	ULIF DictUA exact headword relation; VESUM lemma gate	unresolved
сотворіння	synonyms	створіння	ULIF DictUA exact headword relation; VESUM lemma gate	unresolved
сотий	synonyms	сотенний	ULIF DictUA exact headword relation; VESUM lemma gate	unresolved
соціальний	synonyms	міксер	ULIF DictUA exact headword relation; VESUM lemma gate	unresolved
соціальний	synonyms	товариський	ULIF DictUA exact headword relation; VESUM lemma gate	unresolved
союзний	synonyms	всесоюзний	ULIF DictUA exact headword relation; VESUM lemma gate	unresolved
спад	synonyms	водоспад	ULIF DictUA exact headword relation; VESUM lemma gate	unresolved
спадний	antonyms	висхідний	ULIF DictUA exact headword relation; VESUM lemma gate	unresolved
спантеличити	synonyms	спантеличувати	ULIF DictUA exact headword relation; VESUM lemma gate	unresolved
спаситель	synonyms	рятівник	ULIF DictUA exact headword relation; VESUM lemma gate	unresolved
спати	synonyms	прикрашати	ULIF DictUA exact headword relation; VESUM lemma gate	unresolved
спати	synonyms	доживати	ULIF DictUA exact headword relation; VESUM lemma gate	unresolved
спати	synonyms	здавати	ULIF DictUA exact headword relation; VESUM lemma gate	unresolved
спати	synonyms	бити	ULIF DictUA exact headword relation; VESUM lemma gate	unresolved
спати	synonyms	бігти	ULIF DictUA exact headword relation; VESUM lemma gate	unresolved
спати	synonyms	відриватися	ULIF DictUA exact headword relation; VESUM lemma gate	unresolved
спати	synonyms	плакати	ULIF DictUA exact headword relation; VESUM lemma gate	unresolved
спеціальний	synonyms	разовий	ULIF DictUA exact headword relation; VESUM lemma gate	unresolved
спеціально	synonyms	завчасно	ULIF DictUA exact headword relation; VESUM lemma gate	unresolved
спеціально	synonyms	зокрема	ULIF DictUA exact headword relation; VESUM lemma gate	unresolved
спеціально	synonyms	особливо	ULIF DictUA exact headword relation; VESUM lemma gate	unresolved
спечений	synonyms	новоспечений	ULIF DictUA exact headword relation; VESUM lemma gate	unresolved
спиляти	synonyms	спилювати	ULIF DictUA exact headword relation; VESUM lemma gate	unresolved
сповільнити	synonyms	опізнити	ULIF DictUA exact headword relation; VESUM lemma gate	unresolved
сповільнюватися	synonyms	сповільнювати	ULIF DictUA exact headword relation; VESUM lemma gate	unresolved
сповіщення	synonyms	застереження	ULIF DictUA exact headword relation; VESUM lemma gate	unresolved
сповіщення	synonyms	попередження	ULIF DictUA exact headword relation; VESUM lemma gate	unresolved
сповіщення	synonyms	розповідання	ULIF DictUA exact headword relation; VESUM lemma gate	unresolved
споживання	synonyms	переважний	ULIF DictUA exact headword relation; VESUM lemma gate	unresolved
споживання	synonyms	використання	ULIF DictUA exact headword relation; VESUM lemma gate	unresolved
споживання	synonyms	ковтання	ULIF DictUA exact headword relation; VESUM lemma gate	unresolved
сполучник	synonyms	фланець	ULIF DictUA exact headword relation; VESUM lemma gate	unresolved
спонтанний	synonyms	імпровізаційний	ULIF DictUA exact headword relation; VESUM lemma gate	unresolved
спонукання	synonyms	мотивація	ULIF DictUA exact headword relation; VESUM lemma gate	unresolved
спонукання	synonyms	імпульс	ULIF DictUA exact headword relation; VESUM lemma gate	unresolved
спонукання	synonyms	настирливість	ULIF DictUA exact headword relation; VESUM lemma gate	unresolved
спонукання	synonyms	навіювання	ULIF DictUA exact headword relation; VESUM lemma gate	unresolved
спонукання	synonyms	підбурювання	ULIF DictUA exact headword relation; VESUM lemma gate	unresolved
спонукання	synonyms	підштовхування	ULIF DictUA exact headword relation; VESUM lemma gate	unresolved
спонукання	synonyms	шпора	ULIF DictUA exact headword relation; VESUM lemma gate	unresolved
спонукання	synonyms	свербіж	ULIF DictUA exact headword relation; VESUM lemma gate	unresolved
спортсменка	synonyms	спортивки	ULIF DictUA exact headword relation; VESUM lemma gate	unresolved
споріднення	synonyms	спорідненість	ULIF DictUA exact headword relation; VESUM lemma gate	unresolved
спостерегти	synonyms	спостерігати	ULIF DictUA exact headword relation; VESUM lemma gate	unresolved
спостереження	synonyms	нагляд	ULIF DictUA exact headword relation; VESUM lemma gate	unresolved
спостереження	synonyms	вартовий	ULIF DictUA exact headword relation; VESUM lemma gate	unresolved
спостереження	synonyms	дивитися	ULIF DictUA exact headword relation; VESUM lemma gate	unresolved
спостереження	synonyms	спостерігач	ULIF DictUA exact headword relation; VESUM lemma gate	unresolved
спостереження	synonyms	пікет	ULIF DictUA exact headword relation; VESUM lemma gate	unresolved
спостереження	synonyms	розвідник	ULIF DictUA exact headword relation; VESUM lemma gate	unresolved
спостерігати	synonyms	зауважувати	ULIF DictUA exact headword relation; VESUM lemma gate	unresolved
спостерігати	synonyms	помічати	ULIF DictUA exact headword relation; VESUM lemma gate	unresolved
спотворення	synonyms	аберація	ULIF DictUA exact headword relation; VESUM lemma gate	unresolved
спотворення	synonyms	деформація	ULIF DictUA exact headword relation; VESUM lemma gate	unresolved
спотворення	synonyms	фальсифікація	ULIF DictUA exact headword relation; VESUM lemma gate	unresolved
спотворення	synonyms	катування	ULIF DictUA exact headword relation; VESUM lemma gate	unresolved
спотворення	synonyms	скручування	ULIF DictUA exact headword relation; VESUM lemma gate	unresolved
спотворення	synonyms	обман	ULIF DictUA exact headword relation; VESUM lemma gate	unresolved
справа	antonyms	зліва	ULIF DictUA exact headword relation; VESUM lemma gate	unresolved
справді	synonyms	істинно	ULIF DictUA exact headword relation; VESUM lemma gate	unresolved
справді	synonyms	доправди (діал.)	ULIF DictUA exact headword relation; VESUM lemma gate	unresolved
справді	synonyms	направду	ULIF DictUA exact headword relation; VESUM lemma gate	unresolved
справді	synonyms	всправжки	ULIF DictUA exact headword relation; VESUM lemma gate	unresolved
справді	synonyms	де-факто	ULIF DictUA exact headword relation; VESUM lemma gate	unresolved
справедливий	antonyms	несправедливий	ULIF DictUA exact headword relation; VESUM lemma gate	unresolved
справжнісінький	synonyms	справжній	ULIF DictUA exact headword relation; VESUM lemma gate	unresolved
спрацювати	synonyms	спрацьовувати	ULIF DictUA exact headword relation; VESUM lemma gate	unresolved
спритник	synonyms	ловкач	ULIF DictUA exact headword relation; VESUM lemma gate	unresolved
спритно	synonyms	енергійно	ULIF DictUA exact headword relation; VESUM lemma gate	unresolved
спритно	synonyms	масляно	ULIF DictUA exact headword relation; VESUM lemma gate	unresolved
спробувати	synonyms	наголошувати	ULIF DictUA exact headword relation; VESUM lemma gate	unresolved
спробувати	synonyms	напружувати	ULIF DictUA exact headword relation; VESUM lemma gate	unresolved
спробувати	synonyms	здійснити	ULIF DictUA exact headword relation; VESUM lemma gate	unresolved
спробувати	synonyms	приміряти	ULIF DictUA exact headword relation; VESUM lemma gate	unresolved
спробувати	synonyms	випробувати	ULIF DictUA exact headword relation; VESUM lemma gate	unresolved
спробувати	synonyms	перевіряти	ULIF DictUA exact headword relation; VESUM lemma gate	unresolved
спроста	synonyms	запросто	ULIF DictUA exact headword relation; VESUM lemma gate	unresolved
спрощення	synonyms	гаплологія	ULIF DictUA exact headword relation; VESUM lemma gate	unresolved
спуститися	synonyms	йняти	ULIF DictUA exact headword relation; VESUM lemma gate	unresolved
спуститися	synonyms	віру	ULIF DictUA exact headword relation; VESUM lemma gate	unresolved
спуститися	synonyms	пойняти	ULIF DictUA exact headword relation; VESUM lemma gate	unresolved
спуститися	synonyms	уменшатися	ULIF DictUA exact headword relation; VESUM lemma gate	unresolved
спуститися	synonyms	уменшуватися	ULIF DictUA exact headword relation; VESUM lemma gate	unresolved
спуститися	synonyms	убавлятися	ULIF DictUA exact headword relation; VESUM lemma gate	unresolved
спуститися	synonyms	зменшатися	ULIF DictUA exact headword relation; VESUM lemma gate	unresolved
спуститися	synonyms	скорочуватися	ULIF DictUA exact headword relation; VESUM lemma gate	unresolved
спів	synonyms	вокалізація	ULIF DictUA exact headword relation; VESUM lemma gate	unresolved
співвіднести	synonyms	співвідносити	ULIF DictUA exact headword relation; VESUM lemma gate	unresolved
срібник	synonyms	срібняк	ULIF DictUA exact headword relation; VESUM lemma gate	unresolved
ссати	synonyms	тс	ULIF DictUA exact headword relation; VESUM lemma gate	unresolved
стабільність	synonyms	постійність	ULIF DictUA exact headword relation; VESUM lemma gate	unresolved
став	synonyms	ставок	ULIF DictUA exact headword relation; VESUM lemma gate	unresolved
ставати	synonyms	настовбурчуватися	ULIF DictUA exact headword relation; VESUM lemma gate	unresolved
ставатися	synonyms	приключатися	ULIF DictUA exact headword relation; VESUM lemma gate	unresolved
ставитися	synonyms	гордувати	ULIF DictUA exact headword relation; VESUM lemma gate	unresolved
ставок	synonyms	став	ULIF DictUA exact headword relation; VESUM lemma gate	unresolved
стадіон	synonyms	арена	ULIF DictUA exact headword relation; VESUM lemma gate	unresolved
стаж	synonyms	стажування	ULIF DictUA exact headword relation; VESUM lemma gate	unresolved
стажування	synonyms	стаж	ULIF DictUA exact headword relation; VESUM lemma gate	unresolved
стайня	synonyms	хлів	ULIF DictUA exact headword relation; VESUM lemma gate	unresolved
стайня	synonyms	короварня	ULIF DictUA exact headword relation; VESUM lemma gate	unresolved
стайня	synonyms	телятник	ULIF DictUA exact headword relation; VESUM lemma gate	unresolved
стайня	synonyms	воловня	ULIF DictUA exact headword relation; VESUM lemma gate	unresolved
стайня	synonyms	воловник	ULIF DictUA exact headword relation; VESUM lemma gate	unresolved
стайня	synonyms	стадниця (заст.)	ULIF DictUA exact headword relation; VESUM lemma gate	unresolved
стайня	synonyms	станиця (діал.)	ULIF DictUA exact headword relation; VESUM lemma gate	unresolved
старанно	synonyms	вибагливо	ULIF DictUA exact headword relation; VESUM lemma gate	unresolved
старий	antonyms	малолітній	ULIF DictUA exact headword relation; VESUM lemma gate	unresolved
старший	synonyms	літній	ULIF DictUA exact headword relation; VESUM lemma gate	unresolved
старший	synonyms	старійшина	ULIF DictUA exact headword relation; VESUM lemma gate	unresolved
старший	synonyms	первісток	ULIF DictUA exact headword relation; VESUM lemma gate	unresolved
старший	synonyms	застарілий	ULIF DictUA exact headword relation; VESUM lemma gate	unresolved
стати	antonyms	піти	ULIF DictUA exact headword relation; VESUM lemma gate	unresolved
статика	antonyms	динаміка	ULIF DictUA exact headword relation; VESUM lemma gate	unresolved
статура	synonyms	огрядності	ULIF DictUA exact headword relation; VESUM lemma gate	unresolved
стверджувати	synonyms	встановлювати	ULIF DictUA exact headword relation; VESUM lemma gate	unresolved
стверджувати	synonyms	усталювати	ULIF DictUA exact headword relation; VESUM lemma gate	unresolved
стертий	synonyms	роз'їдений	ULIF DictUA exact headword relation; VESUM lemma gate	unresolved
стертий	synonyms	стерти	ULIF DictUA exact headword relation; VESUM lemma gate	unresolved
стик	synonyms	стикування	ULIF DictUA exact headword relation; VESUM lemma gate	unresolved
стикнутися	synonyms	стикатися	ULIF DictUA exact headword relation; VESUM lemma gate	unresolved
стислий	antonyms	тривалий	ULIF DictUA exact headword relation; VESUM lemma gate	unresolved
стиснути	synonyms	облапити	ULIF DictUA exact headword relation; VESUM lemma gate	unresolved
стиснути	synonyms	оточати	ULIF DictUA exact headword relation; VESUM lemma gate	unresolved
стиснути	synonyms	опадати	ULIF DictUA exact headword relation; VESUM lemma gate	unresolved
стиснути	synonyms	обсаджувати	ULIF DictUA exact headword relation; VESUM lemma gate	unresolved
стиснутий	synonyms	стиснений	ULIF DictUA exact headword relation; VESUM lemma gate	unresolved
стовпчик	synonyms	тумба	ULIF DictUA exact headword relation; VESUM lemma gate	unresolved
стовідсотковий	synonyms	стопроцентний	ULIF DictUA exact headword relation; VESUM lemma gate	unresolved
стопа	synonyms	стіс	ULIF DictUA exact headword relation; VESUM lemma gate	unresolved
сторожа	synonyms	сторож	ULIF DictUA exact headword relation; VESUM lemma gate	unresolved
стосувати	synonyms	застосовувати	ULIF DictUA exact headword relation; VESUM lemma gate	unresolved
стоянка	synonyms	стояння	ULIF DictUA exact headword relation; VESUM lemma gate	unresolved
стоянок	synonyms	стоянець	ULIF DictUA exact headword relation; VESUM lemma gate	unresolved
стояти	antonyms	ходити	ULIF DictUA exact headword relation; VESUM lemma gate	unresolved
стояти	antonyms	іти	ULIF DictUA exact headword relation; VESUM lemma gate	unresolved
стояти	antonyms	рухатися	ULIF DictUA exact headword relation; VESUM lemma gate	unresolved
стоячи	synonyms	стоячки	ULIF DictUA exact headword relation; VESUM lemma gate	unresolved
страхування	synonyms	відшкодування	ULIF DictUA exact headword relation; VESUM lemma gate	unresolved
страхування	synonyms	поліс	ULIF DictUA exact headword relation; VESUM lemma gate	unresolved
стрес	synonyms	напруженість	ULIF DictUA exact headword relation; VESUM lemma gate	unresolved
стресовий	synonyms	нервозний	ULIF DictUA exact headword relation; VESUM lemma gate	unresolved
стрим	synonyms	стримування	ULIF DictUA exact headword relation; VESUM lemma gate	unresolved
строковий	synonyms	терміновий	ULIF DictUA exact headword relation; VESUM lemma gate	unresolved
струг	synonyms	форель	ULIF DictUA exact headword relation; VESUM lemma gate	unresolved
струмент	synonyms	інструмент	ULIF DictUA exact headword relation; VESUM lemma gate	unresolved
стрімкий	antonyms	пологий	ULIF DictUA exact headword relation; VESUM lemma gate	unresolved
стрімкий	antonyms	положистий	ULIF DictUA exact headword relation; VESUM lemma gate	unresolved
стрімкий	antonyms	спадистий	ULIF DictUA exact headword relation; VESUM lemma gate	unresolved
студент	synonyms	книжник	ULIF DictUA exact headword relation; VESUM lemma gate	unresolved
студент	synonyms	учений	ULIF DictUA exact headword relation; VESUM lemma gate	unresolved
студент	synonyms	бакалавр	ULIF DictUA exact headword relation; VESUM lemma gate	unresolved
стукіт	synonyms	цокання	ULIF DictUA exact headword relation; VESUM lemma gate	unresolved
стукіт	synonyms	гуркіт	ULIF DictUA exact headword relation; VESUM lemma gate	unresolved
стукіт	synonyms	крен	ULIF DictUA exact headword relation; VESUM lemma gate	unresolved
стукіт	synonyms	згусток	ULIF DictUA exact headword relation; VESUM lemma gate	unresolved
стукіт	synonyms	тупіт	ULIF DictUA exact headword relation; VESUM lemma gate	unresolved
стіжок	synonyms	стіг	ULIF DictUA exact headword relation; VESUM lemma gate	unresolved
стійкий	antonyms	хисткий	ULIF DictUA exact headword relation; VESUM lemma gate	unresolved
стік	synonyms	відтікання	ULIF DictUA exact headword relation; VESUM lemma gate	unresolved
стілець	synonyms	ослін	ULIF DictUA exact headword relation; VESUM lemma gate	unresolved
стілець	synonyms	аналой	ULIF DictUA exact headword relation; VESUM lemma gate	unresolved
стінка	synonyms	стіна	ULIF DictUA exact headword relation; VESUM lemma gate	unresolved
сувенір	synonyms	жетон	ULIF DictUA exact headword relation; VESUM lemma gate	unresolved
сувенір	synonyms	пам'ять	ULIF DictUA exact headword relation; VESUM lemma gate	unresolved
суворо	synonyms	погано	ULIF DictUA exact headword relation; VESUM lemma gate	unresolved
суворо	synonyms	серйозно	ULIF DictUA exact headword relation; VESUM lemma gate	unresolved
суворо	synonyms	чисто	ULIF DictUA exact headword relation; VESUM lemma gate	unresolved
суворо	synonyms	грубо	ULIF DictUA exact headword relation; VESUM lemma gate	unresolved
суголосний	synonyms	співзвучний	ULIF DictUA exact headword relation; VESUM lemma gate	unresolved
судовий	synonyms	судовик	ULIF DictUA exact headword relation; VESUM lemma gate	unresolved
судочинство	synonyms	суддівство	ULIF DictUA exact headword relation; VESUM lemma gate	unresolved
судочинство	synonyms	адміністрація	ULIF DictUA exact headword relation; VESUM lemma gate	unresolved
сула	synonyms	судак	ULIF DictUA exact headword relation; VESUM lemma gate	unresolved
сум	antonyms	радість	ULIF DictUA exact headword relation; VESUM lemma gate	unresolved
сумно	synonyms	скорботно	ULIF DictUA exact headword relation; VESUM lemma gate	unresolved
сумування	synonyms	сум	ULIF DictUA exact headword relation; VESUM lemma gate	unresolved
сумістити	synonyms	суміщати	ULIF DictUA exact headword relation; VESUM lemma gate	unresolved
суниці	synonyms	суниця	ULIF DictUA exact headword relation; VESUM lemma gate	unresolved
сунички	synonyms	суничка	ULIF DictUA exact headword relation; VESUM lemma gate	unresolved
супер	synonyms	суперобкладинка	ULIF DictUA exact headword relation; VESUM lemma gate	unresolved
супроводжувати	synonyms	ескортувати	ULIF DictUA exact headword relation; VESUM lemma gate	unresolved
сурядний	antonyms	підрядний	ULIF DictUA exact headword relation; VESUM lemma gate	unresolved
сурядність	antonyms	підрядність	ULIF DictUA exact headword relation; VESUM lemma gate	unresolved
суспільний	synonyms	суміжний	ULIF DictUA exact headword relation; VESUM lemma gate	unresolved
сутінки	synonyms	тінь	ULIF DictUA exact headword relation; VESUM lemma gate	unresolved
сухожилля	synonyms	м'яз	ULIF DictUA exact headword relation; VESUM lemma gate	unresolved
сухожилля	synonyms	масивність	ULIF DictUA exact headword relation; VESUM lemma gate	unresolved
сухість	synonyms	тверезість	ULIF DictUA exact headword relation; VESUM lemma gate	unresolved
сухість	synonyms	худорлявість	ULIF DictUA exact headword relation; VESUM lemma gate	unresolved
сухість	synonyms	посуха	ULIF DictUA exact headword relation; VESUM lemma gate	unresolved
сучок	synonyms	сук	ULIF DictUA exact headword relation; VESUM lemma gate	unresolved
сушня	synonyms	сушіння	ULIF DictUA exact headword relation; VESUM lemma gate	unresolved
схильність	synonyms	диспозиція	ULIF DictUA exact headword relation; VESUM lemma gate	unresolved
схильність	synonyms	перевага	ULIF DictUA exact headword relation; VESUM lemma gate	unresolved
схильність	synonyms	смак	ULIF DictUA exact headword relation; VESUM lemma gate	unresolved
схуднути	synonyms	танути	ULIF DictUA exact headword relation; VESUM lemma gate	unresolved
схуднути	synonyms	марнувати	ULIF DictUA exact headword relation; VESUM lemma gate	unresolved
східці	synonyms	щабель	ULIF DictUA exact headword relation; VESUM lemma gate	unresolved
сценарій	synonyms	почерк	ULIF DictUA exact headword relation; VESUM lemma gate	unresolved
сценарій	synonyms	рука	ULIF DictUA exact headword relation; VESUM lemma gate	unresolved
сценарій	synonyms	книга	ULIF DictUA exact headword relation; VESUM lemma gate	unresolved
сьогодні	synonyms	ниньки (розм.)	ULIF DictUA exact headword relation; VESUM lemma gate	unresolved
сюди	antonyms	туди	ULIF DictUA exact headword relation; VESUM lemma gate	unresolved
сяк-так	synonyms	так-сяк	ULIF DictUA exact headword relation; VESUM lemma gate	unresolved
сякий-такий	synonyms	такий-сякий	ULIF DictUA exact headword relation; VESUM lemma gate	unresolved
сяяння	synonyms	сяйво	ULIF DictUA exact headword relation; VESUM lemma gate	unresolved
сів	synonyms	сівба	ULIF DictUA exact headword relation; VESUM lemma gate	unresolved
сідати	synonyms	угніжджуватися	ULIF DictUA exact headword relation; VESUM lemma gate	unresolved
сідати	synonyms	вискакувати	ULIF DictUA exact headword relation; VESUM lemma gate	unresolved
сідати	synonyms	всідати	ULIF DictUA exact headword relation; VESUM lemma gate	unresolved
сідати	synonyms	оселятися	ULIF DictUA exact headword relation; VESUM lemma gate	unresolved
сідати	synonyms	потрапляти	ULIF DictUA exact headword relation; VESUM lemma gate	unresolved
сідати	synonyms	братися	ULIF DictUA exact headword relation; VESUM lemma gate	unresolved
сідати	synonyms	переходити	ULIF DictUA exact headword relation; VESUM lemma gate	unresolved
сідати	synonyms	приземлятися	ULIF DictUA exact headword relation; VESUM lemma gate	unresolved
сідати	synonyms	наскакувати	ULIF DictUA exact headword relation; VESUM lemma gate	unresolved
сідати	synonyms	зсідатися	ULIF DictUA exact headword relation; VESUM lemma gate	unresolved
сідати	synonyms	нахабніти	ULIF DictUA exact headword relation; VESUM lemma gate	unresolved
сідати	synonyms	западати (розм.)	ULIF DictUA exact headword relation; VESUM lemma gate	unresolved
сідниці	synonyms	сідниця	ULIF DictUA exact headword relation; VESUM lemma gate	unresolved
сім-я	synonyms	родина	ULIF DictUA exact headword relation; VESUM lemma gate	unresolved
сім-я	synonyms	категорія	ULIF DictUA exact headword relation; VESUM lemma gate	unresolved
сінокіс	synonyms	сіножать	ULIF DictUA exact headword relation; VESUM lemma gate	unresolved
сіра	synonyms	сірка	ULIF DictUA exact headword relation; VESUM lemma gate	unresolved
сірко	synonyms	горілка	ULIF DictUA exact headword relation; VESUM lemma gate	unresolved
сітчастий	synonyms	сітківка	ULIF DictUA exact headword relation; VESUM lemma gate	unresolved
січ	synonyms	січа	ULIF DictUA exact headword relation; VESUM lemma gate	unresolved
сіяння	synonyms	сяйво	ULIF DictUA exact headword relation; VESUM lemma gate	unresolved
сіяти	synonyms	сяяти	ULIF DictUA exact headword relation; VESUM lemma gate	unresolved
таймер	synonyms	хронометрист	ULIF DictUA exact headword relation; VESUM lemma gate	unresolved
тайна	synonyms	таємниця	ULIF DictUA exact headword relation; VESUM lemma gate	unresolved
так	synonyms	дійсно	ULIF DictUA exact headword relation; VESUM lemma gate	unresolved
тала	synonyms	верболіз	ULIF DictUA exact headword relation; VESUM lemma gate	unresolved
талер	synonyms	таляр	ULIF DictUA exact headword relation; VESUM lemma gate	unresolved
там	antonyms	тут	ULIF DictUA exact headword relation; VESUM lemma gate	unresolved
твердий	antonyms	рідкий	ULIF DictUA exact headword relation; VESUM lemma gate	unresolved
твердий	antonyms	газоподібний	ULIF DictUA exact headword relation; VESUM lemma gate	unresolved
те	synonyms	той	ULIF DictUA exact headword relation; VESUM lemma gate	unresolved
театр	synonyms	будинок	ULIF DictUA exact headword relation; VESUM lemma gate	unresolved
театр	synonyms	поле	ULIF DictUA exact headword relation; VESUM lemma gate	unresolved
театр	synonyms	драматургія	ULIF DictUA exact headword relation; VESUM lemma gate	unresolved
телебачення	synonyms	телевізор	ULIF DictUA exact headword relation; VESUM lemma gate	unresolved
телебачення	synonyms	телемовлення	ULIF DictUA exact headword relation; VESUM lemma gate	unresolved
телеграф	synonyms	радіотелеграф	ULIF DictUA exact headword relation; VESUM lemma gate	unresolved
темноволосий	synonyms	чорноволосий	ULIF DictUA exact headword relation; VESUM lemma gate	unresolved
темноволосий	synonyms	шатен	ULIF DictUA exact headword relation; VESUM lemma gate	unresolved
температура	synonyms	теплина	ULIF DictUA exact headword relation; VESUM lemma gate	unresolved
тепера	synonyms	тепер	ULIF DictUA exact headword relation; VESUM lemma gate	unresolved
теплий	synonyms	тепло	ULIF DictUA exact headword relation; VESUM lemma gate	unresolved
теплий	synonyms	палкий	ULIF DictUA exact headword relation; VESUM lemma gate	unresolved
теплий	synonyms	міцний	ULIF DictUA exact headword relation; VESUM lemma gate	unresolved
тепло	synonyms	сердечно	ULIF DictUA exact headword relation; VESUM lemma gate	unresolved
тепло	synonyms	прохолодно	ULIF DictUA exact headword relation; VESUM lemma gate	unresolved
тепло	synonyms	теплий	ULIF DictUA exact headword relation; VESUM lemma gate	unresolved
тепло	synonyms	теплінь	ULIF DictUA exact headword relation; VESUM lemma gate	unresolved
тераріум	synonyms	терарій	ULIF DictUA exact headword relation; VESUM lemma gate	unresolved
термінал	synonyms	депо	ULIF DictUA exact headword relation; VESUM lemma gate	unresolved
термінологія	synonyms	мова	ULIF DictUA exact headword relation; VESUM lemma gate	unresolved
термінологія	synonyms	номенклатура	ULIF DictUA exact headword relation; VESUM lemma gate	unresolved
терн	synonyms	терен	ULIF DictUA exact headword relation; VESUM lemma gate	unresolved
тернівка	synonyms	тернослив	ULIF DictUA exact headword relation; VESUM lemma gate	unresolved
терплячий	synonyms	ізгой	ULIF DictUA exact headword relation; VESUM lemma gate	unresolved
тесла	synonyms	теслиця	ULIF DictUA exact headword relation; VESUM lemma gate	unresolved
тесла	synonyms	тесло	ULIF DictUA exact headword relation; VESUM lemma gate	unresolved
тест	synonyms	спроба	ULIF DictUA exact headword relation; VESUM lemma gate	unresolved
тест	synonyms	іспит	ULIF DictUA exact headword relation; VESUM lemma gate	unresolved
тестування	synonyms	іспит	ULIF DictUA exact headword relation; VESUM lemma gate	unresolved
технічний	synonyms	техмінімум	ULIF DictUA exact headword relation; VESUM lemma gate	unresolved
тижневий	synonyms	семиденний	ULIF DictUA exact headword relation; VESUM lemma gate	unresolved
типовий	synonyms	шаблонний	ULIF DictUA exact headword relation; VESUM lemma gate	unresolved
тихше	synonyms	тихіше	ULIF DictUA exact headword relation; VESUM lemma gate	unresolved
товарообіг	synonyms	товарооборот	ULIF DictUA exact headword relation; VESUM lemma gate	unresolved
товстенний	synonyms	товстелезний	ULIF DictUA exact headword relation; VESUM lemma gate	unresolved
тогочасний	antonyms	сьогочасний	ULIF DictUA exact headword relation; VESUM lemma gate	unresolved
тогочасний	antonyms	теперішній	ULIF DictUA exact headword relation; VESUM lemma gate	unresolved
тодішній	antonyms	сьогочасний	ULIF DictUA exact headword relation; VESUM lemma gate	unresolved
тодішній	antonyms	теперішній	ULIF DictUA exact headword relation; VESUM lemma gate	unresolved
той	antonyms	цей	ULIF DictUA exact headword relation; VESUM lemma gate	unresolved
той	synonyms	те	ULIF DictUA exact headword relation; VESUM lemma gate	unresolved
тополя	synonyms	осокір	ULIF DictUA exact headword relation; VESUM lemma gate	unresolved
торговець	synonyms	торговельник	ULIF DictUA exact headword relation; VESUM lemma gate	unresolved
торкатися	synonyms	черкатися	ULIF DictUA exact headword relation; VESUM lemma gate	unresolved
торкнути	synonyms	доторкнути	ULIF DictUA exact headword relation; VESUM lemma gate	unresolved
торкнути	synonyms	доткнути	ULIF DictUA exact headword relation; VESUM lemma gate	unresolved
торкнути	synonyms	пихонути	ULIF DictUA exact headword relation; VESUM lemma gate	unresolved
торкнути	synonyms	торсонути	ULIF DictUA exact headword relation; VESUM lemma gate	unresolved
торкнути	synonyms	тузнути	ULIF DictUA exact headword relation; VESUM lemma gate	unresolved
торкнути	synonyms	стуснути	ULIF DictUA exact headword relation; VESUM lemma gate	unresolved
торт	synonyms	брусок	ULIF DictUA exact headword relation; VESUM lemma gate	unresolved
точний	antonyms	приблизний	ULIF DictUA exact headword relation; VESUM lemma gate	unresolved
травмувати	synonyms	шокувати	ULIF DictUA exact headword relation; VESUM lemma gate	unresolved
транскрипція	synonyms	транслітерація	ULIF DictUA exact headword relation; VESUM lemma gate	unresolved
транспорт	synonyms	судноплавство	ULIF DictUA exact headword relation; VESUM lemma gate	unresolved
транспорт	synonyms	перенесення	ULIF DictUA exact headword relation; VESUM lemma gate	unresolved
транспорт	synonyms	перевезення	ULIF DictUA exact headword relation; VESUM lemma gate	unresolved
транспорт	synonyms	транзит	ULIF DictUA exact headword relation; VESUM lemma gate	unresolved
траплятися	synonyms	бувати	ULIF DictUA exact headword relation; VESUM lemma gate	unresolved
траплятися	synonyms	ставитися	ULIF DictUA exact headword relation; VESUM lemma gate	unresolved
траплятися	synonyms	приключатися	ULIF DictUA exact headword relation; VESUM lemma gate	unresolved
траплятися	synonyms	підвертатися	ULIF DictUA exact headword relation; VESUM lemma gate	unresolved
траплятися	synonyms	потрапляти	ULIF DictUA exact headword relation; VESUM lemma gate	unresolved
траплятися	synonyms	зустрічатися	ULIF DictUA exact headword relation; VESUM lemma gate	unresolved
траплятися	synonyms	здибатися	ULIF DictUA exact headword relation; VESUM lemma gate	unresolved
траплятися	synonyms	сколотитися	ULIF DictUA exact headword relation; VESUM lemma gate	unresolved
траплятися	synonyms	нагодитися	ULIF DictUA exact headword relation; VESUM lemma gate	unresolved
тренувати	synonyms	відпрацьовувати	ULIF DictUA exact headword relation; VESUM lemma gate	unresolved
тренувати	synonyms	доглядати	ULIF DictUA exact headword relation; VESUM lemma gate	unresolved
тренувати	synonyms	вирощувати	ULIF DictUA exact headword relation; VESUM lemma gate	unresolved
тренувати	synonyms	виховувати	ULIF DictUA exact headword relation; VESUM lemma gate	unresolved
тренувати	synonyms	цивілізувати	ULIF DictUA exact headword relation; VESUM lemma gate	unresolved
тренувати	synonyms	дисциплінувати	ULIF DictUA exact headword relation; VESUM lemma gate	unresolved
трепет	synonyms	тремтіння	ULIF DictUA exact headword relation; VESUM lemma gate	unresolved
третій	synonyms	третинний	ULIF DictUA exact headword relation; VESUM lemma gate	unresolved
тривожно	synonyms	неспокійно	ULIF DictUA exact headword relation; VESUM lemma gate	unresolved
тридцятилітній	synonyms	тридцятирічний	ULIF DictUA exact headword relation; VESUM lemma gate	unresolved
тризна	synonyms	поминки	ULIF DictUA exact headword relation; VESUM lemma gate	unresolved
трохи	synonyms	недалеко	ULIF DictUA exact headword relation; VESUM lemma gate	unresolved
трохи	synonyms	легко	ULIF DictUA exact headword relation; VESUM lemma gate	unresolved
трохи	synonyms	тільки	ULIF DictUA exact headword relation; VESUM lemma gate	unresolved
трус	synonyms	боягуз	ULIF DictUA exact headword relation; VESUM lemma gate	unresolved
тріснути	synonyms	пукти	ULIF DictUA exact headword relation; VESUM lemma gate	unresolved
тріснути	synonyms	полускувати	ULIF DictUA exact headword relation; VESUM lemma gate	unresolved
трішечки	synonyms	трошечки	ULIF DictUA exact headword relation; VESUM lemma gate	unresolved
тсс	synonyms	тс	ULIF DictUA exact headword relation; VESUM lemma gate	unresolved
туалет	synonyms	зручність	ULIF DictUA exact headword relation; VESUM lemma gate	unresolved
туди	antonyms	сюди	ULIF DictUA exact headword relation; VESUM lemma gate	unresolved
тук-тук	synonyms	тук	ULIF DictUA exact headword relation; VESUM lemma gate	unresolved
туп-туп	synonyms	туп	ULIF DictUA exact headword relation; VESUM lemma gate	unresolved
тупа	synonyms	ступа	ULIF DictUA exact headword relation; VESUM lemma gate	unresolved
тупий	synonyms	повільний	ULIF DictUA exact headword relation; VESUM lemma gate	unresolved
тупий	synonyms	простий	ULIF DictUA exact headword relation; VESUM lemma gate	unresolved
тупий	synonyms	простодушний	ULIF DictUA exact headword relation; VESUM lemma gate	unresolved
тупий	synonyms	тупіт	ULIF DictUA exact headword relation; VESUM lemma gate	unresolved
тупий	synonyms	нудьга	ULIF DictUA exact headword relation; VESUM lemma gate	unresolved
тупий	synonyms	спотикання	ULIF DictUA exact headword relation; VESUM lemma gate	unresolved
тупий	synonyms	хам	ULIF DictUA exact headword relation; VESUM lemma gate	unresolved
тупий	synonyms	дурень	ULIF DictUA exact headword relation; VESUM lemma gate	unresolved
тупо	synonyms	грубо	ULIF DictUA exact headword relation; VESUM lemma gate	unresolved
тупо	synonyms	плоский	ULIF DictUA exact headword relation; VESUM lemma gate	unresolved
тупо	synonyms	густо	ULIF DictUA exact headword relation; VESUM lemma gate	unresolved
тут	antonyms	там	ULIF DictUA exact headword relation; VESUM lemma gate	unresolved
тушкувати	synonyms	роздумувати	ULIF DictUA exact headword relation; VESUM lemma gate	unresolved
тьох-тьох	synonyms	тьох	ULIF DictUA exact headword relation; VESUM lemma gate	unresolved
тяжкий	antonyms	легкий	ULIF DictUA exact headword relation; VESUM lemma gate	unresolved
тяжкий	antonyms	простий	ULIF DictUA exact headword relation; VESUM lemma gate	unresolved
тяжкий	antonyms	неважкий	ULIF DictUA exact headword relation; VESUM lemma gate	unresolved
тяжкий	antonyms	нескладний	ULIF DictUA exact headword relation; VESUM lemma gate	unresolved
тяжкий	antonyms	необтяжливий	ULIF DictUA exact headword relation; VESUM lemma gate	unresolved
тітка	synonyms	вуйна (діал.)	ULIF DictUA exact headword relation; VESUM lemma gate	unresolved
ув	synonyms	в	ULIF DictUA exact headword relation; VESUM lemma gate	unresolved
уві	synonyms	в	ULIF DictUA exact headword relation; VESUM lemma gate	unresolved
увічнити	synonyms	увічнювати	ULIF DictUA exact headword relation; VESUM lemma gate	unresolved
уголос	synonyms	вголос	ULIF DictUA exact headword relation; VESUM lemma gate	unresolved
узагальнення	synonyms	індукція	ULIF DictUA exact headword relation; VESUM lemma gate	unresolved
узагальнення	synonyms	абстракція	ULIF DictUA exact headword relation; VESUM lemma gate	unresolved
узагальнення	synonyms	загальність	ULIF DictUA exact headword relation; VESUM lemma gate	unresolved
узгодження	synonyms	збіг	ULIF DictUA exact headword relation; VESUM lemma gate	unresolved
узгодження	synonyms	листування	ULIF DictUA exact headword relation; VESUM lemma gate	unresolved
узутий	synonyms	взутий	ULIF DictUA exact headword relation; VESUM lemma gate	unresolved
укріп	synonyms	кріп	ULIF DictUA exact headword relation; VESUM lemma gate	unresolved
укус	synonyms	щіпка	ULIF DictUA exact headword relation; VESUM lemma gate	unresolved
укус	synonyms	жало	ULIF DictUA exact headword relation; VESUM lemma gate	unresolved
укус	synonyms	гострота	ULIF DictUA exact headword relation; VESUM lemma gate	unresolved
укус	synonyms	соковитість	ULIF DictUA exact headword relation; VESUM lemma gate	unresolved
умитися	synonyms	умиватися	ULIF DictUA exact headword relation; VESUM lemma gate	unresolved
умовити	synonyms	умовляти	ULIF DictUA exact headword relation; VESUM lemma gate	unresolved
унаочнити	synonyms	унаочнювати	ULIF DictUA exact headword relation; VESUM lemma gate	unresolved
унеможливити	synonyms	унеможливлювати	ULIF DictUA exact headword relation; VESUM lemma gate	unresolved
уникнення	synonyms	виключення	ULIF DictUA exact headword relation; VESUM lemma gate	unresolved
уникнення	synonyms	попередження	ULIF DictUA exact headword relation; VESUM lemma gate	unresolved
унтер	synonyms	унтер-офіцер	ULIF DictUA exact headword relation; VESUM lemma gate	unresolved
унітаз	synonyms	трон	ULIF DictUA exact headword relation; VESUM lemma gate	unresolved
унітаз	synonyms	раковина	ULIF DictUA exact headword relation; VESUM lemma gate	unresolved
унітаз	synonyms	умивальник	ULIF DictUA exact headword relation; VESUM lemma gate	unresolved
упакування	synonyms	упаковка	ULIF DictUA exact headword relation; VESUM lemma gate	unresolved
упертий	synonyms	заклятий	ULIF DictUA exact headword relation; VESUM lemma gate	unresolved
упертий	synonyms	клятий	ULIF DictUA exact headword relation; VESUM lemma gate	unresolved
упертий	synonyms	огурний (діал.)	ULIF DictUA exact headword relation; VESUM lemma gate	unresolved
уперто	synonyms	свинячий	ULIF DictUA exact headword relation; VESUM lemma gate	unresolved
уперто	synonyms	наполегливо	ULIF DictUA exact headword relation; VESUM lemma gate	unresolved
уповні	synonyms	вповні	ULIF DictUA exact headword relation; VESUM lemma gate	unresolved
упокоїтися	synonyms	упокоюватися	ULIF DictUA exact headword relation; VESUM lemma gate	unresolved
ураження	synonyms	рана	ULIF DictUA exact headword relation; VESUM lemma gate	unresolved
ураження	synonyms	гангрена	ULIF DictUA exact headword relation; VESUM lemma gate	unresolved
уражено	synonyms	вражено	ULIF DictUA exact headword relation; VESUM lemma gate	unresolved
уранці	synonyms	рано-вранці	ULIF DictUA exact headword relation; VESUM lemma gate	unresolved
уранці	synonyms	раннім-рано	ULIF DictUA exact headword relation; VESUM lemma gate	unresolved
уранці	synonyms	зарані (розм.)	ULIF DictUA exact headword relation; VESUM lemma gate	unresolved
уранці	synonyms	пораненьку (розм.)	ULIF DictUA exact headword relation; VESUM lemma gate	unresolved
уранці	synonyms	зарана (діал.)	ULIF DictUA exact headword relation; VESUM lemma gate	unresolved
урегулювати	synonyms	урегульовувати	ULIF DictUA exact headword relation; VESUM lemma gate	unresolved
урочистість	synonyms	святкування	ULIF DictUA exact headword relation; VESUM lemma gate	unresolved
урочистість	synonyms	старанність	ULIF DictUA exact headword relation; VESUM lemma gate	unresolved
урочистість	synonyms	стійкість	ULIF DictUA exact headword relation; VESUM lemma gate	unresolved
уряди-годи	synonyms	вряди-годи	ULIF DictUA exact headword relation; VESUM lemma gate	unresolved
урятуватися	synonyms	урятовуватися	ULIF DictUA exact headword relation; VESUM lemma gate	unresolved
урізноманітнити	synonyms	урізноманітнювати	ULIF DictUA exact headword relation; VESUM lemma gate	unresolved
усиновити	synonyms	усиновляти	ULIF DictUA exact headword relation; VESUM lemma gate	unresolved
усмоктування	synonyms	всмоктування	ULIF DictUA exact headword relation; VESUM lemma gate	unresolved
усний	synonyms	фольклор	ULIF DictUA exact headword relation; VESUM lemma gate	unresolved
успадкувати	synonyms	успадковувати	ULIF DictUA exact headword relation; VESUM lemma gate	unresolved
установлювати	synonyms	втуплювати	ULIF DictUA exact headword relation; VESUM lemma gate	unresolved
усупереч	synonyms	насупроти	ULIF DictUA exact headword relation; VESUM lemma gate	unresolved
усупереч	synonyms	упоперек	ULIF DictUA exact headword relation; VESUM lemma gate	unresolved
усього-на-всього	synonyms	всього-на-всього	ULIF DictUA exact headword relation; VESUM lemma gate	unresolved
уся	synonyms	весь	ULIF DictUA exact headword relation; VESUM lemma gate	unresolved
усіляко	synonyms	всіляко	ULIF DictUA exact headword relation; VESUM lemma gate	unresolved
усічений	synonyms	скорочено	ULIF DictUA exact headword relation; VESUM lemma gate	unresolved
утвердитися	synonyms	утверджуватися	ULIF DictUA exact headword relation; VESUM lemma gate	unresolved
утворювати	synonyms	складати	ULIF DictUA exact headword relation; VESUM lemma gate	unresolved
утворювати	synonyms	утнути	ULIF DictUA exact headword relation; VESUM lemma gate	unresolved
утворювати	synonyms	скоїти	ULIF DictUA exact headword relation; VESUM lemma gate	unresolved
утворювати	synonyms	збивати (розм.)	ULIF DictUA exact headword relation; VESUM lemma gate	unresolved
утома	synonyms	утомленість	ULIF DictUA exact headword relation; VESUM lemma gate	unresolved
утретє	synonyms	втретє	ULIF DictUA exact headword relation; VESUM lemma gate	unresolved
утричі	synonyms	втричі	ULIF DictUA exact headword relation; VESUM lemma gate	unresolved
утроє	synonyms	втроє	ULIF DictUA exact headword relation; VESUM lemma gate	unresolved
утрьох	synonyms	втрьох	ULIF DictUA exact headword relation; VESUM lemma gate	unresolved
ухо	synonyms	вухо	ULIF DictUA exact headword relation; VESUM lemma gate	unresolved
учетверо	synonyms	вчетверо	ULIF DictUA exact headword relation; VESUM lemma gate	unresolved
учительство	synonyms	учителювання	ULIF DictUA exact headword relation; VESUM lemma gate	unresolved
учотирьох	synonyms	вчотирьох	ULIF DictUA exact headword relation; VESUM lemma gate	unresolved
ушко	synonyms	вушко	ULIF DictUA exact headword relation; VESUM lemma gate	unresolved
уявлення	synonyms	розуміння	ULIF DictUA exact headword relation; VESUM lemma gate	unresolved
уявлення	synonyms	поняття	ULIF DictUA exact headword relation; VESUM lemma gate	unresolved
уявлення	synonyms	театральний	ULIF DictUA exact headword relation; VESUM lemma gate	unresolved
уявляти	synonyms	пригадувати (рідше)	ULIF DictUA exact headword relation; VESUM lemma gate	unresolved
уявляти	synonyms	виображувати (діал.)	ULIF DictUA exact headword relation; VESUM lemma gate	unresolved
уявний	antonyms	реальний	ULIF DictUA exact headword relation; VESUM lemma gate	unresolved
фармацевтика	synonyms	фармація	ULIF DictUA exact headword relation; VESUM lemma gate	unresolved
фен	synonyms	вітрячок	ULIF DictUA exact headword relation; VESUM lemma gate	unresolved
фен	synonyms	фон	ULIF DictUA exact headword relation; VESUM lemma gate	unresolved
фенольний	synonyms	феноловий	ULIF DictUA exact headword relation; VESUM lemma gate	unresolved
фермент	synonyms	мус	ULIF DictUA exact headword relation; VESUM lemma gate	unresolved
формування	synonyms	конституція	ULIF DictUA exact headword relation; VESUM lemma gate	unresolved
формування	synonyms	організація	ULIF DictUA exact headword relation; VESUM lemma gate	unresolved
формування	synonyms	лиття	ULIF DictUA exact headword relation; VESUM lemma gate	unresolved
формування	synonyms	моделювання	ULIF DictUA exact headword relation; VESUM lemma gate	unresolved
формування	synonyms	ліплення	ULIF DictUA exact headword relation; VESUM lemma gate	unresolved
формування	synonyms	форма	ULIF DictUA exact headword relation; VESUM lemma gate	unresolved
формування	synonyms	пластмаса	ULIF DictUA exact headword relation; VESUM lemma gate	unresolved
формування	synonyms	формувальний	ULIF DictUA exact headword relation; VESUM lemma gate	unresolved
форте	antonyms	піано	ULIF DictUA exact headword relation; VESUM lemma gate	unresolved
фразеологізм	synonyms	словесність	ULIF DictUA exact headword relation; VESUM lemma gate	unresolved
фразеологізм	synonyms	фразування	ULIF DictUA exact headword relation; VESUM lemma gate	unresolved
фразеологізм	synonyms	дикція	ULIF DictUA exact headword relation; VESUM lemma gate	unresolved
фразеологізм	synonyms	формулювання	ULIF DictUA exact headword relation; VESUM lemma gate	unresolved
фруктовий	synonyms	фруктоза	ULIF DictUA exact headword relation; VESUM lemma gate	unresolved
футболка	synonyms	трикотаж	ULIF DictUA exact headword relation; VESUM lemma gate	unresolved
фіалка	synonyms	братки	ULIF DictUA exact headword relation; VESUM lemma gate	unresolved
фільтрація	synonyms	фільтрування	ULIF DictUA exact headword relation; VESUM lemma gate	unresolved
фінансовий	synonyms	грошовий	ULIF DictUA exact headword relation; VESUM lemma gate	unresolved
хват	synonyms	мастак	ULIF DictUA exact headword relation; VESUM lemma gate	unresolved
хвильовий	synonyms	хвилястий	ULIF DictUA exact headword relation; VESUM lemma gate	unresolved
хвойний	antonyms	листяний	ULIF DictUA exact headword relation; VESUM lemma gate	unresolved
хе	synonyms	ху	ULIF DictUA exact headword relation; VESUM lemma gate	unresolved
хе-хе-хе	synonyms	хе-хе	ULIF DictUA exact headword relation; VESUM lemma gate	unresolved
химера	synonyms	галюцинація	ULIF DictUA exact headword relation; VESUM lemma gate	unresolved
химерний	synonyms	балуваний	ULIF DictUA exact headword relation; VESUM lemma gate	unresolved
химерний	synonyms	дивочний	ULIF DictUA exact headword relation; VESUM lemma gate	unresolved
химерний	synonyms	чудакуватий	ULIF DictUA exact headword relation; VESUM lemma gate	unresolved
химерний	synonyms	чудацький	ULIF DictUA exact headword relation; VESUM lemma gate	unresolved
химерний	synonyms	потворний	ULIF DictUA exact headword relation; VESUM lemma gate	unresolved
хлопець	synonyms	парубчак	ULIF DictUA exact headword relation; VESUM lemma gate	unresolved
хлопець	synonyms	юнак	ULIF DictUA exact headword relation; VESUM lemma gate	unresolved
хлопець	synonyms	дітвак	ULIF DictUA exact headword relation; VESUM lemma gate	unresolved
хлопець	synonyms	хлопча	ULIF DictUA exact headword relation; VESUM lemma gate	unresolved
хлопець	synonyms	хлоп'я	ULIF DictUA exact headword relation; VESUM lemma gate	unresolved
хлопець	synonyms	хлопчик	ULIF DictUA exact headword relation; VESUM lemma gate	unresolved
хлопець	synonyms	хлопчина	ULIF DictUA exact headword relation; VESUM lemma gate	unresolved
хлопець	synonyms	хлопчисько	ULIF DictUA exact headword relation; VESUM lemma gate	unresolved
хлопець	synonyms	хлопійко	ULIF DictUA exact headword relation; VESUM lemma gate	unresolved
хлопець	synonyms	хлоп'яга	ULIF DictUA exact headword relation; VESUM lemma gate	unresolved
хлопець	synonyms	хлоп'як	ULIF DictUA exact headword relation; VESUM lemma gate	unresolved
хлопець	synonyms	недоросток (розм.)	ULIF DictUA exact headword relation; VESUM lemma gate	unresolved
хлопець	synonyms	підросток (розм.)	ULIF DictUA exact headword relation; VESUM lemma gate	unresolved
хлопець	synonyms	виросток (діал.)	ULIF DictUA exact headword relation; VESUM lemma gate	unresolved
хлопець	synonyms	півпарубок (розм.)	ULIF DictUA exact headword relation; VESUM lemma gate	unresolved
хлопець	synonyms	півпарубчак (розм.)	ULIF DictUA exact headword relation; VESUM lemma gate	unresolved
хлопець	synonyms	підпарубок (розм.)	ULIF DictUA exact headword relation; VESUM lemma gate	unresolved
хлопець	synonyms	підпарубчак (розм.)	ULIF DictUA exact headword relation; VESUM lemma gate	unresolved
хлопець	synonyms	парубійко (розм.)	ULIF DictUA exact headword relation; VESUM lemma gate	unresolved
хлопець	synonyms	парубійка (розм.)	ULIF DictUA exact headword relation; VESUM lemma gate	unresolved
хлопець	synonyms	паруб'я (розм.)	ULIF DictUA exact headword relation; VESUM lemma gate	unresolved
хлів	synonyms	стайня	ULIF DictUA exact headword relation; VESUM lemma gate	unresolved
хлів	synonyms	хижа	ULIF DictUA exact headword relation; VESUM lemma gate	unresolved
хлів	synonyms	свинарня	ULIF DictUA exact headword relation; VESUM lemma gate	unresolved
хлів	synonyms	свинарник	ULIF DictUA exact headword relation; VESUM lemma gate	unresolved
хлів	synonyms	поросятник	ULIF DictUA exact headword relation; VESUM lemma gate	unresolved
хлів	synonyms	саж	ULIF DictUA exact headword relation; VESUM lemma gate	unresolved
хлів	synonyms	кошара	ULIF DictUA exact headword relation; VESUM lemma gate	unresolved
хлів	synonyms	вівчарня	ULIF DictUA exact headword relation; VESUM lemma gate	unresolved
хлів	synonyms	короварня	ULIF DictUA exact headword relation; VESUM lemma gate	unresolved
хлів	synonyms	воловня	ULIF DictUA exact headword relation; VESUM lemma gate	unresolved
хлів	synonyms	воловник	ULIF DictUA exact headword relation; VESUM lemma gate	unresolved
хлів	synonyms	курник	ULIF DictUA exact headword relation; VESUM lemma gate	unresolved
хлів	synonyms	гусятник	ULIF DictUA exact headword relation; VESUM lemma gate	unresolved
хлів	synonyms	хлівець	ULIF DictUA exact headword relation; VESUM lemma gate	unresolved
хлів	synonyms	сарай	ULIF DictUA exact headword relation; VESUM lemma gate	unresolved
хмарно	synonyms	хмарність	ULIF DictUA exact headword relation; VESUM lemma gate	unresolved
хмарно	synonyms	захмарений	ULIF DictUA exact headword relation; VESUM lemma gate	unresolved
хмарно	synonyms	хмарний	ULIF DictUA exact headword relation; VESUM lemma gate	unresolved
хобі	synonyms	дозвілля	ULIF DictUA exact headword relation; VESUM lemma gate	unresolved
хобі	synonyms	переслідування	ULIF DictUA exact headword relation; VESUM lemma gate	unresolved
хобі	synonyms	професія	ULIF DictUA exact headword relation; VESUM lemma gate	unresolved
ховрашок	synonyms	ховрах	ULIF DictUA exact headword relation; VESUM lemma gate	unresolved
ходити	antonyms	стояти	ULIF DictUA exact headword relation; VESUM lemma gate	unresolved
ходьба	synonyms	ходіння	ULIF DictUA exact headword relation; VESUM lemma gate	unresolved
ходьба	synonyms	тиняння	ULIF DictUA exact headword relation; VESUM lemma gate	unresolved
ходьба	synonyms	хода	ULIF DictUA exact headword relation; VESUM lemma gate	unresolved
ходьба	synonyms	хід	ULIF DictUA exact headword relation; VESUM lemma gate	unresolved
ходіння	synonyms	ходьба	ULIF DictUA exact headword relation; VESUM lemma gate	unresolved
хол	synonyms	вестибюль	ULIF DictUA exact headword relation; VESUM lemma gate	unresolved
хол	synonyms	передпокій	ULIF DictUA exact headword relation; VESUM lemma gate	unresolved
хол	synonyms	коридор	ULIF DictUA exact headword relation; VESUM lemma gate	unresolved
хол	synonyms	особняк	ULIF DictUA exact headword relation; VESUM lemma gate	unresolved
холодно	synonyms	морозно	ULIF DictUA exact headword relation; VESUM lemma gate	unresolved
хороший	antonyms	поганий	ULIF DictUA exact headword relation; VESUM lemma gate	unresolved
хребет	synonyms	шпора	ULIF DictUA exact headword relation; VESUM lemma gate	unresolved
хребет	synonyms	опора	ULIF DictUA exact headword relation; VESUM lemma gate	unresolved
хрещений	synonyms	хрещениця	ULIF DictUA exact headword relation; VESUM lemma gate	unresolved
хрещення	synonyms	водохреще	ULIF DictUA exact headword relation; VESUM lemma gate	unresolved
хрум	synonyms	хрумкіт	ULIF DictUA exact headword relation; VESUM lemma gate	unresolved
хуторець	synonyms	хутірець	ULIF DictUA exact headword relation; VESUM lemma gate	unresolved
хіазм	synonyms	хіазма	ULIF DictUA exact headword relation; VESUM lemma gate	unresolved
хімія	synonyms	алхімія	ULIF DictUA exact headword relation; VESUM lemma gate	unresolved
царат	synonyms	царизм	ULIF DictUA exact headword relation; VESUM lemma gate	unresolved
царина	synonyms	пасовисько	ULIF DictUA exact headword relation; VESUM lemma gate	unresolved
цвіль	synonyms	пліснявина (розм.)	ULIF DictUA exact headword relation; VESUM lemma gate	unresolved
цвіль	synonyms	пліснявка (розм.)	ULIF DictUA exact headword relation; VESUM lemma gate	unresolved
цвіт	synonyms	колір	ULIF DictUA exact headword relation; VESUM lemma gate	unresolved
цезар	synonyms	кесар	ULIF DictUA exact headword relation; VESUM lemma gate	unresolved
цезар	synonyms	цесар	ULIF DictUA exact headword relation; VESUM lemma gate	unresolved
цей	antonyms	той	ULIF DictUA exact headword relation; VESUM lemma gate	unresolved
цигарка	synonyms	папіроса (розм.)	ULIF DictUA exact headword relation; VESUM lemma gate	unresolved
цигарка	synonyms	папіроска (розм.)	ULIF DictUA exact headword relation; VESUM lemma gate	unresolved
цигарка	synonyms	сигарка (заст.)	ULIF DictUA exact headword relation; VESUM lemma gate	unresolved
цигарка	synonyms	цибух (заст.)	ULIF DictUA exact headword relation; VESUM lemma gate	unresolved
цигарка	synonyms	самокрутка (розм.)	ULIF DictUA exact headword relation; VESUM lemma gate	unresolved
цигарка	synonyms	пахітоска (заст.)	ULIF DictUA exact headword relation; VESUM lemma gate	unresolved
циклон	antonyms	антициклон	ULIF DictUA exact headword relation; VESUM lemma gate	unresolved
цинковий	synonyms	сфалерит	ULIF DictUA exact headword relation; VESUM lemma gate	unresolved
цирк	synonyms	карнавал	ULIF DictUA exact headword relation; VESUM lemma gate	unresolved
цнотливо	synonyms	сором'язливо	ULIF DictUA exact headword relation; VESUM lemma gate	unresolved
цукерка	synonyms	карамелька	ULIF DictUA exact headword relation; VESUM lemma gate	unresolved
цукерка	synonyms	карамель	ULIF DictUA exact headword relation; VESUM lemma gate	unresolved
цукерка	synonyms	цукерок	ULIF DictUA exact headword relation; VESUM lemma gate	unresolved
цукерок	synonyms	карамелька	ULIF DictUA exact headword relation; VESUM lemma gate	unresolved
цукерок	synonyms	карамель	ULIF DictUA exact headword relation; VESUM lemma gate	unresolved
цукерок	synonyms	цукерка	ULIF DictUA exact headword relation; VESUM lemma gate	unresolved
цікаво	synonyms	дивно	ULIF DictUA exact headword relation; VESUM lemma gate	unresolved
цікаво	synonyms	незрозуміло	ULIF DictUA exact headword relation; VESUM lemma gate	unresolved
цікаво	synonyms	особливо	ULIF DictUA exact headword relation; VESUM lemma gate	unresolved
цікаво	synonyms	дивацтво	ULIF DictUA exact headword relation; VESUM lemma gate	unresolved
цікаво	synonyms	особливість	ULIF DictUA exact headword relation; VESUM lemma gate	unresolved
цікаво	synonyms	рідкість	ULIF DictUA exact headword relation; VESUM lemma gate	unresolved
цікаво	synonyms	цікавість	ULIF DictUA exact headword relation; VESUM lemma gate	unresolved
цікаво	synonyms	ром	ULIF DictUA exact headword relation; VESUM lemma gate	unresolved
цікавість	synonyms	привабливість	ULIF DictUA exact headword relation; VESUM lemma gate	unresolved
цілісність	synonyms	здоров'я	ULIF DictUA exact headword relation; VESUM lemma gate	unresolved
цілісність	synonyms	єдність	ULIF DictUA exact headword relation; VESUM lemma gate	unresolved
цілісність	synonyms	тотальність	ULIF DictUA exact headword relation; VESUM lemma gate	unresolved
ціновий	synonyms	ціннісний	ULIF DictUA exact headword relation; VESUM lemma gate	unresolved
ціпка	synonyms	курча	ULIF DictUA exact headword relation; VESUM lemma gate	unresolved
чагарі	synonyms	чагар	ULIF DictUA exact headword relation; VESUM lemma gate	unresolved
чайник	synonyms	самшит	ULIF DictUA exact headword relation; VESUM lemma gate	unresolved
чайник	synonyms	шашка	ULIF DictUA exact headword relation; VESUM lemma gate	unresolved
чайник	synonyms	котел	ULIF DictUA exact headword relation; VESUM lemma gate	unresolved
чашечка	synonyms	надколінок	ULIF DictUA exact headword relation; VESUM lemma gate	unresolved
чемпіонат	synonyms	патронат	ULIF DictUA exact headword relation; VESUM lemma gate	unresolved
чемпіонат	synonyms	титул	ULIF DictUA exact headword relation; VESUM lemma gate	unresolved
черва	synonyms	чирва	ULIF DictUA exact headword relation; VESUM lemma gate	unresolved
черевце	synonyms	опуклий	ULIF DictUA exact headword relation; VESUM lemma gate	unresolved
черевце	synonyms	живіт	ULIF DictUA exact headword relation; VESUM lemma gate	unresolved
черевце	synonyms	шлунок	ULIF DictUA exact headword relation; VESUM lemma gate	unresolved
черемшина	synonyms	черемха	ULIF DictUA exact headword relation; VESUM lemma gate	unresolved
черепаха	synonyms	горловина	ULIF DictUA exact headword relation; VESUM lemma gate	unresolved
черепок	synonyms	череп	ULIF DictUA exact headword relation; VESUM lemma gate	unresolved
черниця	synonyms	чорниця	ULIF DictUA exact headword relation; VESUM lemma gate	unresolved
черствий	antonyms	свіжий	ULIF DictUA exact headword relation; VESUM lemma gate	unresolved
четвертий	synonyms	четвертинний	ULIF DictUA exact headword relation; VESUM lemma gate	unresolved
чижик	synonyms	чиж	ULIF DictUA exact headword relation; VESUM lemma gate	unresolved
чистий	synonyms	насичений	ULIF DictUA exact headword relation; VESUM lemma gate	unresolved
чистий	synonyms	безхмарний	ULIF DictUA exact headword relation; VESUM lemma gate	unresolved
чистий	synonyms	бездоганний	ULIF DictUA exact headword relation; VESUM lemma gate	unresolved
читання	synonyms	версія	ULIF DictUA exact headword relation; VESUM lemma gate	unresolved
читання	synonyms	декламація	ULIF DictUA exact headword relation; VESUM lemma gate	unresolved
чоботар	synonyms	шилодзьобка	ULIF DictUA exact headword relation; VESUM lemma gate	unresolved
чоловік	antonyms	жінка	ULIF DictUA exact headword relation; VESUM lemma gate	unresolved
чорнобривці	synonyms	чорнобривець	ULIF DictUA exact headword relation; VESUM lemma gate	unresolved
чорнобровий	synonyms	чорнобривий	ULIF DictUA exact headword relation; VESUM lemma gate	unresolved
чорновий	antonyms	чистовий	ULIF DictUA exact headword relation; VESUM lemma gate	unresolved
чорногуз	synonyms	лелека	ULIF DictUA exact headword relation; VESUM lemma gate	unresolved
чорноліс	synonyms	чорнолісся	ULIF DictUA exact headword relation; VESUM lemma gate	unresolved
чорніти	synonyms	затемнювати	ULIF DictUA exact headword relation; VESUM lemma gate	unresolved
чувак	synonyms	шейх	ULIF DictUA exact headword relation; VESUM lemma gate	unresolved
чувак	synonyms	красуня	ULIF DictUA exact headword relation; VESUM lemma gate	unresolved
чувак	synonyms	товариш	ULIF DictUA exact headword relation; VESUM lemma gate	unresolved
чуйно	synonyms	пильно	ULIF DictUA exact headword relation; VESUM lemma gate	unresolved
чути	synonyms	слухати	ULIF DictUA exact headword relation; VESUM lemma gate	unresolved
чути	synonyms	бачити	ULIF DictUA exact headword relation; VESUM lemma gate	unresolved
чути	synonyms	виявляти	ULIF DictUA exact headword relation; VESUM lemma gate	unresolved
чітко	synonyms	зрозуміло	ULIF DictUA exact headword relation; VESUM lemma gate	unresolved
чітко	synonyms	ясно	ULIF DictUA exact headword relation; VESUM lemma gate	unresolved
чітко	synonyms	прозоро	ULIF DictUA exact headword relation; VESUM lemma gate	unresolved
шалений	synonyms	нерозсудливий	ULIF DictUA exact headword relation; VESUM lemma gate	unresolved
шана	synonyms	частування	ULIF DictUA exact headword relation; VESUM lemma gate	unresolved
шанувальник	synonyms	відданий	ULIF DictUA exact headword relation; VESUM lemma gate	unresolved
шанувальник	synonyms	коханець	ULIF DictUA exact headword relation; VESUM lemma gate	unresolved
шанувальник	synonyms	чемпіон	ULIF DictUA exact headword relation; VESUM lemma gate	unresolved
шашка	synonyms	шабля	ULIF DictUA exact headword relation; VESUM lemma gate	unresolved
шашлична	synonyms	шашличня	ULIF DictUA exact headword relation; VESUM lemma gate	unresolved
швачка	synonyms	кравчиха	ULIF DictUA exact headword relation; VESUM lemma gate	unresolved
шелесь	synonyms	шелесть	ULIF DictUA exact headword relation; VESUM lemma gate	unresolved
шелюги	synonyms	шелюга	ULIF DictUA exact headword relation; VESUM lemma gate	unresolved
шибеник	synonyms	бешкетник	ULIF DictUA exact headword relation; VESUM lemma gate	unresolved
шип	synonyms	шипіння	ULIF DictUA exact headword relation; VESUM lemma gate	unresolved
шиплячий	synonyms	блискучий	ULIF DictUA exact headword relation; VESUM lemma gate	unresolved
шиплячий	synonyms	булькання	ULIF DictUA exact headword relation; VESUM lemma gate	unresolved
шиплячий	synonyms	пінистий	ULIF DictUA exact headword relation; VESUM lemma gate	unresolved
шиплячий	synonyms	спірант	ULIF DictUA exact headword relation; VESUM lemma gate	unresolved
шипшина	synonyms	сосна	ULIF DictUA exact headword relation; VESUM lemma gate	unresolved
шипшина	synonyms	колючий	ULIF DictUA exact headword relation; VESUM lemma gate	unresolved
широкий	antonyms	вузький	ULIF DictUA exact headword relation; VESUM lemma gate	unresolved
широкий	antonyms	тісний	ULIF DictUA exact headword relation; VESUM lemma gate	unresolved
шиїзм	antonyms	сунізм	ULIF DictUA exact headword relation; VESUM lemma gate	unresolved
шкандибати	synonyms	шкандиляти	ULIF DictUA exact headword relation; VESUM lemma gate	unresolved
шкандибати	synonyms	куляти	ULIF DictUA exact headword relation; VESUM lemma gate	unresolved
шкандибати	synonyms	кривати	ULIF DictUA exact headword relation; VESUM lemma gate	unresolved
шкандибати	synonyms	штильгукати	ULIF DictUA exact headword relation; VESUM lemma gate	unresolved
шкварити	synonyms	смажити	ULIF DictUA exact headword relation; VESUM lemma gate	unresolved
школярка	synonyms	дівочий	ULIF DictUA exact headword relation; VESUM lemma gate	unresolved
шоколад	synonyms	какао	ULIF DictUA exact headword relation; VESUM lemma gate	unresolved
шоколад	synonyms	кава	ULIF DictUA exact headword relation; VESUM lemma gate	unresolved
шоколад	synonyms	умбра	ULIF DictUA exact headword relation; VESUM lemma gate	unresolved
шорти	synonyms	труси	ULIF DictUA exact headword relation; VESUM lemma gate	unresolved
шпага	synonyms	шпажист	ULIF DictUA exact headword relation; VESUM lemma gate	unresolved
штовхатися	synonyms	знущатися	ULIF DictUA exact headword relation; VESUM lemma gate	unresolved
штовхатися	synonyms	керувати	ULIF DictUA exact headword relation; VESUM lemma gate	unresolved
штовхнути	synonyms	мчати	ULIF DictUA exact headword relation; VESUM lemma gate	unresolved
штовхнути	synonyms	колоти	ULIF DictUA exact headword relation; VESUM lemma gate	unresolved
штовхнути	synonyms	копати	ULIF DictUA exact headword relation; VESUM lemma gate	unresolved
штовхнути	synonyms	тикати	ULIF DictUA exact headword relation; VESUM lemma gate	unresolved
штовхнути	synonyms	вибирати	ULIF DictUA exact headword relation; VESUM lemma gate	unresolved
штурм	synonyms	штурмівщина	ULIF DictUA exact headword relation; VESUM lemma gate	unresolved
шуляк	synonyms	шуліка	ULIF DictUA exact headword relation; VESUM lemma gate	unresolved
шумно	synonyms	хрипко	ULIF DictUA exact headword relation; VESUM lemma gate	unresolved
шш	synonyms	ша	ULIF DictUA exact headword relation; VESUM lemma gate	unresolved
ще	synonyms	статичний	ULIF DictUA exact headword relation; VESUM lemma gate	unresolved
ще	synonyms	досі	ULIF DictUA exact headword relation; VESUM lemma gate	unresolved
ще	synonyms	навіть	ULIF DictUA exact headword relation; VESUM lemma gate	unresolved
ще	synonyms	раніше	ULIF DictUA exact headword relation; VESUM lemma gate	unresolved
ще	synonyms	тиша	ULIF DictUA exact headword relation; VESUM lemma gate	unresolved
щедрість	synonyms	великодушність	ULIF DictUA exact headword relation; VESUM lemma gate	unresolved
щедрість	synonyms	відкритість	ULIF DictUA exact headword relation; VESUM lemma gate	unresolved
щедрість	synonyms	розкіш	ULIF DictUA exact headword relation; VESUM lemma gate	unresolved
щодень	synonyms	щодня	ULIF DictUA exact headword relation; VESUM lemma gate	unresolved
щоднини	synonyms	щодня	ULIF DictUA exact headword relation; VESUM lemma gate	unresolved
щомить	synonyms	щомиті	ULIF DictUA exact headword relation; VESUM lemma gate	unresolved
щонайменше	synonyms	принаймні	ULIF DictUA exact headword relation; VESUM lemma gate	unresolved
щораз	synonyms	щоразу	ULIF DictUA exact headword relation; VESUM lemma gate	unresolved
щороку	synonyms	щорічно	ULIF DictUA exact headword relation; VESUM lemma gate	unresolved
щур	synonyms	щурик	ULIF DictUA exact headword relation; VESUM lemma gate	unresolved
щур	synonyms	стриж	ULIF DictUA exact headword relation; VESUM lemma gate	unresolved
щіпка	synonyms	нашийник	ULIF DictUA exact headword relation; VESUM lemma gate	unresolved
щіпка	synonyms	укус	ULIF DictUA exact headword relation; VESUM lemma gate	unresolved
щіпка	synonyms	кліщ	ULIF DictUA exact headword relation; VESUM lemma gate	unresolved
юдаїзм	synonyms	іудаїзм	ULIF DictUA exact headword relation; VESUM lemma gate	unresolved
юдейський	synonyms	іудейський	ULIF DictUA exact headword relation; VESUM lemma gate	unresolved
ядерний	synonyms	атомний	ULIF DictUA exact headword relation; VESUM lemma gate	unresolved
як	synonyms	наскільки	ULIF DictUA exact headword relation; VESUM lemma gate	unresolved
як	synonyms	ніж	ULIF DictUA exact headword relation; VESUM lemma gate	unresolved
як	synonyms	якби	ULIF DictUA exact headword relation; VESUM lemma gate	unresolved
який	synonyms	которий	ULIF DictUA exact headword relation; VESUM lemma gate	unresolved
якраз	synonyms	зовсім	ULIF DictUA exact headword relation; VESUM lemma gate	unresolved
якраз	synonyms	дійсно	ULIF DictUA exact headword relation; VESUM lemma gate	unresolved
янгол	synonyms	ангел	ULIF DictUA exact headword relation; VESUM lemma gate	unresolved
яр	synonyms	чорторий	ULIF DictUA exact headword relation; VESUM lemma gate	unresolved
яр	synonyms	видолинка (рідше)	ULIF DictUA exact headword relation; VESUM lemma gate	unresolved
яр	synonyms	лощовина (рідше)	ULIF DictUA exact headword relation; VESUM lemma gate	unresolved
яр	synonyms	весна	ULIF DictUA exact headword relation; VESUM lemma gate	unresolved
яровий	synonyms	яровина	ULIF DictUA exact headword relation; VESUM lemma gate	unresolved
ясень	synonyms	ясен	ULIF DictUA exact headword relation; VESUM lemma gate	unresolved
ясний	synonyms	ясновельможний	ULIF DictUA exact headword relation; VESUM lemma gate	unresolved
ясно	synonyms	очищений	ULIF DictUA exact headword relation; VESUM lemma gate	unresolved
ясно	synonyms	виразно	ULIF DictUA exact headword relation; VESUM lemma gate	unresolved
ясно	synonyms	чітко	ULIF DictUA exact headword relation; VESUM lemma gate	unresolved
ящур	synonyms	ящір	ULIF DictUA exact headword relation; VESUM lemma gate	unresolved
єпископство	synonyms	єпархія	ULIF DictUA exact headword relation; VESUM lemma gate	unresolved
ігнорувати	synonyms	відмахнутися	ULIF DictUA exact headword relation; VESUM lemma gate	unresolved
ігнорувати	synonyms	знижувати	ULIF DictUA exact headword relation; VESUM lemma gate	unresolved
ігнорувати	synonyms	різати	ULIF DictUA exact headword relation; VESUM lemma gate	unresolved
ігри	synonyms	гра	ULIF DictUA exact headword relation; VESUM lemma gate	unresolved
ідеальний	antonyms	дійсний	ULIF DictUA exact headword relation; VESUM lemma gate	unresolved
ідентичність	synonyms	індивідуальність	ULIF DictUA exact headword relation; VESUM lemma gate	unresolved
ідентичність	synonyms	тотожність	ULIF DictUA exact headword relation; VESUM lemma gate	unresolved
із	synonyms	з	ULIF DictUA exact headword relation; VESUM lemma gate	unresolved
із-під	synonyms	з-під	ULIF DictUA exact headword relation; VESUM lemma gate	unresolved
ізоляція	synonyms	ізолювання	ULIF DictUA exact headword relation; VESUM lemma gate	unresolved
ілюстрація	synonyms	ілюстрування	ULIF DictUA exact headword relation; VESUM lemma gate	unresolved
імпорт	antonyms	експорт	ULIF DictUA exact headword relation; VESUM lemma gate	unresolved
інако	synonyms	інак	ULIF DictUA exact headword relation; VESUM lemma gate	unresolved
індивідуальний	antonyms	колективний	ULIF DictUA exact headword relation; VESUM lemma gate	unresolved
індивідуальний	antonyms	спільний	ULIF DictUA exact headword relation; VESUM lemma gate	unresolved
інженер	synonyms	технолог	ULIF DictUA exact headword relation; VESUM lemma gate	unresolved
інженер	synonyms	машиніст	ULIF DictUA exact headword relation; VESUM lemma gate	unresolved
інколи	synonyms	коли-не-коли	ULIF DictUA exact headword relation; VESUM lemma gate	unresolved
інколи	synonyms	подеколи (розм.)	ULIF DictUA exact headword relation; VESUM lemma gate	unresolved
інколи	synonyms	вряди-годи (розм.)	ULIF DictUA exact headword relation; VESUM lemma gate	unresolved
інколи	synonyms	колись-не-колись (розм.)	ULIF DictUA exact headword relation; VESUM lemma gate	unresolved
інколи	synonyms	десь-колись (діал.)	ULIF DictUA exact headword relation; VESUM lemma gate	unresolved
інструктаж	synonyms	інструктування	ULIF DictUA exact headword relation; VESUM lemma gate	unresolved
інструментальний	synonyms	інструментальня	ULIF DictUA exact headword relation; VESUM lemma gate	unresolved
інтеграція	synonyms	консолідація	ULIF DictUA exact headword relation; VESUM lemma gate	unresolved
інтегрований	synonyms	уніфікований	ULIF DictUA exact headword relation; VESUM lemma gate	unresolved
інтенсивність	synonyms	насиченість	ULIF DictUA exact headword relation; VESUM lemma gate	unresolved
інтерв-ю	synonyms	аудиторія	ULIF DictUA exact headword relation; VESUM lemma gate	unresolved
інтерв-ю	synonyms	консультація	ULIF DictUA exact headword relation; VESUM lemma gate	unresolved
інформація	synonyms	поголоска (розм.)	ULIF DictUA exact headword relation; VESUM lemma gate	unresolved
інформація	synonyms	реляція (заст.)	ULIF DictUA exact headword relation; VESUM lemma gate	unresolved
інформація	synonyms	звідомлення (заст.)	ULIF DictUA exact headword relation; VESUM lemma gate	unresolved
інформація	synonyms	оповістка (діал.)	ULIF DictUA exact headword relation; VESUM lemma gate	unresolved
інформація	synonyms	відчит (заст.)	ULIF DictUA exact headword relation; VESUM lemma gate	unresolved
інфраструктура	synonyms	база	ULIF DictUA exact headword relation; VESUM lemma gate	unresolved
іскра	synonyms	блиск	ULIF DictUA exact headword relation; VESUM lemma gate	unresolved
іскра	synonyms	мерехтіння	ULIF DictUA exact headword relation; VESUM lemma gate	unresolved
історик	synonyms	історіограф	ULIF DictUA exact headword relation; VESUM lemma gate	unresolved
історичний	antonyms	доісторичний	ULIF DictUA exact headword relation; VESUM lemma gate	unresolved
іти	antonyms	стояти	ULIF DictUA exact headword relation; VESUM lemma gate	unresolved
іти	antonyms	бігти	ULIF DictUA exact headword relation; VESUM lemma gate	unresolved
іти	synonyms	йти	ULIF DictUA exact headword relation; VESUM lemma gate	unresolved
іти	synonyms	ходити	ULIF DictUA exact headword relation; VESUM lemma gate	unresolved
іти	synonyms	ступати	ULIF DictUA exact headword relation; VESUM lemma gate	unresolved
іти	synonyms	простувати	ULIF DictUA exact headword relation; VESUM lemma gate	unresolved
іти	synonyms	прямувати	ULIF DictUA exact headword relation; VESUM lemma gate	unresolved
іти	synonyms	крокувати	ULIF DictUA exact headword relation; VESUM lemma gate	unresolved
іти	synonyms	чимчикувати	ULIF DictUA exact headword relation; VESUM lemma gate	unresolved
їдальня	synonyms	вагон-ресторан	ULIF DictUA exact headword relation; VESUM lemma gate	unresolved
їжак	synonyms	дикобраз	ULIF DictUA exact headword relation; VESUM lemma gate	unresolved
їй-бо	synonyms	їй-богу	ULIF DictUA exact headword relation; VESUM lemma gate	unresolved
їй-право	synonyms	їй-богу	ULIF DictUA exact headword relation; VESUM lemma gate	unresolved
