slug	source	result
абрикос	Словник синонімів української мови + Словник української мови у 20 томах (УМІФ НАН України, Ін-т мовознавства ім. О. О. Потебні): Те саме, що → абрикоса + Великий тлумачний словник сучасної української мови: Те саме, що → абрикоса + СУМ-11: Те саме, що → абрикоса	unverified
абсолютний	Словник синонімів української мови + Великий тлумачний словник сучасної української мови: Те саме, що → абсолют + СУМ-11: Те саме, що → абсолют	unverified
абстрактний	Вікісловник: explicit antonym list + СУМ-20: протилежне → конкретний + ВТС: прот. → конкретний + СУМ-11: протилежне → конкретний + СУМ-20: протилежне → конкретний (reciprocal) + ВТС: прот. → конкретний (reciprocal) + СУМ-11: протилежне → конкретний (reciprocal)	unverified
абстракція	Словник української мови у 20 томах (УМІФ НАН України, Ін-т мовознавства ім. О. О. Потебні): Те саме, що → абстрагування + Великий тлумачний словник сучасної української мови: Те саме, що → абстрагування + СУМ-11: Те саме, що → абстрагування	unverified
авто	СУМ-20: Те саме, що → автомобіль + СУМ-11: Те саме, що → автомобіль	unverified
автомашина	СУМ-11: Те саме, що → автомобіль	unverified
агенція	Словник української мови у 20 томах (УМІФ НАН України, Ін-т мовознавства ім. О. О. Потебні): Те саме, що → агентство + СУМ-11: Те саме, що → агентство	unverified
агі	СУМ-11: див. → агій	unverified
адміністрація	Словник української мови у 20 томах (УМІФ НАН України, Ін-т мовознавства ім. О. О. Потебні): Те саме, що → адміністрування + Великий тлумачний словник сучасної української мови: Те саме, що → адміністрування + СУМ-11: Те саме, що → адміністрування	unverified
адрес	Словник синонімів української мови + Великий тлумачний словник сучасної української мови: Те саме, що → адреса + СУМ-11: Те саме, що → адреса	unverified
ай	СУМ-11: numbered homonym headwords	unverified
акорд	СУМ-11: numbered homonym headwords	unverified
актив	Словник української мови у 20 томах (УМІФ НАН України, Ін-т мовознавства ім. О. О. Потебні): протилежне → пасив + Великий тлумачний словник сучасної української мови: прот. → пасив + СУМ-11: протилежне → пасив	unverified
активний	СУМ-20: протилежне → пасивний + ВТС: прот. → пасивний + СУМ-11: протилежне → пасивний + СУМ-20: протилежне → пасивний (reciprocal) + relation_pairs/miyklas.com.ua: corpus relation pair → байдужий + relation_pairs/miyklas.com.ua: corpus relation pair → бездіяльний + relation_pairs/miyklas.com.ua: corpus relation pair → пасивний	unverified
активність	ВТС: прот. → пасивність + СУМ-11: протилежне → пасивність	unverified
актриса	Словник української мови у 20 томах (УМІФ НАН України, Ін-т мовознавства ім. О. О. Потебні): Те саме, що → акторка + Великий тлумачний словник сучасної української мови: Те саме, що → акторка + СУМ-11: Те саме, що → акторка	unverified
алгебраїчний	Словник української мови у 20 томах (УМІФ НАН України, Ін-т мовознавства ім. О. О. Потебні): див. → алгебричний + СУМ-11: Те саме, що → алгебричний	unverified
альтруїзм	Вікісловник: explicit antonym list + Словник української мови у 20 томах (УМІФ НАН України, Ін-т мовознавства ім. О. О. Потебні): протилежне → егоїзм + Великий тлумачний словник сучасної української мови: прот. → егоїзм + СУМ-11: протилежне → егоїзм	unverified
альтруїст	Вікісловник: explicit antonym list + Словник української мови у 20 томах (УМІФ НАН України, Ін-т мовознавства ім. О. О. Потебні): протилежне → егоїст + Великий тлумачний словник сучасної української мови: прот. → егоїст + СУМ-11: протилежне → егоїст	unverified
аналіз	СУМ-20: протилежне → синтез + ВТС: прот. → синтез + СУМ-11: протилежне → синтез + СУМ-20: протилежне → синтез (reciprocal) + ВТС: прот. → синтез (reciprocal) + СУМ-11: протилежне → синтез (reciprocal)	unverified
анод	Словник української мови у 20 томах (УМІФ НАН України, Ін-т мовознавства ім. О. О. Потебні): протилежне → катод + Великий тлумачний словник сучасної української мови: прот. → катод + СУМ-11: протилежне → катод	unverified
антитеза	slovnyk.me: Словник синонімів Караванського + Словник синонімів української мови + СУМ-20: Те саме, що → антитезис + ВТС: Те саме, що → антитезис + СУМ-11: Те саме, що → антитезис + relation_pairs/synonym_verdicts: corpus relation pair → протиставлення	unverified
антициклон	СУМ-11: протилежне → циклон	unverified
аплодисменти	СУМ-20: Те саме, що → оплески + ВТС: Те саме, що → оплески + СУМ-11: Те саме, що → оплески + relation_pairs/miyklas.com.ua: corpus relation pair → оплески	unverified
апріорі	Словник української мови у 20 томах (УМІФ НАН України, Ін-т мовознавства ім. О. О. Потебні): протилежне → апостеріорі + Великий тлумачний словник сучасної української мови: прот. → апостеріорі + СУМ-11: протилежне → апостеріорі	unverified
апчхи	Великий тлумачний словник сучасної української мови: див. → ачхи + СУМ-11: див. → ачхи	unverified
аргументація	СУМ-20: Те саме, що → аргументування + ВТС: Те саме, що → аргументування + СУМ-11: Те саме, що → аргументування	unverified
арештувати	Словник синонімів української мови + Словник української мови у 20 томах (УМІФ НАН України, Ін-т мовознавства ім. О. О. Потебні): див. → арештовувати + Великий тлумачний словник сучасної української мови: див. → арештовувати + СУМ-11: див. → арештовувати	unverified
асиміляція	СУМ-20: протилежне → дисиміляція + ВТС: прот. → дисиміляція + СУМ-11: протилежне → дисиміляція	unverified
астронавт	СУМ-11: Те саме, що → космонавт	unverified
ату	Великий тлумачний словник сучасної української мови: див. → атю + СУМ-11: див. → атю	unverified
баба	СУМ-11: numbered homonym headwords	unverified
бабка	СУМ-11: numbered homonym headwords	unverified
бавовна	ВТС: Те саме, що → бавовник + СУМ-11: Те саме, що → бавовник	unverified
багатий	СУМ-20: Те саме, що → багач + СУМ-11: Те саме, що → багач + relation_pairs/miyklas.com.ua: corpus relation pair → багач	unverified
багатий	СУМ-20: протилежне → бідний + ВТС: прот. → бідний + СУМ-11: протилежне → бідний + СУМ-20: протилежне → бідний (reciprocal) + ВТС: прот. → бідний (reciprocal) + СУМ-11: протилежне → бідний (reciprocal) + relation_pairs/miyklas.com.ua: corpus relation pair → бідний + relation_pairs/miyklas.com.ua: corpus relation pair → убогий	unverified
багатир	Словник синонімів української мови + Словник української мови у 20 томах (УМІФ НАН України, Ін-т мовознавства ім. О. О. Потебні): Те саме, що → багач + Великий тлумачний словник сучасної української мови: Те саме, що → багач + СУМ-11: Те саме, що → багач	unverified
багато	Вікісловник: explicit antonym list + СУМ-20: протилежне → мало + ВТС: прот. → мало + СУМ-11: протилежне → мало + СУМ-20: протилежне → мало (reciprocal) + relation_pairs/miyklas.com.ua: corpus relation pair → бідно + relation_pairs/miyklas.com.ua: corpus relation pair → мало	unverified
багатство	Вікісловник: explicit antonym list + Словник української мови у 20 томах (УМІФ НАН України, Ін-т мовознавства ім. О. О. Потебні): протилежне → бідність + Великий тлумачний словник сучасної української мови: прот. → бідність + СУМ-11: протилежне → бідність	unverified
багатій	Словник синонімів української мови + Словник української мови у 20 томах (УМІФ НАН України, Ін-т мовознавства ім. О. О. Потебні): Те саме, що → багач + Великий тлумачний словник сучасної української мови: Те саме, що → багач + СУМ-11: Те саме, що → багач	unverified
багач	Словник української мови у 20 томах (УМІФ НАН України, Ін-т мовознавства ім. О. О. Потебні): протилежне → бідняк + Великий тлумачний словник сучасної української мови: прот. → бідняк + СУМ-11: протилежне → бідняк	unverified
багрець	Словник синонімів української мови + Словник української мови у 20 томах (УМІФ НАН України, Ін-т мовознавства ім. О. О. Потебні): Те саме, що → багрянець + Великий тлумачний словник сучасної української мови: Те саме, що → багрянець + СУМ-11: Те саме, що → багрянець	unverified
базікало	Словник синонімів української мови + Словник української мови у 20 томах (УМІФ НАН України, Ін-т мовознавства ім. О. О. Потебні): Те саме, що → базіка + Великий тлумачний словник сучасної української мови: Те саме, що → базіка + СУМ-11: Те саме, що → базіка	unverified
байбачок	СУМ-11: див. → бабачок	unverified
баклажан	Словник синонімів української мови + Словник української мови у 20 томах (УМІФ НАН України, Ін-т мовознавства ім. О. О. Потебні): Те саме, що → помідор + Великий тлумачний словник сучасної української мови: Те саме, що → помідор + СУМ-11: Те саме, що → помідор	unverified
балабан	СУМ-11: numbered homonym headwords	unverified
балакати	slovnyk.me: Словник синонімів Караванського + Словник синонімів української мови + СУМ-20: Те саме, що → розмовляти + ВТС: Те саме, що → розмовляти + СУМ-11: Те саме, що → розмовляти + relation_pairs/miyklas.com.ua: corpus relation pair → говорити	unverified
бальний	СУМ-11: numbered homonym headwords	unverified
бандуриста	СУМ-11: Те саме, що → бандурист	unverified
баня	Словник синонімів української мови + Словник української мови у 20 томах (УМІФ НАН України, Ін-т мовознавства ім. О. О. Потебні): Те саме, що → лазня + Великий тлумачний словник сучасної української мови: Те саме, що → лазня + СУМ-11: Те саме, що → лазня	unverified
баранці	Великий тлумачний словник сучасної української мови: див. → баранець + СУМ-11: див. → баранець	unverified
барва	Словник синонімів української мови + Словник української мови у 20 томах (УМІФ НАН України, Ін-т мовознавства ім. О. О. Потебні): Те саме, що → фарба + Великий тлумачний словник сучасної української мови: Те саме, що → фарба + СУМ-11: Те саме, що → фарба	unverified
баси	Великий тлумачний словник сучасної української мови: див. → бас + СУМ-11: див. → бас	unverified
безвусий	Словник синонімів української мови + Словник української мови у 20 томах (УМІФ НАН України, Ін-т мовознавства ім. О. О. Потебні): Те саме, що → безостий + Великий тлумачний словник сучасної української мови: Те саме, що → безостий + СУМ-11: Те саме, що → безостий	unverified
безглуздо	СУМ-20: Те саме, що → смішно (reciprocal) + ВТС: Те саме, що → смішно (reciprocal) + СУМ-11: Те саме, що → смішно (reciprocal)	unverified
бездарність	СУМ-11: Те саме, що → бездара	unverified
безжальний	СУМ-11: Те саме, що → безжалісний	unverified
безкрайній	СУМ-11: Те саме, що → безкраїй	unverified
безлад	СУМ-20: Те саме, що → безладдя + ВТС: Те саме, що → безладдя + СУМ-11: Те саме, що → безладдя	unverified
безперестану	СУМ-11: Те саме, що → безперестанку	unverified
безпечно	Словник української мови у 20 томах (УМІФ НАН України, Ін-т мовознавства ім. О. О. Потебні): Те саме, що → безтурботно + Великий тлумачний словник сучасної української мови: Те саме, що → безтурботно + СУМ-11: Те саме, що → безтурботно	unverified
безпечність	СУМ-11: Те саме, що → безтурботність	unverified
безталанний	СУМ-11: Те саме, що → бездарний	unverified
безталання	СУМ-11: Те саме, що → бездарність	unverified
безтурботний	СУМ-11: Те саме, що → недбалий	unverified
безум	СУМ-11: Те саме, що → безумство	unverified
берест	СУМ-11: numbered homonym headwords	unverified
бетонозмішувач	СУМ-11: Те саме, що → бетономішалка	unverified
бистрінь	Словник синонімів української мови + Словник української мови у 20 томах (УМІФ НАН України, Ін-т мовознавства ім. О. О. Потебні): Те саме, що → бистрина + Великий тлумачний словник сучасної української мови: Те саме, що → бистрина + СУМ-11: Те саме, що → бистрина	unverified
благословити	Словник синонімів української мови + Словник української мови у 20 томах (УМІФ НАН України, Ін-т мовознавства ім. О. О. Потебні): див. → благословляти + Великий тлумачний словник сучасної української мови: див. → благословляти + СУМ-11: див. → благословляти	unverified
блажен	СУМ-11: Те саме, що → блаженний	unverified
блакит	СУМ-11: Те саме, що → блакить	unverified
близький	Словник української мови у 20 томах (УМІФ НАН України, Ін-т мовознавства ім. О. О. Потебні): протилежне → далекий + Великий тлумачний словник сучасної української мови: прот. → далекий + СУМ-11: протилежне → далекий	unverified
блювати	СУМ-20: Те саме, що → ригати (reciprocal) + ВТС: Те саме, що → ригати (reciprocal) + СУМ-11: Те саме, що → ригати (reciprocal)	unverified
богомільний	СУМ-11: див. → богомольний	unverified
божество	Словник синонімів української мови + Великий тлумачний словник сучасної української мови: Те саме, що → бог + СУМ-11: Те саме, що → бог	unverified
боксер	СУМ-11: numbered homonym headwords	unverified
бордо	Словник синонімів української мови + Словник української мови у 20 томах (УМІФ НАН України, Ін-т мовознавства ім. О. О. Потебні): Те саме, що → бордовий + Великий тлумачний словник сучасної української мови: Те саме, що → бордовий + СУМ-11: Те саме, що → бордовий	unverified
боржомі	Великий тлумачний словник сучасної української мови: Те саме, що → боржом + СУМ-11: Те саме, що → боржом	unverified
бородай	Словник синонімів української мови + Словник української мови у 20 томах (УМІФ НАН України, Ін-т мовознавства ім. О. О. Потебні): Те саме, що → бородань + Великий тлумачний словник сучасної української мови: Те саме, що → бородань + СУМ-11: Те саме, що → бородань	unverified
боронити	Словник синонімів української мови + Словник української мови у 20 томах (УМІФ НАН України, Ін-т мовознавства ім. О. О. Потебні): Те саме, що → боронувати + Великий тлумачний словник сучасної української мови: Те саме, що → боронувати + СУМ-11: Те саме, що → боронувати	unverified
борщ	СУМ-11: Те саме, що → холодник	unverified
босоніж	Великий тлумачний словник сучасної української мови: Те саме, що → босо + СУМ-11: Те саме, що → босо	unverified
бран	Словник синонімів української мови + Великий тлумачний словник сучасної української мови: Те саме, що → полон + СУМ-11: Те саме, що → полон	unverified
браслет	slovnyk.me: Словник синонімів української мови + СУМ-20: Те саме, що → обручка (reciprocal) + ВТС: Те саме, що → обручка (reciprocal) + СУМ-11: Те саме, що → обручка (reciprocal)	unverified
брахман	Великий тлумачний словник сучасної української мови: Те саме, що → брамін + СУМ-11: Те саме, що → брамін	unverified
брехач	СУМ-11: Те саме, що → брехун	unverified
бридня	СУМ-11: див. → бредня	unverified
бризнути	СУМ-20: Те саме, що → бризнутися + ВТС: Те саме, що → бризнутися + СУМ-11: Те саме, що → бризнутися	unverified
брови	Великий тлумачний словник сучасної української мови: див. → брова + СУМ-11: див. → брова	unverified
бруківка	СУМ-20: Те саме, що → брук + ВТС: Те саме, що → брук + СУМ-11: Те саме, що → брук	unverified
брязкіт	Словник української мови у 20 томах (УМІФ НАН України, Ін-т мовознавства ім. О. О. Потебні): Те саме, що → брязк + Великий тлумачний словник сучасної української мови: Те саме, що → брязк + СУМ-11: Те саме, що → брязк	unverified
будь-що	СУМ-11: numbered homonym headwords	unverified
будівник	Словник синонімів української мови + Словник української мови у 20 томах (УМІФ НАН України, Ін-т мовознавства ім. О. О. Потебні): Те саме, що → будівельник + Великий тлумачний словник сучасної української мови: Те саме, що → будівельник + СУМ-11: Те саме, що → будівельник	unverified
буркун	Словник синонімів української мови + Словник української мови у 20 томах (УМІФ НАН України, Ін-т мовознавства ім. О. О. Потебні): Те саме, що → буркотун + Великий тлумачний словник сучасної української мови: Те саме, що → буркотун + СУМ-11: Те саме, що → буркотун	unverified
бурмотіти	СУМ-20: див. → бурмотати + ВТС: див. → бурмотати + СУМ-11: див. → бурмотати	unverified
бурмістр	СУМ-11: Те саме, що → бургомістр	unverified
бурштин	Словник синонімів української мови + СУМ-11: Те саме, що → янтар	unverified
бусел	Словник синонімів української мови + Словник української мови у 20 томах (УМІФ НАН України, Ін-т мовознавства ім. О. О. Потебні): див. → бусол + СУМ-11: див. → бусол	unverified
бусурменський	СУМ-11: див. → бусурманський	unverified
бутність	СУМ-11: numbered homonym headwords	unverified
буцім	ВТС: Те саме, що → буцімто (reciprocal) + СУМ-11: Те саме, що → буцімто (reciprocal)	unverified
буцімто	ВТС: Те саме, що → буцім + СУМ-11: Те саме, що → буцім	unverified
бушель	СУМ-11: numbered homonym headwords	unverified
бігти	СУМ-11: протилежне → іти (reciprocal)	unverified
бігцем	Словник синонімів української мови + Великий тлумачний словник сучасної української мови: Те саме, що → бігом + СУМ-11: Те саме, що → бігом	unverified
бідний	Вікісловник: explicit antonym list + СУМ-20: протилежне → багатий (reciprocal) + ВТС: прот. → багатий (reciprocal) + СУМ-11: протилежне → багатий (reciprocal) + СУМ-20: протилежне → багатий + ВТС: прот. → багатий + СУМ-11: протилежне → багатий + relation_pairs/miyklas.com.ua: corpus relation pair → багатий + relation_pairs/miyklas.com.ua: corpus relation pair → насичений + relation_pairs/miyklas.com.ua: corpus relation pair → радісний	unverified
бідняк	Словник української мови у 20 томах (УМІФ НАН України, Ін-т мовознавства ім. О. О. Потебні): протилежне → багач + Великий тлумачний словник сучасної української мови: прот. → багач + СУМ-11: протилежне → багач	unverified
біжком	СУМ-11: Те саме, що → бігом	unverified
білет	Великий тлумачний словник сучасної української мови: Те саме, що → квиток + СУМ-11: Те саме, що → квиток	unverified
білий	СУМ-20: протилежне → чорний + ВТС: прот. → чорний + ВТС: прот. → червоний + СУМ-11: протилежне → чорний + ВТС: прот. → червоний (reciprocal) + СУМ-20: протилежне → чорний (reciprocal) + ВТС: прот. → чорний (reciprocal) + СУМ-11: протилежне → чорний (reciprocal) + relation_pairs/miyklas.com.ua: corpus relation pair → чорний	unverified
більш	slovnyk.me: Словник синонімів української мови (base form більше) + СУМ-20: див. → більше + ВТС: див. → більше + СУМ-11: див. → більше	unverified
білявий	Словник української мови у 20 томах (УМІФ НАН України, Ін-т мовознавства ім. О. О. Потебні): протилежне → чорнявий + Великий тлумачний словник сучасної української мови: прот. → чорнявий + СУМ-11: протилежне → чорнявий	unverified
біс	СУМ-11: numbered homonym headwords	unverified
бічний	Словник синонімів української мови + Словник української мови у 20 томах (УМІФ НАН України, Ін-т мовознавства ім. О. О. Потебні): Те саме, що → боковий + Великий тлумачний словник сучасної української мови: Те саме, що → боковий + СУМ-11: Те саме, що → боковий	unverified
в	СУМ-11: Те саме, що → сфера (reciprocal) + СУМ-20: див. → уві (reciprocal) + ВТС: див. → уві (reciprocal) + СУМ-11: див. → уві (reciprocal) + relation_pairs/miyklas.com.ua: corpus relation pair → у	unverified
важкий	Словник української мови у 20 томах (УМІФ НАН України, Ін-т мовознавства ім. О. О. Потебні): протилежне → легкий + Великий тлумачний словник сучасної української мови: прот. → легкий + СУМ-11: протилежне → легкий	unverified
валити	СУМ-11: numbered homonym headwords	unverified
вапна	Словник української мови у 20 томах (УМІФ НАН України, Ін-т мовознавства ім. О. О. Потебні): Те саме, що → вапно + Великий тлумачний словник сучасної української мови: Те саме, що → вапно + СУМ-11: Те саме, що → вапно	unverified
вар	Словник синонімів української мови + Великий тлумачний словник сучасної української мови: Те саме, що → окріп + СУМ-11: Те саме, що → окріп	unverified
варений	slovnyk.me: Словник синонімів української мови + СУМ-20: Те саме, що → варенуха + ВТС: Те саме, що → варенуха + СУМ-11: Те саме, що → варенуха	unverified
вариво	Словник синонімів української мови + Словник української мови у 20 томах (УМІФ НАН України, Ін-т мовознавства ім. О. О. Потебні): Те саме, що → варіння + Великий тлумачний словник сучасної української мови: Те саме, що → варіння + СУМ-11: Те саме, що → варіння	unverified
варка	Словник української мови у 20 томах (УМІФ НАН України, Ін-т мовознавства ім. О. О. Потебні): Те саме, що → варіння + Великий тлумачний словник сучасної української мови: Те саме, що → варіння + СУМ-11: Те саме, що → варіння	unverified
вартовий	Словник синонімів української мови + Великий тлумачний словник сучасної української мови: Те саме, що → черговий + СУМ-11: Те саме, що → черговий	unverified
ватний	СУМ-11: numbered homonym headwords	unverified
вберегти	Словник синонімів української мови + Словник української мови у 20 томах (УМІФ НАН України, Ін-т мовознавства ім. О. О. Потебні): див. → уберігати + Великий тлумачний словник сучасної української мови: див. → уберегти + СУМ-11: див. → уберегти	unverified
вберегтися	СУМ-11: див. → уберегтися	unverified
вбиральня	slovnyk.me: Словник синонімів Караванського + СУМ-20: див. → убиральня + ВТС: див. → убиральня + СУМ-11: див. → убиральня	unverified
вверх	Вікісловник: explicit antonym list + Великий тлумачний словник сучасної української мови: прот. → вниз + СУМ-11: протилежне → вниз	unverified
ввести	Словник синонімів української мови + Словник української мови у 20 томах (УМІФ НАН України, Ін-т мовознавства ім. О. О. Потебні): див. → вводити + Великий тлумачний словник сучасної української мови: див. → вводити + СУМ-11: див. → вводити	unverified
ввесь	Словник синонімів української мови + Словник української мови у 20 томах (УМІФ НАН України, Ін-т мовознавства ім. О. О. Потебні): див. → весь + Великий тлумачний словник сучасної української мови: див. → весь + СУМ-11: див. → весь	unverified
вві	Словник української мови у 20 томах (УМІФ НАН України, Ін-т мовознавства ім. О. О. Потебні): див. → в + Великий тлумачний словник сучасної української мови: див. → в + СУМ-11: див. → в	unverified
ввібрати	Словник синонімів української мови + Словник української мови у 20 томах (УМІФ НАН України, Ін-т мовознавства ім. О. О. Потебні): див. → вбирати + Великий тлумачний словник сучасної української мови: див. → вбирати + СУМ-11: див. → вбирати	unverified
ввійти	Словник синонімів української мови + Словник української мови у 20 томах (УМІФ НАН України, Ін-т мовознавства ім. О. О. Потебні): див. → входити + Великий тлумачний словник сучасної української мови: див. → входити + СУМ-11: див. → входити	unverified
ввімкнути	Словник української мови у 20 томах (УМІФ НАН України, Ін-т мовознавства ім. О. О. Потебні): див. → вмикати + Великий тлумачний словник сучасної української мови: див. → вмикати + СУМ-11: див. → вмикати	unverified
вгору	Вікісловник: explicit antonym list + СУМ-20: протилежне → вниз + ВТС: прот. → вниз + СУМ-11: протилежне → вниз	unverified
вдалеч	Словник синонімів української мови + Словник української мови у 20 томах (УМІФ НАН України, Ін-т мовознавства ім. О. О. Потебні): Те саме, що → вдалину + Великий тлумачний словник сучасної української мови: Те саме, що → вдалину + СУМ-11: Те саме, що → вдалину	unverified
вдалечінь	СУМ-11: Те саме, що → вдалину	unverified
вдих	Словник української мови у 20 томах (УМІФ НАН України, Ін-т мовознавства ім. О. О. Потебні): протилежне → видих + Великий тлумачний словник сучасної української мови: прот. → видих + СУМ-11: протилежне → видих	unverified
вдихнути	Словник синонімів української мови + Словник української мови у 20 томах (УМІФ НАН України, Ін-т мовознавства ім. О. О. Потебні): див. → вдихати + Великий тлумачний словник сучасної української мови: див. → вдихати + СУМ-11: див. → вдихати	unverified
вдовиця	Словник української мови у 20 томах (УМІФ НАН України, Ін-т мовознавства ім. О. О. Потебні): Те саме, що → вдова + Великий тлумачний словник сучасної української мови: Те саме, що → вдова + СУМ-11: Те саме, що → вдова	unverified
вдуматися	Словник синонімів української мови + Словник української мови у 20 томах (УМІФ НАН України, Ін-т мовознавства ім. О. О. Потебні): див. → вдумуватися + Великий тлумачний словник сучасної української мови: див. → вдумуватися + СУМ-11: див. → вдумуватися	unverified
вдягати	Словник синонімів української мови + Словник української мови у 20 томах (УМІФ НАН України, Ін-т мовознавства ім. О. О. Потебні): Те саме, що → одягати + Великий тлумачний словник сучасної української мови: Те саме, що → одягати + СУМ-11: Те саме, що → одягати	unverified
вдягатися	СУМ-11: Те саме, що → одягатися	unverified
вдягнути	СУМ-20: див. → вдягати + ВТС: див. → вдягати + СУМ-11: див. → вдягати	unverified
ведмедя	Словник синонімів української мови + Словник української мови у 20 томах (УМІФ НАН України, Ін-т мовознавства ім. О. О. Потебні): Те саме, що → ведмежа + Великий тлумачний словник сучасної української мови: див. → ведмедча + СУМ-11: Те саме, що → ведмежа	unverified
ведмежий	Словник синонімів української мови + Великий тлумачний словник сучасної української мови: Те саме, що → мучниця + СУМ-11: Те саме, що → мучниця	unverified
ведучий	Великий тлумачний словник сучасної української мови: Те саме, що → провідний + СУМ-11: Те саме, що → провідний	unverified
велет	Словник синонімів української мови + Словник української мови у 20 томах (УМІФ НАН України, Ін-т мовознавства ім. О. О. Потебні): Те саме, що → велетень + Великий тлумачний словник сучасної української мови: Те саме, що → велетень + СУМ-11: Те саме, що → велетень	unverified
великдень	СУМ-20: Те саме, що → паска (reciprocal) + СУМ-11: Те саме, що → паска (reciprocal)	unverified
великий	СУМ-20: протилежне → малий + ВТС: прот. → малий + СУМ-11: протилежне → малий + СУМ-20: протилежне → маленький (reciprocal) + ВТС: прот. → маленький (reciprocal) + СУМ-11: протилежне → маленький (reciprocal) + СУМ-20: протилежне → малий (reciprocal) + ВТС: прот. → малий (reciprocal) + СУМ-11: протилежне → малий (reciprocal) + relation_pairs/miyklas.com.ua: corpus relation pair → малий	unverified
велотрек	Словник синонімів української мови + Великий тлумачний словник сучасної української мови: Те саме, що → велодром + СУМ-11: Те саме, що → велодром	unverified
венеційський	СУМ-11: Те саме, що → венеціанський	unverified
вернутися	Словник синонімів української мови + Великий тлумачний словник сучасної української мови: див. → вертатися + СУМ-11: див. → вертатися	unverified
верстка	Словник української мови у 20 томах (УМІФ НАН України, Ін-т мовознавства ім. О. О. Потебні): Те саме, що → верстання + Великий тлумачний словник сучасної української мови: Те саме, що → верстання + СУМ-11: Те саме, що → верстання	unverified
вертикальний	Словник української мови у 20 томах (УМІФ НАН України, Ін-т мовознавства ім. О. О. Потебні): протилежне → горизонтальний + Великий тлумачний словник сучасної української мови: прот. → горизонтальний + СУМ-11: протилежне → горизонтальний	unverified
верхній	СУМ-20: протилежне → нижній + ВТС: прот. → нижній + СУМ-11: протилежне → нижній	unverified
верхом	Словник синонімів української мови + Словник української мови у 20 томах (УМІФ НАН України, Ін-т мовознавства ім. О. О. Потебні): Те саме, що → верхи + Великий тлумачний словник сучасної української мови: Те саме, що → верхи + СУМ-11: Те саме, що → верхи	unverified
веселий	СУМ-20: протилежне → сумний (reciprocal) + ВТС: прот. → сумний (reciprocal) + СУМ-11: протилежне → сумний (reciprocal) + relation_pairs/miyklas.com.ua: corpus relation pair → понурий + relation_pairs/miyklas.com.ua: corpus relation pair → похмурий + relation_pairs/miyklas.com.ua: corpus relation pair → сумний	unverified
весна	slovnyk.me: Словник синонімів Караванського + Словник синонімів української мови + ВТС: Те саме, що → яр (reciprocal) + СУМ-11: Те саме, що → яр (reciprocal)	unverified
взагалі	slovnyk.me: Словник синонімів Караванського + Словник синонімів української мови + ВТС: Те саме, що → загалом (reciprocal) + СУМ-11: Те саме, що → загалом (reciprocal)	unverified
взаємовідносини	СУМ-11: Те саме, що → взаємини	unverified
взувати	slovnyk.me: Словник синонімів Караванського + Словник синонімів української мови + СУМ-20: див. → взути (reciprocal) + ВТС: див. → взути (reciprocal) + СУМ-11: див. → взути (reciprocal)	unverified
взуватися	СУМ-20: див. → взутися (reciprocal) + ВТС: див. → взутися (reciprocal) + СУМ-11: див. → взутися (reciprocal)	unverified
взути	СУМ-20: див. → взувати + ВТС: див. → взувати + СУМ-11: див. → взувати	unverified
взутися	СУМ-20: див. → взуватися + ВТС: див. → взуватися + СУМ-11: див. → взуватися	unverified
вибачати	slovnyk.me: Словник синонімів Караванського + Словник синонімів української мови + СУМ-20: див. → вибачити (reciprocal) + ВТС: див. → вибачити (reciprocal) + СУМ-11: див. → вибачити (reciprocal)	unverified
вибачити	СУМ-20: див. → вибачати + ВТС: див. → вибачати + СУМ-11: див. → вибачати	unverified
вибачитися	Словник синонімів української мови + Словник української мови у 20 томах (УМІФ НАН України, Ін-т мовознавства ім. О. О. Потебні): див. → вибачатися + Великий тлумачний словник сучасної української мови: див. → вибачатися + СУМ-11: див. → вибачатися	unverified
вибирати	СУМ-20: див. → вибрати (reciprocal) + ВТС: див. → вибрати (reciprocal) + СУМ-11: див. → вибрати (reciprocal)	unverified
вибити	Словник синонімів української мови + Словник української мови у 20 томах (УМІФ НАН України, Ін-т мовознавства ім. О. О. Потебні): див. → вибивати + Великий тлумачний словник сучасної української мови: див. → вибивати + СУМ-11: див. → вибивати	unverified
вибитися	Словник синонімів української мови + Словник української мови у 20 томах (УМІФ НАН України, Ін-т мовознавства ім. О. О. Потебні): див. → вибиватися + Великий тлумачний словник сучасної української мови: див. → вибиватися + СУМ-11: див. → вибиватися	unverified
вибороти	Словник синонімів української мови + Словник української мови у 20 томах (УМІФ НАН України, Ін-т мовознавства ім. О. О. Потебні): див. → виборювати + Великий тлумачний словник сучасної української мови: див. → виборювати + СУМ-11: див. → виборювати	unverified
вибрати	СУМ-20: див. → вибирати + ВТС: див. → вибирати + СУМ-11: див. → вибирати	unverified
вибратися	Словник синонімів української мови + Словник української мови у 20 томах (УМІФ НАН України, Ін-т мовознавства ім. О. О. Потебні): див. → вибиратися + Великий тлумачний словник сучасної української мови: див. → вибиратися + СУМ-11: див. → вибиратися	unverified
вибудувати	СУМ-11: див. → вибудовувати	unverified
вибігати	slovnyk.me: Словник синонімів української мови + СУМ-20: див. → вибігти (reciprocal) + ВТС: див. → вибігти (reciprocal) + СУМ-11: див. → вибігти (reciprocal)	unverified
вибігти	СУМ-20: див. → вибігати + ВТС: див. → вибігати + СУМ-11: див. → вибігати	unverified
вибірка	Великий тлумачний словник сучасної української мови: Те саме, що → вибирання + СУМ-11: Те саме, що → вибирання	unverified
вивантажити	СУМ-11: див. → вивантажувати	unverified
вивезти	СУМ-20: див. → вивозити + ВТС: див. → вивозити + СУМ-11: див. → вивозити	unverified
вивести	СУМ-20: див. → виводити + ВТС: див. → виводити + СУМ-11: див. → виводити	unverified
виводити	slovnyk.me: Словник синонімів Караванського + СУМ-20: див. → вивести (reciprocal) + ВТС: див. → вивести (reciprocal) + СУМ-11: див. → вивести (reciprocal) + ВТС: див. → виводити + ВТС: див. → виводити (reciprocal)	unverified
вивчати	СУМ-20: див. → вивчити (reciprocal) + ВТС: див. → вивчити (reciprocal) + СУМ-11: див. → вивчити (reciprocal) + relation_pairs/synonym_verdicts: corpus relation pair → досліджувати	unverified
вивчити	СУМ-20: див. → вивчати + ВТС: див. → вивчати + СУМ-11: див. → вивчати + relation_pairs/miyklas.com.ua: corpus relation pair → визубрювати + relation_pairs/miyklas.com.ua: corpus relation pair → вчити + relation_pairs/miyklas.com.ua: corpus relation pair → завчати + relation_pairs/miyklas.com.ua: corpus relation pair → зубрити	unverified
вивіз	Словник синонімів української мови + Словник української мови у 20 томах (УМІФ НАН України, Ін-т мовознавства ім. О. О. Потебні): Те саме, що → вивезення + Великий тлумачний словник сучасної української мови: Те саме, що → вивезення + СУМ-11: Те саме, що → вивезення	unverified
вивільнити	СУМ-11: див. → вивільнювати	unverified
вивірка	Словник синонімів української мови + Словник української мови у 20 томах (УМІФ НАН України, Ін-т мовознавства ім. О. О. Потебні): Те саме, що → білка + Великий тлумачний словник сучасної української мови: Те саме, що → білка + СУМ-11: Те саме, що → білка	unverified
вивісити	Словник синонімів української мови + Словник української мови у 20 томах (УМІФ НАН України, Ін-т мовознавства ім. О. О. Потебні): див. → вивішувати + Великий тлумачний словник сучасної української мови: див. → вивішувати + СУМ-11: див. → вивішувати	unverified
вигаданий	СУМ-11: numbered homonym headwords	unverified
вигнати	Словник синонімів української мови + Словник української мови у 20 томах (УМІФ НАН України, Ін-т мовознавства ім. О. О. Потебні): див. → виганяти + Великий тлумачний словник сучасної української мови: див. → виганяти + СУМ-11: див. → виганяти	unverified
виговоритися	Словник української мови у 20 томах (УМІФ НАН України, Ін-т мовознавства ім. О. О. Потебні): див. → виговорюватися + СУМ-11: див. → виговорюватися	unverified
вигодувати	СУМ-20: див. → вигодовувати + ВТС: див. → вигодовувати + СУМ-11: див. → вигодовувати	unverified
виголосити	Словник синонімів української мови + Словник української мови у 20 томах (УМІФ НАН України, Ін-т мовознавства ім. О. О. Потебні): див. → виголошувати + Великий тлумачний словник сучасної української мови: див. → виголошувати + СУМ-11: див. → виголошувати	unverified
виготовити	СУМ-20: див. → виготовляти + ВТС: див. → виготовляти + СУМ-11: див. → виготовляти	unverified
виготовляти	СУМ-20: див. → виготовити (reciprocal) + ВТС: див. → виготовити (reciprocal) + СУМ-11: див. → виготовити (reciprocal)	unverified
вигравати	slovnyk.me: Словник синонімів Караванського + СУМ-20: див. → виграти (reciprocal) + ВТС: див. → виграти (reciprocal) + СУМ-11: див. → виграти (reciprocal)	unverified
виграти	СУМ-20: див. → вигравати + ВТС: див. → вигравати + СУМ-11: див. → вигравати	unverified
вигукнути	Словник української мови у 20 томах (УМІФ НАН України, Ін-т мовознавства ім. О. О. Потебні): див. → вигукувати + Великий тлумачний словник сучасної української мови: див. → вигукувати + СУМ-11: див. → вигукувати	unverified
вид	slovnyk.me: Словник синонімів Караванського + СУМ-20: Те саме, що → обличчя + ВТС: Те саме, що → обличчя + СУМ-11: Те саме, що → обличчя + relation_pairs/synonym_verdicts: corpus relation pair → зовнішність + relation_pairs/synonym_verdicts: corpus relation pair → категорія + relation_pairs/synonym_verdicts: corpus relation pair → обличчя + relation_pairs/synonym_verdicts: corpus relation pair → пейзаж + relation_pairs/miyklas.com.ua: corpus relation pair → категорія	unverified
видалити	СУМ-20: див. → видаляти + ВТС: див. → видаляти + СУМ-11: див. → видаляти	unverified
видаляти	СУМ-20: див. → видалити (reciprocal) + ВТС: див. → видалити (reciprocal) + СУМ-11: див. → видалити (reciprocal)	unverified
видати	Словник синонімів української мови + Великий тлумачний словник сучасної української мови: Те саме, що → бачити + СУМ-11: Те саме, що → бачити	unverified
видерти	Словник синонімів української мови + Словник української мови у 20 томах (УМІФ НАН України, Ін-т мовознавства ім. О. О. Потебні): див. → видирати + Великий тлумачний словник сучасної української мови: див. → видирати + СУМ-11: див. → видирати	unverified
видертися	СУМ-11: див. → видиратися	unverified
виднокруг	Словник синонімів української мови + Великий тлумачний словник сучасної української мови: Те саме, що → видноколо + СУМ-11: Те саме, що → видноколо	unverified
виднокіл	Словник синонімів української мови + Словник української мови у 20 томах (УМІФ НАН України, Ін-т мовознавства ім. О. О. Потебні): Те саме, що → видноколо + Великий тлумачний словник сучасної української мови: Те саме, що → видноколо + СУМ-11: Те саме, що → видноколо	unverified
видобути	Словник синонімів української мови + Словник української мови у 20 томах (УМІФ НАН України, Ін-т мовознавства ім. О. О. Потебні): див. → видобувати + Великий тлумачний словник сучасної української мови: див. → видобувати + СУМ-11: див. → видобувати	unverified
видозмінити	СУМ-11: див. → видозмінювати	unverified
видющий	Словник синонімів української мови + Словник української мови у 20 томах (УМІФ НАН України, Ін-т мовознавства ім. О. О. Потебні): Те саме, що → видючий + Великий тлумачний словник сучасної української мови: Те саме, що → видючий + СУМ-11: Те саме, що → видючий	unverified
виділити	СУМ-20: див. → виділяти + ВТС: див. → виділяти + СУМ-11: див. → виділяти	unverified
виділитися	СУМ-11: див. → виділятися	unverified
виділяти	slovnyk.me: Словник синонімів Караванського + Словник синонімів української мови + СУМ-20: див. → виділити (reciprocal) + ВТС: див. → виділити (reciprocal) + СУМ-11: див. → виділити (reciprocal) + relation_pairs/synonym_verdicts: corpus relation pair → підкреслювати	unverified
виживати	slovnyk.me: Словник синонімів української мови + СУМ-20: див. → вижити (reciprocal) + ВТС: див. → вижити (reciprocal) + СУМ-11: див. → вижити (reciprocal)	unverified
вижити	СУМ-20: див. → виживати + ВТС: див. → виживати + СУМ-11: див. → виживати	unverified
визволити	Словник синонімів української мови + Словник української мови у 20 томах (УМІФ НАН України, Ін-т мовознавства ім. О. О. Потебні): див. → визволяти + Великий тлумачний словник сучасної української мови: див. → визволяти + СУМ-11: див. → визволяти	unverified
визволитися	СУМ-11: див. → визволятися	unverified
визнавати	СУМ-20: див. → визнати (reciprocal) + ВТС: див. → визнати (reciprocal) + СУМ-11: див. → визнати (reciprocal)	unverified
визнати	СУМ-20: див. → визнавати + ВТС: див. → визнавати + СУМ-11: див. → визнавати	unverified
визначати	slovnyk.me: Словник синонімів Караванського + Словник синонімів української мови + СУМ-20: див. → визначити (reciprocal) + ВТС: див. → визначити (reciprocal) + СУМ-11: див. → визначити (reciprocal)	unverified
визначити	СУМ-20: див. → визначати + ВТС: див. → визначати + СУМ-11: див. → визначати	unverified
визначитися	Словник синонімів української мови + Словник української мови у 20 томах (УМІФ НАН України, Ін-т мовознавства ім. О. О. Потебні): див. → визначатися + Великий тлумачний словник сучасної української мови: див. → визначатися + СУМ-11: див. → визначатися	unverified
виймати	slovnyk.me: Словник синонімів української мови + СУМ-20: див. → вийняти (reciprocal) + ВТС: див. → вийняти (reciprocal) + СУМ-11: див. → вийняти (reciprocal)	unverified
вийняти	СУМ-20: див. → виймати + ВТС: див. → виймати + СУМ-11: див. → виймати	unverified
вийти	СУМ-20: див. → виходити + ВТС: див. → виходити + СУМ-11: див. → виходити	unverified
виказати	Словник синонімів української мови + Словник української мови у 20 томах (УМІФ НАН України, Ін-т мовознавства ім. О. О. Потебні): див. → виказувати + Великий тлумачний словник сучасної української мови: див. → виказувати + СУМ-11: див. → виказувати	unverified
викидати	slovnyk.me: Словник синонімів Караванського + СУМ-20: див. → викинути (reciprocal) + ВТС: див. → викинути (reciprocal) + СУМ-11: див. → викинути (reciprocal)	unverified
викинути	СУМ-20: див. → викидати + ВТС: див. → викидати + СУМ-11: див. → викидати	unverified
викласти	Словник синонімів української мови + Словник української мови у 20 томах (УМІФ НАН України, Ін-т мовознавства ім. О. О. Потебні): див. → викладати + Великий тлумачний словник сучасної української мови: див. → викладати + СУМ-11: див. → викладати	unverified
виключати	slovnyk.me: Словник синонімів Караванського + Словник синонімів української мови + СУМ-20: див. → виключити (reciprocal) + ВТС: див. → виключити (reciprocal) + СУМ-11: див. → виключити (reciprocal)	unverified
виключити	СУМ-20: див. → виключати + ВТС: див. → виключати + СУМ-11: див. → виключати	unverified
виконати	СУМ-20: див. → виконувати + ВТС: див. → виконувати + СУМ-11: див. → виконувати	unverified
виконатися	СУМ-11: див. → виконуватися	unverified
виконувати	slovnyk.me: Словник синонімів Караванського + Словник синонімів української мови + СУМ-20: див. → виконати (reciprocal) + ВТС: див. → виконати (reciprocal) + СУМ-11: див. → виконати (reciprocal) + relation_pairs/synonym_verdicts: corpus relation pair → здійснювати + relation_pairs/synonym_verdicts: corpus relation pair → нести	unverified
виконувач	СУМ-11: Те саме, що → виконавець	unverified
викопати	Словник синонімів української мови + Словник української мови у 20 томах (УМІФ НАН України, Ін-т мовознавства ім. О. О. Потебні): див. → викопувати + Великий тлумачний словник сучасної української мови: див. → викопувати + СУМ-11: див. → викопувати	unverified
викоренити	СУМ-11: див. → викорінювати	unverified
використати	СУМ-20: див. → використовувати + ВТС: див. → використовувати + СУМ-11: див. → використовувати	unverified
використовувати	slovnyk.me: Словник синонімів Караванського + Словник синонімів української мови + СУМ-20: див. → використати (reciprocal) + ВТС: див. → використати (reciprocal) + СУМ-11: див. → використати (reciprocal)	unverified
викосити	Словник української мови у 20 томах (УМІФ НАН України, Ін-т мовознавства ім. О. О. Потебні): див. → викошувати + Великий тлумачний словник сучасної української мови: див. → викошувати + СУМ-11: див. → викошувати	unverified
викрасти	Словник синонімів української мови + Словник української мови у 20 томах (УМІФ НАН України, Ін-т мовознавства ім. О. О. Потебні): див. → викрадати + Великий тлумачний словник сучасної української мови: див. → викрадати + СУМ-11: див. → викрадати	unverified
викреслити	СУМ-11: див. → викреслювати	unverified
викривити	СУМ-11: див. → викривляти	unverified
викрити	Словник синонімів української мови + Словник української мови у 20 томах (УМІФ НАН України, Ін-т мовознавства ім. О. О. Потебні): див. → викривати + Великий тлумачний словник сучасної української мови: див. → викривати + СУМ-11: див. → викривати	unverified
викупити	Словник української мови у 20 томах (УМІФ НАН України, Ін-т мовознавства ім. О. О. Потебні): див. → викуповувати + Великий тлумачний словник сучасної української мови: див. → викуповувати + СУМ-11: див. → викуповувати	unverified
викурити	Словник синонімів української мови + Словник української мови у 20 томах (УМІФ НАН України, Ін-т мовознавства ім. О. О. Потебні): див. → викурювати + Великий тлумачний словник сучасної української мови: див. → викурювати + СУМ-11: див. → викурювати	unverified
вилазити	СУМ-20: див. → вилізти (reciprocal) + ВТС: див. → вилізти (reciprocal) + СУМ-11: див. → вилізти (reciprocal)	unverified
вилетіти	СУМ-20: див. → вилітати + ВТС: див. → вилітати + СУМ-11: див. → вилітати	unverified
вилити	СУМ-20: див. → виливати + ВТС: див. → виливати + СУМ-11: див. → виливати	unverified
вилитися	Словник синонімів української мови + Словник української мови у 20 томах (УМІФ НАН України, Ін-т мовознавства ім. О. О. Потебні): див. → виливатися + Великий тлумачний словник сучасної української мови: див. → виливатися + СУМ-11: див. → виливатися	unverified
вилупитися	СУМ-20: див. → вилуплюватися + ВТС: див. → вилуплюватися + СУМ-11: див. → вилуплюватися	unverified
вилучити	Словник синонімів української мови + Словник української мови у 20 томах (УМІФ НАН України, Ін-т мовознавства ім. О. О. Потебні): див. → вилучати + Великий тлумачний словник сучасної української мови: див. → вилучати + СУМ-11: див. → вилучати	unverified
вилізти	СУМ-20: див. → вилазити + ВТС: див. → вилазити + СУМ-11: див. → вилазити	unverified
вилікувати	СУМ-20: див. → виліковувати + ВТС: див. → виліковувати + СУМ-11: див. → виліковувати	unverified
виліпити	Словник синонімів української мови + Словник української мови у 20 томах (УМІФ НАН України, Ін-т мовознавства ім. О. О. Потебні): див. → виліплювати + Великий тлумачний словник сучасної української мови: див. → виліплювати + СУМ-11: див. → виліплювати	unverified
вилітати	СУМ-20: див. → вилетіти (reciprocal) + ВТС: див. → вилетіти (reciprocal) + СУМ-11: див. → вилетіти (reciprocal)	unverified
виманити	Словник синонімів української мови + Словник української мови у 20 томах (УМІФ НАН України, Ін-т мовознавства ім. О. О. Потебні): див. → виманювати + Великий тлумачний словник сучасної української мови: див. → виманювати + СУМ-11: див. → виманювати	unverified
вимести	Словник синонімів української мови + Словник української мови у 20 томах (УМІФ НАН України, Ін-т мовознавства ім. О. О. Потебні): див. → вимітати + Великий тлумачний словник сучасної української мови: див. → вимітати + СУМ-11: див. → вимітати	unverified
вимити	СУМ-20: див. → вимивати + ВТС: див. → вимивати + СУМ-11: див. → вимивати	unverified
вимовити	СУМ-20: див. → вимовляти + ВТС: див. → вимовляти + СУМ-11: див. → вимовляти	unverified
вимовляти	slovnyk.me: Словник синонімів української мови + СУМ-20: див. → вимовити (reciprocal) + ВТС: див. → вимовити (reciprocal) + СУМ-11: див. → вимовити (reciprocal)	unverified
вимогти	СУМ-11: див. → вимагати	unverified
виморити	Словник синонімів української мови + Словник української мови у 20 томах (УМІФ НАН України, Ін-т мовознавства ім. О. О. Потебні): див. → виморювати + Великий тлумачний словник сучасної української мови: див. → виморювати + СУМ-11: див. → виморювати	unverified
вимостити	СУМ-11: див. → вимощувати	unverified
виміняти	Словник синонімів української мови + Словник української мови у 20 томах (УМІФ НАН України, Ін-т мовознавства ім. О. О. Потебні): див. → вимінювати + Великий тлумачний словник сучасної української мови: див. → вимінювати + СУМ-11: див. → вимінювати	unverified
вимірювати	slovnyk.me: Словник синонімів Караванського + Словник синонімів української мови + СУМ-20: див. → виміряти (reciprocal) + СУМ-11: див. → виміряти (reciprocal)	unverified
виміряти	СУМ-20: див. → вимірювати + СУМ-20: див. → виміряти + СУМ-11: див. → вимірювати + СУМ-11: див. → виміряти + СУМ-20: див. → виміряти (reciprocal) + СУМ-11: див. → виміряти (reciprocal)	unverified
винагородити	СУМ-11: див. → винагороджувати	unverified
винайти	Словник синонімів української мови + Словник української мови у 20 томах (УМІФ НАН України, Ін-т мовознавства ім. О. О. Потебні): див. → винаходити + Великий тлумачний словник сучасної української мови: див. → винаходити + СУМ-11: див. → винаходити	unverified
винен	Словник синонімів української мови + Словник української мови у 20 томах (УМІФ НАН України, Ін-т мовознавства ім. О. О. Потебні): див. → винний + Великий тлумачний словник сучасної української мови: див. → винний + СУМ-11: див. → винний	unverified
винести	СУМ-20: див. → виносити + ВТС: див. → виносити + СУМ-11: див. → виносити	unverified
виникати	slovnyk.me: Словник синонімів Караванського + Словник синонімів української мови + СУМ-20: див. → виникнути (reciprocal) + ВТС: див. → виникнути (reciprocal) + СУМ-11: див. → виникнути (reciprocal)	unverified
виникнути	СУМ-20: див. → виникати + ВТС: див. → виникати + СУМ-11: див. → виникати	unverified
винищити	Словник синонімів української мови + Словник української мови у 20 томах (УМІФ НАН України, Ін-т мовознавства ім. О. О. Потебні): див. → винищувати + Великий тлумачний словник сучасної української мови: див. → винищувати + СУМ-11: див. → винищувати	unverified
виносити	slovnyk.me: Словник синонімів Караванського + Словник синонімів української мови + СУМ-20: див. → винести (reciprocal) + ВТС: див. → винести (reciprocal) + СУМ-11: див. → винести (reciprocal)	unverified
виокремити	Словник синонімів української мови + Словник української мови у 20 томах (УМІФ НАН України, Ін-т мовознавства ім. О. О. Потебні): див. → виокремлювати + Великий тлумачний словник сучасної української мови: див. → виокремлювати + СУМ-11: див. → виокремлювати	unverified
випадком	Словник синонімів української мови + Словник української мови у 20 томах (УМІФ НАН України, Ін-т мовознавства ім. О. О. Потебні): Те саме, що → випадково + Великий тлумачний словник сучасної української мови: Те саме, що → випадково + СУМ-11: Те саме, що → випадково	unverified
випалювати	СУМ-11: numbered homonym headwords	unverified
випередити	СУМ-11: див. → випереджати	unverified
випивати	slovnyk.me: Словник синонімів української мови + СУМ-20: див. → випити (reciprocal) + ВТС: див. → випити (reciprocal) + СУМ-11: див. → випити (reciprocal)	unverified
виписати	Словник синонімів української мови + Словник української мови у 20 томах (УМІФ НАН України, Ін-т мовознавства ім. О. О. Потебні): див. → виписувати + Великий тлумачний словник сучасної української мови: див. → виписувати + СУМ-11: див. → виписувати	unverified
виписувати	СУМ-11: Те саме, що → передплачувати	unverified
випити	СУМ-20: див. → випивати + ВТС: див. → випивати + СУМ-11: див. → випивати	unverified
виплакати	СУМ-11: див. → виплакувати	unverified
виплатити	Словник української мови у 20 томах (УМІФ НАН України, Ін-т мовознавства ім. О. О. Потебні): див. → виплачувати + Великий тлумачний словник сучасної української мови: див. → виплачувати + СУМ-11: див. → виплачувати	unverified
виплив	СУМ-11: Те саме, що → вилив	unverified
виплисти	СУМ-20: див. → випливати + ВТС: див. → випливати + СУМ-11: див. → випливати	unverified
виплювати	Словник української мови у 20 томах (УМІФ НАН України, Ін-т мовознавства ім. О. О. Потебні): див. → випльовувати + Великий тлумачний словник сучасної української мови: див. → випльовувати + СУМ-11: див. → випльовувати	unverified
виповзти	Словник синонімів української мови + Словник української мови у 20 томах (УМІФ НАН України, Ін-т мовознавства ім. О. О. Потебні): див. → виповзати + Великий тлумачний словник сучасної української мови: див. → виповзати + СУМ-11: див. → виповзати	unverified
виправдати	СУМ-11: див. → виправдовувати	unverified
виправдатися	СУМ-11: див. → виправдовуватися	unverified
виправдовувати	СУМ-11: Те саме, що → відшкодувати	unverified
виправити	СУМ-20: див. → виправляти + ВТС: див. → виправляти + СУМ-11: див. → виправляти	unverified
виправитися	СУМ-11: див. → виправлятися	unverified
виправлення	slovnyk.me: Словник синонімів української мови + СУМ-20: Те саме, що → поправка (reciprocal) + ВТС: Те саме, що → поправка (reciprocal) + СУМ-11: Те саме, що → поправка (reciprocal) + relation_pairs/synonym_verdicts: corpus relation pair → поправка	unverified
виправляти	СУМ-20: див. → виправити (reciprocal) + ВТС: див. → виправити (reciprocal) + СУМ-11: див. → виправити (reciprocal)	unverified
випробувати	СУМ-20: див. → випробовувати + СУМ-20: див. → випробувати + СУМ-11: див. → випробовувати + СУМ-11: див. → випробувати + СУМ-20: див. → випробувати (reciprocal) + СУМ-11: див. → випробувати (reciprocal)	unverified
випросити	СУМ-11: див. → випрошувати	unverified
випрягти	Словник української мови у 20 томах (УМІФ НАН України, Ін-т мовознавства ім. О. О. Потебні): див. → випрягати + Великий тлумачний словник сучасної української мови: див. → випрягати + СУМ-11: див. → випрягати	unverified
випускати	slovnyk.me: Словник синонімів Караванського + СУМ-20: див. → випустити (reciprocal) + ВТС: див. → випустити (reciprocal) + СУМ-11: див. → випустити (reciprocal) + relation_pairs/synonym_verdicts: corpus relation pair → публікувати	unverified
випустити	СУМ-20: див. → випускати + ВТС: див. → випускати + СУМ-11: див. → випускати	unverified
випічка	СУМ-20: Те саме, що → випікання + ВТС: Те саме, що → випікання + СУМ-11: Те саме, що → випікання	unverified
виразити	Словник синонімів української мови + Словник української мови у 20 томах (УМІФ НАН України, Ін-т мовознавства ім. О. О. Потебні): див. → виражати + Великий тлумачний словник сучасної української мови: див. → виражати + СУМ-11: див. → виражати	unverified
вирахувати	СУМ-11: див. → вираховувати	unverified
вирвати	Словник синонімів української мови + Словник української мови у 20 томах (УМІФ НАН України, Ін-т мовознавства ім. О. О. Потебні): див. → виривати + Великий тлумачний словник сучасної української мови: див. → виривати + СУМ-11: див. → виривати	unverified
вирватися	Словник синонімів української мови + Словник української мови у 20 томах (УМІФ НАН України, Ін-т мовознавства ім. О. О. Потебні): див. → вириватися + Великий тлумачний словник сучасної української мови: див. → вириватися + СУМ-11: див. → вириватися	unverified
виривання	СУМ-11: numbered homonym headwords	unverified
виривати	СУМ-11: numbered homonym headwords	unverified
вирити	СУМ-20: див. → виривати + ВТС: див. → виривати + СУМ-11: див. → виривати	unverified
виробити	СУМ-20: див. → виробляти + ВТС: див. → виробляти + СУМ-11: див. → виробляти	unverified
виробляти	slovnyk.me: Словник синонімів Караванського + СУМ-20: див. → виробити (reciprocal) + ВТС: див. → виробити (reciprocal) + СУМ-11: див. → виробити (reciprocal)	unverified
виростати	slovnyk.me: Словник синонімів Караванського + СУМ-20: див. → вирости (reciprocal) + ВТС: див. → вирости (reciprocal) + СУМ-11: див. → вирости (reciprocal)	unverified
вирости	СУМ-20: див. → виростати + ВТС: див. → виростати + СУМ-11: див. → виростати	unverified
виростити	СУМ-20: див. → вирощувати + ВТС: див. → вирощувати + СУМ-11: див. → вирощувати	unverified
вирощувати	slovnyk.me: Словник синонімів Караванського + Словник синонімів української мови + СУМ-20: див. → виростити (reciprocal) + ВТС: див. → виростити (reciprocal) + СУМ-11: див. → виростити (reciprocal) + relation_pairs/miyklas.com.ua: corpus relation pair → виховувати	unverified
вирубати	СУМ-20: див. → вирубувати + СУМ-20: див. → вирубати + СУМ-11: див. → вирубувати + СУМ-11: див. → вирубати + СУМ-20: див. → вирубати (reciprocal) + СУМ-11: див. → вирубати (reciprocal)	unverified
виручити	Словник синонімів української мови + Словник української мови у 20 томах (УМІФ НАН України, Ін-т мовознавства ім. О. О. Потебні): див. → виручати + Великий тлумачний словник сучасної української мови: див. → виручати + СУМ-11: див. → виручати	unverified
виручка	Словник синонімів української мови + Словник української мови у 20 томах (УМІФ НАН України, Ін-т мовознавства ім. О. О. Потебні): Те саме, що → виторг + Великий тлумачний словник сучасної української мови: Те саме, що → виторг + СУМ-11: Те саме, що → виторг	unverified
вирушати	slovnyk.me: Словник синонімів Караванського + Словник синонімів української мови + СУМ-20: див. → вирушити (reciprocal) + ВТС: див. → вирушити (reciprocal) + СУМ-11: див. → вирушити (reciprocal) + relation_pairs/synonym_verdicts: corpus relation pair → виїжджати + relation_pairs/synonym_verdicts: corpus relation pair → від'їжджати + relation_pairs/synonym_verdicts: corpus relation pair → відходити + relation_pairs/synonym_verdicts: corpus relation pair → подаватися	unverified
вирушити	СУМ-20: див. → вирушати + ВТС: див. → вирушати + СУМ-11: див. → вирушати	unverified
вирятувати	СУМ-11: див. → вирятовувати	unverified
вирівняти	СУМ-11: див. → вирівнювати	unverified
вирізати	Словник синонімів української мови + Словник української мови у 20 томах (УМІФ НАН України, Ін-т мовознавства ім. О. О. Потебні): див. → вирізувати + Словник української мови у 20 томах (УМІФ НАН України, Ін-т мовознавства ім. О. О. Потебні): див. → вирізати + Великий тлумачний словник сучасної української мови: Те саме, що → вирізувати + СУМ-11: див. → вирізувати	unverified
вирізнити	СУМ-11: див. → вирізняти	unverified
вирішити	slovnyk.me: Словник синонімів Караванського + Словник синонімів української мови + СУМ-20: див. → вирішувати + ВТС: див. → вирішувати + СУМ-11: див. → вирішувати + relation_pairs/synonym_verdicts: corpus relation pair → ухвалити	unverified
вирішувати	СУМ-20: див. → вирішити (reciprocal) + ВТС: див. → вирішити (reciprocal) + СУМ-11: див. → вирішити (reciprocal) + relation_pairs/synonym_verdicts: corpus relation pair → ухвалювати + relation_pairs/miyklas.com.ua: corpus relation pair → рішати	unverified
висадити	Словник синонімів української мови + Словник української мови у 20 томах (УМІФ НАН України, Ін-т мовознавства ім. О. О. Потебні): див. → висаджувати + Великий тлумачний словник сучасної української мови: див. → висаджувати + СУМ-11: див. → висаджувати	unverified
висадитися	СУМ-11: див. → висаджуватися	unverified
висвітлити	СУМ-11: див. → висвітлювати	unverified
висип	СУМ-20: Те саме, що → насип + ВТС: Те саме, що → насип + СУМ-11: Те саме, що → насип	unverified
висиплятися	СУМ-20: див. → виспатися (reciprocal) + ВТС: див. → виспатися (reciprocal) + СУМ-11: див. → виспатися (reciprocal)	unverified
вискочити	Словник української мови у 20 томах (УМІФ НАН України, Ін-т мовознавства ім. О. О. Потебні): див. → вискакувати + Великий тлумачний словник сучасної української мови: див. → вискакувати + СУМ-11: див. → вискакувати	unverified
вислизнути	slovnyk.me: Словник синонімів Караванського + СУМ-20: див. → вислизати + ВТС: див. → вислизати + СУМ-11: див. → вислизати	unverified
висловити	СУМ-20: див. → висловлювати + ВТС: див. → висловлювати + СУМ-11: див. → висловлювати	unverified
висловитися	СУМ-11: див. → висловлюватися	unverified
висловлювати	slovnyk.me: Словник синонімів Караванського + СУМ-20: див. → висловити (reciprocal) + ВТС: див. → висловити (reciprocal) + СУМ-11: див. → висловити (reciprocal) + relation_pairs/synonym_verdicts: corpus relation pair → говорити + relation_pairs/synonym_verdicts: corpus relation pair → казати + relation_pairs/synonym_verdicts: corpus relation pair → передавати	unverified
вислухати	Словник української мови у 20 томах (УМІФ НАН України, Ін-т мовознавства ім. О. О. Потебні): див. → вислухувати + Словник української мови у 20 томах (УМІФ НАН України, Ін-т мовознавства ім. О. О. Потебні): див. → вислухати + СУМ-11: див. → вислухувати + СУМ-11: див. → вислухати	unverified
вислуховувати	СУМ-11: див. → вислухувати	unverified
висмикнути	СУМ-11: див. → висмикати	unverified
висмикувати	СУМ-11: див. → висмикати	unverified
висмоктати	СУМ-11: див. → висмоктувати	unverified
висміяти	Словник синонімів української мови + Словник української мови у 20 томах (УМІФ НАН України, Ін-т мовознавства ім. О. О. Потебні): див. → висміювати + Великий тлумачний словник сучасної української мови: див. → висміювати + СУМ-11: див. → висміювати	unverified
виснажити	СУМ-20: див. → виснажувати + ВТС: див. → виснажувати + СУМ-11: див. → виснажувати	unverified
висок	Словник синонімів української мови + Словник української мови у 20 томах (УМІФ НАН України, Ін-т мовознавства ім. О. О. Потебні): Те саме, що → скроня + Великий тлумачний словник сучасної української мови: Те саме, що → скроня + СУМ-11: Те саме, що → скроня	unverified
високий	Вікісловник: explicit antonym list + СУМ-20: протилежне → низький + ВТС: прот. → низький + СУМ-11: протилежне → низький + СУМ-20: протилежне → низький (reciprocal) + ВТС: прот. → низький (reciprocal) + СУМ-11: протилежне → низький (reciprocal) + relation_pairs/miyklas.com.ua: corpus relation pair → низький + relation_pairs/miyklas.com.ua: corpus relation pair → малий	unverified
висохнути	СУМ-20: див. → висихати + ВТС: див. → висихати + СУМ-11: див. → висихати	unverified
височезний	СУМ-11: Те саме, що → височенний	unverified
виспатися	СУМ-20: див. → висиплятися + ВТС: див. → висиплятися + СУМ-11: див. → висиплятися	unverified
виставити	СУМ-20: див. → виставляти + ВТС: див. → виставляти + СУМ-11: див. → виставляти	unverified
виставляти	slovnyk.me: Словник синонімів Караванського + СУМ-20: див. → виставити (reciprocal) + ВТС: див. → виставити (reciprocal) + СУМ-11: див. → виставити (reciprocal)	unverified
вистачити	Словник синонімів української мови + Словник української мови у 20 томах (УМІФ НАН України, Ін-т мовознавства ім. О. О. Потебні): див. → вистачати + Великий тлумачний словник сучасної української мови: див. → вистачати + СУМ-11: див. → вистачати	unverified
вистежити	СУМ-11: див. → вистежувати	unverified
вистояти	Словник синонімів української мови + Словник української мови у 20 томах (УМІФ НАН України, Ін-т мовознавства ім. О. О. Потебні): див. → вистоювати + Великий тлумачний словник сучасної української мови: див. → вистоювати + СУМ-11: див. → вистоювати	unverified
вистрибнути	Словник синонімів української мови + Словник української мови у 20 томах (УМІФ НАН України, Ін-т мовознавства ім. О. О. Потебні): див. → вистрибувати + Великий тлумачний словник сучасної української мови: див. → вистрибувати + СУМ-11: див. → вистрибувати	unverified
вистрілити	Словник української мови у 20 томах (УМІФ НАН України, Ін-т мовознавства ім. О. О. Потебні): див. → вистрілювати + Великий тлумачний словник сучасної української мови: див. → вистрілювати + СУМ-11: див. → вистрілювати	unverified
виступити	Словник синонімів української мови + Словник української мови у 20 томах (УМІФ НАН України, Ін-т мовознавства ім. О. О. Потебні): див. → виступати + Великий тлумачний словник сучасної української мови: див. → виступати + СУМ-11: див. → виступати	unverified
висувати	slovnyk.me: Словник синонімів Караванського + Словник синонімів української мови + СУМ-20: див. → висунути (reciprocal) + ВТС: див. → висунути (reciprocal) + СУМ-11: див. → висунути (reciprocal)	unverified
висунути	СУМ-20: див. → висувати + ВТС: див. → висувати + СУМ-11: див. → висувати	unverified
висушити	Словник синонімів української мови + Словник української мови у 20 томах (УМІФ НАН України, Ін-т мовознавства ім. О. О. Потебні): див. → висушувати + Великий тлумачний словник сучасної української мови: див. → висушувати + СУМ-11: див. → висушувати	unverified
висхідний	СУМ-11: протилежне → низхідний	unverified
висіяти	Словник української мови у 20 томах (УМІФ НАН України, Ін-т мовознавства ім. О. О. Потебні): див. → висівати + Великий тлумачний словник сучасної української мови: див. → висівати + СУМ-11: див. → висівати	unverified
витерти	СУМ-20: див. → витирати + ВТС: див. → витирати + СУМ-11: див. → витирати	unverified
витирати	СУМ-20: див. → витерти (reciprocal) + ВТС: див. → витерти (reciprocal) + СУМ-11: див. → витерти (reciprocal)	unverified
витиснути	СУМ-11: див. → витискати	unverified
витлумачити	Словник української мови у 20 томах (УМІФ НАН України, Ін-т мовознавства ім. О. О. Потебні): див. → витлумачувати + Великий тлумачний словник сучасної української мови: див. → витлумачувати + СУМ-11: див. → витлумачувати	unverified
витрата	slovnyk.me: Словник синонімів Караванського + Словник синонімів української мови + СУМ-20: Те саме, що → витрачення + ВТС: Те саме, що → витрачення + СУМ-11: Те саме, що → витрачення	unverified
витратити	СУМ-20: див. → витрачати + ВТС: див. → витрачати + СУМ-11: див. → витрачати	unverified
витрачати	slovnyk.me: Словник синонімів української мови + СУМ-20: див. → витратити (reciprocal) + ВТС: див. → витратити (reciprocal) + СУМ-11: див. → витратити (reciprocal)	unverified
витримати	slovnyk.me: Словник синонімів української мови + СУМ-20: див. → витримувати + ВТС: див. → витримувати + СУМ-11: див. → витримувати	unverified
витримка	Словник синонімів української мови + Словник української мови у 20 томах (УМІФ НАН України, Ін-т мовознавства ім. О. О. Потебні): Те саме, що → витримування + Великий тлумачний словник сучасної української мови: Те саме, що → витримування + СУМ-11: Те саме, що → витримування	unverified
витримувати	slovnyk.me: Словник синонімів Караванського + СУМ-20: див. → витримати (reciprocal) + ВТС: див. → витримати (reciprocal) + СУМ-11: див. → витримати (reciprocal)	unverified
витрусити	СУМ-11: див. → витрушувати	unverified
витріщитися	СУМ-11: див. → витріщатися	unverified
витягнути	СУМ-11: див. → витягати	unverified
витягнутий	Словник синонімів української мови + Словник української мови у 20 томах (УМІФ НАН України, Ін-т мовознавства ім. О. О. Потебні): див. → витягнений + Великий тлумачний словник сучасної української мови: див. → витягнений + СУМ-11: див. → витягнений	unverified
витягти	Словник синонімів української мови + Словник української мови у 20 томах (УМІФ НАН України, Ін-т мовознавства ім. О. О. Потебні): див. → витягати + Великий тлумачний словник сучасної української мови: див. → витягати + СУМ-11: див. → витягати	unverified
витіснити	СУМ-11: див. → витісняти	unverified
виходити	slovnyk.me: Словник синонімів Караванського + СУМ-20: див. → вийти (reciprocal) + ВТС: див. → вийти (reciprocal) + СУМ-11: див. → вийти (reciprocal) + relation_pairs/miyklas.com.ua: corpus relation pair → з'являтися	unverified
вихопити	Словник синонімів української мови + Словник української мови у 20 томах (УМІФ НАН України, Ін-т мовознавства ім. О. О. Потебні): див. → вихоплювати + Великий тлумачний словник сучасної української мови: див. → вихоплювати + СУМ-11: див. → вихоплювати	unverified
вичавити	Словник синонімів української мови + Словник української мови у 20 томах (УМІФ НАН України, Ін-т мовознавства ім. О. О. Потебні): див. → вичавлювати + Великий тлумачний словник сучасної української мови: див. → вичавлювати + СУМ-11: див. → вичавлювати	unverified
вичерпати	СУМ-11: див. → вичерпувати	unverified
вичерпатися	СУМ-11: див. → вичерпуватися	unverified
вичитати	СУМ-20: див. → вичитувати + ВТС: див. → вичитувати + СУМ-11: див. → вичитувати	unverified
вичитувати	СУМ-20: див. → вичитати (reciprocal) + ВТС: див. → вичитати (reciprocal) + СУМ-11: див. → вичитати (reciprocal)	unverified
вишикувати	СУМ-11: див. → вишиковувати	unverified
вишити	Словник синонімів української мови + Словник української мови у 20 томах (УМІФ НАН України, Ін-т мовознавства ім. О. О. Потебні): див. → вишивати + Великий тлумачний словник сучасної української мови: див. → вишивати + СУМ-11: див. → вишивати	unverified
вишняк	Словник синонімів української мови + Словник української мови у 20 томах (УМІФ НАН України, Ін-т мовознавства ім. О. О. Потебні): Те саме, що → вишнівка + Великий тлумачний словник сучасної української мови: Те саме, що → вишник + СУМ-11: Те саме, що → вишнівка	unverified
виявити	Словник синонімів української мови + Словник української мови у 20 томах (УМІФ НАН України, Ін-т мовознавства ім. О. О. Потебні): див. → виявляти + Великий тлумачний словник сучасної української мови: див. → виявляти + СУМ-11: див. → виявляти	unverified
виявитися	СУМ-20: див. → виявлятися + ВТС: див. → виявлятися + СУМ-11: див. → виявлятися	unverified
виявлятися	slovnyk.me: Словник синонімів української мови + СУМ-20: див. → виявитися (reciprocal) + ВТС: див. → виявитися (reciprocal) + СУМ-11: див. → виявитися (reciprocal)	unverified
виїжджати	slovnyk.me: Словник синонімів Караванського + Словник синонімів української мови + СУМ-20: див. → виїхати (reciprocal) + ВТС: див. → виїхати (reciprocal) + СУМ-11: див. → виїхати (reciprocal) + relation_pairs/synonym_verdicts: corpus relation pair → вирушати + relation_pairs/synonym_verdicts: corpus relation pair → подаватися	unverified
виїмка	Словник синонімів української мови + Словник української мови у 20 томах (УМІФ НАН України, Ін-т мовознавства ім. О. О. Потебні): Те саме, що → виняток + Великий тлумачний словник сучасної української мови: Те саме, що → виняток + СУМ-11: Те саме, що → виняток	unverified
виїхати	СУМ-20: див. → виїжджати + ВТС: див. → виїжджати + СУМ-11: див. → виїжджати	unverified
вказати	Словник синонімів української мови + Словник української мови у 20 томах (УМІФ НАН України, Ін-т мовознавства ім. О. О. Потебні): див. → указувати + Великий тлумачний словник сучасної української мови: див. → указати + СУМ-11: див. → указати	unverified
вклонитися	СУМ-11: див. → уклонитися	unverified
включати	slovnyk.me: Словник синонімів Караванського + СУМ-20: див. → включити (reciprocal) + СУМ-11: див. → включити (reciprocal) + relation_pairs/miyklas.com.ua: corpus relation pair → містити	unverified
включити	СУМ-20: див. → включати + СУМ-11: див. → включати	unverified
вколо	СУМ-11: Те саме, що → навколо	unverified
вкрасти	СУМ-20: див. → украсти + ВТС: див. → украсти + СУМ-11: див. → украсти	unverified
вкінці	СУМ-11: Те саме, що → врешті	unverified
владар	Словник синонімів української мови + Словник української мови у 20 томах (УМІФ НАН України, Ін-т мовознавства ім. О. О. Потебні): Те саме, що → володар + Великий тлумачний словник сучасної української мови: Те саме, що → володар + СУМ-11: Те саме, що → володар	unverified
владнати	СУМ-11: див. → уладнати	unverified
власно	Великий тлумачний словник сучасної української мови: див. → власне + СУМ-11: див. → власне	unverified
влетіти	Словник синонімів української мови + Словник української мови у 20 томах (УМІФ НАН України, Ін-т мовознавства ім. О. О. Потебні): див. → влітати + Великий тлумачний словник сучасної української мови: див. → влітати + СУМ-11: див. → влітати	unverified
влучити	Словник синонімів української мови + Словник української мови у 20 томах (УМІФ НАН України, Ін-т мовознавства ім. О. О. Потебні): див. → влучати + Великий тлумачний словник сучасної української мови: див. → влучати + СУМ-11: див. → влучати	unverified
вліво	Словник синонімів української мови + Словник української мови у 20 томах (УМІФ НАН України, Ін-т мовознавства ім. О. О. Потебні): Те саме, що → ліворуч + Великий тлумачний словник сучасної української мови: Те саме, що → ліворуч + СУМ-11: Те саме, що → ліворуч	unverified
вліво	Словник української мови у 20 томах (УМІФ НАН України, Ін-т мовознавства ім. О. О. Потебні): протилежне → вправо + Великий тлумачний словник сучасної української мови: прот. → вправо + СУМ-11: протилежне → вправо	unverified
вмістилище	СУМ-11: Те саме, що → вмістище	unverified
вмістити	Словник синонімів української мови + Словник української мови у 20 томах (УМІФ НАН України, Ін-т мовознавства ім. О. О. Потебні): див. → вміщати + Великий тлумачний словник сучасної української мови: див. → вміщати + СУМ-11: див. → вміщати	unverified
вміти	slovnyk.me: Словник синонімів Караванського + Словник синонімів української мови + СУМ-20: див. → уміти + ВТС: див. → уміти + СУМ-11: див. → уміти + relation_pairs/synonym_verdicts: corpus relation pair → могти	unverified
вмішуватися	СУМ-11: Те саме, що → втручатися	unverified
вміщувати	СУМ-11: див. → вміщати	unverified
внести	Словник синонімів української мови + Словник української мови у 20 томах (УМІФ НАН України, Ін-т мовознавства ім. О. О. Потебні): див. → вносити + Великий тлумачний словник сучасної української мови: див. → вносити + СУМ-11: див. → вносити	unverified
внутрішній	Словник української мови у 20 томах (УМІФ НАН України, Ін-т мовознавства ім. О. О. Потебні): протилежне → зовнішній + Великий тлумачний словник сучасної української мови: прот. → зовнішній + СУМ-11: протилежне → зовнішній	unverified
вовченя	Словник української мови у 20 томах (УМІФ НАН України, Ін-т мовознавства ім. О. О. Потебні): Те саме, що → вовча + Великий тлумачний словник сучасної української мови: Те саме, що → вовча + СУМ-11: Те саме, що → вовча	unverified
вовіки	СУМ-11: див. → вовік	unverified
вогкість	Словник синонімів української мови + Словник української мови у 20 томах (УМІФ НАН України, Ін-т мовознавства ім. О. О. Потебні): Те саме, що → волога + Великий тлумачний словник сучасної української мови: Те саме, що → волога + СУМ-11: Те саме, що → волога	unverified
водний	Великий тлумачний словник сучасної української мови: Те саме, що → ватерполо + СУМ-11: Те саме, що → ватерполо	unverified
воднораз	Словник синонімів української мови + Словник української мови у 20 томах (УМІФ НАН України, Ін-т мовознавства ім. О. О. Потебні): Те саме, що → водночас + Великий тлумачний словник сучасної української мови: Те саме, що → водночас + СУМ-11: Те саме, що → водночас	unverified
водограй	Словник синонімів української мови + Словник української мови у 20 томах (УМІФ НАН України, Ін-т мовознавства ім. О. О. Потебні): Те саме, що → фонтан + Великий тлумачний словник сучасної української мови: Те саме, що → фонтан + СУМ-11: Те саме, що → фонтан	unverified
водогін	Словник синонімів української мови + Словник української мови у 20 томах (УМІФ НАН України, Ін-т мовознавства ім. О. О. Потебні): Те саме, що → водопровід + Великий тлумачний словник сучасної української мови: Те саме, що → водопровід + СУМ-11: Те саме, що → водопровід	unverified
водойма	Словник синонімів української мови + Словник української мови у 20 томах (УМІФ НАН України, Ін-т мовознавства ім. О. О. Потебні): Те саме, що → водоймище + Великий тлумачний словник сучасної української мови: Те саме, що → водоймище + СУМ-11: Те саме, що → водоймище	unverified
водянистий	СУМ-11: Те саме, що → водявий	unverified
вожак	Словник синонімів української мови + Словник української мови у 20 томах (УМІФ НАН України, Ін-т мовознавства ім. О. О. Потебні): Те саме, що → ватажок + Великий тлумачний словник сучасної української мови: Те саме, що → ватажок + СУМ-11: Те саме, що → ватажок	unverified
волога	slovnyk.me: Словник синонімів української мови + СУМ-20: Те саме, що → вологість (reciprocal) + ВТС: Те саме, що → вологість (reciprocal) + СУМ-11: Те саме, що → вологість (reciprocal)	unverified
вологість	slovnyk.me: Словник синонімів Караванського + Словник синонімів української мови + СУМ-20: Те саме, що → волога + ВТС: Те саме, що → волога + СУМ-11: Те саме, що → волога	unverified
володіти	slovnyk.me: Словник синонімів Караванського + Словник синонімів української мови + ВТС: Те саме, що → володарювати + СУМ-11: Те саме, що → володарювати + relation_pairs/synonym_verdicts: corpus relation pair → мати	unverified
волос	Словник синонімів української мови + Словник української мови у 20 томах (УМІФ НАН України, Ін-т мовознавства ім. О. О. Потебні): Те саме, що → волосина + Великий тлумачний словник сучасної української мови: Те саме, що → волосина + СУМ-11: Те саме, що → волосина	unverified
волосінь	Словник синонімів української мови + Словник української мови у 20 томах (УМІФ НАН України, Ін-т мовознавства ім. О. О. Потебні): Те саме, що → волосина + Великий тлумачний словник сучасної української мови: Те саме, що → волосина + СУМ-11: Те саме, що → волосина	unverified
воля	Словник української мови у 20 томах (УМІФ НАН України, Ін-т мовознавства ім. О. О. Потебні): протилежне → неволя + Словник української мови у 20 томах (УМІФ НАН України, Ін-т мовознавства ім. О. О. Потебні): протилежне → рабство + Великий тлумачний словник сучасної української мови: прот. → неволя + Великий тлумачний словник сучасної української мови: прот. → рабство + СУМ-11: протилежне → неволя + СУМ-11: протилежне → рабство	unverified
ворон	СУМ-11: numbered homonym headwords	unverified
воскресити	СУМ-11: див. → воскрешати	unverified
воскреснути	СУМ-20: див. → воскресати + ВТС: див. → воскресати + СУМ-11: див. → воскресати	unverified
воїнство	Словник синонімів української мови + Словник української мови у 20 томах (УМІФ НАН України, Ін-т мовознавства ім. О. О. Потебні): Те саме, що → військо + Великий тлумачний словник сучасної української мови: Те саме, що → військо + СУМ-11: Те саме, що → військо	unverified
вперед	СУМ-20: протилежне → назад + ВТС: прот. → назад + СУМ-11: протилежне → назад + СУМ-20: протилежне → назад (reciprocal) + relation_pairs/miyklas.com.ua: corpus relation pair → назад	unverified
впертий	slovnyk.me: Словник синонімів Караванського + ВТС: див. → упертий + СУМ-11: див. → упертий	unverified
вперто	Словник української мови у 20 томах (УМІФ НАН України, Ін-т мовознавства ім. О. О. Потебні): див. → уперто + Великий тлумачний словник сучасної української мови: див. → уперто + СУМ-11: див. → уперто	unverified
впертість	Словник української мови у 20 томах (УМІФ НАН України, Ін-т мовознавства ім. О. О. Потебні): див. → упертість + Великий тлумачний словник сучасної української мови: див. → упертість + СУМ-11: див. → упертість	unverified
вписатися	СУМ-11: див. → вписуватися	unverified
вплин	СУМ-11: Те саме, що → вплав	unverified
вплутати	Словник синонімів української мови + Словник української мови у 20 томах (УМІФ НАН України, Ін-т мовознавства ім. О. О. Потебні): див. → вплутувати + Великий тлумачний словник сучасної української мови: див. → вплутувати + СУМ-11: див. → вплутувати	unverified
вподовж	Словник української мови у 20 томах (УМІФ НАН України, Ін-т мовознавства ім. О. О. Потебні): протилежне → впоперек + Великий тлумачний словник сучасної української мови: прот. → впоперек + СУМ-11: протилежне → впоперек	unverified
впоперек	Словник української мови у 20 томах (УМІФ НАН України, Ін-т мовознавства ім. О. О. Потебні): протилежне → вздовж + Словник української мови у 20 томах (УМІФ НАН України, Ін-т мовознавства ім. О. О. Потебні): протилежне → вподовж + Великий тлумачний словник сучасної української мови: прот. → вздовж + Великий тлумачний словник сучасної української мови: прот. → вподовж + СУМ-11: протилежне → вздовж + СУМ-11: протилежне → вподовж	unverified
впоратися	ВТС: див. → упоратися + СУМ-11: див. → упоратися	unverified
вправо	Словник української мови у 20 томах (УМІФ НАН України, Ін-т мовознавства ім. О. О. Потебні): протилежне → вліво + Великий тлумачний словник сучасної української мови: прот. → вліво + СУМ-11: протилежне → вліво	unverified
впровадити	Словник синонімів української мови + Словник української мови у 20 томах (УМІФ НАН України, Ін-т мовознавства ім. О. О. Потебні): див. → впроваджувати + Великий тлумачний словник сучасної української мови: див. → впроваджувати + СУМ-11: див. → впроваджувати	unverified
впродовж	ВТС: Те саме, що → протягом + СУМ-11: Те саме, що → протягом + СУМ-20: див. → упродовж (reciprocal)	unverified
впрягати	Словник української мови у 20 томах (УМІФ НАН України, Ін-т мовознавства ім. О. О. Потебні): Те саме, що → запрягати + Великий тлумачний словник сучасної української мови: Те саме, що → запрягати + СУМ-11: Те саме, що → запрягати	unverified
вранці	slovnyk.me: Словник синонімів Караванського + Словник синонімів української мови + СУМ-20: Те саме, що → ранком (reciprocal) + ВТС: Те саме, що → ранком (reciprocal) + СУМ-11: Те саме, що → ранком (reciprocal) + СУМ-20: див. → уранці (reciprocal) + ВТС: див. → уранці (reciprocal) + СУМ-11: див. → уранці (reciprocal) + relation_pairs/synonym_verdicts: corpus relation pair → зранку + relation_pairs/synonym_verdicts: corpus relation pair → рано	unverified
вручити	Словник синонімів української мови + Словник української мови у 20 томах (УМІФ НАН України, Ін-т мовознавства ім. О. О. Потебні): див. → вручати + Великий тлумачний словник сучасної української мови: див. → вручати + СУМ-11: див. → вручати	unverified
всередину	Словник української мови у 20 томах (УМІФ НАН України, Ін-т мовознавства ім. О. О. Потебні): протилежне → назовні + Великий тлумачний словник сучасної української мови: прот. → назовні + СУМ-11: протилежне → назовні	unverified
всихання	Словник української мови у 20 томах (УМІФ НАН України, Ін-т мовознавства ім. О. О. Потебні): див. → усихання + Великий тлумачний словник сучасної української мови: див. → усихання + СУМ-11: див. → усихання	unverified
вскочити	Словник синонімів української мови + Словник української мови у 20 томах (УМІФ НАН України, Ін-т мовознавства ім. О. О. Потебні): див. → вскакувати + Великий тлумачний словник сучасної української мови: див. → вскакувати + СУМ-11: див. → вскакувати	unverified
вставати	slovnyk.me: Словник синонімів Караванського + СУМ-20: див. → уставати + ВТС: див. → уставати + СУМ-11: див. → уставати + relation_pairs/synonym_verdicts: corpus relation pair → підводитися + relation_pairs/miyklas.com.ua: corpus relation pair → підійматися	unverified
вставати	СУМ-20: протилежне → лягати (reciprocal) + ВТС: прот. → лягати (reciprocal) + СУМ-11: протилежне → лягати (reciprocal)	unverified
вступити	ВТС: див. → вступати + СУМ-11: див. → вступати	unverified
всупереч	slovnyk.me: Словник синонімів Караванського + СУМ-20: див. → усупереч (reciprocal) + ВТС: див. → усупереч (reciprocal) + СУМ-11: див. → усупереч (reciprocal)	unverified
вся	СУМ-11: див. → весь	unverified
всяк	СУМ-11: Те саме, що → всяко	unverified
всякчас	Словник синонімів української мови + Словник української мови у 20 томах (УМІФ НАН України, Ін-т мовознавства ім. О. О. Потебні): Те саме, що → завжди + Великий тлумачний словник сучасної української мови: Те саме, що → завжди + СУМ-11: Те саме, що → завжди	unverified
втеча	slovnyk.me: Словник синонімів Караванського + Словник синонімів української мови + СУМ-20: див. → утеча + СУМ-11: див. → утеча + relation_pairs/miyklas.com.ua: corpus relation pair → евакуація	unverified
втонути	СУМ-11: див. → втопати	unverified
втопитися	Словник синонімів української мови + Словник української мови у 20 томах (УМІФ НАН України, Ін-т мовознавства ім. О. О. Потебні): Те саме, що → втупитися + Великий тлумачний словник сучасної української мови: Те саме, що → втупитися + СУМ-11: Те саме, що → втупитися	unverified
втрутитися	СУМ-20: див. → втручатися + ВТС: див. → втручатися + СУМ-11: див. → втручатися	unverified
втручатися	slovnyk.me: Словник синонімів Караванського + Словник синонімів української мови + СУМ-20: див. → втрутитися (reciprocal) + ВТС: див. → втрутитися (reciprocal) + СУМ-11: див. → втрутитися (reciprocal) + relation_pairs/miyklas.com.ua: corpus relation pair → сікатися	unverified
втягнути	Словник синонімів української мови + Словник української мови у 20 томах (УМІФ НАН України, Ін-т мовознавства ім. О. О. Потебні): див. → втягувати + Великий тлумачний словник сучасної української мови: див. → втягувати + СУМ-11: див. → втягувати	unverified
втягти	Словник синонімів української мови + Словник української мови у 20 томах (УМІФ НАН України, Ін-т мовознавства ім. О. О. Потебні): див. → втягувати + Великий тлумачний словник сучасної української мови: див. → втягувати + СУМ-11: див. → втягувати	unverified
втягувати	СУМ-11: Те саме, що → всиляти	unverified
втілити	Словник синонімів української мови + Словник української мови у 20 томах (УМІФ НАН України, Ін-т мовознавства ім. О. О. Потебні): див. → втілювати + Великий тлумачний словник сучасної української мови: див. → втілювати + СУМ-11: див. → втілювати	unverified
вугіль	Словник української мови у 20 томах (УМІФ НАН України, Ін-т мовознавства ім. О. О. Потебні): Те саме, що → вуглина + Великий тлумачний словник сучасної української мови: Те саме, що → вуглина + СУМ-11: Те саме, що → вуглина	unverified
вузький	Словник української мови у 20 томах (УМІФ НАН України, Ін-т мовознавства ім. О. О. Потебні): протилежне → широкий + Великий тлумачний словник сучасної української мови: прот. → широкий + СУМ-11: протилежне → широкий	unverified
вуста	Словник української мови у 20 томах (УМІФ НАН України, Ін-т мовознавства ім. О. О. Потебні): див. → уста + Великий тлумачний словник сучасної української мови: див. → уста + СУМ-11: див. → уста	unverified
вхопити	Словник синонімів української мови + Словник української мови у 20 томах (УМІФ НАН України, Ін-т мовознавства ім. О. О. Потебні): див. → ухоплювати + Великий тлумачний словник сучасної української мови: див. → ухопити + СУМ-11: див. → ухопити	unverified
вхід	slovnyk.me: Словник синонімів Караванського + Словник синонімів української мови + СУМ-20: Те саме, що → входження + ВТС: Те саме, що → входження + СУМ-11: Те саме, що → входження	unverified
вціліти	Словник синонімів української мови + Словник української мови у 20 томах (УМІФ НАН України, Ін-т мовознавства ім. О. О. Потебні): див. → уціліти + Великий тлумачний словник сучасної української мови: див. → уціліти + СУМ-11: див. → уціліти	unverified
вчора	slovnyk.me: Словник синонімів української мови + СУМ-20: див. → учора (reciprocal) + ВТС: див. → учора (reciprocal) + СУМ-11: див. → учора (reciprocal)	unverified
вшир	Словник української мови у 20 томах (УМІФ НАН України, Ін-т мовознавства ім. О. О. Потебні): протилежне → вздовж + Словник української мови у 20 томах (УМІФ НАН України, Ін-т мовознавства ім. О. О. Потебні): протилежне → вподовж + Великий тлумачний словник сучасної української мови: прот. → вздовж + Великий тлумачний словник сучасної української мови: прот. → вподовж + СУМ-11: протилежне → вздовж + СУМ-11: протилежне → вподовж	unverified
ві	Словник української мови у 20 томах (УМІФ НАН України, Ін-т мовознавства ім. О. О. Потебні): див. → в + Великий тлумачний словник сучасної української мови: див. → в + СУМ-11: див. → в	unverified
відбити	Словник синонімів української мови + Словник української мови у 20 томах (УМІФ НАН України, Ін-т мовознавства ім. О. О. Потебні): див. → відбивати + Великий тлумачний словник сучасної української мови: див. → відбивати + СУМ-11: див. → відбивати	unverified
відбитися	СУМ-11: див. → відбиватися	unverified
відбудувати	СУМ-11: див. → відбудовувати	unverified
відбути	Словник синонімів української мови + Словник української мови у 20 томах (УМІФ НАН України, Ін-т мовознавства ім. О. О. Потебні): див. → відбувати + Великий тлумачний словник сучасної української мови: див. → відбувати + СУМ-11: див. → відбувати	unverified
відбутися	Словник синонімів української мови + Словник української мови у 20 томах (УМІФ НАН України, Ін-т мовознавства ім. О. О. Потебні): див. → відбуватися + Великий тлумачний словник сучасної української мови: див. → відбуватися + СУМ-11: див. → відбуватися	unverified
відбігти	СУМ-20: див. → відбігати + ВТС: див. → відбігати + СУМ-11: див. → відбігати	unverified
відвезти	СУМ-20: див. → відвозити + ВТС: див. → відвозити + СУМ-11: див. → відвозити	unverified
відвернути	СУМ-11: див. → відвертати	unverified
відвертати	СУМ-11: Те саме, що → відкручувати	unverified
відвести	СУМ-20: див. → відводити + ВТС: див. → відводити + СУМ-11: див. → відводити	unverified
відвикнути	Словник синонімів української мови + Словник української мови у 20 томах (УМІФ НАН України, Ін-т мовознавства ім. О. О. Потебні): див. → відвикати + Великий тлумачний словник сучасної української мови: див. → відвикати + СУМ-11: див. → відвикати	unverified
відволікати	СУМ-20: див. → відволікти (reciprocal) + ВТС: див. → відволікти (reciprocal) + СУМ-11: див. → відволікти (reciprocal)	unverified
відволікти	СУМ-20: див. → відволікати + ВТС: див. → відволікати + СУМ-11: див. → відволікати	unverified
відвоювати	Словник синонімів української мови + Словник української мови у 20 томах (УМІФ НАН України, Ін-т мовознавства ім. О. О. Потебні): див. → відвойовувати + Великий тлумачний словник сучасної української мови: див. → відвойовувати + СУМ-11: див. → відвойовувати	unverified
відвідати	СУМ-20: див. → відвідувати + ВТС: див. → відвідувати + СУМ-11: див. → відвідувати	unverified
відвідувати	slovnyk.me: Словник синонімів Караванського + Словник синонімів української мови + СУМ-20: див. → відвідати (reciprocal) + ВТС: див. → відвідати (reciprocal) + СУМ-11: див. → відвідати (reciprocal)	unverified
відвіз	СУМ-11: Те саме, що → відвезення	unverified
відгадати	Словник української мови у 20 томах (УМІФ НАН України, Ін-т мовознавства ім. О. О. Потебні): див. → відгадувати + Великий тлумачний словник сучасної української мови: див. → відгадувати + СУМ-11: див. → відгадувати	unverified
відгородити	СУМ-11: див. → відгороджувати	unverified
відгородитися	СУМ-11: див. → відгороджуватися	unverified
відгукнутися	Словник синонімів української мови + Словник української мови у 20 томах (УМІФ НАН України, Ін-т мовознавства ім. О. О. Потебні): див. → відгукуватися + Великий тлумачний словник сучасної української мови: див. → відгукуватися + СУМ-11: див. → відгукуватися	unverified
віддавати	slovnyk.me: Словник синонімів Караванського + СУМ-20: див. → віддати (reciprocal) + ВТС: див. → віддати (reciprocal) + СУМ-11: див. → віддати (reciprocal)	unverified
віддалити	СУМ-11: див. → віддаляти	unverified
віддалитися	Словник синонімів української мови + Словник української мови у 20 томах (УМІФ НАН України, Ін-т мовознавства ім. О. О. Потебні): див. → віддалятися + Великий тлумачний словник сучасної української мови: див. → віддалятися + СУМ-11: див. → віддалятися	unverified
віддалі	Словник синонімів української мови + Словник української мови у 20 томах (УМІФ НАН України, Ін-т мовознавства ім. О. О. Потебні): Те саме, що → віддалік + СУМ-11: Те саме, що → віддалік	unverified
віддання	Словник української мови у 20 томах (УМІФ НАН України, Ін-т мовознавства ім. О. О. Потебні): Те саме, що → відданість + Великий тлумачний словник сучасної української мови: Те саме, що → відданість + СУМ-11: Те саме, що → відданість	unverified
віддати	СУМ-20: див. → віддавати + ВТС: див. → віддавати + СУМ-11: див. → віддавати	unverified
віддзеркалити	СУМ-11: див. → віддзеркалювати	unverified
віддих	Словник синонімів української мови + Словник української мови у 20 томах (УМІФ НАН України, Ін-т мовознавства ім. О. О. Потебні): Те саме, що → подих + Великий тлумачний словник сучасної української мови: Те саме, що → подих + СУМ-11: Те саме, що → подих	unverified
віддячити	СУМ-11: див. → віддячувати	unverified
відділити	СУМ-11: див. → відділяти	unverified
відзначити	Словник синонімів української мови + Словник української мови у 20 томах (УМІФ НАН України, Ін-т мовознавства ім. О. О. Потебні): див. → відзначати + Великий тлумачний словник сучасної української мови: див. → відзначати + СУМ-11: див. → відзначати	unverified
відзначитися	Словник синонімів української мови + Словник української мови у 20 томах (УМІФ НАН України, Ін-т мовознавства ім. О. О. Потебні): див. → відзначатися + Великий тлумачний словник сучасної української мови: див. → відзначатися + СУМ-11: див. → відзначатися	unverified
відказ	Словник української мови у 20 томах (УМІФ НАН України, Ін-т мовознавства ім. О. О. Потебні): Те саме, що → відповідь + Великий тлумачний словник сучасної української мови: Те саме, що → бекар + СУМ-11: Те саме, що → бекар	unverified
відказати	Словник української мови у 20 томах (УМІФ НАН України, Ін-т мовознавства ім. О. О. Потебні): див. → відказувати + Великий тлумачний словник сучасної української мови: див. → відказувати + СУМ-11: див. → відказувати	unverified
відкинути	Словник синонімів української мови + Словник української мови у 20 томах (УМІФ НАН України, Ін-т мовознавства ім. О. О. Потебні): див. → відкидати + Великий тлумачний словник сучасної української мови: див. → відкидати + СУМ-11: див. → відкидати	unverified
відкинутий	СУМ-11: див. → відкинений	unverified
відкладати	slovnyk.me: Словник синонімів Караванського + СУМ-20: див. → відкласти (reciprocal) + ВТС: див. → відкласти (reciprocal) + СУМ-11: див. → відкласти (reciprocal) + relation_pairs/synonym_verdicts: corpus relation pair → заощаджувати	unverified
відкладення	СУМ-11: Те саме, що → відклад	unverified
відкласти	СУМ-20: див. → відкладати + ВТС: див. → відкладати + СУМ-11: див. → відкладати	unverified
відклеїти	СУМ-11: див. → відклеювати	unverified
відключити	СУМ-20: див. → відключати + ВТС: див. → відключати + СУМ-11: див. → відключати	unverified
відкривати	slovnyk.me: Словник синонімів Караванського + Словник синонімів української мови + СУМ-20: див. → відкрити (reciprocal) + ВТС: див. → відкрити (reciprocal) + СУМ-11: див. → відкрити (reciprocal) + relation_pairs/synonym_verdicts: corpus relation pair → відчиняти	unverified
відкрити	СУМ-20: див. → відкривати + ВТС: див. → відкривати + СУМ-11: див. → відкривати	unverified
відкритися	Словник синонімів української мови + Словник української мови у 20 томах (УМІФ НАН України, Ін-т мовознавства ім. О. О. Потебні): див. → відкриватися + Великий тлумачний словник сучасної української мови: див. → відкриватися + СУМ-11: див. → відкриватися	unverified
відкупитися	СУМ-11: див. → відкуповуватися	unverified
відкіль	Словник української мови у 20 томах (УМІФ НАН України, Ін-т мовознавства ім. О. О. Потебні): див. → відкіля + Великий тлумачний словник сучасної української мови: див. → відкіля + СУМ-11: див. → відкіля	unverified
відлетіти	СУМ-20: див. → відлітати + ВТС: див. → відлітати + СУМ-11: див. → відлітати	unverified
відлітати	СУМ-11: numbered homonym headwords	unverified
відмежувати	Словник синонімів української мови + Словник української мови у 20 томах (УМІФ НАН України, Ін-т мовознавства ім. О. О. Потебні): див. → відмежовувати + Великий тлумачний словник сучасної української мови: див. → відмежовувати + СУМ-11: див. → відмежовувати	unverified
відмежуватися	Словник синонімів української мови + Словник української мови у 20 томах (УМІФ НАН України, Ін-т мовознавства ім. О. О. Потебні): див. → відмежовуватися + Великий тлумачний словник сучасної української мови: див. → відмежовуватися + СУМ-11: див. → відмежовуватися	unverified
відмовити	Словник синонімів української мови + Словник української мови у 20 томах (УМІФ НАН України, Ін-т мовознавства ім. О. О. Потебні): див. → відмовляти + Великий тлумачний словник сучасної української мови: див. → відмовляти + СУМ-11: див. → відмовляти	unverified
відмовитися	СУМ-20: див. → відмовлятися + ВТС: див. → відмовлятися + СУМ-11: див. → відмовлятися	unverified
відмовлятися	slovnyk.me: Словник синонімів Караванського + СУМ-20: див. → відмовитися (reciprocal) + ВТС: див. → відмовитися (reciprocal) + СУМ-11: див. → відмовитися (reciprocal)	unverified
відмінити	СУМ-20: див. → відміняти + ВТС: див. → відміняти + СУМ-11: див. → відміняти	unverified
відміняти	СУМ-20: див. → відмінити (reciprocal) + ВТС: див. → відмінити (reciprocal) + СУМ-11: див. → відмінити (reciprocal)	unverified
відміряти	СУМ-11: див. → відмірювати + СУМ-11: див. → відміряти	unverified
відмітити	СУМ-20: див. → відмічати + ВТС: див. → відмічати + СУМ-11: див. → відмічати	unverified
віднайти	Словник синонімів української мови + Словник української мови у 20 томах (УМІФ НАН України, Ін-т мовознавства ім. О. О. Потебні): див. → віднаходити + Великий тлумачний словник сучасної української мови: див. → віднаходити + СУМ-11: див. → віднаходити	unverified
віднести	СУМ-20: див. → відносити + ВТС: див. → відносити + СУМ-11: див. → відносити	unverified
відник	Словник української мови у 20 томах (УМІФ НАН України, Ін-т мовознавства ім. О. О. Потебні): Те саме, що → водянка + Великий тлумачний словник сучасної української мови: Те саме, що → водянка + СУМ-11: Те саме, що → водянка	unverified
відновити	СУМ-20: див. → відновлювати + ВТС: див. → відновлювати + СУМ-11: див. → відновлювати	unverified
відновитися	СУМ-11: див. → відновлюватися	unverified
відновлювати	slovnyk.me: Словник синонімів Караванського + Словник синонімів української мови + СУМ-20: див. → відновити (reciprocal) + ВТС: див. → відновити (reciprocal) + СУМ-11: див. → відновити (reciprocal)	unverified
відноситися	Словник української мови у 20 томах (УМІФ НАН України, Ін-т мовознавства ім. О. О. Потебні): Те саме, що → стосуватися + Великий тлумачний словник сучасної української мови: Те саме, що → стосуватися + СУМ-11: Те саме, що → стосуватися	unverified
відносний	Великий тлумачний словник сучасної української мови: прот. → безумовний + Великий тлумачний словник сучасної української мови: прот. → абсолютний + СУМ-11: протилежне → безумовний + СУМ-11: протилежне → абсолютний	unverified
відняти	Словник синонімів української мови + Словник української мови у 20 томах (УМІФ НАН України, Ін-т мовознавства ім. О. О. Потебні): див. → віднімати + Великий тлумачний словник сучасної української мови: див. → віднімати + СУМ-11: див. → віднімати	unverified
відображати	Словник синонімів української мови + Великий тлумачний словник сучасної української мови: Те саме, що → віддзеркалювати + СУМ-11: Те саме, що → віддзеркалювати	unverified
відображатися	Словник української мови у 20 томах (УМІФ НАН України, Ін-т мовознавства ім. О. О. Потебні): Те саме, що → віддзеркалюватися + Великий тлумачний словник сучасної української мови: Те саме, що → віддзеркалюватися + СУМ-11: Те саме, що → віддзеркалюватися	unverified
відобразити	СУМ-11: див. → відображати	unverified
відобразитися	Словник української мови у 20 томах (УМІФ НАН України, Ін-т мовознавства ім. О. О. Потебні): див. → відображатися + Великий тлумачний словник сучасної української мови: див. → відображатися + СУМ-11: див. → відображатися	unverified
відокремити	СУМ-11: див. → відокремлювати	unverified
відокремитися	СУМ-11: див. → відокремлюватися	unverified
відписати	СУМ-11: див. → відписувати	unverified
відписатися	СУМ-11: див. → відписуватися	unverified
відплатити	СУМ-11: див. → відплачувати	unverified
відплив	Словник української мови у 20 томах (УМІФ НАН України, Ін-т мовознавства ім. О. О. Потебні): протилежне → приплив + Великий тлумачний словник сучасної української мови: прот. → приплив + СУМ-11: протилежне → приплив	unverified
відповзти	СУМ-11: див. → відповзати	unverified
відповідати	slovnyk.me: Словник синонімів Караванського + СУМ-20: див. → відповісти (reciprocal) + СУМ-11: див. → відповісти (reciprocal) + relation_pairs/synonym_verdicts: corpus relation pair → узгоджуватися + relation_pairs/miyklas.com.ua: corpus relation pair → відмовляти + relation_pairs/miyklas.com.ua: corpus relation pair → відказувати + relation_pairs/miyklas.com.ua: corpus relation pair → відрізувати + relation_pairs/miyklas.com.ua: corpus relation pair → повідати	unverified
відповісти	СУМ-20: див. → відповідати + СУМ-11: див. → відповідати	unverified
відпочивати	slovnyk.me: Словник синонімів Караванського + Словник синонімів української мови + СУМ-20: див. → відпочити (reciprocal) + ВТС: див. → відпочити (reciprocal) + СУМ-11: див. → відпочити (reciprocal)	unverified
відпочин	СУМ-11: Те саме, що → відпочинок	unverified
відпочити	СУМ-20: див. → відпочивати + ВТС: див. → відпочивати + СУМ-11: див. → відпочивати	unverified
відправити	СУМ-20: див. → відправляти + ВТС: див. → відправляти + СУМ-11: див. → відправляти	unverified
відправитися	СУМ-20: див. → відправлятися + ВТС: див. → відправлятися + СУМ-11: див. → відправлятися	unverified
відправляти	slovnyk.me: Словник синонімів Караванського + СУМ-20: див. → відправити (reciprocal) + ВТС: див. → відправити (reciprocal) + СУМ-11: див. → відправити (reciprocal)	unverified
відправлятися	slovnyk.me: Словник синонімів української мови + СУМ-20: див. → відправитися (reciprocal) + ВТС: див. → відправитися (reciprocal) + СУМ-11: див. → відправитися (reciprocal) + relation_pairs/miyklas.com.ua: corpus relation pair → від'їздити	unverified
відпрацьований	СУМ-11: Те саме, що → спрацьований	unverified
відпрацювати	СУМ-11: див. → відпрацьовувати	unverified
відпуск	Словник синонімів української мови + Словник української мови у 20 томах (УМІФ НАН України, Ін-т мовознавства ім. О. О. Потебні): Те саме, що → відпустка + Великий тлумачний словник сучасної української мови: Те саме, що → відпустка + СУМ-11: Те саме, що → відпустка	unverified
відпустити	СУМ-20: див. → відпускати + ВТС: див. → відпускати + СУМ-11: див. → відпускати	unverified
відрадити	СУМ-11: див. → відраджувати	unverified
відрахувати	Словник синонімів української мови + Словник української мови у 20 томах (УМІФ НАН України, Ін-т мовознавства ім. О. О. Потебні): див. → відраховувати + Великий тлумачний словник сучасної української мови: див. → відраховувати + СУМ-11: див. → відраховувати	unverified
відрекомендувати	Словник синонімів української мови + Словник української мови у 20 томах (УМІФ НАН України, Ін-т мовознавства ім. О. О. Потебні): див. → відрекомендовувати + Великий тлумачний словник сучасної української мови: див. → відрекомендовувати + СУМ-11: див. → відрекомендовувати	unverified
відрекомендуватися	slovnyk.me: Словник синонімів української мови + СУМ-20: див. → відрекомендовуватися + ВТС: див. → відрекомендовуватися + СУМ-11: див. → відрекомендовуватися	unverified
відривати	СУМ-11: numbered homonym headwords	unverified
відриватися	СУМ-11: numbered homonym headwords	unverified
відробити	СУМ-11: див. → відробляти	unverified
відродити	Словник синонімів української мови + Словник української мови у 20 томах (УМІФ НАН України, Ін-т мовознавства ім. О. О. Потебні): див. → відроджувати + Великий тлумачний словник сучасної української мови: див. → відроджувати + СУМ-11: див. → відроджувати	unverified
відродитися	СУМ-11: див. → відроджуватися	unverified
відрубати	Словник синонімів української мови + Словник української мови у 20 томах (УМІФ НАН України, Ін-т мовознавства ім. О. О. Потебні): див. → відрубувати + Великий тлумачний словник сучасної української мови: див. → відрубувати + СУМ-11: див. → відрубувати	unverified
відрядити	СУМ-11: див. → відряджати	unverified
відрізати	СУМ-20: див. → відрізувати + ВТС: див. → відрізувати + СУМ-11: див. → відрізувати	unverified
відрізнити	Словник синонімів української мови + Словник української мови у 20 томах (УМІФ НАН України, Ін-т мовознавства ім. О. О. Потебні): див. → відрізняти + Великий тлумачний словник сучасної української мови: див. → відрізняти + СУМ-11: див. → відрізняти	unverified
відсортувати	СУМ-11: див. → відсортовувати	unverified
відсталий	СУМ-11: протилежне → передовий	unverified
відстати	Словник синонімів української мови + Словник української мови у 20 томах (УМІФ НАН України, Ін-т мовознавства ім. О. О. Потебні): див. → відставати + Великий тлумачний словник сучасної української мови: див. → відставати + СУМ-11: див. → відставати	unverified
відсторонити	СУМ-11: див. → відстороняти	unverified
відстоювати	СУМ-20: Те саме, що → захищати + СУМ-11: Те саме, що → захищати + ВТС: див. → відстояти (reciprocal) + СУМ-11: див. → відстояти (reciprocal)	unverified
відстояти	ВТС: див. → відстоювати + СУМ-11: див. → відстоювати	unverified
відстрочка	Словник української мови у 20 томах (УМІФ НАН України, Ін-т мовознавства ім. О. О. Потебні): Те саме, що → відстрочення + Великий тлумачний словник сучасної української мови: Те саме, що → відстрочення + СУМ-11: Те саме, що → відстрочення	unverified
відстрілювати	СУМ-11: numbered homonym headwords	unverified
відступити	СУМ-11: див. → відступати	unverified
відсунути	СУМ-11: див. → відсувати	unverified
відсутній	Словник української мови у 20 томах (УМІФ НАН України, Ін-т мовознавства ім. О. О. Потебні): протилежне → присутній + Великий тлумачний словник сучасної української мови: прот. → присутній + СУМ-11: протилежне → присутній	unverified
відсутність	СУМ-20: протилежне → присутність + ВТС: прот. → присутність + СУМ-11: протилежне → присутність	unverified
відтворити	СУМ-20: див. → відтворювати + ВТС: див. → відтворювати + СУМ-11: див. → відтворювати	unverified
відточити	СУМ-11: див. → відточувати	unverified
відтягнути	СУМ-11: див. → відтягати	unverified
відтягувати	СУМ-11: див. → відтягати	unverified
відтіль	Словник синонімів української мови + Словник української мови у 20 томах (УМІФ НАН України, Ін-т мовознавства ім. О. О. Потебні): див. → відтіля + Великий тлумачний словник сучасної української мови: див. → відтіля + СУМ-11: див. → відтіля	unverified
відфільтрувати	СУМ-11: див. → відфільтровувати	unverified
відхекатися	СУМ-11: див. → відхекуватися	unverified
відхилити	СУМ-20: див. → відхиляти + ВТС: див. → відхиляти + СУМ-11: див. → відхиляти	unverified
відхилитися	СУМ-11: див. → відхилятися	unverified
відходи	Великий тлумачний словник сучасної української мови: див. → відхід + СУМ-11: див. → відхід	unverified
відходити	slovnyk.me: Словник синонімів Караванського + Словник синонімів української мови + СУМ-20: див. → відійти (reciprocal) + ВТС: див. → відійти (reciprocal) + СУМ-11: див. → відійти (reciprocal) + relation_pairs/synonym_verdicts: corpus relation pair → вирушати + relation_pairs/synonym_verdicts: corpus relation pair → подаватися + relation_pairs/miyklas.com.ua: corpus relation pair → від'їздити	unverified
відчайдух	СУМ-11: протилежне → боягуз	unverified
відчепити	СУМ-11: див. → відчіплювати	unverified
відчинити	СУМ-20: див. → відчиняти + ВТС: див. → відчиняти + СУМ-11: див. → відчиняти	unverified
відчиняти	slovnyk.me: Словник синонімів Караванського + СУМ-20: див. → відчинити (reciprocal) + ВТС: див. → відчинити (reciprocal) + СУМ-11: див. → відчинити (reciprocal) + relation_pairs/synonym_verdicts: corpus relation pair → відкривати	unverified
відчувати	slovnyk.me: Словник синонімів української мови + СУМ-20: див. → відчути (reciprocal) + ВТС: див. → відчути (reciprocal) + СУМ-11: див. → відчути (reciprocal)	unverified
відчути	СУМ-20: див. → відчувати + ВТС: див. → відчувати + СУМ-11: див. → відчувати	unverified
відшкодувати	slovnyk.me: Словник синонімів української мови + СУМ-20: див. → відшкодовувати + ВТС: див. → відшкодовувати + СУМ-11: див. → відшкодовувати + relation_pairs/synonym_verdicts: corpus relation pair → компенсувати	unverified
відшукати	СУМ-11: див. → відшукувати	unverified
відібрати	Словник української мови у 20 томах (УМІФ НАН України, Ін-т мовознавства ім. О. О. Потебні): див. → відбирати + Великий тлумачний словник сучасної української мови: див. → відбирати + СУМ-11: див. → відбирати	unverified
відігнати	Словник синонімів української мови + Словник української мови у 20 томах (УМІФ НАН України, Ін-т мовознавства ім. О. О. Потебні): див. → відганяти + Великий тлумачний словник сучасної української мови: див. → відганяти + СУМ-11: див. → відганяти	unverified
відігнути	Словник української мови у 20 томах (УМІФ НАН України, Ін-т мовознавства ім. О. О. Потебні): див. → відгинати + Великий тлумачний словник сучасної української мови: див. → відгинати + СУМ-11: див. → відгинати	unverified
відіграти	СУМ-20: див. → відігравати + ВТС: див. → відігравати + СУМ-11: див. → відігравати	unverified
відійти	СУМ-20: див. → відходити + ВТС: див. → відходити + СУМ-11: див. → відходити	unverified
відімкнути	Словник синонімів української мови + Словник української мови у 20 томах (УМІФ НАН України, Ін-т мовознавства ім. О. О. Потебні): див. → відмикати + Великий тлумачний словник сучасної української мови: див. → відмикати + СУМ-11: див. → відмикати	unverified
відірвати	Словник синонімів української мови + Словник української мови у 20 томах (УМІФ НАН України, Ін-т мовознавства ім. О. О. Потебні): див. → відривати + Великий тлумачний словник сучасної української мови: див. → відривати + СУМ-11: див. → відривати	unverified
відірватися	СУМ-11: див. → відриватися	unverified
відіслати	СУМ-11: див. → відсилати	unverified
віз	СУМ-11: numbered homonym headwords	unverified
візія	Словник синонімів української мови + Словник української мови у 20 томах (УМІФ НАН України, Ін-т мовознавства ім. О. О. Потебні): Те саме, що → привид + СУМ-11: Те саме, що → привид	unverified
вій	СУМ-11: numbered homonym headwords	unverified
військовий	Словник синонімів української мови + Словник української мови у 20 томах (УМІФ НАН України, Ін-т мовознавства ім. О. О. Потебні): Те саме, що → військовослужбовець + Великий тлумачний словник сучасної української мови: Те саме, що → військовослужбовець + СУМ-11: Те саме, що → військовослужбовець	unverified
вільготно	СУМ-11: numbered homonym headwords	unverified
вільшаний	СУМ-11: Те саме, що → вільховий	unverified
вінчик	ВТС: Те саме, що → вінця + СУМ-11: Те саме, що → вінця	unverified
віншування	Словник синонімів української мови + Великий тлумачний словник сучасної української мови: Те саме, що → поздоровлення + СУМ-11: Те саме, що → поздоровлення	unverified
віншувати	СУМ-11: Те саме, що → поздоровляти	unverified
віра	Словник синонімів української мови + Словник української мови у 20 томах (УМІФ НАН України, Ін-т мовознавства ім. О. О. Потебні): Те саме, що → довір'я + Великий тлумачний словник сучасної української мови: Те саме, що → довір'я + СУМ-11: Те саме, що → довір'я	unverified
віра	Словник української мови у 20 томах (УМІФ НАН України, Ін-т мовознавства ім. О. О. Потебні): протилежне → майна + Великий тлумачний словник сучасної української мови: прот. → майна + СУМ-11: протилежне → майна	unverified
вірний	Словник синонімів української мови + Словник української мови у 20 томах (УМІФ НАН України, Ін-т мовознавства ім. О. О. Потебні): Те саме, що → неминучий + Великий тлумачний словник сучасної української мови: Те саме, що → неминучий + СУМ-11: Те саме, що → неминучий	unverified
віршувати	СУМ-11: Те саме, що → декламувати	unverified
вітряк	Словник синонімів української мови + Словник української мови у 20 томах (УМІФ НАН України, Ін-т мовознавства ім. О. О. Потебні): Те саме, що → вітродвигун + Великий тлумачний словник сучасної української мови: Те саме, що → вітродвигун + СУМ-11: Те саме, що → вітродвигун	unverified
віхола	Словник синонімів української мови + Великий тлумачний словник сучасної української мови: Те саме, що → завірюха + СУМ-11: Те саме, що → завірюха	unverified
вічний	Словник синонімів української мови + Великий тлумачний словник сучасної української мови: Те саме, що → авторучка + СУМ-11: Те саме, що → авторучка	unverified
вічі	Словник української мови у 20 томах (УМІФ НАН України, Ін-т мовознавства ім. О. О. Потебні): див. → око + Великий тлумачний словник сучасної української мови: див. → око + СУМ-11: див. → око	unverified
га	СУМ-11: numbered homonym headwords	unverified
га-га-га	СУМ-11: див. → га-га	unverified
газ	СУМ-11: numbered homonym headwords	unverified
газель	СУМ-11: numbered homonym headwords	unverified
газовий	СУМ-11: numbered homonym headwords	unverified
гай-гай	СУМ-11: див. → гай	unverified
гак	Словник синонімів української мови + Словник української мови у 20 томах (УМІФ НАН України, Ін-т мовознавства ім. О. О. Потебні): Те саме, що → багор + Великий тлумачний словник сучасної української мови: Те саме, що → багор + СУМ-11: Те саме, що → багор	unverified
галас	Словник синонімів української мови + Великий тлумачний словник сучасної української мови: Те саме, що → розголос + СУМ-11: Те саме, що → розголос	unverified
галузь	slovnyk.me: Словник синонімів Караванського + Словник синонімів української мови + СУМ-20: Те саме, що → гілка + ВТС: Те саме, що → гілка + СУМ-11: Те саме, що → гілка + relation_pairs/miyklas.com.ua: corpus relation pair → ділянка + relation_pairs/miyklas.com.ua: corpus relation pair → нива + relation_pairs/miyklas.com.ua: corpus relation pair → поле + relation_pairs/miyklas.com.ua: corpus relation pair → сфера + relation_pairs/miyklas.com.ua: corpus relation pair → царина + relation_pairs/miyklas.com.ua: corpus relation pair → цілина	unverified
галябарда	СУМ-11: Те саме, що → алебарда	unverified
галявина	Словник синонімів української мови + Великий тлумачний словник сучасної української мови: Те саме, що → галява + СУМ-11: Те саме, що → галява	unverified
ганити	Словник синонімів української мови + Великий тлумачний словник сучасної української мови: Те саме, що → гудити + СУМ-11: Те саме, що → гудити	unverified
гармаш	Словник синонімів української мови + Словник української мови у 20 томах (УМІФ НАН України, Ін-т мовознавства ім. О. О. Потебні): Те саме, що → гарматник + Великий тлумачний словник сучасної української мови: Те саме, що → гарматник + СУМ-11: Те саме, що → гарматник	unverified
гармошка	Словник української мови у 20 томах (УМІФ НАН України, Ін-т мовознавства ім. О. О. Потебні): Те саме, що → гармонька + Великий тлумачний словник сучасної української мови: Те саме, що → гармонька + СУМ-11: Те саме, що → гармонька	unverified
гарнець	Словник синонімів української мови + Словник української мови у 20 томах (УМІФ НАН України, Ін-т мовознавства ім. О. О. Потебні): Те саме, що → гарець + Великий тлумачний словник сучасної української мови: Те саме, що → гарець + СУМ-11: Те саме, що → гарець	unverified
гарт	Словник української мови у 20 томах (УМІФ НАН України, Ін-т мовознавства ім. О. О. Потебні): Те саме, що → гартування + Великий тлумачний словник сучасної української мови: Те саме, що → гартування + СУМ-11: Те саме, що → гартування	unverified
гасити	Словник синонімів української мови + Словник української мови у 20 томах (УМІФ НАН України, Ін-т мовознавства ім. О. О. Потебні): Те саме, що → вимикати + Великий тлумачний словник сучасної української мови: Те саме, що → вимикати + СУМ-11: Те саме, що → вимикати	unverified
гатка	Словник синонімів української мови + Словник української мови у 20 томах (УМІФ НАН України, Ін-т мовознавства ім. О. О. Потебні): Те саме, що → гребля + Великий тлумачний словник сучасної української мови: Те саме, що → гребля + СУМ-11: Те саме, що → гребля	unverified
гать	Словник синонімів української мови + Словник української мови у 20 томах (УМІФ НАН України, Ін-т мовознавства ім. О. О. Потебні): Те саме, що → гатка + Великий тлумачний словник сучасної української мови: Те саме, що → гатка + СУМ-11: Те саме, що → гатка	unverified
гаяти	slovnyk.me: Словник синонімів Караванського + Словник синонімів української мови + ВТС: Те саме, що → барити + СУМ-11: Те саме, що → барити	unverified
гвоздик	СУМ-11: Те саме, що → повняк	unverified
гвоздика	СУМ-11: numbered homonym headwords	unverified
гелікоптер	СУМ-20: Те саме, що → вертоліт + ВТС: Те саме, що → вертоліт + СУМ-11: Те саме, що → вертоліт	unverified
генератор	slovnyk.me: Словник синонімів української мови + СУМ-11: Те саме, що → газогенератор	unverified
гидкий	Словник синонімів української мови + Словник української мови у 20 томах (УМІФ НАН України, Ін-т мовознавства ім. О. О. Потебні): Те саме, що → непристойний + Великий тлумачний словник сучасної української мови: Те саме, що → непристойний + СУМ-11: Те саме, що → непристойний	unverified
гладенький	СУМ-11: numbered homonym headwords	unverified
гладити	Словник синонімів української мови + СУМ-11: Те саме, що → прасувати	unverified
гладь	Словник синонімів української мови + Словник української мови у 20 томах (УМІФ НАН України, Ін-т мовознавства ім. О. О. Потебні): Те саме, що → гладінь + Великий тлумачний словник сучасної української мови: Те саме, що → гладінь + СУМ-11: Те саме, що → гладінь	unverified
глей	СУМ-11: numbered homonym headwords	unverified
глей	Словник синонімів української мови + Великий тлумачний словник сучасної української мови: Те саме, що → намул + СУМ-11: Те саме, що → мул	unverified
глибоченний	СУМ-11: Те саме, що → глибочезний	unverified
глибочінь	СУМ-11: Те саме, що → глибина	unverified
глинистий	СУМ-11: Те саме, що → глинястий	unverified
глиця	Словник синонімів української мови + Словник української мови у 20 томах (УМІФ НАН України, Ін-т мовознавства ім. О. О. Потебні): Те саме, що → балясина + Великий тлумачний словник сучасної української мови: Те саме, що → балясина + СУМ-11: Те саме, що → балясина	unverified
глуз	Словник синонімів української мови + Словник української мови у 20 томах (УМІФ НАН України, Ін-т мовознавства ім. О. О. Потебні): див. → глузи + Великий тлумачний словник сучасної української мови: див. → глузи + СУМ-11: див. → глузи	unverified
глузд	slovnyk.me: Словник синонімів Караванського + СУМ-20: Те саме, що → розум + ВТС: Те саме, що → розум + СУМ-11: Те саме, що → розум + relation_pairs/miyklas.com.ua: corpus relation pair → інтелект	unverified
глухий	Великий тлумачний словник сучасної української мови: прот. → дзвінкий + СУМ-11: протилежне → дзвінкий	unverified
глухомань	СУМ-11: Те саме, що → глушина	unverified
глушко	СУМ-11: Те саме, що → глушман	unverified
гніт	СУМ-11: numbered homonym headwords	unverified
год	Словник української мови у 20 томах (УМІФ НАН України, Ін-т мовознавства ім. О. О. Потебні): Те саме, що → рік + Великий тлумачний словник сучасної української мови: Те саме, що → рік + СУМ-11: Те саме, що → рік	unverified
годен	СУМ-20: див. → годний + ВТС: див. → годний + СУМ-11: див. → годний	unverified
година	СУМ-11: numbered homonym headwords	unverified
головка	Словник синонімів української мови + Словник української мови у 20 томах (УМІФ НАН України, Ін-т мовознавства ім. О. О. Потебні): Те саме, що → голівка + Великий тлумачний словник сучасної української мови: Те саме, що → голівка + СУМ-11: Те саме, що → голівка	unverified
головко	Словник української мови у 20 томах (УМІФ НАН України, Ін-т мовознавства ім. О. О. Потебні): Те саме, що → головань + Великий тлумачний словник сучасної української мови: Те саме, що → головань + СУМ-11: Те саме, що → головань	unverified
головний	slovnyk.me: Словник синонімів української мови + СУМ-20: Те саме, що → передній (reciprocal) + СУМ-11: Те саме, що → передній (reciprocal) + relation_pairs/synonym_verdicts: corpus relation pair → центральний + relation_pairs/miyklas.com.ua: corpus relation pair → чільний	unverified
головонька	СУМ-11: див. → голівонька	unverified
голій	Словник синонімів української мови + Словник української мови у 20 томах (УМІФ НАН України, Ін-т мовознавства ім. О. О. Потебні): Те саме, що → голяр + Великий тлумачний словник сучасної української мови: Те саме, що → голяр + СУМ-11: Те саме, що → голяр	unverified
гомінкий	Словник синонімів української мови + Словник української мови у 20 томах (УМІФ НАН України, Ін-т мовознавства ім. О. О. Потебні): Те саме, що → гомінливий + Великий тлумачний словник сучасної української мови: Те саме, що → гомінливий + СУМ-11: Те саме, що → гомінливий	unverified
гонити	Словник синонімів української мови + Словник української мови у 20 томах (УМІФ НАН України, Ін-т мовознавства ім. О. О. Потебні): див. → гнати + Великий тлумачний словник сучасної української мови: див. → гнати + СУМ-11: див. → гнати	unverified
гонор	Словник синонімів української мови + Словник української мови у 20 томах (УМІФ НАН України, Ін-т мовознавства ім. О. О. Потебні): Те саме, що → гордість + СУМ-11: Те саме, що → гордість	unverified
горбач	Словник синонімів української мови + Словник української мови у 20 томах (УМІФ НАН України, Ін-т мовознавства ім. О. О. Потебні): Те саме, що → горбань + Великий тлумачний словник сучасної української мови: Те саме, що → горбань + СУМ-11: Те саме, що → горбань	unverified
горе	Словник української мови у 20 томах (УМІФ НАН України, Ін-т мовознавства ім. О. О. Потебні): протилежне → радість + Словник української мови у 20 томах (УМІФ НАН України, Ін-т мовознавства ім. О. О. Потебні): протилежне → щастя + Великий тлумачний словник сучасної української мови: прот. → радість + Великий тлумачний словник сучасної української мови: прот. → щастя + СУМ-11: протилежне → радість + СУМ-11: протилежне → щастя	unverified
горизонтальний	СУМ-11: протилежне → вертикальний	unverified
горицвіт	Словник синонімів української мови + Словник української мови у 20 томах (УМІФ НАН України, Ін-т мовознавства ім. О. О. Потебні): Те саме, що → адоніс + Великий тлумачний словник сучасної української мови: Те саме, що → адоніс + СУМ-11: Те саме, що → адоніс	unverified
горлач	СУМ-11: Те саме, що → горлань	unverified
горобиний	СУМ-11: Те саме, що → горобцеподібні	unverified
горовий	СУМ-11: Те саме, що → гірський	unverified
город	СУМ-11: Те саме, що → місто + relation_pairs/synonym_verdicts: corpus relation pair → місто	unverified
городовий	СУМ-11: numbered homonym headwords	unverified
городовий	СУМ-11: Те саме, що → городовик	unverified
горілий	Словник синонімів української мови + Словник української мови у 20 томах (УМІФ НАН України, Ін-т мовознавства ім. О. О. Потебні): Те саме, що → гар + СУМ-11: Те саме, що → гар	unverified
горілиць	Словник української мови у 20 томах (УМІФ НАН України, Ін-т мовознавства ім. О. О. Потебні): протилежне → ниць + Великий тлумачний словник сучасної української мови: прот. → ниць + СУМ-11: протилежне → ниць	unverified
горішина	Словник синонімів української мови + Словник української мови у 20 томах (УМІФ НАН України, Ін-т мовознавства ім. О. О. Потебні): Те саме, що → ліщина + Великий тлумачний словник сучасної української мови: Те саме, що → ліщина + СУМ-11: Те саме, що → ліщина	unverified
гострий	СУМ-20: протилежне → тупий (reciprocal) + ВТС: прот. → тупий (reciprocal) + СУМ-11: протилежне → тупий (reciprocal) + relation_pairs/miyklas.com.ua: corpus relation pair → тупий	unverified
готов	Словник синонімів української мови + Словник української мови у 20 томах (УМІФ НАН України, Ін-т мовознавства ім. О. О. Потебні): див. → готовий + Великий тлумачний словник сучасної української мови: Те саме, що → готовий + СУМ-11: див. → готовий	unverified
грабар	СУМ-11: numbered homonym headwords	unverified
грак	Словник синонімів української мови + Словник української мови у 20 томах (УМІФ НАН України, Ін-т мовознавства ім. О. О. Потебні): Те саме, що → гайворон + Великий тлумачний словник сучасної української мови: Те саме, що → гайворон + СУМ-11: Те саме, що → гайворон	unverified
гранатовий	СУМ-11: numbered homonym headwords	unverified
грати	СУМ-11: numbered homonym headwords	unverified
графітовий	СУМ-11: Те саме, що → графітний	unverified
графічний	СУМ-11: numbered homonym headwords	unverified
грець	СУМ-11: numbered homonym headwords	unverified
грець	Словник синонімів української мови + Великий тлумачний словник сучасної української мови: Те саме, що → грач + СУМ-11: Те саме, що → грач	unverified
гривня	СУМ-11: Те саме, що → гривеник	unverified
грим	СУМ-11: numbered homonym headwords	unverified
гриф	СУМ-11: numbered homonym headwords	unverified
гроб	Словник синонімів української мови + Великий тлумачний словник сучасної української мови: див. → гріб + СУМ-11: див. → гріб	unverified
громадськість	slovnyk.me: Словник синонімів української мови + ВТС: Те саме, що → громадянство (reciprocal) + СУМ-11: Те саме, що → громадянство (reciprocal)	unverified
громадянство	ВТС: Те саме, що → громадськість + СУМ-11: Те саме, що → громадськість	unverified
громовиця	СУМ-11: Те саме, що → блискавка	unverified
грот	СУМ-11: numbered homonym headwords	unverified
грошенята	СУМ-11: Те саме, що → гроші	unverified
грошики	СУМ-11: Те саме, що → гроші	unverified
груддя	СУМ-11: numbered homonym headwords	unverified
грушка	СУМ-11: Те саме, що → груша	unverified
грюк	СУМ-11: numbered homonym headwords	unverified
гріб	Словник синонімів української мови + Великий тлумачний словник сучасної української мови: Те саме, що → могила + СУМ-11: Те саме, що → могила	unverified
губа	СУМ-11: numbered homonym headwords	unverified
губка	СУМ-11: numbered homonym headwords	unverified
губний	СУМ-11: numbered homonym headwords	unverified
гуд	Словник синонімів української мови + СУМ-11: Те саме, що → гудіння	unverified
гулі	Словник синонімів української мови + Великий тлумачний словник сучасної української мови: Те саме, що → гуляти + СУМ-11: Те саме, що → гуляти	unverified
гуп	Великий тлумачний словник сучасної української мови: Те саме, що → гупання + СУМ-11: Те саме, що → гупання	unverified
гуп	СУМ-11: numbered homonym headwords	unverified
гуркітливий	СУМ-11: див. → гуркотливий	unverified
гурт	СУМ-11: numbered homonym headwords	unverified
густи	Словник синонімів української мови + Великий тлумачний словник сучасної української мови: див. → гудіти + СУМ-11: див. → гудіти	unverified
густий	Вікісловник: explicit antonym list + ВТС: прот. → рідкий + СУМ-11: протилежне → рідкий	unverified
густина	Словник синонімів української мови + Великий тлумачний словник сучасної української мови: Те саме, що → густота + СУМ-11: Те саме, що → густота	unverified
гучний	slovnyk.me: Словник синонімів Караванського + Словник синонімів української мови + ВТС: Те саме, що → бучний + СУМ-11: Те саме, що → бучний + relation_pairs/synonym_verdicts: corpus relation pair → голосний	unverified
гущина	Словник синонімів української мови + Великий тлумачний словник сучасної української мови: Те саме, що → густота + СУМ-11: Те саме, що → густота	unverified
гілляка	Словник синонімів української мови + Словник української мови у 20 томах (УМІФ НАН України, Ін-т мовознавства ім. О. О. Потебні): Те саме, що → гілля + Великий тлумачний словник сучасної української мови: Те саме, що → гілля + СУМ-11: Те саме, що → гілля	unverified
гінді	Великий тлумачний словник сучасної української мови: див. → хінді + СУМ-11: див. → хінді	unverified
гіпербола	СУМ-20: протилежне → літота (reciprocal) + ВТС: прот. → літота (reciprocal) + СУМ-11: протилежне → літота (reciprocal)	unverified
гіпопотам	СУМ-11: Те саме, що → бегемот	unverified
гіркий	СУМ-20: протилежне → солодкий + ВТС: прот. → солодкий + СУМ-11: протилежне → солодкий + СУМ-20: протилежне → солодкий (reciprocal) + ВТС: прот. → солодкий (reciprocal) + СУМ-11: протилежне → солодкий (reciprocal)	unverified
гіркота	Словник української мови у 20 томах (УМІФ НАН України, Ін-т мовознавства ім. О. О. Потебні): Те саме, що → гіркість + Великий тлумачний словник сучасної української мови: Те саме, що → гіркість + СУМ-11: Те саме, що → гіркість	unverified
гірш	Словник синонімів української мови + Словник української мови у 20 томах (УМІФ НАН України, Ін-т мовознавства ім. О. О. Потебні): див. → гірше + Великий тлумачний словник сучасної української мови: див. → гірше + СУМ-11: див. → гірше	unverified
давати	slovnyk.me: Словник синонімів Караванського + ВТС: див. → дати (reciprocal) + СУМ-11: див. → дати (reciprocal)	unverified
давньогрецький	СУМ-11: Те саме, що → старогрецький	unverified
давньоруський	СУМ-11: Те саме, що → староруський	unverified
далекосяжний	Великий тлумачний словник сучасної української мови: Те саме, що → далекобійний + СУМ-11: Те саме, що → далекобійний	unverified
далеч	Словник синонімів української мови + Великий тлумачний словник сучасної української мови: Те саме, що → далечінь + СУМ-11: Те саме, що → далечінь	unverified
далина	Словник синонімів української мови + Великий тлумачний словник сучасної української мови: Те саме, що → даль + СУМ-11: Те саме, що → даль	unverified
дальш	СУМ-11: див. → дальше	unverified
дама	Великий тлумачний словник сучасної української мови: прот. → дівчина + СУМ-11: протилежне → дівчина	unverified
даремне	Словник синонімів української мови + Великий тлумачний словник сучасної української мови: див. → даремно + СУМ-11: див. → даремно	unverified
даремно	slovnyk.me: Словник синонімів Караванського + ВТС: Те саме, що → дарма (reciprocal) + СУМ-11: Те саме, що → дарма (reciprocal)	unverified
дарма	slovnyk.me: Словник синонімів Караванського + ВТС: Те саме, що → даремно + СУМ-11: Те саме, що → даремно	unverified
дармо	СУМ-11: див. → дарма	unverified
дарування	Словник синонімів української мови + Великий тлумачний словник сучасної української мови: Те саме, що → обдаровання + СУМ-11: Те саме, що → обдаровання	unverified
дати	ВТС: див. → давати + СУМ-11: див. → давати	unverified
датися	Великий тлумачний словник сучасної української мови: див. → даватися + СУМ-11: див. → даватися	unverified
дача	СУМ-11: numbered homonym headwords	unverified
дача	Словник синонімів української мови + Великий тлумачний словник сучасної української мови: Те саме, що → давання + СУМ-11: Те саме, що → давання	unverified
дверцята	ВТС: Те саме, що → дверці + СУМ-11: Те саме, що → дверці	unverified
двигун	slovnyk.me: Словник синонімів Караванського + Словник синонімів української мови + ВТС: Те саме, що → рушій + СУМ-11: Те саме, що → рушій + relation_pairs/miyklas.com.ua: corpus relation pair → звір	unverified
дві	ВТС: див. → два + СУМ-11: див. → два	unverified
двійко	Словник синонімів української мови + Великий тлумачний словник сучасної української мови: Те саме, що → двоє + СУМ-11: Те саме, що → двоє	unverified
двійня	СУМ-11: див. → двійнята	unverified
двійнята	ВТС: див. → двійня (reciprocal) + СУМ-11: див. → двійня (reciprocal)	unverified
двір	СУМ-11: numbered homonym headwords	unverified
де	СУМ-11: numbered homonym headwords	unverified
де-факто	Великий тлумачний словник сучасної української мови: прот. → де-юре + СУМ-11: протилежне → де-юре	unverified
де-юре	Великий тлумачний словник сучасної української мови: прот. → де-факто + СУМ-11: протилежне → де-факто	unverified
дедуктивний	СУМ-11: протилежне → індуктивний	unverified
дедукція	Великий тлумачний словник сучасної української мови: прот. → індукція + СУМ-11: протилежне → індукція	unverified
декаданс	Словник синонімів української мови + Великий тлумачний словник сучасної української мови: Те саме, що → декадентство + СУМ-11: Те саме, що → декадентство	unverified
декламація	СУМ-11: Те саме, що → декламування	unverified
деколи	slovnyk.me: Словник синонімів Караванського + Словник синонімів української мови + ВТС: Те саме, що → іноді + СУМ-11: Те саме, що → іноді + relation_pairs/synonym_verdicts: corpus relation pair → інколи + relation_pairs/synonym_verdicts: corpus relation pair → іноді + relation_pairs/miyklas.com.ua: corpus relation pair → часом	unverified
дельта	СУМ-11: numbered homonym headwords	unverified
дельфін	СУМ-11: Те саме, що → свиня (reciprocal)	unverified
демократ	СУМ-11: протилежне → аристократ	unverified
денний	ВТС: прот. → нічний + СУМ-11: протилежне → нічний	unverified
деркач	СУМ-11: numbered homonym headwords	unverified
дерун	ВТС: Те саме, що → здирник + СУМ-11: Те саме, що → здирник	unverified
десятирічний	СУМ-11: Те саме, що → десятилітній	unverified
дешевий	ВТС: прот. → дорогий (reciprocal) + СУМ-11: протилежне → дорогий (reciprocal) + relation_pairs/miyklas.com.ua: corpus relation pair → вартісний + relation_pairs/miyklas.com.ua: corpus relation pair → дорогий + relation_pairs/miyklas.com.ua: corpus relation pair → коштовний	unverified
дещо	ВТС: Те саме, що → трохи + СУМ-11: Те саме, що → трохи + relation_pairs/synonym_verdicts: corpus relation pair → трохи + relation_pairs/miyklas.com.ua: corpus relation pair → трохи	unverified
дзбанок	Словник синонімів української мови + Великий тлумачний словник сучасної української мови: Те саме, що → дзбан + СУМ-11: Те саме, що → дзбан	unverified
дзвоник	Великий тлумачний словник сучасної української мови: Те саме, що → дзвінок + СУМ-11: Те саме, що → дзвінок	unverified
дзвін	СУМ-11: numbered homonym headwords	unverified
дзвін	Словник синонімів української мови + Великий тлумачний словник сучасної української мови: Те саме, що → дзвеніння + СУМ-11: Те саме, що → дзвеніння	unverified
дзуськи	СУМ-11: див. → дзусь	unverified
дзінь	Великий тлумачний словник сучасної української мови: Те саме, що → дзень + СУМ-11: Те саме, що → дзень	unverified
диба	СУМ-11: numbered homonym headwords	unverified
диба	Словник синонімів української мови + Великий тлумачний словник сучасної української мови: Те саме, що → дибом + СУМ-11: Те саме, що → дибом	unverified
дивина	СУМ-11: numbered homonym headwords	unverified
дивина	Словник синонімів української мови + Великий тлумачний словник сучасної української мови: Те саме, що → диво + СУМ-11: Те саме, що → диво	unverified
дивовижа	Словник синонімів української мови + Великий тлумачний словник сучасної української мови: Те саме, що → здивування + СУМ-11: Те саме, що → здивування	unverified
дивувати	slovnyk.me: Словник синонімів Караванського + Словник синонімів української мови + ВТС: Те саме, що → дивуватися + СУМ-11: Те саме, що → дивуватися	unverified
дивуватися	slovnyk.me: Словник синонімів Караванського + Словник синонімів української мови + ВТС: Те саме, що → дивувати (reciprocal) + СУМ-11: Те саме, що → дивувати (reciprocal)	unverified
димка	СУМ-11: Те саме, що → серпанок	unverified
диміти	ВТС: див. → димити + СУМ-11: див. → димити	unverified
динамо	Словник синонімів української мови + Великий тлумачний словник сучасної української мови: Те саме, що → динамо-машина + СУМ-11: Те саме, що → динамо-машина	unverified
династія	Словник синонімів української мови + Великий тлумачний словник сучасної української мови: Те саме, що → рід + СУМ-11: Те саме, що → рід	unverified
директор	СУМ-11: numbered homonym headwords	unverified
директриса	СУМ-11: numbered homonym headwords	unverified
директриса	СУМ-11: Те саме, що → директорка	unverified
дисонанс	Великий тлумачний словник сучасної української мови: прот. → консонанс + СУМ-11: протилежне → консонанс	unverified
дистильований	Великий тлумачний словник сучасної української мови: Те саме, що → очищений + СУМ-11: Те саме, що → очищений	unverified
дистиляція	Великий тлумачний словник сучасної української мови: Те саме, що → дистилювання + СУМ-11: Те саме, що → дистилювання	unverified
дисципліна	СУМ-11: numbered homonym headwords	unverified
дитинець	СУМ-11: numbered homonym headwords	unverified
до	СУМ-11: numbered homonym headwords	unverified
доба	slovnyk.me: Словник синонімів української мови + ВТС: Те саме, що → пора + СУМ-11: Те саме, що → пора	unverified
добачити	Словник синонімів української мови + Великий тлумачний словник сучасної української мови: див. → добачати + СУМ-11: див. → добачати	unverified
доберман	Великий тлумачний словник сучасної української мови: див. → доберман-пінчер + СУМ-11: див. → доберман-пінчер	unverified
добиратися	slovnyk.me: Словник синонімів Караванського + ВТС: див. → добратися (reciprocal) + СУМ-11: див. → добратися (reciprocal)	unverified
добиратися	СУМ-11: numbered homonym headwords	unverified
добити	Словник синонімів української мови + Великий тлумачний словник сучасної української мови: див. → добивати + СУМ-11: див. → добивати	unverified
добитися	Словник синонімів української мови + Великий тлумачний словник сучасної української мови: див. → добиватися + СУМ-11: див. → добиватися	unverified
добраніч	Великий тлумачний словник сучасної української мови: Те саме, що → добраніч + СУМ-11: Те саме, що → добраніч	unverified
добрати	Великий тлумачний словник сучасної української мови: див. → добирати + СУМ-11: див. → добирати	unverified
добратися	ВТС: див. → добиратися + СУМ-11: див. → добиратися	unverified
добрий	ВТС: прот. → лихий + ВТС: прот. → поганий + СУМ-11: протилежне → лихий + СУМ-11: протилежне → поганий + ВТС: прот. → злий (reciprocal) + СУМ-11: протилежне → злий (reciprocal)	unverified
добро	ВТС: прот. → лихо + ВТС: прот. → зло + СУМ-11: протилежне → лихо + СУМ-11: протилежне → зло + relation_pairs/miyklas.com.ua: corpus relation pair → зло + relation_pairs/miyklas.com.ua: corpus relation pair → лихо	unverified
добровільний	Великий тлумачний словник сучасної української мови: прот. → примусовий + СУМ-11: протилежне → примусовий	unverified
добродій	slovnyk.me: Словник синонімів Караванського + ВТС: Те саме, що → добродійник + СУМ-11: Те саме, що → добродійник	unverified
добродійник	СУМ-11: протилежне → лиходій	unverified
добродійство	СУМ-11: Те саме, що → добродіяння	unverified
доброякісний	Великий тлумачний словник сучасної української мови: прот. → злоякісний + СУМ-11: протилежне → злоякісний	unverified
добувати	Словник синонімів української мови + Великий тлумачний словник сучасної української мови: Те саме, що → народжувати + СУМ-11: Те саме, що → народжувати	unverified
добудувати	Великий тлумачний словник сучасної української мови: див. → добудовувати + СУМ-11: див. → добудовувати	unverified
добути	Словник синонімів української мови + Великий тлумачний словник сучасної української мови: див. → добувати + СУМ-11: див. → добувати	unverified
добігти	ВТС: див. → добігати + СУМ-11: див. → добігати	unverified
довгий	ВТС: прот. → короткий + СУМ-11: протилежне → короткий + СУМ-20: протилежне → короткий (reciprocal) + ВТС: прот. → короткий (reciprocal) + СУМ-11: протилежне → короткий (reciprocal) + relation_pairs/miyklas.com.ua: corpus relation pair → короткий	unverified
довготерміновий	СУМ-11: Те саме, що → довгостроковий	unverified
довезти	ВТС: див. → довозити + СУМ-11: див. → довозити	unverified
довести	ВТС: див. → доводити + СУМ-11: див. → доводити	unverified
довестися	Словник синонімів української мови + Великий тлумачний словник сучасної української мови: див. → доводитися + СУМ-11: див. → доводитися	unverified
довкіл	СУМ-11: див. → довкола	unverified
доводити	slovnyk.me: Словник синонімів Караванського + Словник синонімів української мови + ВТС: див. → довести (reciprocal) + СУМ-11: див. → довести (reciprocal)	unverified
доводитися	СУМ-11: numbered homonym headwords	unverified
доволі	slovnyk.me: Словник синонімів Караванського + Словник синонімів української мови + ВТС: Те саме, що → досить + СУМ-11: Те саме, що → досить	unverified
довідатися	СУМ-11: див. → довідуватися	unverified
довільний	СУМ-11: Те саме, що → достатній	unverified
довіра	slovnyk.me: Словник синонімів української мови + ВТС: Те саме, що → довір'я + СУМ-11: Те саме, що → довір'я	unverified
довірити	Словник синонімів української мови + Великий тлумачний словник сучасної української мови: див. → довіряти + СУМ-11: див. → довіряти	unverified
довіритися	СУМ-11: див. → довірятися	unverified
догад	Словник синонімів української мови + Великий тлумачний словник сучасної української мови: Те саме, що → догадка + СУМ-11: Те саме, що → догадка	unverified
доганяти	СУМ-11: numbered homonym headwords	unverified
догляд	Словник синонімів української мови + Великий тлумачний словник сучасної української мови: Те саме, що → нагляд + СУМ-11: Те саме, що → нагляд	unverified
доглядати	slovnyk.me: Словник синонімів Караванського + Словник синонімів української мови + ВТС: див. → доглянути (reciprocal) + СУМ-11: див. → доглянути (reciprocal)	unverified
доглянути	ВТС: див. → доглядати + СУМ-11: див. → доглядати	unverified
догнати	Словник синонімів української мови + Великий тлумачний словник сучасної української мови: див. → доганяти + СУМ-11: див. → доганяти	unverified
договорити	СУМ-11: див. → договорювати	unverified
догодити	Словник синонімів української мови + Великий тлумачний словник сучасної української мови: див. → догоджати + СУМ-11: див. → догоджати	unverified
додавати	slovnyk.me: Словник синонімів Караванського + Словник синонімів української мови + ВТС: див. → додати (reciprocal) + СУМ-11: див. → додати (reciprocal)	unverified
додати	ВТС: див. → додавати + СУМ-11: див. → додавати	unverified
додержати	СУМ-11: див. → додержувати	unverified
додзвонитися	СУМ-11: див. → додзвонюватися	unverified
дожити	Словник синонімів української мови + Великий тлумачний словник сучасної української мови: див. → доживати + СУМ-11: див. → доживати	unverified
дозволити	ВТС: див. → дозволяти + СУМ-11: див. → дозволяти	unverified
дозволяти	slovnyk.me: Словник синонімів Караванського + Словник синонімів української мови + ВТС: див. → дозволити (reciprocal) + СУМ-11: див. → дозволити (reciprocal)	unverified
дозиметр	СУМ-11: Те саме, що → дозатор	unverified
дозрівати	СУМ-11: numbered homonym headwords	unverified
доказати	Словник синонімів української мови + Великий тлумачний словник сучасної української мови: див. → доказувати + СУМ-11: див. → доказувати	unverified
докласти	ВТС: див. → докладати + СУМ-11: див. → докладати	unverified
доктор	slovnyk.me: Словник синонімів Караванського + Словник синонімів української мови + ВТС: Те саме, що → лікар + СУМ-11: Те саме, що → лікар	unverified
долетіти	ВТС: див. → долітати + СУМ-11: див. → долітати	unverified
долити	Великий тлумачний словник сучасної української мови: див. → доливати + СУМ-11: див. → доливати	unverified
долучити	Словник синонімів української мови + Великий тлумачний словник сучасної української мови: див. → долучати + СУМ-11: див. → долучати	unverified
долучитися	Словник синонімів української мови + Великий тлумачний словник сучасної української мови: див. → долучатися + СУМ-11: див. → долучатися	unverified
доля	СУМ-11: numbered homonym headwords	unverified
дома	Словник синонімів української мови + Великий тлумачний словник сучасної української мови: Те саме, що → вдома + СУМ-11: Те саме, що → вдома	unverified
домислити	СУМ-11: див. → домислювати	unverified
домити	ВТС: див. → домивати + СУМ-11: див. → домивати	unverified
домовина	Словник синонімів української мови + Великий тлумачний словник сучасної української мови: Те саме, що → труна + СУМ-11: Те саме, що → труна	unverified
домовитися	ВТС: див. → домовлятися + СУМ-11: див. → домовлятися	unverified
домовлятися	slovnyk.me: Словник синонімів Караванського + ВТС: див. → домовитися (reciprocal) + СУМ-11: див. → домовитися (reciprocal)	unverified
домогтися	Словник синонімів української мови + Великий тлумачний словник сучасної української мови: див. → домагатися + СУМ-11: див. → домагатися	unverified
доміно	СУМ-11: numbered homonym headwords	unverified
донести	ВТС: див. → доносити + СУМ-11: див. → доносити	unverified
донизу	Великий тлумачний словник сучасної української мови: прот. → догори + СУМ-11: протилежне → догори	unverified
донька	ВТС: Те саме, що → дочка + СУМ-11: Те саме, що → дочка + relation_pairs/synonym_verdicts: corpus relation pair → дочка	unverified
доня	Словник синонімів української мови + Великий тлумачний словник сучасної української мови: Те саме, що → дочка + СУМ-11: Те саме, що → дочка	unverified
доопрацювати	ВТС: див. → доопрацьовувати + СУМ-11: див. → доопрацьовувати	unverified
допекти	Словник синонімів української мови + Великий тлумачний словник сучасної української мови: див. → допікати + СУМ-11: див. → допікати	unverified
дописати	Великий тлумачний словник сучасної української мови: див. → дописувати + СУМ-11: див. → дописувати	unverified
допити	Великий тлумачний словник сучасної української мови: див. → допивати + СУМ-11: див. → допивати	unverified
допливати	ВТС: див. → доплисти (reciprocal) + СУМ-11: див. → доплисти (reciprocal)	unverified
доплисти	ВТС: див. → допливати + СУМ-11: див. → допливати	unverified
доповнити	Словник синонімів української мови + Великий тлумачний словник сучасної української мови: див. → доповнювати + СУМ-11: див. → доповнювати + СУМ-11: див. → доповнити	unverified
доповісти	СУМ-11: див. → доповідати	unverified
допомагати	slovnyk.me: Словник синонімів Караванського + Словник синонімів української мови + ВТС: див. → допомогти (reciprocal) + СУМ-11: див. → допомогти (reciprocal)	unverified
допомогти	ВТС: див. → допомагати + СУМ-11: див. → допомагати	unverified
доправити	Великий тлумачний словник сучасної української мови: див. → доправляти + СУМ-11: див. → доправляти	unverified
допустити	ВТС: див. → допускати + СУМ-11: див. → допускати	unverified
доробити	ВТС: див. → доробляти + СУМ-11: див. → доробляти	unverified
дорогий	ВТС: прот. → дешевий + СУМ-11: протилежне → дешевий + relation_pairs/miyklas.com.ua: corpus relation pair → дешевий	unverified
дорости	Словник синонімів української мови + Великий тлумачний словник сучасної української мови: див. → доростати + СУМ-11: див. → доростати	unverified
доручити	Словник синонімів української мови + Великий тлумачний словник сучасної української мови: див. → доручати + СУМ-11: див. → доручати	unverified
дорівнювати	СУМ-11: numbered homonym headwords	unverified
дорівнятися	СУМ-11: див. → дорівнюватися	unverified
досередини	СУМ-11: протилежне → назовні	unverified
досипати	СУМ-11: numbered homonym headwords	unverified
досить	slovnyk.me: Словник синонімів Караванського + Словник синонімів української мови + ВТС: Те саме, що → доволі (reciprocal) + СУМ-11: Те саме, що → доволі (reciprocal)	unverified
дослухати	СУМ-11: див. → дослухувати	unverified
досліджувати	slovnyk.me: Словник синонімів Караванського + Словник синонімів української мови + ВТС: див. → дослідити (reciprocal) + СУМ-11: див. → дослідити (reciprocal) + relation_pairs/synonym_verdicts: corpus relation pair → вивчати	unverified
дослідити	ВТС: див. → досліджувати + СУМ-11: див. → досліджувати	unverified
доставити	ВТС: див. → доставляти + СУМ-11: див. → доставляти	unverified
доставляти	slovnyk.me: Словник синонімів української мови + ВТС: див. → доставити (reciprocal) + СУМ-11: див. → доставити (reciprocal)	unverified
досягати	ВТС: див. → досягнути (reciprocal) + СУМ-11: див. → досягнути (reciprocal) + ВТС: див. → досягти (reciprocal) + СУМ-11: див. → досягти (reciprocal)	unverified
досягнути	ВТС: див. → досягати + СУМ-11: див. → досягати	unverified
досягти	ВТС: див. → досягати + СУМ-11: див. → досягати	unverified
дотримати	Великий тлумачний словник сучасної української мови: див. → дотримувати + СУМ-11: див. → дотримувати	unverified
дотриматися	ВТС: див. → дотримуватися + СУМ-11: див. → дотримуватися	unverified
дотримуватися	ВТС: див. → дотриматися (reciprocal) + СУМ-11: див. → дотриматися (reciprocal)	unverified
дотягнутися	СУМ-11: див. → дотягатися	unverified
доходити	slovnyk.me: Словник синонімів Караванського + ВТС: див. → дійти (reciprocal) + СУМ-11: див. → дійти (reciprocal) + relation_pairs/synonym_verdicts: corpus relation pair → наближатися + relation_pairs/synonym_verdicts: corpus relation pair → підходити	unverified
дочитати	ВТС: див. → дочитувати + СУМ-11: див. → дочитувати	unverified
дочитувати	ВТС: див. → дочитати (reciprocal) + СУМ-11: див. → дочитати (reciprocal)	unverified
дочка	slovnyk.me: Словник синонімів Караванського + Словник синонімів української мови + ВТС: Те саме, що → донька (reciprocal) + СУМ-11: Те саме, що → донька (reciprocal) + relation_pairs/synonym_verdicts: corpus relation pair → донька	unverified
дочути	Словник синонімів української мови + Великий тлумачний словник сучасної української мови: див. → дочувати + СУМ-11: див. → дочувати	unverified
доїжджати	ВТС: див. → доїхати (reciprocal) + СУМ-11: див. → доїхати (reciprocal)	unverified
доїхати	ВТС: див. → доїжджати + СУМ-11: див. → доїжджати	unverified
драти	Словник синонімів української мови + Великий тлумачний словник сучасної української мови: див. → дерти + СУМ-11: див. → дерти	unverified
древній	Словник синонімів української мови + Великий тлумачний словник сучасної української мови: Те саме, що → стародавній + СУМ-11: Те саме, що → стародавній	unverified
дрозд	Великий тлумачний словник сучасної української мови: див. → дрізд + СУМ-11: див. → дрізд	unverified
друг	Вікісловник: explicit antonym list + ВТС: прот. → ворог + СУМ-11: протилежне → ворог + relation_pairs/miyklas.com.ua: corpus relation pair → ворог	unverified
дружба	СУМ-11: numbered homonym headwords	unverified
дружити	slovnyk.me: Словник синонімів Караванського + Словник синонімів української мови + ВТС: Те саме, що → одружувати + СУМ-11: Те саме, що → одружувати + relation_pairs/synonym_verdicts: corpus relation pair → товаришувати	unverified
друзки	СУМ-11: Те саме, що → дрізки	unverified
друзі	ВТС: див. → друг + СУМ-11: див. → друг	unverified
дрючок	Словник синонімів української мови + Великий тлумачний словник сучасної української мови: Те саме, що → дрюк + СУМ-11: Те саме, що → дрюк	unverified
дрібен	ВТС: див. → дрібний + СУМ-11: див. → дрібний	unverified
дрібка	Словник синонімів української мови + Великий тлумачний словник сучасної української мови: Те саме, що → грудочка + СУМ-11: Те саме, що → грудочка	unverified
дрібно	Великий тлумачний словник сучасної української мови: Те саме, що → докладно + СУМ-11: Те саме, що → докладно	unverified
дуалізм	Великий тлумачний словник сучасної української мови: прот. → монізм + СУМ-11: протилежне → монізм	unverified
дуда	Словник синонімів української мови + Великий тлумачний словник сучасної української мови: Те саме, що → волинка + СУМ-11: Те саме, що → волинка	unverified
дукач	Словник синонімів української мови + Великий тлумачний словник сучасної української мови: Те саме, що → дукат + СУМ-11: Те саме, що → дукат	unverified
дурак	СУМ-11: Те саме, що → дурень	unverified
дурний	ВТС: прот. → розумний + СУМ-11: протилежне → розумний + СУМ-20: протилежне → розумний (reciprocal)	unverified
дурницею	Словник синонімів української мови + СУМ-11: Те саме, що → даремно	unverified
духовний	Вікісловник: explicit antonym list + Великий тлумачний словник сучасної української мови: прот. → світський + СУМ-11: протилежне → світський	unverified
духовний	Словник синонімів української мови + Великий тлумачний словник сучасної української мови: Те саме, що → духівниця + СУМ-11: Те саме, що → духівниця	unverified
духівництво	Великий тлумачний словник сучасної української мови: Те саме, що → духовенство + СУМ-11: Те саме, що → духовенство	unverified
дібраний	Великий тлумачний словник сучасної української мови: див. → добраний + СУМ-11: див. → добраний	unverified
дібрати	Словник синонімів української мови + Великий тлумачний словник сучасної української мови: див. → добирати + СУМ-11: див. → добирати	unverified
дівка	Словник синонімів української мови + Великий тлумачний словник сучасної української мови: Те саме, що → дівчина + СУМ-11: Те саме, що → дівчина	unverified
дівчисько	СУМ-11: Те саме, що → дівчинка	unverified
дізнаватися	slovnyk.me: Словник синонімів Караванського + Словник синонімів української мови + ВТС: Те саме, що → зазнавати + ВТС: див. → дізнатися (reciprocal) + СУМ-11: див. → дізнатися (reciprocal)	unverified
дізнати	СУМ-11: див. → дізнавати	unverified
дізнатися	ВТС: див. → дізнаватися + СУМ-11: див. → дізнаватися	unverified
дійсно	slovnyk.me: Словник синонімів Караванського + Словник синонімів української мови + ВТС: Те саме, що → справді + СУМ-11: Те саме, що → справді + relation_pairs/miyklas.com.ua: corpus relation pair → воістину + relation_pairs/miyklas.com.ua: corpus relation pair → достоту + relation_pairs/miyklas.com.ua: corpus relation pair → навсправжки + relation_pairs/miyklas.com.ua: corpus relation pair → насправді + relation_pairs/miyklas.com.ua: corpus relation pair → правда + relation_pairs/miyklas.com.ua: corpus relation pair → реально + relation_pairs/miyklas.com.ua: corpus relation pair → саме + relation_pairs/miyklas.com.ua: corpus relation pair → справді + relation_pairs/miyklas.com.ua: corpus relation pair → таки + relation_pairs/miyklas.com.ua: corpus relation pair → якраз	unverified
дійти	ВТС: див. → доходити + СУМ-11: див. → доходити	unverified
діл	Великий тлумачний словник сучасної української мови: прот. → верх + СУМ-11: протилежне → верх	unverified
діл	Словник синонімів української мови + Великий тлумачний словник сучасної української мови: Те саме, що → долина + СУМ-11: Те саме, що → долина	unverified
діставати	slovnyk.me: Словник синонімів Караванського + ВТС: див. → дістати (reciprocal) + СУМ-11: див. → дістати (reciprocal) + relation_pairs/synonym_verdicts: corpus relation pair → брати	unverified
діставатися	slovnyk.me: Словник синонімів Караванського + ВТС: див. → дістатися (reciprocal) + СУМ-11: див. → дістатися (reciprocal)	unverified
дістати	ВТС: див. → діставати + СУМ-11: див. → діставати	unverified
дістатися	ВТС: див. → діставатися + СУМ-11: див. → діставатися	unverified
дітися	Словник синонімів української мови + Великий тлумачний словник сучасної української мови: див. → діватися + СУМ-11: див. → діватися	unverified
евакуюватися	СУМ-11: див. → евакуйовуватися	unverified
еге	СУМ-11: numbered homonym headwords	unverified
еклектика	СУМ-11: Те саме, що → еклектизм	unverified
експорт	Великий тлумачний словник сучасної української мови: прот. → імпорт + СУМ-11: протилежне → імпорт	unverified
електродинаміка	СУМ-11: протилежне → електростатика	unverified
електронний	СУМ-11: Те саме, що → електроновий	unverified
електрообладнання	СУМ-11: Те саме, що → електроустаткування	unverified
ельфа	СУМ-11: див. → ельф	unverified
еліпсис	ВТС: Те саме, що → еліпс + СУМ-11: Те саме, що → еліпс	unverified
емісія	СУМ-11: numbered homonym headwords	unverified
енергія	ВТС: Те саме, що → електроенергія + СУМ-11: Те саме, що → електроенергія + relation_pairs/miyklas.com.ua: corpus relation pair → наснага	unverified
епіфора	ВТС: прот. → анафора + СУМ-11: протилежне → анафора	unverified
еч	СУМ-11: Те саме, що → ач	unverified
жаба	СУМ-11: numbered homonym headwords	unverified
жагуче	СУМ-11: Те саме, що → жадібно	unverified
жакет	Словник синонімів української мови + Великий тлумачний словник сучасної української мови: Те саме, що → піджак + СУМ-11: Те саме, що → піджак	unverified
жалування	СУМ-11: numbered homonym headwords	unverified
жаль	СУМ-11: numbered homonym headwords	unverified
жартом	Словник синонімів української мови + СУМ-11: Те саме, що → жартома	unverified
жати	СУМ-11: numbered homonym headwords	unverified
жатися	СУМ-11: numbered homonym headwords	unverified
же	СУМ-11: numbered homonym headwords	unverified
жереб	СУМ-11: numbered homonym headwords	unverified
жереб	Словник синонімів української мови + Великий тлумачний словник сучасної української мови: Те саме, що → жеребець + СУМ-11: Те саме, що → жеребець	unverified
живий	ВТС: прот. → мертвий + СУМ-11: протилежне → мертвий + СУМ-20: протилежне → мертвий (reciprocal) + ВТС: прот. → мертвий (reciprocal) + СУМ-11: протилежне → мертвий (reciprocal) + relation_pairs/miyklas.com.ua: corpus relation pair → труп + relation_pairs/miyklas.com.ua: corpus relation pair → мертвий	unverified
жир	СУМ-11: numbered homonym headwords	unverified
жираф	ВТС: Те саме, що → жирафа + СУМ-11: Те саме, що → жирафа	unverified
жити	ВТС: прот. → помирати + ВТС: прот. → вмирати + СУМ-11: протилежне → помирати + СУМ-11: протилежне → вмирати + relation_pairs/miyklas.com.ua: corpus relation pair → вмерти	unverified
життьовий	СУМ-11: див. → життєвий	unverified
життя	ВТС: прот. → смерть + СУМ-11: протилежне → смерть + ВТС: прот. → смерть (reciprocal) + СУМ-11: протилежне → смерть (reciprocal)	unverified
жмурки	СУМ-11: numbered homonym headwords	unverified
жур	Словник синонімів української мови + Великий тлумачний словник сучасної української мови: Те саме, що → жура + СУМ-11: Те саме, що → жура	unverified
жінка	Вікісловник: explicit antonym list + ВТС: прот. → чоловік + СУМ-11: протилежне → чоловік + СУМ-20: протилежне → чоловік (reciprocal) + ВТС: прот. → чоловік (reciprocal) + СУМ-11: протилежне → чоловік (reciprocal)	unverified
з	ВТС: див. → зі (reciprocal) + СУМ-11: див. → зі (reciprocal) + ВТС: див. → із (reciprocal) + СУМ-11: див. → із (reciprocal) + relation_pairs/miyklas.com.ua: corpus relation pair → зі + relation_pairs/miyklas.com.ua: corpus relation pair → із	unverified
з-їздити	СУМ-11: Те саме, що → ударити	unverified
за	СУМ-11: numbered homonym headwords	unverified
заарештувати	Словник синонімів української мови + Великий тлумачний словник сучасної української мови: див. → заарештовувати + СУМ-11: див. → заарештовувати	unverified
забаритися	СУМ-11: див. → забарюватися	unverified
забезпечити	ВТС: див. → забезпечувати + СУМ-11: див. → забезпечувати	unverified
забезпечувати	slovnyk.me: Словник синонімів Караванського + ВТС: див. → забезпечити (reciprocal) + СУМ-11: див. → забезпечити (reciprocal)	unverified
забирати	slovnyk.me: Словник синонімів Караванського + ВТС: див. → забрати (reciprocal) + СУМ-11: див. → забрати (reciprocal)	unverified
забити	Словник синонімів української мови + Великий тлумачний словник сучасної української мови: див. → забивати + СУМ-11: див. → забивати	unverified
забракувати	Великий тлумачний словник сучасної української мови: див. → забраковувати + СУМ-11: див. → забраковувати	unverified
забрати	ВТС: див. → забирати + СУМ-11: див. → забирати	unverified
забратися	СУМ-11: див. → забиратися	unverified
забруднитися	СУМ-11: див. → забруднюватися	unverified
забувати	slovnyk.me: Словник синонімів Караванського + ВТС: див. → забути (reciprocal) + СУМ-11: див. → забути (reciprocal)	unverified
забути	ВТС: див. → забувати + СУМ-11: див. → забувати	unverified
забутися	Словник синонімів української мови + Великий тлумачний словник сучасної української мови: див. → забуватися + СУМ-11: див. → забуватися	unverified
забігати	slovnyk.me: Словник синонімів Караванського + ВТС: див. → забігти (reciprocal) + СУМ-11: див. → забігти (reciprocal) + relation_pairs/synonym_verdicts: corpus relation pair → заходити	unverified
забігти	ВТС: див. → забігати + СУМ-11: див. → забігати	unverified
зав-язка	СУМ-11: протилежне → розв'язка (reciprocal) + relation_pairs/miyklas.com.ua: corpus relation pair → розв'язка	unverified
завантажити	ВТС: див. → завантажувати + СУМ-11: див. → завантажувати	unverified
завантажувати	ВТС: див. → завантажити (reciprocal) + СУМ-11: див. → завантажити (reciprocal)	unverified
заварити	Великий тлумачний словник сучасної української мови: див. → заварювати + СУМ-11: див. → заварювати	unverified
завважити	СУМ-11: див. → зауважувати	unverified
завдати	Словник синонімів української мови + Великий тлумачний словник сучасної української мови: див. → завдавати + СУМ-11: див. → завдавати	unverified
завезти	ВТС: див. → завозити + СУМ-11: див. → завозити	unverified
завершити	ВТС: див. → завершувати + СУМ-11: див. → завершувати + relation_pairs/synonym_verdicts: corpus relation pair → закінчити	unverified
завершитися	Словник синонімів української мови + Великий тлумачний словник сучасної української мови: див. → завершуватися + СУМ-11: див. → завершуватися	unverified
завести	ВТС: див. → заводити + СУМ-11: див. → заводити	unverified
завестися	ВТС: див. → заводитися + СУМ-11: див. → заводитися	unverified
завивання	СУМ-11: numbered homonym headwords	unverified
зависати	ВТС: див. → зависнути (reciprocal) + СУМ-11: див. → зависнути (reciprocal)	unverified
зависнути	ВТС: див. → зависати + СУМ-11: див. → зависати	unverified
завмерти	Словник синонімів української мови + Великий тлумачний словник сучасної української мови: див. → завмирати + СУМ-11: див. → завмирати	unverified
завод	СУМ-11: numbered homonym headwords	unverified
заводити	СУМ-11: numbered homonym headwords	unverified
заводитися	ВТС: див. → завестися (reciprocal) + СУМ-11: див. → завестися (reciprocal)	unverified
завойовник	СУМ-11: протилежне → визволитель	unverified
заволодіти	Словник синонімів української мови + Великий тлумачний словник сучасної української мови: див. → заволодівати + СУМ-11: див. → заволодівати	unverified
завоювати	Великий тлумачний словник сучасної української мови: див. → завойовувати + СУМ-11: див. → завойовувати	unverified
завсігди	СУМ-11: див. → завсіди	unverified
завсіди	Словник синонімів української мови + Великий тлумачний словник сучасної української мови: Те саме, що → завжди + СУМ-11: Те саме, що → завжди	unverified
завчасу	Словник синонімів української мови + Великий тлумачний словник сучасної української мови: Те саме, що → завчасно + СУМ-11: Те саме, що → завчасно	unverified
завчити	Словник синонімів української мови + Великий тлумачний словник сучасної української мови: див. → завчати + СУМ-11: див. → завчати	unverified
завше	Словник синонімів української мови + Великий тлумачний словник сучасної української мови: Те саме, що → завжди + СУМ-11: Те саме, що → завжди	unverified
завіса	СУМ-11: numbered homonym headwords	unverified
завісити	Великий тлумачний словник сучасної української мови: див. → завішувати + СУМ-11: див. → завішувати	unverified
загадати	Словник синонімів української мови + Великий тлумачний словник сучасної української мови: див. → загадувати + СУМ-11: див. → загадувати	unverified
загалом	slovnyk.me: Словник синонімів Караванського + ВТС: Те саме, що → взагалі + СУМ-11: Те саме, що → взагалі	unverified
загальмувати	ВТС: див. → загальмовувати + СУМ-11: див. → загальмовувати	unverified
заганяти	Великий тлумачний словник сучасної української мови: прот. → виганяти + СУМ-11: протилежне → виганяти	unverified
заганяти	СУМ-11: numbered homonym headwords	unverified
загарбати	СУМ-11: див. → загарбувати	unverified
загартуватися	Словник синонімів української мови + Великий тлумачний словник сучасної української мови: див. → загартовуватися + СУМ-11: див. → загартовуватися	unverified
загасити	Словник синонімів української мови + Великий тлумачний словник сучасної української мови: див. → загашувати + СУМ-11: див. → загашувати	unverified
загинути	Словник синонімів української мови + Великий тлумачний словник сучасної української мови: див. → загибати + СУМ-11: див. → загибати	unverified
загладити	СУМ-11: див. → загладжувати	unverified
заглибитися	Словник синонімів української мови + Великий тлумачний словник сучасної української мови: див. → заглиблюватися + СУМ-11: див. → заглиблюватися	unverified
заглянути	СУМ-11: див. → заглядати	unverified
загнати	Словник синонімів української мови + Великий тлумачний словник сучасної української мови: див. → заганяти + СУМ-11: див. → заганяти	unverified
заговорити	Словник синонімів української мови + Великий тлумачний словник сучасної української мови: див. → заговорювати + СУМ-11: див. → заговорювати	unverified
загорнути	СУМ-11: див. → загортати	unverified
загорнутий	СУМ-11: див. → загорнений	unverified
загорнутися	Великий тлумачний словник сучасної української мови: див. → загортатися + СУМ-11: див. → загортатися	unverified
загорода	Словник синонімів української мови + Великий тлумачний словник сучасної української мови: Те саме, що → загородження + СУМ-11: Те саме, що → загородження	unverified
загородити	СУМ-11: див. → загороджувати	unverified
загоріти	Словник синонімів української мови + Великий тлумачний словник сучасної української мови: див. → загоряти + СУМ-11: див. → загоряти	unverified
загоріти-засмагнути	Словник синонімів української мови + Великий тлумачний словник сучасної української мови: див. → загоряти + СУМ-11: див. → загоряти	unverified
загорітися	СУМ-11: див. → загорятися	unverified
загострити	СУМ-11: див. → загострювати	unverified
загоїти	Словник синонімів української мови + Великий тлумачний словник сучасної української мови: див. → загоювати + СУМ-11: див. → загоювати	unverified
заграти	Великий тлумачний словник сучасної української мови: див. → загравати + СУМ-11: див. → загравати	unverified
загризти	Словник синонімів української мови + Великий тлумачний словник сучасної української мови: див. → загризати + СУМ-11: див. → загризати	unverified
загрозити	СУМ-11: див. → загрожувати	unverified
загрібати	СУМ-11: протилежне → вигрібати	unverified
загубити	ВТС: див. → загублювати + СУМ-11: див. → загублювати	unverified
загубитися	ВТС: див. → загублюватися + СУМ-11: див. → загублюватися	unverified
загін	СУМ-11: numbered homonym headwords	unverified
зад	Великий тлумачний словник сучасної української мови: прот. → перед + СУМ-11: протилежне → перед	unverified
задати	Великий тлумачний словник сучасної української мови: див. → задавати + СУМ-11: див. → задавати	unverified
задаток	Словник синонімів української мови + Великий тлумачний словник сучасної української мови: Те саме, що → завдаток + СУМ-11: Те саме, що → завдаток	unverified
задирати	СУМ-11: numbered homonym headwords	unverified
задиратися	СУМ-11: numbered homonym headwords	unverified
задки	СУМ-11: Те саме, що → задом	unverified
задній	Великий тлумачний словник сучасної української мови: прот. → передній + СУМ-11: протилежне → передній	unverified
задобрити	СУМ-11: див. → задобрювати	unverified
задовольнити	Словник синонімів української мови + Великий тлумачний словник сучасної української мови: див. → задовольняти + СУМ-11: див. → задовольняти	unverified
задумати	ВТС: див. → задумувати + СУМ-11: див. → задумувати	unverified
задуматися	Словник синонімів української мови + Великий тлумачний словник сучасної української мови: див. → задумуватися + СУМ-11: див. → задумуватися	unverified
задурювати	СУМ-11: Те саме, що → задурманювати	unverified
задуха	Словник синонімів української мови + Великий тлумачний словник сучасної української мови: Те саме, що → астма + СУМ-11: Те саме, що → астма	unverified
задушити	Словник синонімів української мови + Великий тлумачний словник сучасної української мови: див. → задушувати + СУМ-11: див. → задушувати	unverified
зажинки	Великий тлумачний словник сучасної української мови: прот. → обжинки + СУМ-11: протилежне → обжинки	unverified
заздрощі	ВТС: Те саме, що → заздрість + СУМ-11: Те саме, що → заздрість	unverified
заздрість	slovnyk.me: Словник синонімів Караванського + Словник синонімів української мови + ВТС: Те саме, що → заздрощі (reciprocal) + СУМ-11: Те саме, що → заздрощі (reciprocal)	unverified
заземлення	СУМ-11: Те саме, що → заземлювач	unverified
заземлити	СУМ-11: див. → заземлювати	unverified
зазирнути	СУМ-11: див. → зазирати	unverified
зазнати	ВТС: див. → зазнавати + СУМ-11: див. → зазнавати	unverified
зазначати	СУМ-11: див. → зазначити (reciprocal) + relation_pairs/synonym_verdicts: corpus relation pair → позначати	unverified
зазначити	СУМ-11: див. → зазначати	unverified
займання	СУМ-11: numbered homonym headwords	unverified
займати	slovnyk.me: Словник синонімів Караванського + ВТС: див. → зайняти (reciprocal) + СУМ-11: див. → зайняти (reciprocal)	unverified
займатися	СУМ-11: numbered homonym headwords	unverified
зайняти	ВТС: див. → займати + СУМ-11: див. → займати	unverified
зайнятися	Словник синонімів української мови + СУМ-11: див. → займатися + СУМ-11: див. → зайнятися	unverified
зайти	ВТС: див. → заходити + СУМ-11: див. → заходити	unverified
зайча	Великий тлумачний словник сучасної української мови: Те саме, що → зайченя + СУМ-11: Те саме, що → зайченя	unverified
заказати	Словник синонімів української мови + Великий тлумачний словник сучасної української мови: див. → заказувати + СУМ-11: див. → заказувати	unverified
закарбувати	СУМ-11: див. → закарбовувати	unverified
заквітчати	СУМ-11: див. → заквітчувати	unverified
закидання	СУМ-11: numbered homonym headwords	unverified
закидати	СУМ-11: numbered homonym headwords	unverified
закинути	Словник синонімів української мови + Великий тлумачний словник сучасної української мови: див. → закидати + СУМ-11: див. → закидати	unverified
закипіти	ВТС: див. → закипати + СУМ-11: див. → закипати	unverified
закладка	Великий тлумачний словник сучасної української мови: Те саме, що → закладання + СУМ-11: Те саме, що → закладання	unverified
закласти	Словник синонімів української мови + Словник української мови у 20 томах (УМІФ НАН України, Ін-т мовознавства ім. О. О. Потебні): див. → закладати + СУМ-11: див. → закладати	unverified
заклеїти	Великий тлумачний словник сучасної української мови: див. → заклеювати + СУМ-11: див. → заклеювати	unverified
заклинання	СУМ-11: Те саме, що → проклін	unverified
закляття	Словник синонімів української мови + Великий тлумачний словник сучасної української мови: Те саме, що → проклін + СУМ-11: Те саме, що → проклін	unverified
закопати	Словник синонімів української мови + Великий тлумачний словник сучасної української мови: див. → закопувати + СУМ-11: див. → закопувати	unverified
закопилити	Словник синонімів української мови + Великий тлумачний словник сучасної української мови: див. → закопилювати + СУМ-11: див. → закопилювати	unverified
закоркувати	СУМ-11: див. → закорковувати	unverified
закотити	СУМ-11: див. → закочувати	unverified
закохання	СУМ-11: Те саме, що → кохання	unverified
закохати	Словник синонімів української мови + Великий тлумачний словник сучасної української мови: див. → закохувати + СУМ-11: див. → закохувати	unverified
закохатися	ВТС: див. → закохуватися + СУМ-11: див. → закохуватися	unverified
закреслити	СУМ-11: див. → закреслювати	unverified
закривати	slovnyk.me: Словник синонімів Караванського + Словник синонімів української мови + ВТС: див. → закрити (reciprocal) + СУМ-11: див. → закрити (reciprocal)	unverified
закрити	ВТС: див. → закривати + СУМ-11: див. → закривати	unverified
закрутка	slovnyk.me: Словник синонімів Караванського + ВТС: Те саме, що → закруток + СУМ-11: Те саме, що → закруток	unverified
закріпити	ВТС: див. → закріплювати + СУМ-11: див. → закріплювати	unverified
закріпитися	СУМ-11: див. → закріплюватися	unverified
закупити	Великий тлумачний словник сучасної української мови: див. → закуповувати + СУМ-11: див. → закуповувати	unverified
закінчити	slovnyk.me: Словник синонімів української мови + СУМ-11: див. → закінчувати + relation_pairs/synonym_verdicts: corpus relation pair → завершити	unverified
закінчитися	Словник синонімів української мови + Великий тлумачний словник сучасної української мови: див. → закінчуватися + СУМ-11: див. → закінчуватися	unverified
закінчувати	slovnyk.me: Словник синонімів Караванського + СУМ-11: див. → закінчити (reciprocal)	unverified
зал	ВТС: Те саме, що → зала (reciprocal) + СУМ-11: Те саме, що → зала (reciprocal)	unverified
зала	ВТС: Те саме, що → зал + СУМ-11: Те саме, що → зал	unverified
залагодити	СУМ-11: див. → залагоджувати	unverified
залазити	СУМ-11: numbered homonym headwords	unverified
залежати	СУМ-11: numbered homonym headwords	unverified
залетіти	ВТС: див. → залітати + СУМ-11: див. → залітати	unverified
залити	Словник синонімів української мови + Великий тлумачний словник сучасної української мови: див. → заливати + СУМ-11: див. → заливати	unverified
залишати	slovnyk.me: Словник синонімів Караванського + ВТС: див. → залишити (reciprocal) + СУМ-11: див. → залишити (reciprocal)	unverified
залишатися	ВТС: див. → залишитися (reciprocal) + СУМ-11: див. → залишитися (reciprocal)	unverified
залишити	ВТС: див. → залишати + СУМ-11: див. → залишати	unverified
залишитися	ВТС: див. → залишатися + СУМ-11: див. → залишатися	unverified
залишки	Великий тлумачний словник сучасної української мови: див. → залишок + СУМ-11: див. → залишок	unverified
залучити	Словник синонімів української мови + Великий тлумачний словник сучасної української мови: див. → залучати + СУМ-11: див. → залучати	unverified
залякати	Словник синонімів української мови + Великий тлумачний словник сучасної української мови: див. → залякувати + СУМ-11: див. → залякувати	unverified
залізти	Словник синонімів української мови + Великий тлумачний словник сучасної української мови: див. → залазити + СУМ-11: див. → залазити	unverified
замалювати	Словник синонімів української мови + Великий тлумачний словник сучасної української мови: див. → замальовувати + СУМ-11: див. → замальовувати	unverified
заманити	Великий тлумачний словник сучасної української мови: див. → заманювати + СУМ-11: див. → заманювати	unverified
замаскувати	СУМ-11: див. → замасковувати	unverified
замах	Словник синонімів української мови + Великий тлумачний словник сучасної української мови: Те саме, що → змах + СУМ-11: Те саме, що → змах	unverified
замерзнути	ВТС: див. → замерзати + СУМ-11: див. → замерзати	unverified
замести	Словник синонімів української мови + Великий тлумачний словник сучасної української мови: див. → замітати + СУМ-11: див. → замітати	unverified
замикати	slovnyk.me: Словник синонімів української мови + ВТС: див. → замкнути (reciprocal) + СУМ-11: див. → замкнути (reciprocal)	unverified
замислитися	ВТС: див. → замислюватися + СУМ-11: див. → замислюватися	unverified
замкнений	slovnyk.me: Словник синонімів Караванського + Словник синонімів української мови + ВТС: див. → замкнутий (reciprocal) + СУМ-11: див. → замкнутий (reciprocal)	unverified
замкнути	ВТС: див. → замикати + СУМ-11: див. → замикати	unverified
замкнутий	slovnyk.me: Словник синонімів Караванського + ВТС: див. → замкнений + СУМ-11: див. → замкнений + relation_pairs/synonym_verdicts: corpus relation pair → закритий	unverified
замовити	ВТС: див. → замовляти + СУМ-11: див. → замовляти	unverified
замовкати	slovnyk.me: Словник синонімів Караванського + Словник синонімів української мови + ВТС: див. → замовкнути (reciprocal) + СУМ-11: див. → замовкнути (reciprocal)	unverified
замовкнути	ВТС: див. → замовкати + СУМ-11: див. → замовкати	unverified
замовляти	ВТС: див. → замовити (reciprocal) + СУМ-11: див. → замовити (reciprocal)	unverified
замовляти-замовити	Словник синонімів української мови + Великий тлумачний словник сучасної української мови: Те саме, що → сказати + СУМ-11: Те саме, що → сказати	unverified
замовник	Великий тлумачний словник сучасної української мови: Те саме, що → замовець + СУМ-11: Те саме, що → замовець	unverified
заморозити	СУМ-11: див. → заморожувати	unverified
замочити	ВТС: див. → замочувати + СУМ-11: див. → замочувати	unverified
заміна	Словник синонімів української мови + Великий тлумачний словник сучасної української мови: Те саме, що → обмін + СУМ-11: Те саме, що → обмін	unverified
замінити	ВТС: див. → заміняти + СУМ-11: див. → заміняти	unverified
замінювати	Словник синонімів української мови + Великий тлумачний словник сучасної української мови: див. → заміняти + СУМ-11: див. → заміняти	unverified
заміняти	СУМ-11: numbered homonym headwords	unverified
заміняти	Словник синонімів української мови + Великий тлумачний словник сучасної української мови: Те саме, що → проміняти + СУМ-11: Те саме, що → проміняти	unverified
замісити	Словник синонімів української мови + Великий тлумачний словник сучасної української мови: див. → замішувати + СУМ-11: див. → замішувати	unverified
замістити	Великий тлумачний словник сучасної української мови: див. → заміщати + СУМ-11: див. → заміщати	unverified
замішування	СУМ-11: numbered homonym headwords	unverified
западина	Великий тлумачний словник сучасної української мови: прот. → виступ + СУМ-11: протилежне → виступ	unverified
запакувати	Великий тлумачний словник сучасної української мови: див. → запаковувати + СУМ-11: див. → запаковувати	unverified
запал	СУМ-11: numbered homonym headwords	unverified
запалений	СУМ-11: numbered homonym headwords	unverified
запальний	СУМ-11: Те саме, що → запалювальний	unverified
запанувати	ВТС: див. → запановувати + СУМ-11: див. → запановувати	unverified
запевнити	СУМ-11: див. → запевняти	unverified
запекти	Великий тлумачний словник сучасної української мови: див. → запікати + СУМ-11: див. → запікати	unverified
заперечити	ВТС: див. → заперечувати + СУМ-11: див. → заперечувати	unverified
заперечувати	slovnyk.me: Словник синонімів Караванського + ВТС: див. → заперечити (reciprocal) + СУМ-11: див. → заперечити (reciprocal)	unverified
записати	ВТС: див. → записувати + СУМ-11: див. → записувати	unverified
записатися	ВТС: див. → записуватися + СУМ-11: див. → записуватися	unverified
записувати	slovnyk.me: Словник синонімів Караванського + Словник синонімів української мови + ВТС: див. → записати (reciprocal) + СУМ-11: див. → записати (reciprocal) + relation_pairs/synonym_verdicts: corpus relation pair → заносити	unverified
запитати	ВТС: див. → запитувати + СУМ-11: див. → запитувати	unverified
запити	Великий тлумачний словник сучасної української мови: див. → запивати + СУМ-11: див. → запивати	unverified
запитувати	slovnyk.me: Словник синонімів української мови + ВТС: див. → запитати (reciprocal) + СУМ-11: див. → запитати (reciprocal)	unverified
заплав	Словник синонімів української мови + Великий тлумачний словник сучасної української мови: Те саме, що → заплава + СУМ-11: Те саме, що → заплава	unverified
заплата	Словник синонімів української мови + Великий тлумачний словник сучасної української мови: Те саме, що → плата + СУМ-11: Те саме, що → плата	unverified
заплести	Словник синонімів української мови + Великий тлумачний словник сучасної української мови: див. → заплітати + СУМ-11: див. → заплітати	unverified
заплутати	Словник синонімів української мови + Великий тлумачний словник сучасної української мови: див. → заплутувати + СУМ-11: див. → заплутувати	unverified
заплутатися	ВТС: див. → заплутуватися + СУМ-11: див. → заплутуватися	unverified
заплющити	СУМ-11: див. → заплющувати	unverified
запобігати	ВТС: див. → запобігти (reciprocal) + СУМ-11: див. → запобігти (reciprocal)	unverified
запобігти	ВТС: див. → запобігати + СУМ-11: див. → запобігати	unverified
заповнити	ВТС: див. → заповнювати + СУМ-11: див. → заповнювати	unverified
заповісти	Словник синонімів української мови + Великий тлумачний словник сучасної української мови: див. → заповідати + СУМ-11: див. → заповідати	unverified
заподіяти	СУМ-11: див. → заподіювати	unverified
запозичити	СУМ-11: див. → запозичати	unverified
запозичувати	СУМ-11: див. → запозичати	unverified
запорозький	Великий тлумачний словник сучасної української мови: див. → запорізький + СУМ-11: див. → запорізький	unverified
заправляти	СУМ-11: numbered homonym headwords	unverified
заприсягтися	СУМ-11: див. → заприсягатися	unverified
запровадити	Великий тлумачний словник сучасної української мови: див. → запроваджувати + СУМ-11: див. → запроваджувати	unverified
запросити	СУМ-11: numbered homonym headwords	unverified
запуск	СУМ-11: numbered homonym headwords	unverified
запускати	СУМ-11: numbered homonym headwords	unverified
запущений	СУМ-11: numbered homonym headwords	unverified
запідозрити	Словник синонімів української мови + Великий тлумачний словник сучасної української мови: див. → запідозрювати + СУМ-11: див. → запідозрювати	unverified
запізнитися	ВТС: див. → запізнюватися + СУМ-11: див. → запізнюватися	unverified
запізнюватися	slovnyk.me: Словник синонімів Караванського + Словник синонімів української мови + ВТС: див. → запізнитися (reciprocal) + СУМ-11: див. → запізнитися (reciprocal)	unverified
заради	slovnyk.me: Словник синонімів Караванського + СУМ-20: Те саме, що → ради (reciprocal) + ВТС: Те саме, що → ради (reciprocal) + СУМ-11: Те саме, що → ради (reciprocal) + relation_pairs/synonym_verdicts: corpus relation pair → задля	unverified
зарадити	Словник синонімів української мови + Великий тлумачний словник сучасної української мови: див. → зараджувати + СУМ-11: див. → зараджувати	unverified
заразитися	ВТС: див. → заражатися + СУМ-11: див. → заражатися	unverified
зарання	СУМ-11: numbered homonym headwords	unverified
зарання	Словник синонімів української мови + Великий тлумачний словник сучасної української мови: Те саме, що → зарані + СУМ-11: Те саме, що → зарані	unverified
зарахувати	Словник синонімів української мови + Великий тлумачний словник сучасної української мови: див. → зараховувати + СУМ-11: див. → зараховувати	unverified
зарити	ВТС: див. → заривати + СУМ-11: див. → заривати	unverified
заробити	ВТС: див. → заробляти + СУМ-11: див. → заробляти	unverified
заробляти	slovnyk.me: Словник синонімів Караванського + Словник синонімів української мови + ВТС: див. → заробити (reciprocal) + СУМ-11: див. → заробити (reciprocal) + ВТС: Те саме, що → забруднювати	unverified
зарубати	Словник синонімів української мови + Великий тлумачний словник сучасної української мови: див. → зарубувати + СУМ-11: див. → зарубувати	unverified
заручитися	Великий тлумачний словник сучасної української мови: див. → заручатися + СУМ-11: див. → заручатися	unverified
заручник	СУМ-11: Те саме, що → заложник	unverified
заряд	СУМ-11: numbered homonym headwords	unverified
зарядка	Словник синонімів української мови + Великий тлумачний словник сучасної української мови: Те саме, що → заряджання + СУМ-11: Те саме, що → заряджання	unverified
засада	СУМ-11: numbered homonym headwords	unverified
засвоювати	slovnyk.me: Словник синонімів Караванського + ВТС: див. → засвоїти (reciprocal) + СУМ-11: див. → засвоїти (reciprocal)	unverified
засвоїти	ВТС: див. → засвоювати + СУМ-11: див. → засвоювати	unverified
засвідчити	СУМ-11: див. → засвідчувати	unverified
засвітитися	Великий тлумачний словник сучасної української мови: див. → засвічуватися + СУМ-11: див. → засвічуватися	unverified
заселити	Словник синонімів української мови + Великий тлумачний словник сучасної української мови: див. → заселяти + СУМ-11: див. → заселяти	unverified
засинати	ВТС: див. → засипати + СУМ-11: див. → засипати + СУМ-11: див. → заснути (reciprocal)	unverified
засипати	СУМ-11: numbered homonym headwords	unverified
засланий	Великий тлумачний словник сучасної української мови: Те саме, що → засланець + СУМ-11: Те саме, що → засланець	unverified
засланий	СУМ-11: numbered homonym headwords	unverified
заслон	Великий тлумачний словник сучасної української мови: див. → заслін + СУМ-11: див. → заслін	unverified
заслужити	Словник синонімів української мови + Великий тлумачний словник сучасної української мови: див. → заслуговувати + СУМ-11: див. → заслуговувати	unverified
засмаглий	СУМ-11: Те саме, що → закіптявілий	unverified
засмагнути	Словник синонімів української мови + Великий тлумачний словник сучасної української мови: див. → засмагати + СУМ-11: див. → засмагати	unverified
засмутити	ВТС: див. → засмучувати + СУМ-11: див. → засмучувати	unverified
заснований	СУМ-11: numbered homonym headwords	unverified
заснути	ВТС: див. → засипати + СУМ-11: див. → засинати	unverified
засохнути	СУМ-11: див. → засихати	unverified
заспокоювати	Словник синонімів української мови + Великий тлумачний словник сучасної української мови: Те саме, що → утихомирювати + СУМ-11: Те саме, що → утихомирювати	unverified
заспокоюватися	ВТС: див. → заспокоїтися (reciprocal) + СУМ-11: див. → заспокоїтися (reciprocal)	unverified
заспокоїти	Словник синонімів української мови + Великий тлумачний словник сучасної української мови: див. → заспокоювати + СУМ-11: див. → заспокоювати	unverified
заспокоїтися	ВТС: див. → заспокоюватися + СУМ-11: див. → заспокоюватися	unverified
заспівати	ВТС: див. → заспівувати + СУМ-11: див. → заспівувати	unverified
застава	СУМ-11: numbered homonym headwords	unverified
заставка	Великий тлумачний словник сучасної української мови: прот. → кінцівка + СУМ-11: протилежне → кінцівка	unverified
застати	slovnyk.me: Словник синонімів української мови + ВТС: див. → заставати + СУМ-11: див. → заставати	unverified
застебнути	Словник синонімів української мови + Великий тлумачний словник сучасної української мови: див. → застібати + СУМ-11: див. → застібати	unverified
застелити	СУМ-11: див. → застилати	unverified
застерегти	СУМ-11: див. → застерігати	unverified
застопорити	СУМ-11: див. → застопорювати	unverified
застосовувати	slovnyk.me: Словник синонімів Караванського + ВТС: див. → застосувати (reciprocal) + СУМ-11: див. → застосувати (reciprocal)	unverified
застосувати	ВТС: див. → застосовувати + СУМ-11: див. → застосовувати	unverified
застрахуватися	СУМ-11: див. → застраховуватися	unverified
застрелити	СУМ-11: див. → застрілювати	unverified
застрягати	ВТС: див. → застрявати + СУМ-11: див. → застрявати	unverified
застрягнути	ВТС: див. → застрявати + СУМ-11: див. → застрявати	unverified
застрягти	Словник синонімів української мови + Великий тлумачний словник сучасної української мови: див. → застрявати + СУМ-11: див. → застрявати	unverified
застудитися	СУМ-11: див. → застуджуватися	unverified
заступитися	СУМ-11: див. → заступатися	unverified
засуджувати	slovnyk.me: Словник синонімів Караванського + Словник синонімів української мови + ВТС: див. → засудити (reciprocal) + СУМ-11: див. → засудити (reciprocal)	unverified
засудити	ВТС: див. → засуджувати + СУМ-11: див. → засуджувати	unverified
засів	Великий тлумачний словник сучасної української мови: Те саме, що → засівання + СУМ-11: Те саме, що → засівання	unverified
засідати	СУМ-11: numbered homonym headwords	unverified
засіка	Словник синонімів української мови + Великий тлумачний словник сучасної української мови: Те саме, що → засік + СУМ-11: Те саме, що → засік	unverified
затамувати	ВТС: див. → затамовувати + СУМ-11: див. → затамовувати	unverified
затверджений	СУМ-11: numbered homonym headwords	unverified
затвор	СУМ-11: numbered homonym headwords	unverified
затекти	Словник синонімів української мови + Великий тлумачний словник сучасної української мови: див. → затікати + СУМ-11: див. → затікати	unverified
затишок	Словник синонімів української мови + Великий тлумачний словник сучасної української мови: Те саме, що → затишшя + СУМ-11: Те саме, що → затишшя	unverified
заткнути	Словник синонімів української мови + Великий тлумачний словник сучасної української мови: див. → затикати + СУМ-11: див. → затикати	unverified
затримати	ВТС: див. → затримувати + СУМ-11: див. → затримувати	unverified
затриматися	ВТС: див. → затримуватися + СУМ-11: див. → затримуватися	unverified
затримувати	slovnyk.me: Словник синонімів Караванського + ВТС: див. → затримати (reciprocal) + СУМ-11: див. → затримати (reciprocal)	unverified
затулити	Словник синонімів української мови + Великий тлумачний словник сучасної української мови: див. → затуляти + СУМ-11: див. → затуляти	unverified
затягнути	ВТС: див. → затягати + СУМ-11: див. → затягати	unverified
затягти	Словник синонімів української мови + Великий тлумачний словник сучасної української мови: див. → затягати + СУМ-11: див. → затягати	unverified
затягувати	ВТС: див. → затягати + СУМ-11: див. → затягати	unverified
затіяти	Словник синонімів української мови + Великий тлумачний словник сучасної української мови: див. → затівати + СУМ-11: див. → затівати	unverified
зауважити	Словник синонімів української мови + Великий тлумачний словник сучасної української мови: див. → зауважувати + СУМ-11: див. → зауважувати	unverified
заучувати	СУМ-11: див. → завчати	unverified
зафарбувати	Великий тлумачний словник сучасної української мови: див. → зафарбовувати + СУМ-11: див. → зафарбовувати	unverified
зафіксувати	ВТС: див. → зафіксовувати + СУМ-11: див. → зафіксовувати	unverified
захарастити	Словник синонімів української мови + Великий тлумачний словник сучасної української мови: див. → захаращувати + СУМ-11: див. → захаращувати	unverified
захват	СУМ-11: numbered homonym headwords	unverified
захворіти	slovnyk.me: Словник синонімів української мови + ВТС: див. → захворювати + СУМ-11: див. → захворювати	unverified
захистити	ВТС: див. → захищати + СУМ-11: див. → захищати	unverified
захиститися	ВТС: див. → захищатися + СУМ-11: див. → захищатися	unverified
захищати	slovnyk.me: Словник синонімів Караванського + Словник синонімів української мови + СУМ-20: Те саме, що → відстоювати (reciprocal) + СУМ-11: Те саме, що → відстоювати (reciprocal) + ВТС: див. → захистити (reciprocal) + СУМ-11: див. → захистити (reciprocal)	unverified
заховати	Великий тлумачний словник сучасної української мови: див. → заховувати + СУМ-11: див. → заховувати	unverified
заховатися	СУМ-11: див. → заховуватися	unverified
заходити	slovnyk.me: Словник синонімів Караванського + ВТС: див. → зайти (reciprocal) + СУМ-11: див. → зайти (reciprocal) + relation_pairs/synonym_verdicts: corpus relation pair → забігати	unverified
захопити	ВТС: див. → захоплювати + СУМ-11: див. → захоплювати	unverified
захопитися	ВТС: див. → захоплюватися + СУМ-11: див. → захоплюватися	unverified
захоплювати	slovnyk.me: Словник синонімів Караванського + ВТС: див. → захопити (reciprocal) + СУМ-11: див. → захопити (reciprocal)	unverified
захоплюватися	slovnyk.me: Словник синонімів Караванського + ВТС: див. → захопитися (reciprocal) + СУМ-11: див. → захопитися (reciprocal)	unverified
захід	СУМ-11: numbered homonym headwords	unverified
захід	СУМ-11: протилежне → схід	unverified
західний	Вікісловник: explicit antonym list + ВТС: прот. → східний + СУМ-11: протилежне → східний + СУМ-20: протилежне → східний (reciprocal) + ВТС: прот. → східний (reciprocal) + СУМ-11: протилежне → східний (reciprocal)	unverified
зацвітати	СУМ-11: numbered homonym headwords	unverified
зацікавити	Словник синонімів української мови + Великий тлумачний словник сучасної української мови: див. → зацікавлювати + СУМ-11: див. → зацікавлювати	unverified
зачарувати	ВТС: див. → зачаровувати + СУМ-11: див. → зачаровувати	unverified
зачати	Словник синонімів української мови + Великий тлумачний словник сучасної української мови: див. → зачинати + СУМ-11: див. → зачинати	unverified
зачерпнути	СУМ-11: див. → зачерпувати	unverified
зачин	slovnyk.me: Словник синонімів Караванського + ВТС: Те саме, що → початок + СУМ-11: Те саме, що → початок	unverified
зачин	СУМ-11: numbered homonym headwords	unverified
зачинити	ВТС: див. → зачиняти + СУМ-11: див. → зачиняти	unverified
зачиняти	slovnyk.me: Словник синонімів Караванського + ВТС: див. → зачинити (reciprocal) + СУМ-11: див. → зачинити (reciprocal)	unverified
зачудування	СУМ-11: див. → зачудовання	unverified
зашкодити	ВТС: див. → зашкоджувати + СУМ-11: див. → зашкоджувати	unverified
заявити	ВТС: див. → заявляти + СУМ-11: див. → заявляти	unverified
заєць	Словник синонімів української мови + Великий тлумачний словник сучасної української мови: Те саме, що → тушканчик + СУМ-11: Те саме, що → тушканчик	unverified
заїжджати	СУМ-11: numbered homonym headwords	unverified
заїзд	СУМ-11: numbered homonym headwords	unverified
збагатити	ВТС: див. → збагачувати + СУМ-11: див. → збагачувати	unverified
збагатитися	СУМ-11: див. → збагачуватися	unverified
збагачувати	ВТС: див. → збагатити (reciprocal) + СУМ-11: див. → збагатити (reciprocal)	unverified
зберегти	ВТС: див. → зберігати + СУМ-11: див. → зберігати	unverified
зберегтися	Словник синонімів української мови + Великий тлумачний словник сучасної української мови: див. → зберігатися + СУМ-11: див. → зберігатися	unverified
збереження	ВТС: Те саме, що → заощадження + СУМ-11: Те саме, що → заощадження + relation_pairs/synonym_verdicts: corpus relation pair → охорона	unverified
зберігати	slovnyk.me: Словник синонімів Караванського + Словник синонімів української мови + ВТС: див. → зберегти (reciprocal) + СУМ-11: див. → зберегти (reciprocal) + relation_pairs/synonym_verdicts: corpus relation pair → берегти + relation_pairs/synonym_verdicts: corpus relation pair → заощаджувати	unverified
збивати	slovnyk.me: Словник синонімів Караванського + ВТС: див. → збити (reciprocal) + СУМ-11: див. → збити (reciprocal)	unverified
збирання	Великий тлумачний словник сучасної української мови: Те саме, що → збиральництво + СУМ-11: Те саме, що → збиральництво	unverified
збирати	slovnyk.me: Словник синонімів Караванського + ВТС: див. → зібрати (reciprocal) + СУМ-11: див. → зібрати (reciprocal) + relation_pairs/synonym_verdicts: corpus relation pair → набирати	unverified
збиратися	slovnyk.me: Словник синонімів Караванського + ВТС: див. → зібратися (reciprocal) + СУМ-11: див. → зібратися (reciprocal) + relation_pairs/synonym_verdicts: corpus relation pair → готуватися	unverified
збити	ВТС: див. → збивати + СУМ-11: див. → збивати	unverified
збитися	Словник синонімів української мови + Великий тлумачний словник сучасної української мови: див. → збиватися + СУМ-11: див. → збиватися	unverified
зблизити	Словник синонімів української мови + Великий тлумачний словник сучасної української мови: див. → зближати + СУМ-11: див. → зближати	unverified
зблизитися	СУМ-11: див. → зближатися	unverified
збройний	Словник синонімів української мови + Великий тлумачний словник сучасної української мови: Те саме, що → озброєний + СУМ-11: Те саме, що → озброєний	unverified
збудити	Словник синонімів української мови + Великий тлумачний словник сучасної української мови: див. → збуджувати + СУМ-11: див. → збуджувати	unverified
збігати	Великий тлумачний словник сучасної української мови: прот. → з'являтися + СУМ-11: протилежне → з'являтися	unverified
збільшити	ВТС: див. → збільшувати + СУМ-11: див. → збільшувати	unverified
збільшитися	Словник синонімів української мови + Великий тлумачний словник сучасної української мови: див. → збільшуватися + СУМ-11: див. → збільшуватися	unverified
збільшувати	slovnyk.me: Словник синонімів Караванського + Словник синонімів української мови + ВТС: див. → збільшити (reciprocal) + СУМ-11: див. → збільшити (reciprocal)	unverified
звалити	Словник синонімів української мови + Великий тлумачний словник сучасної української мови: див. → звалювати + СУМ-11: див. → звалювати	unverified
звалитися	ВТС: див. → звалюватися + СУМ-11: див. → звалюватися	unverified
звернути	Словник синонімів української мови + Великий тлумачний словник сучасної української мови: див. → звертати + СУМ-11: див. → звертати	unverified
звернутися	ВТС: див. → звертатися + СУМ-11: див. → звертатися	unverified
звертатися	slovnyk.me: Словник синонімів Караванського + Словник синонімів української мови + ВТС: див. → звернутися (reciprocal) + СУМ-11: див. → звернутися (reciprocal)	unverified
зверх	СУМ-11: numbered homonym headwords	unverified
зверхній	Великий тлумачний словник сучасної української мови: прот. → внутрішній + СУМ-11: протилежне → внутрішній	unverified
зверху	ВТС: прот. → внизу + ВТС: прот. → всередині + СУМ-11: протилежне → внизу + ВТС: прот. → знизу (reciprocal)	unverified
зверху	СУМ-11: numbered homonym headwords	unverified
звести	Словник синонімів української мови + Великий тлумачний словник сучасної української мови: див. → зводити + СУМ-11: див. → зводити	unverified
звестися	Словник синонімів української мови + Великий тлумачний словник сучасної української мови: див. → зводитися + СУМ-11: див. → зводитися	unverified
звикати	slovnyk.me: Словник синонімів Караванського + ВТС: див. → звикнути (reciprocal) + СУМ-11: див. → звикнути (reciprocal)	unverified
звикнути	ВТС: див. → звикати + СУМ-11: див. → звикати	unverified
звинуватити	ВТС: див. → звинувачувати + СУМ-11: див. → звинувачувати	unverified
звинувачувати	ВТС: див. → звинуватити (reciprocal) + СУМ-11: див. → звинуватити (reciprocal)	unverified
звити	Словник синонімів української мови + Великий тлумачний словник сучасної української мови: див. → звивати + СУМ-11: див. → звивати	unverified
зволити	Словник синонімів української мови + СУМ-11: див. → зволяти	unverified
зволожити	ВТС: див. → зволожувати + СУМ-11: див. → зволожувати	unverified
зволожувати	ВТС: див. → зволожити (reciprocal) + СУМ-11: див. → зволожити (reciprocal)	unverified
зворушений	СУМ-11: numbered homonym headwords	unverified
звузити	Словник синонімів української мови + Великий тлумачний словник сучасної української мови: див. → звужувати + СУМ-11: див. → звужувати	unverified
звіддаля	Словник синонімів української мови + Великий тлумачний словник сучасної української мови: Те саме, що → здалека + СУМ-11: Те саме, що → здалека	unverified
звідки	ВТС: Те саме, що → звідкись + ВТС: Те саме, що → звідкіля (reciprocal) + СУМ-11: Те саме, що → звідкіля (reciprocal)	unverified
звідкіль	Великий тлумачний словник сучасної української мови: Те саме, що → звідки + СУМ-11: Те саме, що → звідки	unverified
звідкіля	ВТС: Те саме, що → звідки + СУМ-11: Те саме, що → звідки	unverified
звідкілясь	СУМ-11: Те саме, що → звідкись	unverified
звідсіля	Словник синонімів української мови + Великий тлумачний словник сучасної української мови: Те саме, що → звідси + СУМ-11: Те саме, що → звідси	unverified
звідтіль	Словник синонімів української мови + Великий тлумачний словник сучасної української мови: Те саме, що → звідти + СУМ-11: Те саме, що → звідти	unverified
звідтіля	Словник синонімів української мови + Великий тлумачний словник сучасної української мови: Те саме, що → звідти + СУМ-11: Те саме, що → звідти	unverified
звідусюди	СУМ-11: Те саме, що → звідусіль	unverified
звільнитися	ВТС: див. → звільнятися + СУМ-11: див. → звільнятися	unverified
звільняти	СУМ-11: numbered homonym headwords	unverified
звільнятися	slovnyk.me: Словник синонімів Караванського + Словник синонімів української мови + ВТС: див. → звільнитися (reciprocal) + СУМ-11: див. → звільнитися (reciprocal)	unverified
звір	СУМ-11: numbered homonym headwords	unverified
звіробій	СУМ-11: numbered homonym headwords	unverified
звістити	Словник синонімів української мови + Великий тлумачний словник сучасної української мови: див. → звіщати + СУМ-11: див. → звіщати	unverified
згадати	slovnyk.me: Словник синонімів української мови + ВТС: див. → згадувати + СУМ-11: див. → згадувати	unverified
згадувати	slovnyk.me: Словник синонімів Караванського + ВТС: див. → згадати (reciprocal) + СУМ-11: див. → згадати (reciprocal)	unverified
згин	СУМ-11: numbered homonym headwords	unverified
згин	Словник синонімів української мови + Великий тлумачний словник сучасної української мови: Те саме, що → загибель + СУМ-11: Те саме, що → загибель	unverified
згладити	Великий тлумачний словник сучасної української мови: див. → згладжувати + СУМ-11: див. → згладжувати	unverified
згнити	Словник синонімів української мови + Великий тлумачний словник сучасної української мови: див. → згнивати + СУМ-11: див. → згнивати	unverified
згоден	slovnyk.me: Словник синонімів Караванського + ВТС: див. → згодний + СУМ-11: див. → згодний	unverified
згорання	Великий тлумачний словник сучасної української мови: див. → згоряння + СУМ-11: див. → згоряння	unverified
згорнути	Словник синонімів української мови + Великий тлумачний словник сучасної української мови: див. → згортати + СУМ-11: див. → згортати	unverified
згорнутися	СУМ-11: див. → згортатися	unverified
згоріти	ВТС: див. → згоряти + СУМ-11: див. → згоряти	unverified
згрупувати	Великий тлумачний словник сучасної української мови: див. → згруповувати + СУМ-11: див. → згруповувати	unverified
згубити	Великий тлумачний словник сучасної української мови: прот. → знайти + СУМ-11: протилежне → знайти	unverified
згуртувати	СУМ-11: див. → згуртовувати	unverified
згуртуватися	СУМ-11: див. → згуртовуватися	unverified
здавати	slovnyk.me: Словник синонімів Караванського + ВТС: див. → здати (reciprocal) + СУМ-11: див. → здати (reciprocal)	unverified
здаватися	СУМ-11: numbered homonym headwords	unverified
здалеку	Словник синонімів української мови + Великий тлумачний словник сучасної української мови: Те саме, що → здалека + СУМ-11: Те саме, що → здалека	unverified
здати	ВТС: див. → здавати + СУМ-11: див. → здавати	unverified
здатися	ВТС: Те саме, що → знадобитися + СУМ-11: Те саме, що → знадобитися	unverified
здебільша	СУМ-11: Те саме, що → здебільшого	unverified
здержати	Словник синонімів української мови + Великий тлумачний словник сучасної української мови: див. → здержувати + СУМ-11: див. → здержувати	unverified
здерти	ВТС: див. → здирати + СУМ-11: див. → здирати	unverified
здивувати	slovnyk.me: Словник синонімів Караванського + ВТС: Те саме, що → здивуватися + СУМ-11: Те саме, що → здивуватися	unverified
здивуватися	slovnyk.me: Словник синонімів Караванського + ВТС: Те саме, що → здивувати (reciprocal) + СУМ-11: Те саме, що → здивувати (reciprocal)	unverified
здирати	slovnyk.me: Словник синонімів Караванського + Словник синонімів української мови + ВТС: див. → здерти (reciprocal) + СУМ-11: див. → здерти (reciprocal)	unverified
здобич	Словник синонімів української мови + Великий тлумачний словник сучасної української мови: Те саме, що → здобуття + СУМ-11: Те саме, що → здобуття	unverified
здобути	ВТС: див. → здобувати + СУМ-11: див. → здобувати	unverified
здобуток	Словник синонімів української мови + Великий тлумачний словник сучасної української мови: Те саме, що → здобуття + СУМ-11: Те саме, що → здобуття	unverified
здовж	СУМ-11: numbered homonym headwords	unverified
здогад	Словник синонімів української мови + Великий тлумачний словник сучасної української мови: Те саме, що → кмітливість + СУМ-11: Те саме, що → кмітливість	unverified
здогадатися	ВТС: див. → здогадуватися + СУМ-11: див. → здогадуватися	unverified
здогнати	СУМ-11: див. → здоганяти	unverified
здоров	Словник синонімів української мови + Великий тлумачний словник сучасної української мови: див. → здоровий + СУМ-11: див. → здоровий	unverified
здоровецький	СУМ-11: Те саме, що → здоровенний	unverified
здоровий	ВТС: прот. → хворий + СУМ-11: протилежне → хворий + СУМ-20: протилежне → хворий (reciprocal) + ВТС: прот. → хворий (reciprocal) + СУМ-11: протилежне → хворий (reciprocal) + relation_pairs/miyklas.com.ua: corpus relation pair → хворий	unverified
здохнути	Словник синонімів української мови + Великий тлумачний словник сучасної української мови: див. → здихати + СУМ-11: див. → здихати	unverified
здригатися	СУМ-11: Те саме, що → коливатися	unverified
здіймати	Словник синонімів української мови + Великий тлумачний словник сучасної української мови: Те саме, що → фотографувати + СУМ-11: Те саме, що → фотографувати	unverified
здійматися	СУМ-11: Те саме, що → фотографуватися	unverified
здійняти	Словник синонімів української мови + Великий тлумачний словник сучасної української мови: див. → здіймати + СУМ-11: див. → здіймати	unverified
здійнятися	Словник синонімів української мови + Великий тлумачний словник сучасної української мови: див. → здійматися + СУМ-11: див. → здійматися	unverified
здійснити	ВТС: див. → здійснювати + СУМ-11: див. → здійснювати	unverified
здійснитися	СУМ-11: див. → здійснюватися	unverified
здійснювати	slovnyk.me: Словник синонімів Караванського + Словник синонімів української мови + ВТС: див. → здійснити (reciprocal) + СУМ-11: див. → здійснити (reciprocal) + relation_pairs/synonym_verdicts: corpus relation pair → виконувати	unverified
зелен	slovnyk.me: Словник синонімів Караванського (base form зелений) + ВТС: див. → зелений + СУМ-11: див. → зелений	unverified
зелена	slovnyk.me: Словник синонімів Караванського (base form зелений) + СУМ-11: Те саме, що → зелень	unverified
зеленуватий	СУМ-11: Те саме, що → зеленкуватий	unverified
зефір	СУМ-11: numbered homonym headwords	unverified
ззаду	Великий тлумачний словник сучасної української мови: прот. → спереду + Великий тлумачний словник сучасної української мови: прот. → попереду + СУМ-11: протилежне → спереду	unverified
зимно	СУМ-11: numbered homonym headwords	unverified
зимній	Великий тлумачний словник сучасної української мови: Те саме, що → зимовий + СУМ-11: Те саме, що → зимовий	unverified
зичити	СУМ-11: numbered homonym headwords	unverified
злазити	СУМ-11: numbered homonym headwords	unverified
зламати	ВТС: див. → зламувати + СУМ-11: див. → зламувати	unverified
злетіти	ВТС: див. → злітати + СУМ-11: див. → злітати	unverified
зливатися	СУМ-11: Те саме, що → обливатися	unverified
злизати	Великий тлумачний словник сучасної української мови: див. → злизувати + СУМ-11: див. → злизувати	unverified
злий	ВТС: прот. → добрий + СУМ-11: протилежне → добрий	unverified
злиток	Великий тлумачний словник сучасної української мови: Те саме, що → зливок + СУМ-11: Те саме, що → зливок	unverified
зло	Великий тлумачний словник сучасної української мови: прот. → добро + СУМ-11: протилежне → добро	unverified
зло	СУМ-11: numbered homonym headwords	unverified
злющий	Великий тлумачний словник сучасної української мови: прот. → добрячий + СУМ-11: протилежне → добрячий	unverified
зліва	ВТС: прот. → справа + СУМ-11: протилежне → справа + СУМ-20: протилежне → направо (reciprocal) + ВТС: прот. → направо (reciprocal) + СУМ-11: протилежне → направо (reciprocal)	unverified
злізти	Словник синонімів української мови + Великий тлумачний словник сучасної української мови: див. → злазити + СУМ-11: див. → злазити	unverified
зліпити	Словник синонімів української мови + Великий тлумачний словник сучасної української мови: див. → зліплювати + СУМ-11: див. → зліплювати	unverified
злітати	СУМ-11: numbered homonym headwords	unverified
змагати	СУМ-11: numbered homonym headwords	unverified
змагатися	СУМ-11: numbered homonym headwords	unverified
змагатися	Словник синонімів української мови + Великий тлумачний словник сучасної української мови: Те саме, що → сваритися + СУМ-11: Те саме, що → сваритися	unverified
змалювати	Словник синонімів української мови + Великий тлумачний словник сучасної української мови: див. → змальовувати + СУМ-11: див. → змальовувати	unverified
змастити	Словник синонімів української мови + Великий тлумачний словник сучасної української мови: див. → змащувати + СУМ-11: див. → змащувати	unverified
зменшити	ВТС: див. → зменшувати + СУМ-11: див. → зменшувати	unverified
зменшитися	Словник синонімів української мови + Великий тлумачний словник сучасної української мови: див. → зменшуватися + СУМ-11: див. → зменшуватися	unverified
зменшувати	slovnyk.me: Словник синонімів Караванського + Словник синонімів української мови + ВТС: див. → зменшити (reciprocal) + СУМ-11: див. → зменшити (reciprocal)	unverified
змерзнути	Словник синонімів української мови + Великий тлумачний словник сучасної української мови: див. → змерзати + СУМ-11: див. → змерзати	unverified
змести	Великий тлумачний словник сучасної української мови: див. → змітати + СУМ-11: див. → змітати	unverified
змиритися	СУМ-11: див. → змирятися	unverified
змити	ВТС: див. → змивати + СУМ-11: див. → змивати	unverified
змовчати	ВТС: див. → змовчувати + СУМ-11: див. → змовчувати	unverified
змолоти	Словник синонімів української мови + Великий тлумачний словник сучасної української мови: див. → змелювати + СУМ-11: див. → змелювати	unverified
зморшка	СУМ-11: numbered homonym headwords	unverified
зморщити	СУМ-11: див. → зморщувати	unverified
змочити	Словник синонімів української мови + Великий тлумачний словник сучасної української мови: див. → змочувати + СУМ-11: див. → змочувати	unverified
змусити	ВТС: див. → змушувати + СУМ-11: див. → змушувати	unverified
змушувати	slovnyk.me: Словник синонімів Караванського + Словник синонімів української мови + ВТС: див. → змусити (reciprocal) + СУМ-11: див. → змусити (reciprocal)	unverified
змінити	ВТС: див. → змінювати + СУМ-11: див. → змінювати	unverified
змінитися	ВТС: див. → змінюватися + СУМ-11: див. → змінюватися	unverified
змінювати	slovnyk.me: Словник синонімів Караванського + Словник синонімів української мови + ВТС: див. → змінити (reciprocal) + СУМ-11: див. → змінити (reciprocal) + ВТС: Те саме, що → проміняти	unverified
змінюватися	slovnyk.me: Словник синонімів української мови + ВТС: див. → змінитися (reciprocal) + СУМ-11: див. → змінитися (reciprocal)	unverified
змістити	Словник синонімів української мови + Великий тлумачний словник сучасної української мови: див. → зміщати + СУМ-11: див. → зміщати	unverified
зміцнити	ВТС: див. → зміцнювати + СУМ-11: див. → зміцнювати + СУМ-11: див. → зміцнити + СУМ-11: див. → зміцнити (reciprocal)	unverified
зміцнитися	СУМ-11: див. → зміцнюватися	unverified
змішання	СУМ-11: numbered homonym headwords	unverified
зміщувати	СУМ-11: див. → зміщати	unverified
зміюка	Словник синонімів української мови + Великий тлумачний словник сучасної української мови: Те саме, що → змія + СУМ-11: Те саме, що → змія	unverified
знадобитися	slovnyk.me: Словник синонімів Караванського + Словник синонімів української мови + ВТС: Те саме, що → здатися (reciprocal) + СУМ-11: Те саме, що → здатися (reciprocal)	unverified
знайти	ВТС: див. → знаходити + СУМ-11: див. → знаходити	unverified
знайтися	Великий тлумачний словник сучасної української мови: див. → знаходитися + СУМ-11: див. → знаходитися	unverified
знамення	Великий тлумачний словник сучасної української мови: Те саме, що → символ + СУМ-11: Те саме, що → символ	unverified
знамено	Словник синонімів української мови + Великий тлумачний словник сучасної української мови: Те саме, що → прапор + СУМ-11: Те саме, що → прапор	unverified
знаходити	slovnyk.me: Словник синонімів Караванського + Словник синонімів української мови + ВТС: див. → знайти (reciprocal) + СУМ-11: див. → знайти (reciprocal) + relation_pairs/miyklas.com.ua: corpus relation pair → діватися	unverified
знебарвити	ВТС: див. → знебарвлювати + СУМ-11: див. → знебарвлювати	unverified
зневажати	ВТС: прот. → поважати + СУМ-11: протилежне → поважати	unverified
зневажити	СУМ-11: див. → зневажати	unverified
зневоднити	ВТС: див. → зневоднювати + СУМ-11: див. → зневоднювати	unverified
знегоди	СУМ-11: Те саме, що → непогода	unverified
знезаразити	СУМ-11: див. → знезаражувати	unverified
знести	ВТС: див. → зносити + СУМ-11: див. → зносити	unverified
знешкодити	ВТС: див. → знешкоджувати + СУМ-11: див. → знешкоджувати	unverified
знижувати	ВТС: див. → знизити (reciprocal) + СУМ-11: див. → знизити (reciprocal)	unverified
знизити	ВТС: див. → знижувати + СУМ-11: див. → знижувати	unverified
знизитися	Словник синонімів української мови + Великий тлумачний словник сучасної української мови: див. → знижуватися + СУМ-11: див. → знижуватися	unverified
знизування	СУМ-11: numbered homonym headwords	unverified
зникати	slovnyk.me: Словник синонімів Караванського + Словник синонімів української мови + ВТС: див. → зникнути (reciprocal) + СУМ-11: див. → зникнути (reciprocal) + relation_pairs/miyklas.com.ua: corpus relation pair → діватися	unverified
зникнути	ВТС: див. → зникати + СУМ-11: див. → зникати	unverified
знищити	slovnyk.me: Словник синонімів Караванського + ВТС: див. → знищувати + СУМ-11: див. → знищувати	unverified
знову	slovnyk.me: Словник синонімів Караванського + СУМ-11: Те саме, що → знов	unverified
зносити	slovnyk.me: Словник синонімів Караванського + ВТС: див. → знести (reciprocal) + СУМ-11: див. → знести (reciprocal)	unverified
зняти	ВТС: див. → знімати + СУМ-11: див. → знімати	unverified
знятися	Словник синонімів української мови + Великий тлумачний словник сучасної української мови: див. → зніматися + СУМ-11: див. → зніматися	unverified
знімати	slovnyk.me: Словник синонімів Караванського + Словник синонімів української мови + ВТС: див. → зняти (reciprocal) + СУМ-11: див. → зняти (reciprocal)	unverified
зніматися	СУМ-11: Те саме, що → фотографуватися	unverified
зо	Великий тлумачний словник сучасної української мови: див. → з + СУМ-11: див. → з	unverified
зображувати	СУМ-11: див. → зображати	unverified
зобразити	Словник синонімів української мови + Великий тлумачний словник сучасної української мови: див. → зображати + СУМ-11: див. → зображати	unverified
зовні	Великий тлумачний словник сучасної української мови: прот. → зсередини + Великий тлумачний словник сучасної української мови: прот. → всередині + СУМ-11: протилежне → зсередини + СУМ-11: протилежне → всередині	unverified
зовнішній	Великий тлумачний словник сучасної української мови: прот. → внутрішній + СУМ-11: протилежне → внутрішній	unverified
зовсім	slovnyk.me: Словник синонімів Караванського + Словник синонімів української мови + СУМ-20: Те саме, що → якраз (reciprocal) + ВТС: Те саме, що → якраз (reciprocal) + СУМ-11: Те саме, що → якраз (reciprocal)	unverified
зойкнути	Словник синонімів української мови + Великий тлумачний словник сучасної української мови: див. → зойкати + СУМ-11: див. → зойкати	unverified
золотавий	СУМ-11: Те саме, що → золотистий	unverified
зомліти	Словник синонімів української мови + Великий тлумачний словник сучасної української мови: див. → зомлівати + СУМ-11: див. → зомлівати	unverified
зональний	СУМ-11: numbered homonym headwords	unverified
зорати	Словник синонімів української мови + Великий тлумачний словник сучасної української мови: див. → зорювати + СУМ-11: див. → зорювати	unverified
зоря	Словник синонімів української мови + Великий тлумачний словник сучасної української мови: Те саме, що → метеор + СУМ-11: Те саме, що → метеор	unverified
зосереджуватися	ВТС: див. → зосередитися (reciprocal) + СУМ-11: див. → зосередитися (reciprocal)	unverified
зосередити	Словник синонімів української мови + Великий тлумачний словник сучасної української мови: див. → зосереджувати + СУМ-11: див. → зосереджувати	unverified
зосередитися	ВТС: див. → зосереджуватися + СУМ-11: див. → зосереджуватися	unverified
зостатися	Великий тлумачний словник сучасної української мови: див. → зоставатися + СУМ-11: див. → зоставатися	unverified
зраджувати	slovnyk.me: Словник синонімів Караванського + Словник синонімів української мови + ВТС: див. → зрадити (reciprocal) + СУМ-11: див. → зрадити (reciprocal) + relation_pairs/synonym_verdicts: corpus relation pair → видавати	unverified
зрадити	ВТС: див. → зраджувати + СУМ-11: див. → зраджувати	unverified
зрання	Словник синонімів української мови + Великий тлумачний словник сучасної української мови: Те саме, що → зранку + СУМ-11: Те саме, що → зранку	unverified
зректися	Словник синонімів української мови + Великий тлумачний словник сучасної української мови: див. → зрікатися + СУМ-11: див. → зрікатися	unverified
зроду-віку	СУМ-11: див. → зроду	unverified
зростання	slovnyk.me: Словник синонімів Караванського + Словник синонімів української мови + ВТС: Те саме, що → зріст (reciprocal) + СУМ-11: Те саме, що → зріст (reciprocal)	unverified
зрости	Словник синонімів української мови + Великий тлумачний словник сучасної української мови: див. → зростати + СУМ-11: див. → зростати	unverified
зрубати	ВТС: див. → зрубувати + СУМ-11: див. → зрубувати	unverified
зрушити	Словник синонімів української мови + Великий тлумачний словник сучасної української мови: див. → зрушувати + СУМ-11: див. → зрушувати	unverified
зрівноважити	СУМ-11: див. → зрівноважувати	unverified
зріз	Великий тлумачний словник сучасної української мови: Те саме, що → зрізування + СУМ-11: Те саме, що → зрізування	unverified
зрізати	Словник синонімів української мови + СУМ-11: див. → зрізувати + СУМ-11: див. → зрізати	unverified
зріст	slovnyk.me: Словник синонімів Караванського + ВТС: Те саме, що → зростання + СУМ-11: Те саме, що → зростання	unverified
зріти	СУМ-11: numbered homonym headwords	unverified
зсадити	Великий тлумачний словник сучасної української мови: див. → зсаджувати + СУМ-11: див. → зсаджувати	unverified
зсередини	ВТС: прот. → ззовні + ВТС: прот. → зокола + СУМ-11: протилежне → ззовні + СУМ-11: протилежне → зокола	unverified
зсунути	Великий тлумачний словник сучасної української мови: див. → зсовувати + СУМ-11: див. → зсовувати	unverified
зубастий	Словник синонімів української мови + Великий тлумачний словник сучасної української мови: Те саме, що → зубатий + СУМ-11: Те саме, що → зубатий	unverified
зуби	Великий тлумачний словник сучасної української мови: див. → зуб + СУМ-11: див. → зуб	unverified
зумовити	Словник синонімів української мови + Великий тлумачний словник сучасної української мови: див. → зумовлювати + СУМ-11: див. → зумовлювати	unverified
зупинити	ВТС: див. → зупиняти + СУМ-11: див. → зупиняти	unverified
зупинитися	ВТС: див. → зупинятися + СУМ-11: див. → зупинятися	unverified
зупиняти	slovnyk.me: Словник синонімів Караванського + Словник синонімів української мови + ВТС: див. → зупинити (reciprocal) + СУМ-11: див. → зупинити (reciprocal)	unverified
зупинятися	slovnyk.me: Словник синонімів Караванського + ВТС: див. → зупинитися (reciprocal) + СУМ-11: див. → зупинитися (reciprocal)	unverified
зустріти	slovnyk.me: Словник синонімів Караванського + ВТС: див. → зустрічати + СУМ-11: див. → зустрічати	unverified
зустрітися	ВТС: див. → зустрічатися + СУМ-11: див. → зустрічатися	unverified
зустрічати	slovnyk.me: Словник синонімів Караванського + ВТС: див. → зустріти (reciprocal) + СУМ-11: див. → зустріти (reciprocal)	unverified
зустрічатися	slovnyk.me: Словник синонімів Караванського + ВТС: див. → зустрітися (reciprocal) + СУМ-11: див. → зустрітися (reciprocal) + relation_pairs/synonym_verdicts: corpus relation pair → бачитися	unverified
зухвальство	СУМ-11: Те саме, що → зухвалість	unverified
зцідити	СУМ-11: див. → зціджувати	unverified
зцілити	Словник синонімів української мови + Словник української мови у 20 томах (УМІФ НАН України, Ін-т мовознавства ім. О. О. Потебні): див. → зцілювати + Великий тлумачний словник сучасної української мови: див. → зціляти + СУМ-11: див. → зціляти	unverified
зцілитися	СУМ-11: див. → зцілятися	unverified
зчистити	Великий тлумачний словник сучасної української мови: див. → зчищати + СУМ-11: див. → зчищати	unverified
зчитати	Великий тлумачний словник сучасної української мови: див. → зчитувати + СУМ-11: див. → зчитувати	unverified
зшити	Великий тлумачний словник сучасної української мови: див. → зшивати + СУМ-11: див. → зшивати	unverified
зі	ВТС: див. → з + СУМ-11: див. → з + relation_pairs/miyklas.com.ua: corpus relation pair → з + relation_pairs/miyklas.com.ua: corpus relation pair → зо	unverified
зібрати	ВТС: див. → збирати + СУМ-11: див. → збирати	unverified
зібратися	ВТС: див. → збиратися + СУМ-11: див. → збиратися	unverified
зігнати	Словник синонімів української мови + Великий тлумачний словник сучасної української мови: див. → зганяти + СУМ-11: див. → зганяти	unverified
зігнути	Словник синонімів української мови + Великий тлумачний словник сучасної української мови: див. → згинати + СУМ-11: див. → згинати	unverified
зігріти	Словник синонімів української мови + Великий тлумачний словник сучасної української мови: див. → зігрівати + СУМ-11: див. → зігрівати	unverified
зігрітися	Словник синонімів української мови + Великий тлумачний словник сучасної української мови: див. → зігріватися + СУМ-11: див. → зігріватися	unverified
зізнатися	Словник синонімів української мови + Великий тлумачний словник сучасної української мови: див. → зізнаватися + СУМ-11: див. → зізнаватися	unverified
зілля	Словник синонімів української мови + Великий тлумачний словник сучасної української мови: Те саме, що → тютюн + СУМ-11: Те саме, що → тютюн	unverified
зілляти	Великий тлумачний словник сучасної української мови: див. → зливати + СУМ-11: див. → зливати	unverified
зіниця	Словник синонімів української мови + Великий тлумачний словник сучасної української мови: Те саме, що → око + СУМ-11: Те саме, що → око	unverified
зірвати	Словник синонімів української мови + Великий тлумачний словник сучасної української мови: див. → зривати + СУМ-11: див. → зривати	unverified
зірватися	ВТС: див. → зриватися + СУМ-11: див. → зриватися	unverified
зірниця	СУМ-11: numbered homonym headwords	unverified
зіскочити	СУМ-11: див. → зіскакувати	unverified
зіставити	ВТС: див. → зіставляти + СУМ-11: див. → зіставляти	unverified
зіткнутися	СУМ-11: див. → стикатися	unverified
зітхнути	Великий тлумачний словник сучасної української мови: Те саме, що → перепочити + СУМ-11: Те саме, що → перепочити	unverified
зіштовхнути	Словник синонімів української мови + Великий тлумачний словник сучасної української мови: див. → зштовхувати + СУМ-11: див. → зштовхувати	unverified
ймення	Словник синонімів української мови + Великий тлумачний словник сучасної української мови: див. → імення + СУМ-11: див. → імення	unverified
ймовірний	slovnyk.me: Словник синонімів Караванського + Словник синонімів української мови + ВТС: див. → імовірний + СУМ-11: див. → імовірний	unverified
ймовірно	ВТС: див. → імовірно + СУМ-11: див. → імовірно + relation_pairs/miyklas.com.ua: corpus relation pair → імовірно	unverified
ймовірність	ВТС: див. → імовірність + СУМ-11: див. → імовірність	unverified
йно	СУМ-11: див. → іно	unverified
йти	ВТС: див. → іти + СУМ-11: див. → іти + relation_pairs/miyklas.com.ua: corpus relation pair → іти + relation_pairs/synonym_verdicts: corpus relation pair → подаватися + relation_pairs/synonym_verdicts: corpus relation pair → іти + relation_pairs/miyklas.com.ua: corpus relation pair → дибати + relation_pairs/miyklas.com.ua: corpus relation pair → крокувати + relation_pairs/miyklas.com.ua: corpus relation pair → пертися + relation_pairs/miyklas.com.ua: corpus relation pair → плестися + relation_pairs/miyklas.com.ua: corpus relation pair → простувати + relation_pairs/miyklas.com.ua: corpus relation pair → прошкувати	unverified
кабак	СУМ-11: numbered homonym headwords	unverified
каблук	slovnyk.me: Словник синонімів Караванського + Словник синонімів української мови + ВТС: Те саме, що → підбор + СУМ-11: Те саме, що → підбор	unverified
каблучка	Словник синонімів української мови + Великий тлумачний словник сучасної української мови: Те саме, що → перстень + СУМ-11: Те саме, що → перстень	unverified
кав-ярня	СУМ-20: Те саме, що → кафе (reciprocal) + ВТС: Те саме, що → кафе (reciprocal) + СУМ-11: Те саме, що → кафе (reciprocal) + relation_pairs/synonym_verdicts: corpus relation pair → кафе	unverified
кава	СУМ-11: numbered homonym headwords	unverified
кавалер	Словник синонімів української мови + Словник української мови у 20 томах (УМІФ НАН України, Ін-т мовознавства ім. О. О. Потебні): Те саме, що → парубок + Великий тлумачний словник сучасної української мови: Те саме, що → парубок + СУМ-11: Те саме, що → парубок	unverified
кадр	slovnyk.me: Словник синонімів Караванського + Словник синонімів української мови + ВТС: Те саме, що → кадровик + СУМ-11: Те саме, що → кадровик	unverified
кадр	СУМ-11: numbered homonym headwords	unverified
казань	Словник синонімів української мови + Великий тлумачний словник сучасної української мови: Те саме, що → казання + СУМ-11: Те саме, що → казання	unverified
калина	СУМ-11: Те саме, що → гордовина	unverified
калитка	Словник синонімів української мови + Великий тлумачний словник сучасної української мови: Те саме, що → мошонка + СУМ-11: Те саме, що → мошонка	unverified
кальний	СУМ-11: Те саме, що → брудний	unverified
каменяр	slovnyk.me: Словник синонімів Караванського + Словник синонімів української мови + ВТС: Те саме, що → муляр + СУМ-11: Те саме, що → муляр	unverified
камерний	СУМ-11: numbered homonym headwords	unverified
камінний	СУМ-11: numbered homonym headwords	unverified
камінний	Словник синонімів української мови + Великий тлумачний словник сучасної української мови: Те саме, що → кам'яний + СУМ-11: Те саме, що → кам'яний	unverified
канапа	Словник синонімів української мови + Великий тлумачний словник сучасної української мови: Те саме, що → диван + СУМ-11: Те саме, що → диван	unverified
кант	СУМ-11: numbered homonym headwords	unverified
кап	СУМ-11: numbered homonym headwords	unverified
капловухий	СУМ-11: Те саме, що → клаповухий	unverified
капля	Словник синонімів української мови + Великий тлумачний словник сучасної української мови: Те саме, що → крапля + СУМ-11: Те саме, що → крапля	unverified
каптур	Словник синонімів української мови + Великий тлумачний словник сучасної української мови: Те саме, що → відлога + СУМ-11: Те саме, що → відлога	unverified
капюшон	Словник синонімів української мови + Великий тлумачний словник сучасної української мови: Те саме, що → відлога + СУМ-11: Те саме, що → відлога	unverified
капітал	Словник синонімів української мови + Великий тлумачний словник сучасної української мови: Те саме, що → капіталізм + СУМ-11: Те саме, що → капіталізм	unverified
кар-єр	СУМ-11: numbered homonym headwords	unverified
кар-єр	СУМ-11: Те саме, що → учвал	unverified
кардинал	СУМ-11: numbered homonym headwords	unverified
каркас	СУМ-11: numbered homonym headwords	unverified
картель	СУМ-11: numbered homonym headwords	unverified
картоплиння	СУМ-11: Те саме, що → картоплище	unverified
картуз	Словник синонімів української мови + Словник української мови у 20 томах (УМІФ НАН України, Ін-т мовознавства ім. О. О. Потебні): Те саме, що → кашкет + Великий тлумачний словник сучасної української мови: Те саме, що → кашкет + СУМ-11: Те саме, що → кашкет	unverified
катати	Словник синонімів української мови + Словник української мови у 20 томах (УМІФ НАН України, Ін-т мовознавства ім. О. О. Потебні): Те саме, що → вальцювати + Великий тлумачний словник сучасної української мови: Те саме, що → вальцювати + СУМ-11: Те саме, що → вальцювати	unverified
катод	Словник української мови у 20 томах (УМІФ НАН України, Ін-т мовознавства ім. О. О. Потебні): протилежне → анод + Великий тлумачний словник сучасної української мови: прот. → анод + СУМ-11: протилежне → анод	unverified
католицтво	СУМ-11: Те саме, що → католицизм	unverified
кафе	СУМ-20: Те саме, що → кав'ярня + ВТС: Те саме, що → кав'ярня + СУМ-11: Те саме, що → кав'ярня + relation_pairs/synonym_verdicts: corpus relation pair → кав'ярня	unverified
каченя	Словник синонімів української мови + Великий тлумачний словник сучасної української мови: Те саме, що → кача + СУМ-11: Те саме, що → кача	unverified
качка	Словник синонімів української мови + Великий тлумачний словник сучасної української мови: Те саме, що → хитавиця + СУМ-11: Те саме, що → хитавиця	unverified
кашмір	Словник української мови у 20 томах (УМІФ НАН України, Ін-т мовознавства ім. О. О. Потебні): див. → кашемір + СУМ-11: див. → кашемір	unverified
квадратний	Великий тлумачний словник сучасної української мови: Те саме, що → квадратовий + СУМ-11: Те саме, що → квадратовий	unverified
квапитися	СУМ-11: протилежне → гаятися	unverified
квас	Словник синонімів української мови + Словник української мови у 20 томах (УМІФ НАН України, Ін-т мовознавства ім. О. О. Потебні): Те саме, що → кислота + Великий тлумачний словник сучасної української мови: Те саме, що → кислота + СУМ-11: Те саме, що → кислота	unverified
квит	Словник синонімів української мови + Словник української мови у 20 томах (УМІФ НАН України, Ін-т мовознавства ім. О. О. Потебні): Те саме, що → квитанція + Великий тлумачний словник сучасної української мови: Те саме, що → квитанція + СУМ-11: Те саме, що → квитанція	unverified
кепський	Словник синонімів української мови + Великий тлумачний словник сучасної української мови: Те саме, що → поганий + СУМ-11: Те саме, що → поганий	unverified
керсетка	СУМ-11: див. → корсетка	unverified
керівничка	СУМ-11: Те саме, що → керівниця	unverified
кив	СУМ-11: Те саме, що → кивок	unverified
кидати	slovnyk.me: Словник синонімів Караванського + СУМ-20: див. → кинути (reciprocal) + ВТС: див. → кинути (reciprocal) + СУМ-11: див. → кинути (reciprocal)	unverified
кинути	СУМ-20: див. → кидати + ВТС: див. → кидати + СУМ-11: див. → кидати	unverified
кинутий	Словник української мови у 20 томах (УМІФ НАН України, Ін-т мовознавства ім. О. О. Потебні): див. → кинений + Великий тлумачний словник сучасної української мови: див. → кинений + СУМ-11: див. → кинений	unverified
кинутися	Словник синонімів української мови + Словник української мови у 20 томах (УМІФ НАН України, Ін-т мовознавства ім. О. О. Потебні): див. → кидатися + Великий тлумачний словник сучасної української мови: див. → кидатися + СУМ-11: див. → кидатися	unverified
кислий	СУМ-20: протилежне → солодкий (reciprocal) + ВТС: прот. → солодкий (reciprocal) + СУМ-11: протилежне → солодкий (reciprocal)	unverified
китайка	СУМ-11: numbered homonym headwords	unverified
кицька	Словник синонімів української мови + Великий тлумачний словник сучасної української мови: Те саме, що → кішка + СУМ-11: Те саме, що → кішка	unverified
клад	Словник української мови у 20 томах (УМІФ НАН України, Ін-т мовознавства ім. О. О. Потебні): Те саме, що → скарб + Великий тлумачний словник сучасної української мови: Те саме, що → скарб + СУМ-11: Те саме, що → скарб	unverified
кленок	СУМ-11: Те саме, що → клен	unverified
клеїти	slovnyk.me: Словник синонімів Караванського + Словник синонімів української мови + СУМ-20: Те саме, що → наклеювати + ВТС: Те саме, що → наклеювати + СУМ-11: Те саме, що → наклеювати	unverified
клинок	Словник синонімів української мови + Словник української мови у 20 томах (УМІФ НАН України, Ін-т мовознавства ім. О. О. Потебні): Те саме, що → лезо + Великий тлумачний словник сучасної української мови: Те саме, що → лезо + СУМ-11: Те саме, що → лезо	unverified
клишоногий	СУМ-11: Те саме, що → клишавий	unverified
клуб	СУМ-11: numbered homonym headwords	unverified
клуб	Словник синонімів української мови + Великий тлумачний словник сучасної української мови: Те саме, що → стегно + СУМ-11: Те саме, що → стегно	unverified
ключ	СУМ-11: numbered homonym headwords	unverified
клястися	СУМ-20: Те саме, що → присягатися + ВТС: Те саме, що → присягатися + СУМ-11: Те саме, що → присягатися	unverified
кмітливий	slovnyk.me: Словник синонімів Караванського + Словник синонімів української мови + ВТС: Те саме, що → спостережливий + СУМ-11: Те саме, що → спостережливий + relation_pairs/synonym_verdicts: corpus relation pair → розумний + relation_pairs/miyklas.com.ua: corpus relation pair → меткий	unverified
книгозбірня	СУМ-11: Те саме, що → бібліотека	unverified
книжечка	Великий тлумачний словник сучасної української мови: Те саме, що → записник + СУМ-11: Те саме, що → записник	unverified
княжий	Словник синонімів української мови + Словник української мови у 20 томах (УМІФ НАН України, Ін-т мовознавства ім. О. О. Потебні): Те саме, що → князівський + Великий тлумачний словник сучасної української мови: Те саме, що → князівський + СУМ-11: Те саме, що → князівський	unverified
княжич	СУМ-11: Те саме, що → князенко	unverified
княжна	Словник української мови у 20 томах (УМІФ НАН України, Ін-т мовознавства ім. О. О. Потебні): Те саме, що → князівна + Великий тлумачний словник сучасної української мови: Те саме, що → князівна + СУМ-11: Те саме, що → князівна	unverified
ковзатися	СУМ-11: Те саме, що → ковзати	unverified
ковнір	Словник синонімів української мови + Словник української мови у 20 томах (УМІФ НАН України, Ін-т мовознавства ім. О. О. Потебні): Те саме, що → комір + СУМ-11: Те саме, що → комір	unverified
кожен	СУМ-20: див. → кожний + ВТС: див. → кожний + СУМ-11: див. → кожний	unverified
коза	Словник синонімів української мови + Великий тлумачний словник сучасної української мови: Те саме, що → в'язниця + СУМ-11: Те саме, що → волинка	unverified
козак	Словник синонімів української мови + СУМ-11: Те саме, що → компанієць	unverified
коло	СУМ-11: numbered homonym headwords	unverified
колос	Словник синонімів української мови + Словник української мови у 20 томах (УМІФ НАН України, Ін-т мовознавства ім. О. О. Потебні): Те саме, що → колосся + Великий тлумачний словник сучасної української мови: Те саме, що → колосся + СУМ-11: Те саме, що → колосся	unverified
колючка	Словник синонімів української мови + Великий тлумачний словник сучасної української мови: Те саме, що → скабка + СУМ-11: Те саме, що → скабка	unverified
колірний	СУМ-11: Те саме, що → дальтонізм	unverified
комиш	Словник синонімів української мови + Словник української мови у 20 томах (УМІФ НАН України, Ін-т мовознавства ім. О. О. Потебні): Те саме, що → очерет + Великий тлумачний словник сучасної української мови: Те саме, що → очерет + СУМ-11: Те саме, що → очерет	unverified
компанійський	Словник синонімів української мови + Словник української мови у 20 томах (УМІФ НАН України, Ін-т мовознавства ім. О. О. Потебні): Те саме, що → товариський + Великий тлумачний словник сучасної української мови: Те саме, що → товариський + СУМ-11: Те саме, що → товариський	unverified
комплектація	Словник української мови у 20 томах (УМІФ НАН України, Ін-т мовознавства ім. О. О. Потебні): Те саме, що → комплектування + СУМ-11: Те саме, що → комплектування	unverified
компостний	СУМ-11: Те саме, що → компостовий	unverified
компостувати	СУМ-11: numbered homonym headwords	unverified
комунікація	СУМ-11: Те саме, що → спілкування	unverified
комфортний	СУМ-11: Те саме, що → комфортабельний	unverified
комірник	Словник синонімів української мови + Словник української мови у 20 томах (УМІФ НАН України, Ін-т мовознавства ім. О. О. Потебні): Те саме, що → квартирант + СУМ-11: Те саме, що → квартирант	unverified
конечно	Словник української мови у 20 томах (УМІФ НАН України, Ін-т мовознавства ім. О. О. Потебні): див. → конечне + СУМ-11: див. → конечне	unverified
конкретний	СУМ-20: протилежне → абстрактний (reciprocal) + ВТС: прот. → абстрактний (reciprocal) + СУМ-11: протилежне → абстрактний (reciprocal) + СУМ-20: протилежне → абстрактний + ВТС: прот. → абстрактний + СУМ-11: протилежне → абстрактний	unverified
констатація	СУМ-20: Те саме, що → констатування + ВТС: Те саме, що → констатування + СУМ-11: Те саме, що → констатування	unverified
конституційний	СУМ-11: numbered homonym headwords	unverified
коня	Словник української мови у 20 томах (УМІФ НАН України, Ін-т мовознавства ім. О. О. Потебні): Те саме, що → коненя + Великий тлумачний словник сучасної української мови: Те саме, що → конячина + СУМ-11: Те саме, що → конячина	unverified
користатися	СУМ-11: див. → користуватися	unverified
користь	Вікісловник: explicit antonym list + СУМ-20: протилежне → шкода + ВТС: прот. → шкода + СУМ-11: протилежне → шкода	unverified
корити	Словник синонімів української мови + Словник української мови у 20 томах (УМІФ НАН України, Ін-т мовознавства ім. О. О. Потебні): Те саме, що → картати + Великий тлумачний словник сучасної української мови: Те саме, що → картати + СУМ-11: Те саме, що → картати	unverified
корито	Словник синонімів української мови + Словник української мови у 20 томах (УМІФ НАН України, Ін-т мовознавства ім. О. О. Потебні): Те саме, що → річище + СУМ-11: Те саме, що → річище	unverified
корок	Словник синонімів української мови + Великий тлумачний словник сучасної української мови: Те саме, що → підбор + СУМ-11: Те саме, що → підбор	unverified
короленко	СУМ-11: Те саме, що → королевич	unverified
короткий	ВТС: прот. → довгий (reciprocal) + СУМ-11: протилежне → довгий (reciprocal) + СУМ-20: протилежне → довгий + ВТС: прот. → довгий + ВТС: прот. → тривалий + СУМ-11: протилежне → довгий + relation_pairs/miyklas.com.ua: corpus relation pair → довгий	unverified
короткостроковий	Словник української мови у 20 томах (УМІФ НАН України, Ін-т мовознавства ім. О. О. Потебні): Те саме, що → короткотерміновий + Великий тлумачний словник сучасної української мови: Те саме, що → короткотерміновий + СУМ-11: Те саме, що → короткотерміновий	unverified
корпус	slovnyk.me: Словник синонімів Караванського + Словник синонімів української мови + ВТС: Те саме, що → тулуб + СУМ-11: Те саме, що → тулуб + relation_pairs/synonym_verdicts: corpus relation pair → стан	unverified
корсет	Словник синонімів української мови + Словник української мови у 20 томах (УМІФ НАН України, Ін-т мовознавства ім. О. О. Потебні): Те саме, що → корсетка + Великий тлумачний словник сучасної української мови: Те саме, що → корсетка + СУМ-11: Те саме, що → корсетка	unverified
корт	СУМ-11: numbered homonym headwords	unverified
корінний	Словник синонімів української мови + Словник української мови у 20 томах (УМІФ НАН України, Ін-т мовознавства ім. О. О. Потебні): Те саме, що → корінник + Великий тлумачний словник сучасної української мови: Те саме, що → корінник + СУМ-11: Те саме, що → корінник	unverified
костел	СУМ-11: див. → костьол	unverified
костур	СУМ-11: Те саме, що → милиця	unverified
костюм	СУМ-11: Те саме, що → одяг	unverified
котельня	СУМ-20: Те саме, що → казанна + СУМ-11: Те саме, що → казанна	unverified
котитися	СУМ-11: numbered homonym headwords	unverified
котлован	СУМ-11: Те саме, що → котловина	unverified
котляр	СУМ-11: Те саме, що → казаняр	unverified
коточок	СУМ-11: numbered homonym headwords	unverified
котрий	ВТС: Те саме, що → який + СУМ-11: Те саме, що → який + relation_pairs/synonym_verdicts: corpus relation pair → який	unverified
котрийсь	СУМ-11: Те саме, що → якийсь	unverified
кочерга	СУМ-11: Те саме, що → кочережник	unverified
кпини	СУМ-11: Те саме, що → кепкування	unverified
крадіжка	СУМ-11: Те саме, що → крадіж	unverified
край	СУМ-11: Те саме, що → шматок	unverified
крамар	СУМ-11: Те саме, що → торгівець	unverified
крап	СУМ-11: numbered homonym headwords	unverified
крап	СУМ-11: Те саме, що → крапання	unverified
красен	slovnyk.me: Словник синонімів Караванського + Словник синонімів української мови (base form красний) + СУМ-20: див. → красний + ВТС: див. → красний + СУМ-11: див. → красний	unverified
краска	СУМ-11: Те саме, що → фарба	unverified
красномовство	Словник синонімів української мови + Словник української мови у 20 томах (УМІФ НАН України, Ін-т мовознавства ім. О. О. Потебні): Те саме, що → красномовність + Великий тлумачний словник сучасної української мови: Те саме, що → красномовність + СУМ-11: Те саме, що → красномовність	unverified
красунь	СУМ-11: Те саме, що → красень	unverified
краяти	Словник синонімів української мови + Словник української мови у 20 томах (УМІФ НАН України, Ін-т мовознавства ім. О. О. Потебні): Те саме, що → кроїти + Великий тлумачний словник сучасної української мови: Те саме, що → кроїти + СУМ-11: Те саме, що → кроїти	unverified
кредит	ВТС: прот. → дебет + СУМ-11: протилежне → дебет	unverified
креслити	СУМ-11: Те саме, що → закреслювати	unverified
кривда	СУМ-11: Те саме, що → шкода	unverified
кривий	СУМ-11: Те саме, що → хибний	unverified
кривити	СУМ-11: Те саме, що → передражнювати	unverified
крига	СУМ-11: Те саме, що → лід	unverified
крислатий	СУМ-11: Те саме, що → крисатий	unverified
крихкий	slovnyk.me: Словник синонімів Караванського + Словник синонімів української мови + ВТС: Те саме, що → крихкотілий + СУМ-11: Те саме, що → крихкотілий	unverified
криця	СУМ-11: Те саме, що → сталь	unverified
кришка	ВТС: Те саме, що → крихта + СУМ-11: Те саме, що → крихта	unverified
криївка	СУМ-11: Те саме, що → захисток	unverified
кролик	СУМ-20: Те саме, що → кріль + ВТС: Те саме, що → кріль + СУМ-11: Те саме, що → кріль	unverified
крона	СУМ-11: numbered homonym headwords	unverified
кропива	slovnyk.me: Словник синонімів Караванського + Словник синонімів української мови + СУМ-20: Те саме, що → кушир + СУМ-11: Те саме, що → кушир	unverified
круг	СУМ-11: numbered homonym headwords	unverified
круглий	СУМ-11: Те саме, що → цілковитий	unverified
круговид	СУМ-11: Те саме, що → видноколо	unverified
кругозір	slovnyk.me: Словник синонімів Караванського + Словник синонімів української мови + ВТС: Те саме, що → видноколо + СУМ-11: Те саме, що → видноколо	unverified
круп	СУМ-11: numbered homonym headwords	unverified
крутий	СУМ-11: протилежне → пологий + СУМ-11: протилежне → положистий + СУМ-11: протилежне → лагідний	unverified
кручений	СУМ-11: Те саме, що → кучерявий	unverified
кручення	СУМ-11: Те саме, що → крутіння	unverified
кріль	slovnyk.me: Словник синонімів української мови + СУМ-20: Те саме, що → кролик (reciprocal) + ВТС: Те саме, що → кролик (reciprocal) + СУМ-11: Те саме, що → кролик (reciprocal)	unverified
крім	slovnyk.me: Словник синонімів Караванського + СУМ-20: Те саме, що → окрім (reciprocal) + ВТС: Те саме, що → окрім (reciprocal) + СУМ-11: Те саме, що → окрім (reciprocal)	unverified
кріп	ВТС: Те саме, що → окріп (reciprocal) + СУМ-11: Те саме, що → окріп (reciprocal)	unverified
крісло	slovnyk.me: Словник синонімів Караванського + Словник синонімів української мови + СУМ-20: Те саме, що → стілець + ВТС: Те саме, що → стілець + СУМ-11: Те саме, що → стілець	unverified
куб	СУМ-11: numbered homonym headwords	unverified
куб	СУМ-11: Те саме, що → кубометр	unverified
кування	СУМ-11: numbered homonym headwords	unverified
кувати	СУМ-11: numbered homonym headwords	unverified
кувати	СУМ-11: Те саме, що → обковувати	unverified
кулик	СУМ-11: Те саме, що → вальдшнеп	unverified
кулон	СУМ-11: numbered homonym headwords	unverified
кульок	СУМ-11: Те саме, що → кулик	unverified
куля	СУМ-11: numbered homonym headwords	unverified
кум	СУМ-11: numbered homonym headwords	unverified
купер	СУМ-11: Те саме, що → куприк	unverified
купити	СУМ-20: див. → купувати + ВТС: див. → купувати + СУМ-11: див. → купувати	unverified
купити-куплю	СУМ-11: див. → купувати	unverified
купувати	slovnyk.me: Словник синонімів Караванського + Словник синонімів української мови + СУМ-20: див. → купити (reciprocal) + ВТС: див. → купити (reciprocal) + СУМ-11: див. → купити (reciprocal)	unverified
купувати	СУМ-20: протилежне → продавати (reciprocal) + ВТС: прот. → продавати (reciprocal) + СУМ-11: протилежне → продавати (reciprocal) + relation_pairs/miyklas.com.ua: corpus relation pair → продавати	unverified
купюра	СУМ-11: numbered homonym headwords	unverified
купівля	slovnyk.me: Словник синонімів Караванського + Словник синонімів української мови + СУМ-20: Те саме, що → купування + ВТС: Те саме, що → купування + СУМ-11: Те саме, що → купування + relation_pairs/synonym_verdicts: corpus relation pair → покупка	unverified
курсив	СУМ-11: Те саме, що → скоропис	unverified
кус	СУМ-11: Те саме, що → шматок	unverified
кутній	СУМ-11: Те саме, що → покутній	unverified
кухар	slovnyk.me: Словник синонімів Караванського + Словник синонімів української мови + СУМ-20: Те саме, що → куховар + ВТС: Те саме, що → куховар + СУМ-11: Те саме, що → куховар	unverified
куций	СУМ-11: Те саме, що → куцохвостий	unverified
кіл	СУМ-11: Те саме, що → кілок	unverified
кіло	СУМ-11: Те саме, що → кілограм	unverified
кінематограф	СУМ-11: Те саме, що → кіноапарат	unverified
кінематографія	СУМ-11: Те саме, що → кіномистецтво	unverified
кінець	СУМ-11: numbered homonym headwords	unverified
кінець	СУМ-20: протилежне → початок + ВТС: прот. → початок + СУМ-11: протилежне → початок + СУМ-20: протилежне → початок (reciprocal) + ВТС: прот. → початок (reciprocal) + СУМ-11: протилежне → початок (reciprocal) + relation_pairs/miyklas.com.ua: corpus relation pair → початок	unverified
кіно	slovnyk.me: Словник синонімів Караванського + Словник синонімів української мови + СУМ-20: Те саме, що → кінофільм + ВТС: Те саме, що → кінофільм + СУМ-11: Те саме, що → кінофільм + relation_pairs/synonym_verdicts: corpus relation pair → фільм	unverified
кінокартина	СУМ-11: Те саме, що → кінофільм	unverified
кінофабрика	СУМ-11: Те саме, що → кіностудія	unverified
кінчити	СУМ-11: див. → кінчати	unverified
кісний	СУМ-11: numbered homonym headwords	unverified
кіш	СУМ-11: numbered homonym headwords	unverified
лабети	СУМ-11: Те саме, що → тенета	unverified
лава	СУМ-11: numbered homonym headwords	unverified
лагода	СУМ-11: Те саме, що → злагода	unverified
лагодити	СУМ-11: Те саме, що → установлювати	unverified
лад	Вікісловник: explicit antonym list + СУМ-11: протилежне → безладдя	unverified
ладен	slovnyk.me: Словник синонімів Караванського + Словник синонімів української мови (base form ладний) + СУМ-20: див. → ладний + ВТС: див. → ладний + СУМ-11: див. → ладний	unverified
ладнати	СУМ-11: Те саме, що → шикувати	unverified
лайка	СУМ-11: numbered homonym headwords	unverified
лайка	СУМ-11: Те саме, що → лаяння	unverified
лама	СУМ-11: numbered homonym headwords	unverified
лан	СУМ-11: numbered homonym headwords	unverified
ласкав	СУМ-11: див. → ласкавий	unverified
ласт	СУМ-11: numbered homonym headwords	unverified
латиниця	СУМ-20: Те саме, що → латинка (reciprocal) + ВТС: Те саме, що → латинка (reciprocal) + СУМ-11: Те саме, що → латинка (reciprocal)	unverified
латинка	СУМ-20: Те саме, що → латиниця + ВТС: Те саме, що → латиниця + СУМ-11: Те саме, що → латиниця	unverified
лахи	СУМ-11: Те саме, що → лахміття	unverified
лаяти	СУМ-11: numbered homonym headwords	unverified
лебедя	СУМ-11: Те саме, що → лебедиця	unverified
лебідка	СУМ-11: numbered homonym headwords	unverified
левовий	СУМ-11: Те саме, що → левиний	unverified
легкий	СУМ-20: протилежне → важкий + ВТС: прот. → важкий + СУМ-11: протилежне → важкий + relation_pairs/miyklas.com.ua: corpus relation pair → важкий	unverified
ледарство	Словник синонімів української мови + Словник української мови у 20 томах (УМІФ НАН України, Ін-т мовознавства ім. О. О. Потебні): Те саме, що → ледарювання + Великий тлумачний словник сучасної української мови: Те саме, що → ледарювання + СУМ-11: Те саме, що → ледарювання	unverified
ледащиця	СУМ-11: Те саме, що → ледарка	unverified
ледащо	СУМ-11: Те саме, що → ледар	unverified
ледве-ледве	СУМ-20: Те саме, що → ледь-ледь (reciprocal) + ВТС: Те саме, що → ледь-ледь (reciprocal) + СУМ-11: Те саме, що → ледь-ледь (reciprocal)	unverified
ледь-ледь	СУМ-20: Те саме, що → ледве-ледве + ВТС: Те саме, що → ледве-ледве + СУМ-11: Те саме, що → ледве-ледве	unverified
лейкемія	СУМ-11: Те саме, що → лейкоз	unverified
лексичний	СУМ-11: Те саме, що → лексема	unverified
лелеченя	СУМ-11: Те саме, що → лелеча	unverified
лемент	СУМ-11: Те саме, що → лементування	unverified
летючий	СУМ-11: Те саме, що → кажан	unverified
лик	СУМ-11: numbered homonym headwords	unverified
лис	slovnyk.me: Словник синонімів Караванського + Словник синонімів української мови + СУМ-11: Те саме, що → песець	unverified
лисичка	СУМ-11: numbered homonym headwords	unverified
лиска	СУМ-11: numbered homonym headwords	unverified
листочок	СУМ-11: numbered homonym headwords	unverified
листяний	СУМ-11: протилежне → хвойний	unverified
литий	СУМ-11: Те саме, що → пролитий	unverified
лихо	СУМ-11: numbered homonym headwords	unverified
лицьовий	СУМ-11: див. → лицевий	unverified
лишай	СУМ-11: Те саме, що → лишайник	unverified
лишень	СУМ-11: numbered homonym headwords	unverified
лишити	СУМ-11: див. → лишати	unverified
лишитися	СУМ-20: див. → лишатися + ВТС: див. → лишатися + СУМ-11: див. → лишатися	unverified
лов	СУМ-11: Те саме, що → ловлення	unverified
ловецтво	СУМ-11: Те саме, що → мисливство	unverified
лови	СУМ-11: Те саме, що → ловлення	unverified
ложа	СУМ-11: numbered homonym headwords	unverified
ложе	СУМ-11: numbered homonym headwords	unverified
лоза	СУМ-11: Те саме, що → лозняк	unverified
лом	СУМ-11: numbered homonym headwords	unverified
ломка	СУМ-11: Те саме, що → ламання	unverified
лопата	СУМ-11: Те саме, що → заступ	unverified
лопати	СУМ-11: numbered homonym headwords	unverified
лопати	СУМ-11: Те саме, що → лопатися	unverified
лот	СУМ-11: numbered homonym headwords	unverified
лох	СУМ-11: numbered homonym headwords	unverified
лощина	СУМ-11: Те саме, що → видолинок	unverified
луг	СУМ-11: numbered homonym headwords	unverified
луна	СУМ-11: Те саме, що → слава	unverified
лунко	СУМ-11: Те саме, що → претензійно	unverified
любенько	СУМ-11: Те саме, що → гарненько	unverified
любесенько	СУМ-11: Те саме, що → гарнесенько	unverified
любка	СУМ-11: numbered homonym headwords	unverified
любість	СУМ-11: Те саме, що → любов	unverified
людина	slovnyk.me: Словник синонімів Караванського + СУМ-20: Те саме, що → чоловік (reciprocal) + ВТС: Те саме, що → чоловік (reciprocal) + СУМ-11: Те саме, що → чоловік (reciprocal) + relation_pairs/miyklas.com.ua: corpus relation pair → душа + relation_pairs/miyklas.com.ua: corpus relation pair → особа + relation_pairs/miyklas.com.ua: corpus relation pair → особистість + relation_pairs/miyklas.com.ua: corpus relation pair → чоловік	unverified
людний	СУМ-11: Те саме, що → багатолюдний	unverified
людність	СУМ-11: Те саме, що → людство	unverified
людожер	СУМ-11: Те саме, що → людоїд	unverified
людськість	СУМ-11: Те саме, що → людство	unverified
людяний	СУМ-11: Те саме, що → людний	unverified
люкс	СУМ-11: numbered homonym headwords	unverified
люлька	СУМ-11: numbered homonym headwords	unverified
люлі-люлі	СУМ-11: див. → люлі	unverified
лягати	slovnyk.me: Словник синонімів Караванського + СУМ-20: див. → лягти (reciprocal) + ВТС: див. → лягти (reciprocal) + СУМ-11: див. → лягти (reciprocal)	unverified
лягати	СУМ-20: протилежне → вставати + ВТС: прот. → вставати + СУМ-11: протилежне → вставати	unverified
лягти	СУМ-20: див. → лягати + ВТС: див. → лягати + СУМ-11: див. → лягати	unverified
лящ	СУМ-11: numbered homonym headwords	unverified
лящ	СУМ-11: Те саме, що → ляпас	unverified
ліберія	СУМ-11: Те саме, що → ліврея	unverified
лівий	СУМ-11: протилежне → правий	unverified
лівобережний	СУМ-11: протилежне → правобережний	unverified
ліворуч	СУМ-20: протилежне → праворуч + ВТС: прот. → праворуч + СУМ-11: протилежне → праворуч + СУМ-20: протилежне → праворуч (reciprocal) + ВТС: прот. → праворуч (reciprocal) + СУМ-11: протилежне → праворуч (reciprocal)	unverified
ліга	СУМ-11: numbered homonym headwords	unverified
лійка	СУМ-11: numbered homonym headwords	unverified
лік	СУМ-11: numbered homonym headwords	unverified
лік	СУМ-11: Те саме, що → лічіння	unverified
лікар	slovnyk.me: Словник синонімів Караванського + Словник синонімів української мови + ВТС: Те саме, що → доктор (reciprocal) + СУМ-11: Те саме, що → доктор (reciprocal)	unverified
лілія	СУМ-11: Те саме, що → латаття	unverified
лінь	СУМ-11: numbered homonym headwords	unverified
лінь	СУМ-11: Те саме, що → лінощі	unverified
ліньки	СУМ-11: Те саме, що → ліниво	unverified
ліпити	СУМ-11: Те саме, що → приклеювати	unverified
ліска	СУМ-11: numbered homonym headwords	unverified
лісний	СУМ-11: numbered homonym headwords	unverified
лісний	СУМ-11: Те саме, що → лісовий	unverified
лісник	СУМ-11: Те саме, що → лісівник	unverified
літ	СУМ-11: numbered homonym headwords	unverified
літ	СУМ-11: Те саме, що → летіння	unverified
літеральний	СУМ-11: Те саме, що → буквальний	unverified
літератор	СУМ-11: Те саме, що → письменник	unverified
літо	СУМ-20: Те саме, що → рік + ВТС: Те саме, що → рік + СУМ-11: Те саме, що → рік	unverified
літота	СУМ-20: протилежне → гіпербола + ВТС: прот. → гіпербола + СУМ-11: протилежне → гіпербола	unverified
літургія	СУМ-11: Те саме, що → обідня	unverified
лічити	СУМ-11: numbered homonym headwords	unverified
лічити	СУМ-11: Те саме, що → вважати	unverified
м-який	СУМ-11: протилежне → твердий + СУМ-20: протилежне → твердий (reciprocal) + ВТС: прот. → твердий (reciprocal) + СУМ-11: протилежне → твердий (reciprocal) + relation_pairs/miyklas.com.ua: corpus relation pair → твердий	unverified
мавка	СУМ-11: Те саме, що → русалка	unverified
магнітний	СУМ-11: Те саме, що → магнетит	unverified
мажор	СУМ-11: протилежне → мінор	unverified
маз	СУМ-11: numbered homonym headwords	unverified
мазати	СУМ-11: Те саме, що → розпещувати	unverified
мазій	СУМ-11: Те саме, що → пестун	unverified
май	СУМ-11: Те саме, що → травень	unverified
майка	СУМ-11: numbered homonym headwords	unverified
майна	СУМ-11: протилежне → віра	unverified
майструвати	Словник синонімів української мови + Словник української мови у 20 томах (УМІФ НАН України, Ін-т мовознавства ім. О. О. Потебні): Те саме, що → теслювати + Великий тлумачний словник сучасної української мови: Те саме, що → теслювати + СУМ-11: Те саме, що → теслювати	unverified
макроскопічний	Словник української мови у 20 томах (УМІФ НАН України, Ін-т мовознавства ім. О. О. Потебні): протилежне → мікроскопічний + Великий тлумачний словник сучасної української мови: прот. → мікроскопічний + СУМ-11: протилежне → мікроскопічний	unverified
максимальний	СУМ-20: протилежне → мінімальний + СУМ-11: протилежне → мінімальний + relation_pairs/miyklas.com.ua: corpus relation pair → мінімальний	unverified
максимум	СУМ-11: протилежне → мінімум	unverified
маленький	СУМ-20: протилежне → великий + ВТС: прот. → великий + СУМ-11: протилежне → великий + relation_pairs/miyklas.com.ua: corpus relation pair → величезний	unverified
малий	СУМ-20: протилежне → великий (reciprocal) + ВТС: прот. → великий (reciprocal) + СУМ-11: протилежне → великий (reciprocal) + СУМ-20: протилежне → великий + ВТС: прот. → великий + СУМ-11: протилежне → великий + relation_pairs/miyklas.com.ua: corpus relation pair → великий + relation_pairs/miyklas.com.ua: corpus relation pair → високий	unverified
мало	Вікісловник: explicit antonym list + СУМ-20: протилежне → багато (reciprocal) + ВТС: прот. → багато (reciprocal) + СУМ-11: протилежне → багато (reciprocal) + СУМ-20: протилежне → багато + relation_pairs/miyklas.com.ua: corpus relation pair → багато	unverified
мало-помалу	СУМ-11: Те саме, що → помалу	unverified
малювати	slovnyk.me: Словник синонімів Караванського + СУМ-20: Те саме, що → фарбувати + ВТС: Те саме, що → фарбувати + СУМ-11: Те саме, що → фарбувати + relation_pairs/synonym_verdicts: corpus relation pair → описувати	unverified
мамин	СУМ-11: Те саме, що → мамій	unverified
мандарин	СУМ-11: numbered homonym headwords	unverified
мандри	СУМ-11: Те саме, що → мандрівка	unverified
мандрівець	СУМ-11: Те саме, що → мандрівник	unverified
манжет	СУМ-11: Те саме, що → манжета	unverified
маніпуляція	slovnyk.me: Словник синонімів Караванського + СУМ-20: Те саме, що → махінація + ВТС: Те саме, що → махінація + СУМ-11: Те саме, що → махінація	unverified
манія	СУМ-11: numbered homonym headwords	unverified
маргаритка	СУМ-11: Те саме, що → стокротка	unverified
марити	СУМ-11: Те саме, що → мріяти	unverified
маркер	СУМ-11: numbered homonym headwords	unverified
маркіз	СУМ-11: Те саме, що → маркграф	unverified
марне	СУМ-11: див. → марно	unverified
марнотрат	СУМ-11: Те саме, що → марнотратник	unverified
марш	СУМ-11: numbered homonym headwords	unverified
масниця	СУМ-11: Те саме, що → масничка	unverified
масть	СУМ-11: numbered homonym headwords	unverified
масть	СУМ-11: Те саме, що → мазь	unverified
мат	СУМ-11: numbered homonym headwords	unverified
материк	СУМ-11: Те саме, що → континент	unverified
матеріальний	Словник української мови у 20 томах (УМІФ НАН України, Ін-т мовознавства ім. О. О. Потебні): протилежне → духовний + Великий тлумачний словник сучасної української мови: прот. → духовний + СУМ-11: протилежне → духовний	unverified
мати	СУМ-11: numbered homonym headwords	unverified
мати-й-мачуха	СУМ-11: Те саме, що → підбіл	unverified
матка	СУМ-11: numbered homonym headwords	unverified
мах	СУМ-11: numbered homonym headwords	unverified
махнути	СУМ-11: див. → махати	unverified
машина	slovnyk.me: Словник синонімів Караванського + Словник синонімів української мови + СУМ-20: Те саме, що → механізм (reciprocal) + ВТС: Те саме, що → механізм (reciprocal) + СУМ-11: Те саме, що → механізм (reciprocal)	unverified
маєво	СУМ-11: див. → майво	unverified
медок	СУМ-11: numbered homonym headwords	unverified
межи	СУМ-11: див. → між	unverified
менш	СУМ-20: див. → менше + ВТС: див. → менше + СУМ-11: див. → менше	unverified
мертвий	ВТС: прот. → живий (reciprocal) + СУМ-11: протилежне → живий (reciprocal) + СУМ-20: протилежне → живий + ВТС: прот. → живий + СУМ-11: протилежне → живий + relation_pairs/miyklas.com.ua: corpus relation pair → живий	unverified
металічний	СУМ-11: Те саме, що → металевий	unverified
метикуватий	СУМ-11: Те саме, що → метикований	unverified
метр	СУМ-11: numbered homonym headwords	unverified
метро	СУМ-20: Те саме, що → метрополітен + ВТС: Те саме, що → метрополітен + СУМ-11: Те саме, що → метрополітен	unverified
метушня	СУМ-11: Те саме, що → метушіння	unverified
механізм	slovnyk.me: Словник синонімів Караванського + СУМ-20: Те саме, що → машина + ВТС: Те саме, що → машина + СУМ-11: Те саме, що → машина	unverified
механічний	slovnyk.me: Словник синонімів Караванського + Словник синонімів української мови + СУМ-20: Те саме, що → механістичний + ВТС: Те саме, що → механістичний + СУМ-11: Те саме, що → механістичний	unverified
мигдаль	СУМ-11: Те саме, що → бобчук	unverified
микання	СУМ-11: numbered homonym headwords	unverified
милость	СУМ-11: див. → милість	unverified
мимо	СУМ-11: numbered homonym headwords	unverified
мимохіть	СУМ-11: Те саме, що → мимоволі	unverified
минати	slovnyk.me: Словник синонімів Караванського + СУМ-20: див. → минути (reciprocal) + ВТС: див. → минути (reciprocal) + СУМ-11: див. → минути (reciprocal)	unverified
минути	СУМ-20: див. → минати + ВТС: див. → минати + СУМ-11: див. → минати	unverified
мистець	СУМ-11: Те саме, що → митець	unverified
мить	СУМ-20: Те саме, що → момент (reciprocal) + ВТС: Те саме, що → момент (reciprocal) + СУМ-11: Те саме, що → момент (reciprocal)	unverified
миш	СУМ-11: див. → миша	unverified
миша	СУМ-11: Те саме, що → кажан	unverified
млинок	СУМ-11: Те саме, що → віялка	unverified
мовник	СУМ-11: Те саме, що → мовознавець	unverified
мозолити	СУМ-11: Те саме, що → базікати	unverified
мозоль	СУМ-20: див. → мозоля + ВТС: див. → мозоля + СУМ-11: див. → мозоля	unverified
мозоля	СУМ-20: див. → мозоль (reciprocal) + ВТС: див. → мозоль (reciprocal) + СУМ-11: див. → мозоль (reciprocal)	unverified
молод	СУМ-11: див. → молодий	unverified
молодий	СУМ-20: протилежне → старий (reciprocal) + ВТС: прот. → старий (reciprocal) + СУМ-11: протилежне → старий (reciprocal)	unverified
молодик	СУМ-11: numbered homonym headwords	unverified
молодість	СУМ-20: протилежне → старість + ВТС: прот. → старість + СУМ-11: протилежне → старість	unverified
момент	slovnyk.me: Словник синонімів Караванського + Словник синонімів української мови + СУМ-20: Те саме, що → мить + ВТС: Те саме, що → мить + СУМ-11: Те саме, що → мить	unverified
монах	СУМ-11: Те саме, що → чернець	unverified
монотеїзм	Словник української мови у 20 томах (УМІФ НАН України, Ін-т мовознавства ім. О. О. Потебні): Те саме, що → єдинобожжя + Великий тлумачний словник сучасної української мови: Те саме, що → єдинобожжя + СУМ-11: Те саме, що → єдинобожжя	unverified
монотеїзм	Словник української мови у 20 томах (УМІФ НАН України, Ін-т мовознавства ім. О. О. Потебні): протилежне → політеїзм + Великий тлумачний словник сучасної української мови: прот. → політеїзм + СУМ-11: протилежне → політеїзм	unverified
монохромний	СУМ-11: Те саме, що → монохроматичний	unverified
монтажер	СУМ-11: Те саме, що → монтажист	unverified
монітор	СУМ-20: Те саме, що → гідромонітор + ВТС: Те саме, що → гідромонітор + СУМ-11: Те саме, що → гідромонітор	unverified
морити	СУМ-11: Те саме, що → труїти	unverified
мотати	СУМ-11: Те саме, що → марнотратити	unverified
мотика	СУМ-11: Те саме, що → сапа	unverified
моторний	СУМ-11: numbered homonym headwords	unverified
мотузка	СУМ-11: Те саме, що → мотузок	unverified
мряка	slovnyk.me: Словник синонімів Караванського + СУМ-20: Те саме, що → імла + ВТС: Те саме, що → імла + СУМ-11: Те саме, що → імла	unverified
мрячити	СУМ-11: numbered homonym headwords	unverified
мрійництво	СУМ-11: Те саме, що → мріяння	unverified
мріти	СУМ-11: numbered homonym headwords	unverified
мріти	СУМ-11: Те саме, що → світати	unverified
мудрий	СУМ-11: Те саме, що → хитрий	unverified
мудрій	СУМ-11: Те саме, що → мудрець	unverified
мужність	slovnyk.me: Словник синонімів Караванського + Словник синонімів української мови + СУМ-20: Те саме, що → змужнілість + ВТС: Те саме, що → змужнілість + СУМ-11: Те саме, що → змужнілість	unverified
музикальність	СУМ-11: Те саме, що → музичність	unverified
мул	СУМ-11: numbered homonym headwords	unverified
мурава	СУМ-11: Те саме, що → моріг	unverified
мураха	СУМ-20: Те саме, що → мурашка + СУМ-11: Те саме, що → мурашка	unverified
мурашка	slovnyk.me: Словник синонімів Караванського + Словник синонімів української мови + СУМ-20: Те саме, що → мураха (reciprocal) + СУМ-11: Те саме, що → мураха (reciprocal)	unverified
мурло	СУМ-11: Те саме, що → мурмило	unverified
мусульманин	СУМ-11: Те саме, що → магометанин	unverified
мусульманство	СУМ-11: Те саме, що → магометанство	unverified
мутити	СУМ-11: Те саме, що → каламутити	unverified
мутний	СУМ-11: Те саме, що → каламутний	unverified
мушва	СУМ-11: Те саме, що → мошка	unverified
мушка	СУМ-11: numbered homonym headwords	unverified
мушля	Словник української мови у 20 томах (УМІФ НАН України, Ін-т мовознавства ім. О. О. Потебні): Те саме, що → черепашка + Великий тлумачний словник сучасної української мови: Те саме, що → черепашка + СУМ-11: Те саме, що → черепашка	unverified
міна	СУМ-11: numbered homonym headwords	unverified
міна	СУМ-11: Те саме, що → торпеда	unverified
мінити	СУМ-11: Те саме, що → змінювати	unverified
мінімальний	СУМ-11: протилежне → максимальний	unverified
міраж	СУМ-11: numbered homonym headwords	unverified
мірка	СУМ-11: Те саме, що → мірчук	unverified
місиво	СУМ-11: Те саме, що → тісто	unverified
містечко	СУМ-11: numbered homonym headwords	unverified
місто	slovnyk.me: Словник синонімів Караванського + СУМ-11: Те саме, що → город (reciprocal) + relation_pairs/synonym_verdicts: corpus relation pair → город	unverified
містобудування	СУМ-11: Те саме, що → містобудівництво	unverified
місячний	СУМ-11: Те саме, що → менструація	unverified
мітла	СУМ-11: Те саме, що → комета	unverified
міх	СУМ-11: numbered homonym headwords	unverified
міцелій	СУМ-11: Те саме, що → грибниця	unverified
міць	СУМ-11: Те саме, що → міцність	unverified
на	СУМ-11: numbered homonym headwords	unverified
набирати	slovnyk.me: Словник синонімів Караванського + СУМ-20: див. → набрати (reciprocal) + ВТС: див. → набрати (reciprocal) + СУМ-11: див. → набрати (reciprocal) + relation_pairs/synonym_verdicts: corpus relation pair → збирати	unverified
набити	СУМ-20: див. → набивати + ВТС: див. → набивати + СУМ-11: див. → набивати	unverified
наближатися	СУМ-20: див. → наблизитися (reciprocal) + ВТС: див. → наблизитися (reciprocal) + СУМ-11: див. → наблизитися (reciprocal) + relation_pairs/synonym_verdicts: corpus relation pair → доходити + relation_pairs/synonym_verdicts: corpus relation pair → підходити	unverified
наблизити	Словник синонімів української мови + Словник української мови у 20 томах (УМІФ НАН України, Ін-т мовознавства ім. О. О. Потебні): див. → наближати + Великий тлумачний словник сучасної української мови: див. → наближати + СУМ-11: див. → наближати	unverified
наблизитися	СУМ-20: див. → наближатися + ВТС: див. → наближатися + СУМ-11: див. → наближатися	unverified
набрати	СУМ-20: див. → набирати + ВТС: див. → набирати + СУМ-11: див. → набирати	unverified
набратися	Словник синонімів української мови + Словник української мови у 20 томах (УМІФ НАН України, Ін-т мовознавства ім. О. О. Потебні): див. → набиратися + Великий тлумачний словник сучасної української мови: див. → набиратися + СУМ-11: див. → набиратися	unverified
набридати	slovnyk.me: Словник синонімів Караванського + Словник синонімів української мови + СУМ-20: див. → набриднути (reciprocal) + ВТС: див. → набриднути (reciprocal) + СУМ-11: див. → набриднути (reciprocal)	unverified
набриднути	СУМ-20: див. → набридати + ВТС: див. → набридати + СУМ-11: див. → набридати	unverified
наважитися	СУМ-20: див. → наважуватися + ВТС: див. → наважуватися + СУМ-11: див. → наважуватися	unverified
наважуватися	slovnyk.me: Словник синонімів Караванського + Словник синонімів української мови + СУМ-20: див. → наважитися (reciprocal) + ВТС: див. → наважитися (reciprocal) + СУМ-11: див. → наважитися (reciprocal)	unverified
навантажити	СУМ-20: див. → навантажувати + ВТС: див. → навантажувати + СУМ-11: див. → навантажувати	unverified
навести	СУМ-11: див. → наводити	unverified
навзаводи	СУМ-11: Те саме, що → наввипередки	unverified
навиворіт	СУМ-11: Те саме, що → навпаки	unverified
навкруг	СУМ-11: Те саме, що → навколо	unverified
навкруги	СУМ-11: Те саме, що → навколо	unverified
навперейми	СУМ-11: Те саме, що → наперебій	unverified
навпроти	СУМ-20: див. → напроти + ВТС: див. → напроти + СУМ-11: див. → напроти	unverified
навпрошки	СУМ-11: Те саме, що → навпростець	unverified
навстріч	СУМ-11: Те саме, що → назустріч	unverified
навтьоки	СУМ-11: див. → навтіки	unverified
навтікача	СУМ-11: Те саме, що → навтіки	unverified
навчати	slovnyk.me: Словник синонімів Караванського + СУМ-20: див. → навчити (reciprocal) + ВТС: див. → навчити (reciprocal) + СУМ-11: див. → навчити (reciprocal) + relation_pairs/synonym_verdicts: corpus relation pair → вчити	unverified
навчатися	СУМ-20: див. → навчитися (reciprocal) + ВТС: див. → навчитися (reciprocal) + СУМ-11: див. → навчитися (reciprocal)	unverified
навчити	СУМ-20: див. → навчати + ВТС: див. → навчати + СУМ-11: див. → навчати	unverified
навчитися	СУМ-20: див. → навчатися + ВТС: див. → навчатися + СУМ-11: див. → навчатися	unverified
навшпиньки	СУМ-11: Те саме, що → навшпиньках	unverified
навідатися	СУМ-11: див. → навідуватися	unverified
навік	СУМ-11: Те саме, що → навіки	unverified
навішування	СУМ-11: numbered homonym headwords	unverified
навіювати	СУМ-11: див. → навівати	unverified
навіяти	СУМ-11: див. → навівати	unverified
нагадати	СУМ-20: див. → нагадувати + ВТС: див. → нагадувати + СУМ-11: див. → нагадувати	unverified
нагадувати	slovnyk.me: Словник синонімів Караванського + СУМ-20: див. → нагадати (reciprocal) + ВТС: див. → нагадати (reciprocal) + СУМ-11: див. → нагадати (reciprocal)	unverified
нагайка	СУМ-11: Те саме, що → нагай	unverified
наглядати	СУМ-11: Те саме, що → поглядати	unverified
наговорити	СУМ-11: див. → наговорювати	unverified
нагодувати	СУМ-20: див. → нагодовувати + ВТС: див. → нагодовувати + СУМ-11: див. → нагодовувати	unverified
наголосити	СУМ-20: див. → наголошувати + ВТС: див. → наголошувати + СУМ-11: див. → наголошувати	unverified
наголошувати	slovnyk.me: Словник синонімів Караванського + Словник синонімів української мови + СУМ-20: див. → наголосити (reciprocal) + ВТС: див. → наголосити (reciprocal) + СУМ-11: див. → наголосити (reciprocal) + relation_pairs/synonym_verdicts: corpus relation pair → підкреслювати	unverified
нагострити	СУМ-11: див. → нагострювати	unverified
наготувати	СУМ-20: див. → наготовлювати + ВТС: див. → наготовлювати + СУМ-11: див. → наготовлювати	unverified
нагрівний	Словник української мови у 20 томах (УМІФ НАН України, Ін-т мовознавства ім. О. О. Потебні): Те саме, що → нагрівальний + Великий тлумачний словник сучасної української мови: Те саме, що → нагрівальний + СУМ-11: Те саме, що → нагрівальний	unverified
нагріти	СУМ-11: див. → нагрівати	unverified
над	СУМ-20: див. → наді (reciprocal) + ВТС: див. → наді (reciprocal) + СУМ-11: див. → наді (reciprocal)	unverified
надивитися	СУМ-11: див. → надивлятися	unverified
надихати	slovnyk.me: Словник синонімів Караванського + СУМ-20: див. → надихнути (reciprocal) + ВТС: див. → надихнути (reciprocal) + СУМ-11: див. → надихнути (reciprocal)	unverified
надихнути	СУМ-20: див. → надихати + ВТС: див. → надихати + СУМ-11: див. → надихати	unverified
надкусити	СУМ-11: див. → надкушувати	unverified
надмір	СУМ-11: Те саме, що → надміру	unverified
надо	СУМ-11: див. → над	unverified
надолужити	СУМ-20: див. → надолужувати + ВТС: див. → надолужувати + СУМ-11: див. → надолужувати	unverified
надпис	СУМ-11: Те саме, що → напис	unverified
надписати	Словник української мови у 20 томах (УМІФ НАН України, Ін-т мовознавства ім. О. О. Потебні): див. → надписувати + Великий тлумачний словник сучасної української мови: див. → надписувати + СУМ-11: див. → надписувати	unverified
надрізати	СУМ-11: див. → надрізувати + СУМ-11: див. → надрізати	unverified
надсилати	slovnyk.me: Словник синонімів Караванського + Словник синонімів української мови + СУМ-20: див. → надіслати (reciprocal) + ВТС: див. → надіслати (reciprocal) + СУМ-11: див. → надіслати (reciprocal) + relation_pairs/synonym_verdicts: corpus relation pair → подавати	unverified
надути	СУМ-11: див. → надувати	unverified
надягнути	СУМ-11: див. → надягати	unverified
надягти	СУМ-11: див. → надягати	unverified
наді	СУМ-20: див. → над + ВТС: див. → над + СУМ-11: див. → над	unverified
надійти	СУМ-11: див. → надходити	unverified
наділити	СУМ-11: див. → наділяти	unverified
надіслати	СУМ-20: див. → надсилати + ВТС: див. → надсилати + СУМ-11: див. → надсилати	unverified
надіти	СУМ-11: див. → надівати	unverified
наелектризувати	СУМ-11: див. → наелектризовувати	unverified
нажив	СУМ-11: Те саме, що → наживка	unverified
нажива	СУМ-11: numbered homonym headwords	unverified
нажива	СУМ-11: Те саме, що → наживка	unverified
нажитися	СУМ-11: див. → наживатися	unverified
назавше	СУМ-11: Те саме, що → назавжди	unverified
назад	СУМ-20: протилежне → вперед (reciprocal) + ВТС: прот. → вперед (reciprocal) + СУМ-11: протилежне → вперед (reciprocal) + СУМ-20: протилежне → вперед + ВТС: прот. → уперед + СУМ-11: протилежне → уперед + СУМ-20: протилежне → наперед (reciprocal) + ВТС: прот. → наперед (reciprocal) + СУМ-11: протилежне → наперед (reciprocal) + relation_pairs/miyklas.com.ua: corpus relation pair → вперед + relation_pairs/miyklas.com.ua: corpus relation pair → уперед	unverified
назбирати	Словник синонімів української мови + Словник української мови у 20 томах (УМІФ НАН України, Ін-т мовознавства ім. О. О. Потебні): див. → назбирувати + Великий тлумачний словник сучасної української мови: див. → назбирувати + СУМ-11: див. → назбирувати	unverified
назвати	СУМ-11: див. → називати	unverified
назватися	Словник синонімів української мови + Словник української мови у 20 томах (УМІФ НАН України, Ін-т мовознавства ім. О. О. Потебні): див. → називатися + Великий тлумачний словник сучасної української мови: див. → називатися + СУМ-11: див. → називатися	unverified
наздогнати	СУМ-11: див. → наздоганяти	unverified
наздогін	СУМ-11: див. → навздогін	unverified
наземний	СУМ-11: протилежне → загробний + СУМ-11: протилежне → потойбічний	unverified
назовні	СУМ-11: протилежне → всередину	unverified
най	СУМ-11: numbered homonym headwords	unverified
найбільш	СУМ-20: див. → найбільше + ВТС: див. → найбільше + СУМ-11: див. → найбільше	unverified
найбільший	СУМ-20: Те саме, що → найгірший (reciprocal) + ВТС: Те саме, що → найгірший (reciprocal) + СУМ-11: Те саме, що → найгірший (reciprocal)	unverified
найгірший	СУМ-20: Те саме, що → найбільший + ВТС: Те саме, що → найбільший + СУМ-11: Те саме, що → найбільший	unverified
наймати	slovnyk.me: Словник синонімів Караванського + Словник синонімів української мови + СУМ-20: Те саме, що → винаймати (reciprocal) + СУМ-20: див. → найняти (reciprocal) + ВТС: див. → найняти (reciprocal) + СУМ-11: див. → найняти (reciprocal)	unverified
найменування	СУМ-11: Те саме, що → назва	unverified
наймолодший	СУМ-20: протилежне → найстарший + ВТС: прот. → найстарший + СУМ-11: протилежне → найстарший + СУМ-20: протилежне → найстарший (reciprocal) + ВТС: прот. → найстарший (reciprocal) + СУМ-11: протилежне → найстарший (reciprocal)	unverified
найняти	СУМ-20: див. → наймати + ВТС: див. → наймати + СУМ-11: див. → наймати	unverified
найстарший	СУМ-20: протилежне → найменший (reciprocal) + СУМ-20: протилежне → наймолодший (reciprocal) + ВТС: прот. → наймолодший (reciprocal) + СУМ-11: протилежне → наймолодший (reciprocal) + СУМ-20: протилежне → наймолодший + ВТС: прот. → наймолодший + СУМ-11: протилежне → наймолодший	unverified
накидати	СУМ-11: numbered homonym headwords	unverified
накидати	СУМ-11: Те саме, що → наділяти	unverified
накинути	СУМ-11: див. → накидати	unverified
наклад	СУМ-11: numbered homonym headwords	unverified
наклад	СУМ-11: Те саме, що → збиток	unverified
накладати	Словник української мови у 20 томах (УМІФ НАН України, Ін-т мовознавства ім. О. О. Потебні): Те саме, що → надівати + Великий тлумачний словник сучасної української мови: Те саме, що → надівати + СУМ-11: Те саме, що → надівати	unverified
накласти	СУМ-11: див. → накладати	unverified
наклеїти	СУМ-11: див. → наклеювати	unverified
накопичити	Словник української мови у 20 томах (УМІФ НАН України, Ін-т мовознавства ім. О. О. Потебні): див. → накопичувати + Великий тлумачний словник сучасної української мови: див. → накопичувати + СУМ-11: див. → накопичувати	unverified
накопичитися	СУМ-11: див. → накопичуватися	unverified
накреслити	Словник української мови у 20 томах (УМІФ НАН України, Ін-т мовознавства ім. О. О. Потебні): див. → накреслювати + Великий тлумачний словник сучасної української мови: див. → накреслювати + СУМ-11: див. → накреслювати	unverified
накрити	СУМ-11: див. → накривати	unverified
накупити	СУМ-11: див. → накуповувати	unverified
налагодити	СУМ-11: див. → налагоджувати	unverified
налаштовувати	СУМ-20: див. → налаштувати (reciprocal) + ВТС: див. → налаштувати (reciprocal) + СУМ-11: див. → налаштувати (reciprocal)	unverified
налаштувати	СУМ-20: див. → налаштовувати + ВТС: див. → налаштовувати + СУМ-11: див. → налаштовувати	unverified
налаштуватися	СУМ-11: див. → налаштовуватися	unverified
налетіти	СУМ-11: див. → налітати	unverified
налити	СУМ-20: див. → наливати + ВТС: див. → наливати + СУМ-11: див. → наливати	unverified
наліво	ВТС: прот. → направо + СУМ-11: протилежне → направо + СУМ-20: протилежне → направо (reciprocal) + ВТС: прот. → направо (reciprocal) + СУМ-11: протилежне → направо (reciprocal) + relation_pairs/miyklas.com.ua: corpus relation pair → направо	unverified
намарне	СУМ-11: Те саме, що → намарно	unverified
намацати	СУМ-11: див. → намацувати	unverified
намилити	СУМ-11: див. → намилювати	unverified
намовити	СУМ-11: див. → намовляти	unverified
намотати	СУМ-11: див. → намотувати	unverified
намочити	СУМ-20: див. → намочувати + ВТС: див. → намочувати + СУМ-11: див. → намочувати	unverified
намітити	СУМ-11: див. → намічати	unverified
нанести	СУМ-11: див. → наносити	unverified
наостанок	СУМ-11: Те саме, що → наостанку	unverified
напевне	СУМ-11: Те саме, що → напевно	unverified
наперед	СУМ-20: протилежне → назад + ВТС: прот. → назад + СУМ-11: протилежне → назад	unverified
напитися	slovnyk.me: Словник синонімів української мови + СУМ-20: див. → напиватися + ВТС: див. → напиватися + СУМ-11: див. → напиватися	unverified
наповнити	СУМ-11: див. → наповняти	unverified
наполягти	Словник синонімів української мови + Словник української мови у 20 томах (УМІФ НАН України, Ін-т мовознавства ім. О. О. Потебні): див. → наполягати + Великий тлумачний словник сучасної української мови: див. → наполягати + СУМ-11: див. → наполягати	unverified
напоїти	СУМ-11: див. → напувати	unverified
направити	СУМ-11: див. → направляти	unverified
направо	ВТС: прот. → наліво (reciprocal) + СУМ-11: протилежне → наліво (reciprocal) + СУМ-20: протилежне → наліво + СУМ-20: протилежне → зліва + ВТС: прот. → наліво + ВТС: прот. → зліва + СУМ-11: протилежне → наліво + СУМ-11: протилежне → зліва + relation_pairs/miyklas.com.ua: corpus relation pair → наліво	unverified
напружити	СУМ-11: див. → напружувати	unverified
напрямок	СУМ-20: Те саме, що → напрям + ВТС: Те саме, що → напрям + СУМ-11: Те саме, що → напрям + relation_pairs/synonym_verdicts: corpus relation pair → курс	unverified
напів	СУМ-11: Те саме, що → наполовину	unverified
наразити	СУМ-11: див. → наражати	unverified
наразитися	СУМ-11: див. → наражатися	unverified
нарахувати	СУМ-11: див. → нараховувати	unverified
наречений	СУМ-20: Те саме, що → названий + ВТС: Те саме, що → названий + СУМ-11: Те саме, що → названий	unverified
наркотик	СУМ-11: Те саме, що → наркоман	unverified
наробити	СУМ-11: див. → нароблювати	unverified
народжувати	slovnyk.me: Словник синонімів Караванського + Словник синонімів української мови + СУМ-20: див. → народити (reciprocal) + ВТС: див. → народити (reciprocal) + СУМ-11: див. → народити (reciprocal)	unverified
народжуватися	slovnyk.me: Словник синонімів Караванського + СУМ-20: див. → народитися (reciprocal) + ВТС: див. → народитися (reciprocal) + СУМ-11: див. → народитися (reciprocal)	unverified
народити	СУМ-20: див. → народжувати + ВТС: див. → народжувати + СУМ-11: див. → народжувати	unverified
народитися	СУМ-20: див. → народжуватися + ВТС: див. → народжуватися + СУМ-11: див. → народжуватися	unverified
нарубати	СУМ-11: див. → нарубувати	unverified
наряд	СУМ-11: numbered homonym headwords	unverified
нарядний	СУМ-11: numbered homonym headwords	unverified
нарізати	СУМ-20: див. → нарізувати + СУМ-20: див. → нарізати + СУМ-11: див. → нарізувати + СУМ-11: див. → нарізати + СУМ-20: див. → нарізати (reciprocal) + СУМ-11: див. → нарізати (reciprocal)	unverified
нарікати	СУМ-11: Те саме, що → докоряти	unverified
населити	СУМ-11: див. → населяти	unverified
насилля	СУМ-11: Те саме, що → насильство	unverified
насилу	СУМ-11: Те саме, що → нарешті	unverified
наситити	СУМ-11: див. → насичувати	unverified
наскільки	slovnyk.me: Словник синонімів української мови + ВТС: Те саме, що → як + СУМ-11: Те саме, що → як	unverified
наслідок	СУМ-20: протилежне → причина (reciprocal) + ВТС: прот. → причина (reciprocal) + СУМ-11: протилежне → причина (reciprocal)	unverified
насміх	СУМ-11: Те саме, що → насмішка	unverified
насолоджуватися	slovnyk.me: Словник синонімів Караванського + СУМ-20: див. → насолодитися (reciprocal) + ВТС: див. → насолодитися (reciprocal) + СУМ-11: див. → насолодитися (reciprocal)	unverified
насолодитися	СУМ-20: див. → насолоджуватися + ВТС: див. → насолоджуватися + СУМ-11: див. → насолоджуватися	unverified
насправжки	СУМ-11: Те саме, що → насправді	unverified
наставляти	СУМ-11: numbered homonym headwords	unverified
настати	СУМ-20: див. → наставати + ВТС: див. → наставати + СУМ-11: див. → наставати	unverified
насторожити	СУМ-11: див. → насторожувати	unverified
настоянка	СУМ-20: Те саме, що → настойка + СУМ-11: Те саме, що → настойка	unverified
настроїти	СУМ-11: див. → настроювати	unverified
наступати	СУМ-11: Те саме, що → ставатися	unverified
наступити	СУМ-11: див. → наступати	unverified
наступництво	СУМ-11: Те саме, що → наступність	unverified
насупити	СУМ-11: див. → насуплювати	unverified
насупроти	СУМ-11: Те саме, що → назустріч	unverified
насів	СУМ-11: Те саме, що → насівання	unverified
насіння	slovnyk.me: Словник синонімів Караванського + Словник синонімів української мови + СУМ-11: Те саме, що → сім'я (reciprocal)	unverified
натиснути	СУМ-11: див. → натискати	unverified
натрапити	СУМ-11: див. → натрапляти	unverified
натуральний	СУМ-20: протилежне → штучний + СУМ-20: протилежне → роблений + СУМ-20: протилежне → надуманий + ВТС: прот. → штучний + ВТС: прот. → роблений + ВТС: прот. → надуманий + СУМ-11: протилежне → штучний + СУМ-11: протилежне → роблений + СУМ-11: протилежне → надуманий + relation_pairs/miyklas.com.ua: corpus relation pair → підроблений + relation_pairs/miyklas.com.ua: corpus relation pair → штучний	unverified
натщесерце	СУМ-11: Те саме, що → натще	unverified
натягнути	СУМ-11: див. → натягати	unverified
научати	СУМ-11: див. → навчати	unverified
нахабство	СУМ-11: Те саме, що → нахабність	unverified
нахилити	СУМ-11: див. → нахиляти	unverified
нахилитися	СУМ-20: див. → нахилятися + ВТС: див. → нахилятися + СУМ-11: див. → нахилятися	unverified
нацькувати	СУМ-11: див. → нацьковувати	unverified
начало	Вікісловник: explicit antonym list + СУМ-11: протилежне → кінець	unverified
начальство	СУМ-11: Те саме, що → начальник	unverified
наче	ВТС: Те саме, що → неначе + СУМ-11: Те саме, що → неначе + relation_pairs/miyklas.com.ua: corpus relation pair → мов	unverified
начеб	СУМ-11: Те саме, що → неначе	unverified
начебто	СУМ-11: Те саме, що → неначе	unverified
нашвидкуруч	СУМ-11: Те саме, що → нашвидку	unverified
нащо	СУМ-11: Те саме, що → навіщо	unverified
нащось	СУМ-11: Те саме, що → навіщось	unverified
наїстися	СУМ-20: див. → наїдатися + ВТС: див. → наїдатися + СУМ-11: див. → наїдатися	unverified
наїхати	СУМ-11: див. → наїжджати	unverified
небеса	СУМ-11: Те саме, що → небо	unverified
небесний	СУМ-11: протилежне → низький + СУМ-11: протилежне → земний	unverified
неборака	СУМ-11: Те саме, що → неборак	unverified
небосхил	СУМ-11: Те саме, що → небокрай	unverified
невважаючи	СУМ-11: Те саме, що → незважаючи	unverified
невдовзі	СУМ-11: Те саме, що → незабаром	unverified
невеличкий	Словник української мови у 20 томах (УМІФ НАН України, Ін-т мовознавства ім. О. О. Потебні): Те саме, що → невеликий + Великий тлумачний словник сучасної української мови: Те саме, що → невеликий + СУМ-11: Те саме, що → невеликий	unverified
невільник	Словник синонімів української мови + Словник української мови у 20 томах (УМІФ НАН України, Ін-т мовознавства ім. О. О. Потебні): Те саме, що → раб + Великий тлумачний словник сучасної української мови: Те саме, що → раб + СУМ-11: Те саме, що → раб	unverified
невістка	СУМ-20: Те саме, що → невістулька + ВТС: Те саме, що → невістулька + СУМ-11: Те саме, що → невістулька	unverified
негативний	Вікісловник: explicit antonym list + СУМ-20: протилежне → позитивний + ВТС: прот. → позитивний + СУМ-11: протилежне → позитивний	unverified
негідний	СУМ-11: Те саме, що → негідник	unverified
недаром	СУМ-11: Те саме, що → недарма	unverified
недовіра	СУМ-11: Те саме, що → недовір'я	unverified
недооцінити	СУМ-20: див. → недооцінювати + ВТС: див. → недооцінювати + СУМ-11: див. → недооцінювати	unverified
недосолити	СУМ-11: див. → недосолювати	unverified
недоїсти	СУМ-20: див. → недоїдати + ВТС: див. → недоїдати + СУМ-11: див. → недоїдати	unverified
недуг	СУМ-11: Те саме, що → недуга	unverified
недурно	СУМ-11: Те саме, що → недарма	unverified
незгірш	СУМ-11: Те саме, що → незгірше	unverified
незчисленний	СУМ-11: Те саме, що → незліченний	unverified
нема	slovnyk.me: Словник синонімів Караванського + Словник синонімів української мови + СУМ-20: див. → немає (reciprocal) + ВТС: див. → немає (reciprocal) + СУМ-11: див. → немає (reciprocal)	unverified
немає	slovnyk.me: Словник синонімів української мови + СУМ-20: див. → нема + ВТС: див. → нема + СУМ-11: див. → нема	unverified
неметалічний	Словник української мови у 20 томах (УМІФ НАН України, Ін-т мовознавства ім. О. О. Потебні): Те саме, що → неметалевий + Великий тлумачний словник сучасної української мови: Те саме, що → неметалевий + СУМ-11: Те саме, що → неметалевий	unverified
немов	ВТС: Те саме, що → немовби (reciprocal) + СУМ-11: Те саме, що → немовби (reciprocal) + СУМ-11: Те саме, що → немовбито (reciprocal) + relation_pairs/miyklas.com.ua: corpus relation pair → мов	unverified
немовби	ВТС: Те саме, що → немов + СУМ-11: Те саме, що → немов + ВТС: див. → немовбито (reciprocal)	unverified
немовбито	ВТС: див. → немовби + СУМ-11: Те саме, що → немов	unverified
неміч	СУМ-11: Те саме, що → хвороба	unverified
немічний	СУМ-11: Те саме, що → хворий	unverified
ненавмисно	Словник синонімів української мови + Словник української мови у 20 томах (УМІФ НАН України, Ін-т мовознавства ім. О. О. Потебні): Те саме, що → ненавмисне + Великий тлумачний словник сучасної української мови: Те саме, що → ненавмисне + СУМ-11: Те саме, що → ненавмисне	unverified
неначе	ВТС: Те саме, що → наче (reciprocal) + СУМ-11: Те саме, що → наче (reciprocal) + ВТС: Те саме, що → неначебто (reciprocal) + СУМ-11: Те саме, що → неначебто (reciprocal) + relation_pairs/miyklas.com.ua: corpus relation pair → мов	unverified
неначебто	ВТС: Те саме, що → неначе + СУМ-11: Те саме, що → неначе	unverified
ненька	СУМ-11: Те саме, що → неня	unverified
неохота	СУМ-11: Те саме, що → небажання	unverified
непоганий	Словник синонімів української мови + Словник української мови у 20 томах (УМІФ НАН України, Ін-т мовознавства ім. О. О. Потебні): Те саме, що → гарний + Великий тлумачний словник сучасної української мови: Те саме, що → гарний + СУМ-11: Те саме, що → гарний	unverified
непотрібний	slovnyk.me: Словник синонімів Караванського + СУМ-20: Те саме, що → непристойний + ВТС: Те саме, що → непристойний + СУМ-11: Те саме, що → непристойний	unverified
неправда	СУМ-20: протилежне → правда + ВТС: прот. → правда + СУМ-11: протилежне → правда + relation_pairs/miyklas.com.ua: corpus relation pair → істина	unverified
нервувати	slovnyk.me: Словник синонімів Караванського + Словник синонімів української мови + СУМ-20: Те саме, що → нервуватися + ВТС: Те саме, що → нервуватися + СУМ-11: Те саме, що → нервуватися	unverified
нерухомий	СУМ-11: numbered homonym headwords	unverified
нерухомий	СУМ-11: Те саме, що → нерухливий	unverified
нерухомість	СУМ-11: numbered homonym headwords	unverified
нерівний	СУМ-11: numbered homonym headwords	unverified
нерівно	СУМ-11: numbered homonym headwords	unverified
несмілий	СУМ-11: Те саме, що → несміливий	unverified
нехворощ	СУМ-11: Те саме, що → чорнобиль	unverified
нечутливий	СУМ-11: Те саме, що → нечулий	unverified
неясний	СУМ-11: Те саме, що → неяскравий	unverified
нижній	СУМ-11: протилежне → верхній	unverified
низ	СУМ-11: Те саме, що → виворіт	unverified
низом	СУМ-11: протилежне → верхом	unverified
низький	СУМ-20: протилежне → високий (reciprocal) + ВТС: прот. → високий (reciprocal) + СУМ-11: протилежне → високий (reciprocal) + СУМ-20: протилежне → високий + ВТС: прот. → високий + СУМ-11: протилежне → високий + relation_pairs/miyklas.com.ua: corpus relation pair → високий + relation_pairs/miyklas.com.ua: corpus relation pair → рослий	unverified
никнути	СУМ-11: numbered homonym headwords	unverified
нині	slovnyk.me: Словник синонімів Караванського + Словник синонімів української мови + СУМ-20: Те саме, що → сьогодні + ВТС: Те саме, що → сьогодні + СУМ-11: Те саме, що → сьогодні	unverified
нинішній	slovnyk.me: Словник синонімів Караванського + Словник синонімів української мови + СУМ-20: Те саме, що → сьогоднішній + ВТС: Те саме, що → сьогоднішній + СУМ-11: Те саме, що → сьогоднішній	unverified
нить	СУМ-11: Те саме, що → нитка	unverified
ниць	СУМ-11: протилежне → горілиць	unverified
нищечком	СУМ-11: Те саме, що → нишком	unverified
но	СУМ-11: numbered homonym headwords	unverified
но	СУМ-11: Те саме, що → тільки	unverified
новачок	СУМ-11: Те саме, що → новак	unverified
носитися	СУМ-11: Те саме, що → одягатися	unverified
носій	slovnyk.me: Словник синонімів Караванського + СУМ-20: Те саме, що → носильник + ВТС: Те саме, що → носильник + СУМ-11: Те саме, що → носильник	unverified
ноші	СУМ-11: Те саме, що → носилки	unverified
ну	СУМ-11: numbered homonym headwords	unverified
нуда	СУМ-11: Те саме, що → нудьгар	unverified
нудити	slovnyk.me: Словник синонімів Караванського + СУМ-20: Те саме, що → нудитися + ВТС: Те саме, що → нудитися + СУМ-11: Те саме, що → нудитися	unverified
нудьга	СУМ-11: Те саме, що → нудьгар	unverified
нянька	СУМ-20: Те саме, що → няня (reciprocal) + ВТС: Те саме, що → няня (reciprocal) + СУМ-11: Те саме, що → няня (reciprocal)	unverified
нянька-няня	СУМ-11: Те саме, що → нянька	unverified
няня	slovnyk.me: Словник синонімів Караванського + СУМ-20: Те саме, що → нянька + ВТС: Те саме, що → нянька + СУМ-11: Те саме, що → нянька	unverified
ніби	ВТС: Те саме, що → нібито (reciprocal) + СУМ-11: Те саме, що → нібито (reciprocal) + relation_pairs/miyklas.com.ua: corpus relation pair → мов	unverified
нібито	ВТС: Те саме, що → ніби + СУМ-11: Те саме, що → ніби + relation_pairs/miyklas.com.ua: corpus relation pair → мов	unverified
нігде	Словник української мови у 20 томах (УМІФ НАН України, Ін-т мовознавства ім. О. О. Потебні): див. → ніде + Словник української мови у 20 томах (УМІФ НАН України, Ін-т мовознавства ім. О. О. Потебні): див. → нігде + СУМ-11: див. → ніде + СУМ-11: див. → нігде	unverified
ніяко	СУМ-11: Те саме, що → ніяково	unverified
оаза	СУМ-11: Те саме, що → оазис	unverified
оббігти	СУМ-11: див. → оббігати	unverified
обвалитися	СУМ-11: див. → обвалюватися	unverified
обвести	СУМ-11: див. → обводити	unverified
обганяти	slovnyk.me: Словник синонімів Караванського + ВТС: Те саме, що → оббігати + СУМ-20: див. → обігнати (reciprocal) + ВТС: див. → обігнати (reciprocal) + СУМ-11: див. → обігнати (reciprocal)	unverified
обговорити	СУМ-20: див. → обговорювати + ВТС: див. → обговорювати + СУМ-11: див. → обговорювати	unverified
обговорювати	slovnyk.me: Словник синонімів Караванського + Словник синонімів української мови + СУМ-20: див. → обговорити (reciprocal) + ВТС: див. → обговорити (reciprocal) + СУМ-11: див. → обговорити (reciprocal)	unverified
обгородити	СУМ-11: див. → обгороджувати	unverified
обдаровання	СУМ-11: Те саме, що → обдарованість	unverified
обдарування	СУМ-11: Те саме, що → обдарованість	unverified
обдерти	СУМ-11: див. → обдирати	unverified
обдумати	СУМ-20: див. → обдумувати + ВТС: див. → обдумувати + СУМ-11: див. → обдумувати	unverified
обдурити	СУМ-20: див. → обдурювати + ВТС: див. → обдурювати + СУМ-11: див. → обдурювати	unverified
обдурювати	slovnyk.me: Словник синонімів Караванського + СУМ-20: див. → обдурити (reciprocal) + ВТС: див. → обдурити (reciprocal) + СУМ-11: див. → обдурити (reciprocal) + relation_pairs/miyklas.com.ua: corpus relation pair → підводити	unverified
обернути	СУМ-11: див. → обертати	unverified
обернутися	Словник української мови у 20 томах (УМІФ НАН України, Ін-т мовознавства ім. О. О. Потебні): див. → обертатися + Великий тлумачний словник сучасної української мови: див. → обертатися + СУМ-11: див. → обертатися	unverified
обертатися	СУМ-11: Те саме, що → звертатися	unverified
обжити	СУМ-11: див. → обживати	unverified
обзивати	СУМ-20: див. → обізвати (reciprocal) + ВТС: див. → обізвати (reciprocal) + СУМ-11: див. → обізвати (reciprocal)	unverified
обида	СУМ-11: Те саме, що → образа	unverified
обидві	СУМ-20: див. → обидва + ВТС: див. → обидва + СУМ-11: див. → обидва	unverified
обирати	slovnyk.me: Словник синонімів Караванського + Словник синонімів української мови + СУМ-20: див. → обрати (reciprocal) + ВТС: див. → обрати (reciprocal) + СУМ-11: див. → обрати (reciprocal)	unverified
обклеїти	СУМ-11: див. → обклеювати	unverified
обладнати	СУМ-11: див. → обладнувати	unverified
облетіти	СУМ-20: див. → облітати + ВТС: див. → облітати + СУМ-11: див. → облітати	unverified
облити	СУМ-11: див. → обливати	unverified
обличчя	slovnyk.me: Словник синонімів Караванського + Словник синонімів української мови + СУМ-20: Те саме, що → вид (reciprocal) + ВТС: Те саме, що → вид (reciprocal) + СУМ-11: Те саме, що → вид (reciprocal) + relation_pairs/synonym_verdicts: corpus relation pair → вид	unverified
облишити	СУМ-11: див. → облишати	unverified
обманути	СУМ-20: див. → обманювати + ВТС: див. → обманювати + СУМ-11: див. → обманювати	unverified
обманювати	slovnyk.me: Словник синонімів Караванського + СУМ-20: див. → обманути (reciprocal) + ВТС: див. → обманути (reciprocal) + СУМ-11: див. → обманути (reciprocal)	unverified
обмежити	СУМ-20: див. → обмежувати + ВТС: див. → обмежувати + СУМ-11: див. → обмежувати	unverified
обмежитися	СУМ-11: див. → обмежуватися	unverified
обминати	СУМ-11: numbered homonym headwords	unverified
обминути	СУМ-11: див. → обминати	unverified
обморозити	СУМ-11: див. → обморожувати	unverified
обмотати	СУМ-11: див. → обмотувати	unverified
обмінювати	СУМ-20: див. → обміняти (reciprocal) + ВТС: див. → обміняти (reciprocal) + СУМ-11: див. → обміняти (reciprocal)	unverified
обміняти	СУМ-20: див. → обмінювати + ВТС: див. → обмінювати + СУМ-11: див. → обмінювати	unverified
обмінятися	СУМ-11: див. → обмінюватися	unverified
обмірковувати	СУМ-11: Те саме, що → обдумувати	unverified
обміркувати	Словник української мови у 20 томах (УМІФ НАН України, Ін-т мовознавства ім. О. О. Потебні): див. → обмірковувати + Великий тлумачний словник сучасної української мови: див. → обмірковувати + СУМ-11: див. → обмірковувати	unverified
обняти	СУМ-11: див. → обнімати	unverified
обоз	СУМ-11: Те саме, що → валка	unverified
оборонитися	СУМ-11: див. → оборонятися	unverified
обпектися	СУМ-20: див. → обпікатися + ВТС: див. → обпікатися + СУМ-11: див. → обпікатися	unverified
обплисти	СУМ-20: див. → обпливати + ВТС: див. → обпливати + СУМ-11: див. → обпливати	unverified
ображати	slovnyk.me: Словник синонімів Караванського + ВТС: Те саме, що → кривдити + СУМ-20: див. → образити (reciprocal) + ВТС: див. → образити (reciprocal) + СУМ-11: див. → образити (reciprocal)	unverified
образити	СУМ-20: див. → ображати + ВТС: див. → ображати + СУМ-11: див. → ображати	unverified
образитися	СУМ-11: див. → ображатися	unverified
обрати	СУМ-20: див. → обирати + ВТС: див. → обирати + СУМ-11: див. → обирати	unverified
обробник	СУМ-11: Те саме, що → оброблювач	unverified
обрубаний	СУМ-11: Те саме, що → обрубкуватий	unverified
обруч	СУМ-11: Те саме, що → поряд	unverified
обручка	slovnyk.me: Словник синонімів Караванського + СУМ-20: Те саме, що → браслет + ВТС: Те саме, що → браслет + СУМ-11: Те саме, що → браслет	unverified
обрізати	СУМ-11: див. → обрізувати + СУМ-11: див. → обрізати	unverified
обслуга	СУМ-11: Те саме, що → обслуговування	unverified
обстоювати	slovnyk.me: Словник синонімів Караванського + Словник синонімів української мови + СУМ-20: див. → обстояти (reciprocal) + ВТС: див. → обстояти (reciprocal) + СУМ-11: див. → обстояти (reciprocal)	unverified
обстояти	СУМ-20: див. → обстоювати + ВТС: див. → обстоювати + СУМ-11: див. → обстоювати	unverified
обстрілювати	СУМ-20: див. → обстріляти (reciprocal) + ВТС: див. → обстріляти (reciprocal) + СУМ-11: див. → обстріляти (reciprocal)	unverified
обстріляти	СУМ-20: див. → обстрілювати + ВТС: див. → обстрілювати + СУМ-11: див. → обстрілювати	unverified
обступити	СУМ-11: див. → обступати	unverified
обумовити	Словник української мови у 20 томах (УМІФ НАН України, Ін-т мовознавства ім. О. О. Потебні): див. → обумовлювати + Великий тлумачний словник сучасної української мови: див. → обумовлювати + СУМ-11: див. → обумовлювати	unverified
обумовлювати	СУМ-11: Те саме, що → зумовлювати	unverified
обурюватися	СУМ-11: numbered homonym headwords	unverified
обходити	slovnyk.me: Словник синонімів Караванського + СУМ-20: див. → обійти (reciprocal) + ВТС: див. → обійти (reciprocal) + СУМ-11: див. → обійти (reciprocal)	unverified
обхопити	СУМ-11: див. → обхоплювати	unverified
обхідний	СУМ-11: Те саме, що → обвідний	unverified
обчислити	СУМ-11: див. → обчислювати	unverified
обчислювати	СУМ-11: Те саме, що → обмірковувати	unverified
обшир	СУМ-11: Те саме, що → простір	unverified
обшукати	СУМ-11: див. → обшукувати	unverified
обігнати	СУМ-20: див. → обганяти + ВТС: див. → обганяти + СУМ-11: див. → обганяти	unverified
обізвати	СУМ-20: див. → обзивати + ВТС: див. → обзивати + СУМ-11: див. → обзивати	unverified
обізватися	Словник української мови у 20 томах (УМІФ НАН України, Ін-т мовознавства ім. О. О. Потебні): див. → обзиватися + Великий тлумачний словник сучасної української мови: див. → обзиватися + СУМ-11: див. → обзиватися	unverified
обіймати	slovnyk.me: Словник синонімів Караванського + СУМ-20: див. → обійняти (reciprocal) + ВТС: див. → обійняти (reciprocal) + СУМ-11: див. → обійняти (reciprocal)	unverified
обійняти	СУМ-20: див. → обіймати + ВТС: див. → обіймати + СУМ-11: див. → обіймати	unverified
обійти	СУМ-20: див. → обходити + ВТС: див. → обходити + СУМ-11: див. → обходити	unverified
обійтися	Словник української мови у 20 томах (УМІФ НАН України, Ін-т мовознавства ім. О. О. Потебні): див. → обходитися + Великий тлумачний словник сучасної української мови: див. → обходитися + СУМ-11: див. → обходитися	unverified
обікрасти	СУМ-11: див. → обкрадати	unverified
обірвати	СУМ-11: див. → обривати	unverified
овечка	СУМ-11: Те саме, що → вівця	unverified
оглянути	СУМ-11: див. → оглядати	unverified
оговтатися	СУМ-11: див. → оговтуватися	unverified
оголосити	СУМ-20: див. → оголошувати + ВТС: див. → оголошувати + СУМ-11: див. → оголошувати	unverified
оголошувати	slovnyk.me: Словник синонімів Караванського + СУМ-20: див. → оголосити (reciprocal) + ВТС: див. → оголосити (reciprocal) + СУМ-11: див. → оголосити (reciprocal)	unverified
огонь	СУМ-11: див. → вогонь	unverified
огород	СУМ-11: Те саме, що → город	unverified
од	СУМ-11: див. → від	unverified
одежа	СУМ-11: Те саме, що → одяг	unverified
одержати	СУМ-20: див. → одержувати + ВТС: див. → одержувати + СУМ-11: див. → одержувати	unverified
одиниця	СУМ-11: Те саме, що → одиначка	unverified
одна	СУМ-20: див. → один + ВТС: див. → один + СУМ-11: див. → один	unverified
одне	СУМ-20: див. → один + ВТС: див. → один + СУМ-11: див. → один	unverified
одно	СУМ-11: див. → один	unverified
одноліток	СУМ-11: Те саме, що → ровесник	unverified
одноразовий	СУМ-20: Те саме, що → одночасний + ВТС: Те саме, що → одночасний + СУМ-11: Те саме, що → одночасний	unverified
одностайний	СУМ-11: Те саме, що → одноманітний	unverified
одні	СУМ-11: див. → один	unverified
одружити	СУМ-11: див. → одружувати	unverified
одружитися	СУМ-20: див. → одружуватися + ВТС: див. → одружуватися + СУМ-11: див. → одружуватися	unverified
одужати	СУМ-20: див. → одужувати + ВТС: див. → одужувати + СУМ-11: див. → одужувати	unverified
одужувати	slovnyk.me: Словник синонімів Караванського + Словник синонімів української мови + СУМ-20: див. → одужати (reciprocal) + ВТС: див. → одужати (reciprocal) + СУМ-11: див. → одужати (reciprocal)	unverified
одуритися	СУМ-11: див. → одурюватися	unverified
одягати	slovnyk.me: Словник синонімів Караванського + Словник синонімів української мови + СУМ-20: див. → одягнути (reciprocal) + ВТС: див. → одягнути (reciprocal) + СУМ-11: див. → одягнути (reciprocal)	unverified
одягнути	СУМ-20: див. → одягати + ВТС: див. → одягати + СУМ-11: див. → одягати	unverified
одягнутий	СУМ-11: див. → одягнений	unverified
одягнутися	Словник синонімів української мови + Словник української мови у 20 томах (УМІФ НАН України, Ін-т мовознавства ім. О. О. Потебні): див. → одягатися + Великий тлумачний словник сучасної української мови: див. → одягатися + СУМ-11: див. → одягатися	unverified
одягти	СУМ-11: див. → одягати	unverified
одіж	СУМ-11: Те саме, що → одяг	unverified
ожеледиця	СУМ-20: Те саме, що → ожеледь + СУМ-11: Те саме, що → ожеледь	unverified
оживити	СУМ-11: див. → оживляти	unverified
ожити	СУМ-11: див. → оживати	unverified
озброїти	СУМ-20: див. → озброювати + ВТС: див. → озброювати + СУМ-11: див. → озброювати	unverified
озватися	Словник української мови у 20 томах (УМІФ НАН України, Ін-т мовознавства ім. О. О. Потебні): див. → озиватися + Великий тлумачний словник сучасної української мови: див. → озиватися + СУМ-11: див. → озиватися	unverified
озвучити	СУМ-11: див. → озвучувати	unverified
оздоровити	СУМ-11: див. → оздоровлювати	unverified
озирнутися	Словник української мови у 20 томах (УМІФ НАН України, Ін-т мовознавства ім. О. О. Потебні): див. → озиратися + Великий тлумачний словник сучасної української мови: див. → озиратися + СУМ-11: див. → озиратися	unverified
ознайомити	СУМ-11: див. → ознайомлювати	unverified
ознайомитися	Словник української мови у 20 томах (УМІФ НАН України, Ін-т мовознавства ім. О. О. Потебні): див. → ознайомлюватися + Великий тлумачний словник сучасної української мови: див. → ознайомлюватися + СУМ-11: див. → ознайомлюватися	unverified
означити	СУМ-11: див. → означувати	unverified
оказія	СУМ-11: Те саме, що → пригода	unverified
океанічний	Словник української мови у 20 томах (УМІФ НАН України, Ін-т мовознавства ім. О. О. Потебні): Те саме, що → океанський + Великий тлумачний словник сучасної української мови: Те саме, що → океанський + СУМ-11: Те саме, що → океанський	unverified
окиснення	СУМ-11: Те саме, що → окислення	unverified
окисний	Великий тлумачний словник сучасної української мови: Те саме, що → окиснювальний + СУМ-11: Те саме, що → окислювальний	unverified
окисник	СУМ-11: Те саме, що → окислювач	unverified
око	slovnyk.me: Словник синонімів Караванського + СУМ-20: Те саме, що → погляд + ВТС: Те саме, що → погляд + СУМ-11: Те саме, що → погляд	unverified
око	СУМ-11: numbered homonym headwords	unverified
окреслити	СУМ-11: див. → окреслювати	unverified
окрилити	СУМ-11: див. → окриляти	unverified
окрилювати	СУМ-11: див. → окриляти	unverified
окропити	СУМ-11: див. → окропляти	unverified
округ	СУМ-11: numbered homonym headwords	unverified
округ	СУМ-11: Те саме, що → навколо	unverified
округи	СУМ-11: Те саме, що → навколо	unverified
округлити	Словник української мови у 20 томах (УМІФ НАН України, Ін-т мовознавства ім. О. О. Потебні): див. → округлювати + Великий тлумачний словник сучасної української мови: див. → округлювати + СУМ-11: див. → округлювати	unverified
окрім	СУМ-20: Те саме, що → крім + ВТС: Те саме, що → крім + СУМ-11: Те саме, що → крім	unverified
окріп	slovnyk.me: Словник синонімів Караванського + Словник синонімів української мови + ВТС: Те саме, що → кріп + СУМ-11: Те саме, що → кріп	unverified
оксамит	СУМ-11: numbered homonym headwords	unverified
оксамит	СУМ-11: Те саме, що → орлики	unverified
оксюморон	СУМ-20: див. → оксиморон + ВТС: див. → оксиморон + СУМ-11: див. → оксиморон	unverified
окуліст	slovnyk.me: Словник синонімів української мови + СУМ-20: Те саме, що → офтальмолог + ВТС: Те саме, що → офтальмолог + СУМ-11: Те саме, що → офтальмолог	unverified
окіл	СУМ-11: numbered homonym headwords	unverified
оминути	СУМ-20: див. → оминати + ВТС: див. → оминати + СУМ-11: див. → оминати	unverified
ондечки	СУМ-11: Те саме, що → онде	unverified
оно	СУМ-11: Те саме, що → он	unverified
оновити	СУМ-20: див. → оновляти + ВТС: див. → оновляти + СУМ-11: див. → оновляти	unverified
оновитися	СУМ-20: див. → оновлятися + ВТС: див. → оновлятися + СУМ-11: див. → оновлятися	unverified
оновлювати	СУМ-20: див. → оновляти + ВТС: див. → оновляти + СУМ-11: див. → оновляти	unverified
оновлюватися	СУМ-20: див. → оновлятися + ВТС: див. → оновлятися + СУМ-11: див. → оновлятися	unverified
онук	СУМ-11: див. → внук	unverified
онучка	СУМ-11: Те саме, що → онуча	unverified
онучок	СУМ-11: див. → внучок	unverified
опалювати	СУМ-11: Те саме, що → обпалювати	unverified
опанувати	Словник синонімів української мови + Словник української мови у 20 томах (УМІФ НАН України, Ін-т мовознавства ім. О. О. Потебні): див. → опановувати + Великий тлумачний словник сучасної української мови: див. → опановувати + СУМ-11: див. → опановувати	unverified
опинитися	СУМ-20: див. → опинятися + ВТС: див. → опинятися + СУМ-11: див. → опинятися	unverified
опинятися	slovnyk.me: Словник синонімів Караванського + СУМ-20: див. → опинитися (reciprocal) + ВТС: див. → опинитися (reciprocal) + СУМ-11: див. → опинитися (reciprocal)	unverified
описати	СУМ-20: див. → описувати + ВТС: див. → описувати + СУМ-11: див. → описувати	unverified
описувати	slovnyk.me: Словник синонімів Караванського + Словник синонімів української мови + СУМ-20: див. → описати (reciprocal) + ВТС: див. → описати (reciprocal) + СУМ-11: див. → описати (reciprocal) + relation_pairs/synonym_verdicts: corpus relation pair → малювати + relation_pairs/synonym_verdicts: corpus relation pair → оповідати	unverified
опитати	СУМ-11: див. → опитувати	unverified
оплатити	СУМ-20: див. → оплачувати + ВТС: див. → оплачувати + СУМ-11: див. → оплачувати	unverified
опрацювати	Словник синонімів української мови + Словник української мови у 20 томах (УМІФ НАН України, Ін-т мовознавства ім. О. О. Потебні): див. → опрацьовувати + Великий тлумачний словник сучасної української мови: див. → опрацьовувати + СУМ-11: див. → опрацьовувати	unverified
опротестувати	СУМ-11: див. → опротестовувати	unverified
опріч	СУМ-11: Те саме, що → крім	unverified
оптимізм	СУМ-11: протилежне → песимізм	unverified
оптиміст	СУМ-11: протилежне → песиміст	unverified
оптимістичний	Словник української мови у 20 томах (УМІФ НАН України, Ін-т мовознавства ім. О. О. Потебні): протилежне → песимістичний + Великий тлумачний словник сучасної української мови: прот. → песимістичний + СУМ-11: протилежне → песимістичний	unverified
опублікувати	СУМ-20: див. → опубліковувати + ВТС: див. → опубліковувати + СУМ-11: див. → опубліковувати	unverified
опуклий	СУМ-11: протилежне → угнутий	unverified
опускати	slovnyk.me: Словник синонімів Караванського + СУМ-20: див. → опустити (reciprocal) + ВТС: див. → опустити (reciprocal) + СУМ-11: див. → опустити (reciprocal)	unverified
опустити	СУМ-20: див. → опускати + ВТС: див. → опускати + СУМ-11: див. → опускати	unverified
опуститися	СУМ-20: див. → опускатися + ВТС: див. → опускатися + СУМ-11: див. → опускатися	unverified
опівніч	СУМ-11: Те саме, що → опівночі	unverified
опіум	СУМ-11: Те саме, що → опій	unverified
оранжевий	Словник синонімів української мови + Словник української мови у 20 томах (УМІФ НАН України, Ін-т мовознавства ім. О. О. Потебні): Те саме, що → жовтогарячий + Великий тлумачний словник сучасної української мови: Те саме, що → жовтогарячий + СУМ-11: Те саме, що → жовтогарячий	unverified
оранка	СУМ-11: Те саме, що → рілля	unverified
ораторія	СУМ-11: numbered homonym headwords	unverified
організувати	СУМ-20: див. → організовувати + ВТС: див. → організовувати + СУМ-11: див. → організовувати	unverified
орден	СУМ-11: numbered homonym headwords	unverified
ордер	СУМ-11: numbered homonym headwords	unverified
освоїти	СУМ-20: див. → освоювати + ВТС: див. → освоювати + СУМ-11: див. → освоювати	unverified
освятити	СУМ-11: див. → освячувати	unverified
освідчитися	Словник синонімів української мови + Словник української мови у 20 томах (УМІФ НАН України, Ін-т мовознавства ім. О. О. Потебні): див. → освідчуватися + Великий тлумачний словник сучасної української мови: див. → освідчуватися + СУМ-11: див. → освідчуватися	unverified
освіжити	СУМ-11: див. → освіжати	unverified
освітлити	СУМ-20: див. → освітлювати + ВТС: див. → освітлювати + СУМ-11: див. → освітлювати	unverified
оселитися	Словник української мови у 20 томах (УМІФ НАН України, Ін-т мовознавства ім. О. О. Потебні): див. → оселятися + Великий тлумачний словник сучасної української мови: див. → оселятися + СУМ-11: див. → оселятися	unverified
осередок	СУМ-11: Те саме, що → середовище	unverified
осип	СУМ-11: numbered homonym headwords	unverified
осип	СУМ-11: Те саме, що → осипище	unverified
оскаржити	СУМ-11: див. → оскаржувати	unverified
ослабити	СУМ-11: див. → ослаблювати	unverified
осмислити	СУМ-11: див. → осмислювати	unverified
осоромити	СУМ-20: див. → осоромлювати + ВТС: див. → осоромлювати + СУМ-11: див. → осоромлювати	unverified
осоромлювати	slovnyk.me: Словник синонімів Караванського + Словник синонімів української мови + СУМ-20: див. → осоромити (reciprocal) + ВТС: див. → осоромити (reciprocal) + СУМ-11: див. → осоромити (reciprocal)	unverified
оспівати	СУМ-11: див. → оспівувати	unverified
ост	СУМ-11: numbered homonym headwords	unverified
ост	СУМ-11: Те саме, що → остюк	unverified
ост	СУМ-11: протилежне → вест	unverified
останній	СУМ-20: протилежне → перший + ВТС: прот. → перший + СУМ-11: протилежне → перший	unverified
остача	СУМ-11: Те саме, що → різниця	unverified
остогиднути	Словник української мови у 20 томах (УМІФ НАН України, Ін-т мовознавства ім. О. О. Потебні): Те саме, що → остогидіти + СУМ-11: Те саме, що → остогидіти	unverified
остудити	СУМ-11: див. → остуджувати	unverified
ості	СУМ-11: Те саме, що → остень	unverified
осягнути	СУМ-11: див. → осягати	unverified
осягти	СУМ-11: див. → осягати	unverified
осяяти	СУМ-11: див. → осявати	unverified
осісти	СУМ-11: див. → осідати	unverified
осіянний	СУМ-11: Те саме, що → осяйний	unverified
оточити	СУМ-20: див. → оточувати + ВТС: див. → оточувати + СУМ-11: див. → оточувати	unverified
оточувати	slovnyk.me: Словник синонімів Караванського + СУМ-20: див. → оточити (reciprocal) + ВТС: див. → оточити (reciprocal) + СУМ-11: див. → оточити (reciprocal)	unverified
отримати	СУМ-20: див. → отримувати + ВТС: див. → отримувати + СУМ-11: див. → отримувати	unverified
отримувати	slovnyk.me: Словник синонімів Караванського + Словник синонімів української мови + СУМ-20: див. → отримати (reciprocal) + ВТС: див. → отримати (reciprocal) + СУМ-11: див. → отримати (reciprocal) + СУМ-20: Те саме, що → одержувати + ВТС: Те саме, що → одержувати + СУМ-11: Те саме, що → одержувати	unverified
отруїти	СУМ-11: див. → отруювати	unverified
отруїтися	СУМ-11: див. → отруюватися	unverified
отут	СУМ-11: numbered homonym headwords	unverified
отямитися	Словник синонімів української мови + Словник української мови у 20 томах (УМІФ НАН України, Ін-т мовознавства ім. О. О. Потебні): див. → отямлюватися + Великий тлумачний словник сучасної української мови: див. → отямлюватися + СУМ-11: див. → отямлюватися	unverified
оформити	СУМ-20: див. → оформляти + ВТС: див. → оформляти + СУМ-11: див. → оформляти	unverified
оформлювати	Словник української мови у 20 томах (УМІФ НАН України, Ін-т мовознавства ім. О. О. Потебні): див. → оформляти + Великий тлумачний словник сучасної української мови: див. → оформляти + СУМ-11: див. → оформляти	unverified
оформляти	СУМ-20: див. → оформити (reciprocal) + ВТС: див. → оформити (reciprocal) + СУМ-11: див. → оформити (reciprocal)	unverified
ох	СУМ-11: Те саме, що → охання	unverified
охолоджувати	slovnyk.me: Словник синонімів Караванського + СУМ-20: див. → охолодити (reciprocal) + ВТС: див. → охолодити (reciprocal) + СУМ-11: див. → охолодити (reciprocal)	unverified
охолоджуватися	СУМ-20: див. → охолодитися (reciprocal) + ВТС: див. → охолодитися (reciprocal) + СУМ-11: див. → охолодитися (reciprocal)	unverified
охолодити	СУМ-20: див. → охолоджувати + ВТС: див. → охолоджувати + СУМ-11: див. → охолоджувати	unverified
охолодитися	СУМ-20: див. → охолоджуватися + ВТС: див. → охолоджуватися + СУМ-11: див. → охолоджуватися	unverified
охопити	СУМ-20: див. → охоплювати + ВТС: див. → охоплювати + СУМ-11: див. → охоплювати	unverified
охоронити	Словник синонімів української мови + Словник української мови у 20 томах (УМІФ НАН України, Ін-т мовознавства ім. О. О. Потебні): див. → охороняти + Великий тлумачний словник сучасної української мови: див. → охороняти + СУМ-11: див. → охороняти	unverified
охота	СУМ-11: numbered homonym headwords	unverified
охота	СУМ-11: Те саме, що → полювання	unverified
оцінити	СУМ-20: див. → оцінювати + ВТС: див. → оцінювати + СУМ-11: див. → оцінювати	unverified
оцінювати	СУМ-20: див. → оцінити (reciprocal) + ВТС: див. → оцінити (reciprocal) + СУМ-11: див. → оцінити (reciprocal)	unverified
очевидячки	СУМ-11: numbered homonym headwords	unverified
очевидячки	СУМ-11: Те саме, що → очевидно	unverified
очистити	СУМ-20: див. → очищати + ВТС: див. → очищати + СУМ-11: див. → очищати	unverified
очиститися	СУМ-11: див. → очищатися	unverified
очищати	slovnyk.me: Словник синонімів Караванського + СУМ-20: див. → очистити (reciprocal) + ВТС: див. → очистити (reciprocal) + СУМ-11: див. → очистити (reciprocal)	unverified
очищувати	СУМ-11: див. → очищати	unverified
очищувач	СУМ-11: Те саме, що → очисник	unverified
очний	СУМ-11: протилежне → заочний	unverified
очолити	СУМ-11: див. → очолювати	unverified
очі	slovnyk.me: Словник синонімів Караванського + СУМ-20: див. → око + ВТС: див. → око + СУМ-11: див. → око	unverified
очікувати	slovnyk.me: Словник синонімів Караванського + Словник синонімів української мови + СУМ-20: Те саме, що → ждати + ВТС: Те саме, що → ждати + СУМ-11: Те саме, що → ждати	unverified
ошелешити	СУМ-11: див. → ошелешувати	unverified
ошукати	СУМ-11: див. → ошукувати	unverified
павутиння	СУМ-11: Те саме, що → павутина	unverified
пагорб	slovnyk.me: Словник синонімів Караванського + Словник синонімів української мови + СУМ-20: Те саме, що → пагорок + ВТС: Те саме, що → пагорок + СУМ-11: Те саме, що → пагорок	unverified
падалка	СУМ-11: Те саме, що → падалиця	unverified
падчірка	СУМ-11: див. → падчерка	unverified
пак	СУМ-11: numbered homonym headwords	unverified
паки	СУМ-11: див. → пак	unverified
пал	СУМ-11: numbered homonym headwords	unverified
палений	СУМ-11: Те саме, що → паленка	unverified
палити	СУМ-11: numbered homonym headwords	unverified
панама	СУМ-11: numbered homonym headwords	unverified
пантера	СУМ-11: Те саме, що → леопард	unverified
панцерник	СУМ-11: див. → панцирник	unverified
панянка	СУМ-11: Те саме, що → панна	unverified
панія	Словник української мови у 20 томах (УМІФ НАН України, Ін-т мовознавства ім. О. О. Потебні): Те саме, що → пані + СУМ-11: Те саме, що → пані	unverified
папа	СУМ-11: numbered homonym headwords	unverified
папський	СУМ-11: Те саме, що → католицизм	unverified
пар	СУМ-11: numbered homonym headwords	unverified
пар	СУМ-11: Те саме, що → парення	unverified
пара	СУМ-11: numbered homonym headwords	unverified
парадний	СУМ-11: протилежне → задній + СУМ-11: протилежне → чорний	unverified
паразитичний	СУМ-11: Те саме, що → паразитарний	unverified
пардон	СУМ-11: Те саме, що → прощення	unverified
парка	СУМ-11: numbered homonym headwords	unverified
парламентар	СУМ-11: Те саме, що → парламентарій	unverified
парламентський	Словник української мови у 20 томах (УМІФ НАН України, Ін-т мовознавства ім. О. О. Потебні): Те саме, що → парламентарний + Великий тлумачний словник сучасної української мови: Те саме, що → парламентарний + СУМ-11: Те саме, що → парламентарний	unverified
парно	СУМ-11: numbered homonym headwords	unverified
паром	СУМ-11: див. → пором	unverified
парость	СУМ-11: Те саме, що → паросток	unverified
партійний	СУМ-11: Те саме, що → партбудівництво	unverified
парубоцтво	СУМ-11: Те саме, що → парубота	unverified
парубійка	СУМ-11: Те саме, що → парубійко	unverified
парувати	СУМ-11: numbered homonym headwords	unverified
парус	СУМ-11: Те саме, що → промінь	unverified
пасивний	СУМ-20: протилежне → активний (reciprocal) + ВТС: прот. → активний (reciprocal) + СУМ-11: протилежне → активний (reciprocal) + СУМ-20: протилежне → активний + relation_pairs/miyklas.com.ua: corpus relation pair → активний + relation_pairs/miyklas.com.ua: corpus relation pair → енергійний	unverified
паска	СУМ-20: Те саме, що → великдень + СУМ-11: Те саме, що → великдень	unverified
пастка	СУМ-11: numbered homonym headwords	unverified
пасувати	СУМ-11: numbered homonym headwords	unverified
пасха	СУМ-11: Те саме, що → великдень	unverified
пат	СУМ-11: numbered homonym headwords	unverified
патрон	СУМ-11: numbered homonym headwords	unverified
пах	СУМ-11: numbered homonym headwords	unverified
пах	СУМ-11: Те саме, що → запах	unverified
пацан	СУМ-11: Те саме, що → хлопчак	unverified
пацюк	СУМ-11: numbered homonym headwords	unverified
пацюк	СУМ-11: Те саме, що → порося	unverified
паша	СУМ-11: Те саме, що → пасовище	unverified
пащека	СУМ-11: Те саме, що → паща	unverified
певне	СУМ-11: див. → певно	unverified
пек	СУМ-11: numbered homonym headwords	unverified
пелена	СУМ-11: numbered homonym headwords	unverified
пелюсток	СУМ-11: Те саме, що → пелюстка	unverified
пенні	СУМ-11: Те саме, що → пенс	unverified
первий	СУМ-11: Те саме, що → перший	unverified
первістка	СУМ-11: Те саме, що → первачка	unverified
пергамен	СУМ-11: Те саме, що → пергамент	unverified
перебирати	СУМ-11: Те саме, що → переодягати	unverified
перебиратися	СУМ-11: Те саме, що → переодягатися	unverified
перебити	СУМ-11: див. → перебивати	unverified
перебороти	СУМ-11: див. → переборювати	unverified
переборщити	СУМ-20: див. → переборщувати + ВТС: див. → переборщувати + СУМ-11: див. → переборщувати	unverified
перебрати	СУМ-20: див. → перебирати + ВТС: див. → перебирати + СУМ-11: див. → перебирати	unverified
перебратися	СУМ-11: див. → перебиратися	unverified
перебрести	СУМ-11: див. → перебродити	unverified
перебувати	СУМ-11: numbered homonym headwords	unverified
перебудувати	СУМ-20: див. → перебудовувати + ВТС: див. → перебудовувати + СУМ-11: див. → перебудовувати	unverified
перебудуватися	СУМ-11: див. → перебудовуватися	unverified
перебігати	slovnyk.me: Словник синонімів Караванського + Словник синонімів української мови + СУМ-20: див. → перебігти (reciprocal) + ВТС: див. → перебігти (reciprocal) + СУМ-11: див. → перебігти (reciprocal) + relation_pairs/synonym_verdicts: corpus relation pair → пробігати	unverified
перебігти	СУМ-20: див. → перебігати + ВТС: див. → перебігати + СУМ-11: див. → перебігати	unverified
перебільшити	СУМ-11: див. → перебільшувати	unverified
перевантажити	СУМ-20: див. → перевантажувати + ВТС: див. → перевантажувати + СУМ-11: див. → перевантажувати	unverified
перевантажувати	slovnyk.me: Словник синонімів Караванського + СУМ-20: див. → перевантажити (reciprocal) + ВТС: див. → перевантажити (reciprocal) + СУМ-11: див. → перевантажити (reciprocal)	unverified
перевезти	СУМ-20: див. → перевозити + ВТС: див. → перевозити + СУМ-11: див. → перевозити	unverified
перевернути	Словник синонімів української мови + Словник української мови у 20 томах (УМІФ НАН України, Ін-т мовознавства ім. О. О. Потебні): див. → перевертати + Великий тлумачний словник сучасної української мови: див. → перевертати + СУМ-11: див. → перевертати	unverified
перевернутися	Словник синонімів української мови + Словник української мови у 20 томах (УМІФ НАН України, Ін-т мовознавства ім. О. О. Потебні): див. → перевертатися + Великий тлумачний словник сучасної української мови: див. → перевертатися + СУМ-11: див. → перевертатися	unverified
перевершити	СУМ-11: див. → перевершувати	unverified
перевести	СУМ-20: див. → переводити + ВТС: див. → переводити + СУМ-11: див. → переводити	unverified
перевищити	СУМ-11: див. → перевищувати	unverified
перевтомитися	slovnyk.me: Словник синонімів української мови + СУМ-20: див. → перевтомлюватися + ВТС: див. → перевтомлюватися + СУМ-11: див. → перевтомлюватися	unverified
перевтілитися	СУМ-11: див. → перевтілюватися	unverified
перевіз	СУМ-11: Те саме, що → перевезення	unverified
переганяти	slovnyk.me: Словник синонімів Караванського + Словник синонімів української мови + СУМ-20: див. → перегнати (reciprocal) + ВТС: див. → перегнати (reciprocal) + СУМ-11: див. → перегнати (reciprocal)	unverified
переглянути	СУМ-20: див. → переглядати + ВТС: див. → переглядати + СУМ-11: див. → переглядати	unverified
перегнати	СУМ-20: див. → переганяти + ВТС: див. → переганяти + СУМ-11: див. → переганяти	unverified
перегнути	СУМ-11: див. → перегинати	unverified
перегодя	СУМ-11: Те саме, що → перегодом	unverified
перегорнути	СУМ-11: див. → перегортати	unverified
перегородити	СУМ-11: див. → перегороджувати	unverified
перегоріти	СУМ-11: див. → перегоряти	unverified
перегризти	СУМ-11: див. → перегризати	unverified
перед	СУМ-20: див. → переді (reciprocal) + ВТС: див. → переді (reciprocal) + СУМ-11: див. → переді (reciprocal)	unverified
передавати	slovnyk.me: Словник синонімів Караванського + Словник синонімів української мови + СУМ-20: див. → передати (reciprocal) + ВТС: див. → передати (reciprocal) + СУМ-11: див. → передати (reciprocal) + relation_pairs/synonym_verdicts: corpus relation pair → висловлювати + relation_pairs/synonym_verdicts: corpus relation pair → подавати	unverified
передавати	СУМ-11: numbered homonym headwords	unverified
передати	СУМ-20: див. → передавати + ВТС: див. → передавати + СУМ-11: див. → передавати	unverified
передатися	СУМ-11: див. → передаватися	unverified
передбачити	СУМ-20: див. → передбачати + ВТС: див. → передбачати + СУМ-11: див. → передбачати	unverified
передзвонити	СУМ-20: див. → передзвонювати + ВТС: див. → передзвонювати + СУМ-11: див. → передзвонювати	unverified
передній	slovnyk.me: Словник синонімів Караванського + Словник синонімів української мови + СУМ-20: Те саме, що → головний + СУМ-11: Те саме, що → головний	unverified
передо	СУМ-11: див. → перед	unverified
передовсім	СУМ-11: див. → передусім	unverified
переді	СУМ-20: див. → перед + ВТС: див. → перед + СУМ-11: див. → перед	unverified
пережити	СУМ-11: див. → переживати	unverified
пережувати	СУМ-11: див. → пережовувати	unverified
перезарядити	СУМ-11: див. → перезаряджати	unverified
перезимувати	СУМ-11: див. → перезимовувати	unverified
переймати	slovnyk.me: Словник синонімів Караванського + СУМ-20: див. → перейняти (reciprocal) + ВТС: див. → перейняти (reciprocal) + СУМ-11: див. → перейняти (reciprocal)	unverified
перейменувати	СУМ-20: див. → перейменовувати + ВТС: див. → перейменовувати + СУМ-11: див. → перейменовувати	unverified
перейняти	СУМ-20: див. → переймати + ВТС: див. → переймати + СУМ-11: див. → переймати	unverified
перейнятися	СУМ-11: див. → перейматися	unverified
перейти	СУМ-20: див. → переходити + ВТС: див. → переходити + СУМ-11: див. → переходити	unverified
переказати	СУМ-20: див. → переказувати + ВТС: див. → переказувати + СУМ-11: див. → переказувати	unverified
перекидання	СУМ-11: numbered homonym headwords	unverified
перекидати	СУМ-11: numbered homonym headwords	unverified
перекидатися	СУМ-11: numbered homonym headwords	unverified
перекинути	СУМ-11: див. → перекидати	unverified
перекинутий	СУМ-11: див. → перекинений	unverified
перекладати	slovnyk.me: Словник синонімів Караванського + СУМ-20: див. → перекласти (reciprocal) + ВТС: див. → перекласти (reciprocal) + СУМ-11: див. → перекласти (reciprocal)	unverified
перекласти	СУМ-20: див. → перекладати + ВТС: див. → перекладати + СУМ-11: див. → перекладати	unverified
переконати	СУМ-20: див. → переконувати + ВТС: див. → переконувати + СУМ-11: див. → переконувати	unverified
переконатися	slovnyk.me: Словник синонімів української мови + СУМ-20: див. → переконуватися + ВТС: див. → переконуватися + СУМ-11: див. → переконуватися	unverified
переконувати	СУМ-20: див. → переконати (reciprocal) + ВТС: див. → переконати (reciprocal) + СУМ-11: див. → переконати (reciprocal)	unverified
переконуватися	slovnyk.me: Словник синонімів Караванського + СУМ-20: див. → переконатися (reciprocal) + ВТС: див. → переконатися (reciprocal) + СУМ-11: див. → переконатися (reciprocal)	unverified
перекрити	СУМ-11: див. → перекривати	unverified
перекричати	СУМ-11: див. → перекрикувати	unverified
перекір	СУМ-11: Те саме, що → опір	unverified
перелесник	СУМ-11: Те саме, що → спокусник	unverified
перелетіти	СУМ-20: див. → перелітати + ВТС: див. → перелітати + СУМ-11: див. → перелітати	unverified
перелити	СУМ-11: див. → переливати	unverified
переломити	СУМ-11: див. → переломлювати	unverified
перелізти	СУМ-11: див. → перелазити	unverified
перелітати	СУМ-11: numbered homonym headwords	unverified
перелічити	СУМ-11: див. → перелічувати	unverified
перемагати	slovnyk.me: Словник синонімів Караванського + СУМ-20: див. → перемогти (reciprocal) + ВТС: див. → перемогти (reciprocal) + СУМ-11: див. → перемогти (reciprocal)	unverified
перемикання	СУМ-11: numbered homonym headwords	unverified
перемножити	СУМ-11: див. → перемножувати	unverified
перемогти	СУМ-20: див. → перемагати + ВТС: див. → перемагати + СУМ-11: див. → перемагати	unverified
перемотати	Словник української мови у 20 томах (УМІФ НАН України, Ін-т мовознавства ім. О. О. Потебні): див. → перемотувати + Великий тлумачний словник сучасної української мови: див. → перемотувати + СУМ-11: див. → перемотувати	unverified
перемістити	СУМ-11: див. → переміщати	unverified
переміститися	Словник української мови у 20 томах (УМІФ НАН України, Ін-т мовознавства ім. О. О. Потебні): див. → переміщатися + Великий тлумачний словник сучасної української мови: див. → переміщатися + СУМ-11: див. → переміщатися	unverified
перемішати	СУМ-20: див. → перемішувати + ВТС: див. → перемішувати + СУМ-11: див. → перемішувати	unverified
перемішувати	slovnyk.me: Словник синонімів Караванського + Словник синонімів української мови + СУМ-20: див. → перемішати (reciprocal) + ВТС: див. → перемішати (reciprocal) + СУМ-11: див. → перемішати (reciprocal) + relation_pairs/synonym_verdicts: corpus relation pair → мішати	unverified
переміщувати	СУМ-11: див. → переміщати	unverified
переміщуватися	СУМ-11: див. → переміщатися	unverified
перенавантажити	Словник української мови у 20 томах (УМІФ НАН України, Ін-т мовознавства ім. О. О. Потебні): див. → перенавантажувати + СУМ-11: див. → перенавантажувати	unverified
перенаселення	СУМ-11: Те саме, що → перенаселеність	unverified
перенести	СУМ-20: див. → переносити + ВТС: див. → переносити + СУМ-11: див. → переносити	unverified
перенестися	Словник синонімів української мови + Словник української мови у 20 томах (УМІФ НАН України, Ін-т мовознавства ім. О. О. Потебні): див. → переноситися + Великий тлумачний словник сучасної української мови: див. → переноситися + СУМ-11: див. → переноситися	unverified
переносити	slovnyk.me: Словник синонімів Караванського + СУМ-20: див. → перенести (reciprocal) + ВТС: див. → перенести (reciprocal) + СУМ-11: див. → перенести (reciprocal)	unverified
переночувати	СУМ-20: див. → переночовувати + ВТС: див. → переночовувати + СУМ-11: див. → переночовувати	unverified
переосмислити	СУМ-11: див. → переосмислювати	unverified
переоцінити	СУМ-20: див. → переоцінювати + ВТС: див. → переоцінювати + СУМ-11: див. → переоцінювати	unverified
переписати	СУМ-20: див. → переписувати + ВТС: див. → переписувати + СУМ-11: див. → переписувати	unverified
переписуватися	Словник української мови у 20 томах (УМІФ НАН України, Ін-т мовознавства ім. О. О. Потебні): Те саме, що → листуватися + Великий тлумачний словник сучасної української мови: Те саме, що → листуватися + СУМ-11: Те саме, що → листуватися	unverified
перепитати	СУМ-11: див. → перепитувати	unverified
перепливти	СУМ-11: див. → перепливати	unverified
переплисти	СУМ-20: див. → перепливати + ВТС: див. → перепливати + СУМ-11: див. → перепливати	unverified
переплутати	СУМ-20: див. → переплутувати + ВТС: див. → переплутувати + СУМ-11: див. → переплутувати	unverified
переплюнути	Словник української мови у 20 томах (УМІФ НАН України, Ін-т мовознавства ім. О. О. Потебні): див. → перепльовувати + СУМ-11: див. → перепльовувати	unverified
переповісти	СУМ-11: див. → переповідати	unverified
перепочити	СУМ-11: див. → перепочивати	unverified
переправитися	СУМ-11: див. → переправлятися	unverified
перепрошувати	СУМ-11: numbered homonym headwords	unverified
перепрошувати	СУМ-11: Те саме, що → просити	unverified
перерахувати	Словник синонімів української мови + Словник української мови у 20 томах (УМІФ НАН України, Ін-т мовознавства ім. О. О. Потебні): див. → перераховувати + Великий тлумачний словник сучасної української мови: див. → перераховувати + СУМ-11: див. → перераховувати	unverified
перервати	СУМ-20: див. → переривати + ВТС: див. → переривати + СУМ-11: див. → переривати	unverified
переривати	slovnyk.me: Словник синонімів Караванського + СУМ-20: див. → перервати (reciprocal) + ВТС: див. → перервати (reciprocal) + СУМ-11: див. → перервати (reciprocal)	unverified
переробити	СУМ-11: див. → переробляти	unverified
перерозподілити	СУМ-11: див. → перерозподіляти	unverified
перерости	СУМ-20: див. → переростати + ВТС: див. → переростати + СУМ-11: див. → переростати	unverified
перерізати	Словник синонімів української мови + Словник української мови у 20 томах (УМІФ НАН України, Ін-т мовознавства ім. О. О. Потебні): див. → перерізувати + Словник української мови у 20 томах (УМІФ НАН України, Ін-т мовознавства ім. О. О. Потебні): див. → перерізати + СУМ-11: див. → перерізувати + СУМ-11: див. → перерізати	unverified
пересадити	СУМ-11: див. → пересаджувати	unverified
пересвідчитися	СУМ-11: див. → пересвідчуватися	unverified
переселити	СУМ-11: див. → переселяти	unverified
переселитися	СУМ-11: див. → переселятися	unverified
пересидіти	СУМ-11: див. → пересиджувати	unverified
перескочити	СУМ-11: див. → перескакувати	unverified
переслухати	СУМ-11: див. → переслухувати	unverified
переставати	slovnyk.me: Словник синонімів Караванського + СУМ-20: див. → перестати (reciprocal) + ВТС: див. → перестати (reciprocal) + СУМ-11: див. → перестати (reciprocal)	unverified
переставити	СУМ-11: див. → переставляти	unverified
перестати	СУМ-20: див. → переставати + ВТС: див. → переставати + СУМ-11: див. → переставати	unverified
перестрибнути	СУМ-11: див. → перестрибувати	unverified
переступити	Словник синонімів української мови + Словник української мови у 20 томах (УМІФ НАН України, Ін-т мовознавства ім. О. О. Потебні): див. → переступати + Великий тлумачний словник сучасної української мови: див. → переступати + СУМ-11: див. → переступати	unverified
пересунутися	СУМ-11: див. → пересуватися	unverified
пересісти	СУМ-20: див. → пересідати + ВТС: див. → пересідати + СУМ-11: див. → пересідати	unverified
перетворити	СУМ-20: див. → перетворювати + ВТС: див. → перетворювати + СУМ-11: див. → перетворювати	unverified
перетворитися	СУМ-11: див. → перетворюватися	unverified
перетерпіти	СУМ-11: див. → перетерплювати	unverified
перетин	slovnyk.me: Словник синонімів Караванського + Словник синонімів української мови + СУМ-20: Те саме, що → перетинання + ВТС: Те саме, що → перетинання + СУМ-11: Те саме, що → перетинання + relation_pairs/synonym_verdicts: corpus relation pair → перехрестя	unverified
перетнути	Словник синонімів української мови + Словник української мови у 20 томах (УМІФ НАН України, Ін-т мовознавства ім. О. О. Потебні): див. → перетинати + Великий тлумачний словник сучасної української мови: див. → перетинати + СУМ-11: див. → перетинати	unverified
перефразувати	СУМ-20: див. → перефразовувати + ВТС: див. → перефразовувати + СУМ-11: див. → перефразовувати	unverified
перехитрити	СУМ-11: див. → перехитровувати	unverified
перехитрувати	СУМ-11: див. → перехитровувати	unverified
переходити	slovnyk.me: Словник синонімів Караванського + СУМ-20: див. → перейти (reciprocal) + ВТС: див. → перейти (reciprocal) + СУМ-11: див. → перейти (reciprocal) + relation_pairs/synonym_verdicts: corpus relation pair → проходити	unverified
перехопити	СУМ-11: див. → перехоплювати	unverified
перечекати	СУМ-11: див. → перечікувати	unverified
перечитати	СУМ-20: див. → перечитувати + ВТС: див. → перечитувати + СУМ-11: див. → перечитувати	unverified
перечити	СУМ-11: Те саме, що → суперечити	unverified
перечитувати	Словник української мови у 20 томах (УМІФ НАН України, Ін-т мовознавства ім. О. О. Потебні): Те саме, що → читати + Великий тлумачний словник сучасної української мови: Те саме, що → читати + СУМ-11: Те саме, що → читати	unverified
перешкоджати	slovnyk.me: Словник синонімів Караванського + Словник синонімів української мови + СУМ-20: див. → перешкодити (reciprocal) + ВТС: див. → перешкодити (reciprocal) + СУМ-11: див. → перешкодити (reciprocal)	unverified
перешкодити	СУМ-20: див. → перешкоджати + ВТС: див. → перешкоджати + СУМ-11: див. → перешкоджати	unverified
переїжджати	СУМ-20: див. → переїхати (reciprocal) + ВТС: див. → переїхати (reciprocal) + СУМ-11: див. → переїхати (reciprocal)	unverified
переїхати	СУМ-20: див. → переїжджати + ВТС: див. → переїжджати + СУМ-11: див. → переїжджати	unverified
перина	СУМ-11: numbered homonym headwords	unverified
перина	СУМ-11: Те саме, що → пір'їна	unverified
перинка	СУМ-11: numbered homonym headwords	unverified
персоналізувати	СУМ-11: Те саме, що → персоніфікувати	unverified
першенство	СУМ-11: Те саме, що → першість	unverified
перший	СУМ-20: протилежне → останній (reciprocal) + ВТС: прот. → останній (reciprocal) + СУМ-11: протилежне → останній (reciprocal)	unverified
пес	slovnyk.me: Словник синонімів Караванського + СУМ-20: Те саме, що → собака + ВТС: Те саме, що → собака + СУМ-11: Те саме, що → собака	unverified
песимізм	СУМ-11: протилежне → оптимізм	unverified
песиміст	СУМ-11: протилежне → оптиміст	unverified
песимістичний	СУМ-11: протилежне → оптимістичний	unverified
петлі	СУМ-11: див. → петля	unverified
печаль	СУМ-11: Те саме, що → клопіт	unverified
пивний	СУМ-11: Те саме, що → пивниця	unverified
пильний	СУМ-11: numbered homonym headwords	unverified
пилюка	СУМ-11: Те саме, що → пилюга	unverified
писаний	СУМ-11: протилежне → усний	unverified
письменство	СУМ-11: Те саме, що → письменництво	unverified
питомий	СУМ-11: numbered homonym headwords	unverified
пиха	СУМ-11: Те саме, що → гордість	unverified
плавання	slovnyk.me: Словник синонімів Караванського + СУМ-11: Те саме, що → каботаж + relation_pairs/synonym_verdicts: corpus relation pair → навігація	unverified
плавець	СУМ-11: numbered homonym headwords	unverified
плавити	СУМ-11: numbered homonym headwords	unverified
плазмодій	СУМ-11: numbered homonym headwords	unverified
плаксій	СУМ-11: Те саме, що → плакса	unverified
планетарний	СУМ-11: numbered homonym headwords	unverified
планувальник	СУМ-11: numbered homonym headwords	unverified
плаский	СУМ-11: див. → плоский	unverified
платок	СУМ-11: numbered homonym headwords	unverified
платок	СУМ-11: Те саме, що → хустка	unverified
пливти	slovnyk.me: Словник синонімів Караванського + СУМ-20: див. → плисти + ВТС: див. → плисти + СУМ-11: див. → плисти	unverified
пломбір	СУМ-11: numbered homonym headwords	unverified
пломеніти	СУМ-11: Те саме, що → полум'яніти	unverified
пломінь	СУМ-11: Те саме, що → полум'я	unverified
плюралізм	Словник української мови у 20 томах (УМІФ НАН України, Ін-т мовознавства ім. О. О. Потебні): протилежне → монізм + СУМ-11: протилежне → монізм	unverified
плівка	slovnyk.me: Словник синонімів Караванського + СУМ-20: Те саме, що → пліва + ВТС: Те саме, що → пліва + СУМ-11: Те саме, що → пліва	unverified
пліснява	slovnyk.me: Словник синонімів Караванського + Словник синонімів української мови + СУМ-20: Те саме, що → плісень + ВТС: Те саме, що → плісень + СУМ-11: Те саме, що → плісень	unverified
пліт	СУМ-11: Те саме, що → живопліт	unverified
плітка	СУМ-11: numbered homonym headwords	unverified
по	СУМ-11: протилежне → проти	unverified
по-англійськи	СУМ-11: Те саме, що → по-англійському	unverified
по-батьківськи	СУМ-11: Те саме, що → по-батьківському	unverified
по-братерськи	Словник української мови у 20 томах (УМІФ НАН України, Ін-т мовознавства ім. О. О. Потебні): Те саме, що → по-братерському + Великий тлумачний словник сучасної української мови: Те саме, що → по-братерському + СУМ-11: Те саме, що → по-братерському	unverified
по-змовницьки	СУМ-11: Те саме, що → по-змовницькому	unverified
по-козацьки	СУМ-11: Те саме, що → по-козацькому	unverified
по-людськи	СУМ-11: Те саме, що → по-людському	unverified
по-панськи	СУМ-11: Те саме, що → по-панському	unverified
по-російськи	СУМ-11: Те саме, що → по-російському	unverified
по-татарськи	СУМ-11: Те саме, що → по-татарському	unverified
по-турецьки	Словник української мови у 20 томах (УМІФ НАН України, Ін-т мовознавства ім. О. О. Потебні): Те саме, що → по-турецькому + СУМ-11: Те саме, що → по-турецькому	unverified
по-українськи	СУМ-20: Те саме, що → по-українському + ВТС: Те саме, що → по-українському + СУМ-11: Те саме, що → по-українському	unverified
по-французьки	СУМ-11: Те саме, що → по-французькому	unverified
по-хазяйськи	СУМ-11: Те саме, що → по-хазяйському	unverified
по-японськи	СУМ-11: Те саме, що → по-японському	unverified
побороти	СУМ-20: див. → поборювати + ВТС: див. → поборювати + СУМ-11: див. → поборювати	unverified
побільше	Словник української мови у 20 томах (УМІФ НАН України, Ін-т мовознавства ім. О. О. Потебні): Те саме, що → здебільшого + СУМ-11: Те саме, що → здебільшого	unverified
поважати	ВТС: прот. → зневажати (reciprocal) + СУМ-11: протилежне → зневажати (reciprocal)	unverified
повалити	СУМ-11: numbered homonym headwords	unverified
повен	slovnyk.me: Словник синонімів Караванського + СУМ-20: див. → повний + ВТС: див. → повний + СУМ-11: див. → повний	unverified
повернути	СУМ-20: див. → повертати + ВТС: див. → повертати + СУМ-11: див. → повертати	unverified
повернутися	СУМ-20: див. → повертатися + ВТС: див. → повертатися + СУМ-11: див. → повертатися	unverified
повертати	slovnyk.me: Словник синонімів Караванського + Словник синонімів української мови + СУМ-20: див. → повернути (reciprocal) + ВТС: див. → повернути (reciprocal) + СУМ-11: див. → повернути (reciprocal)	unverified
повертати	СУМ-11: numbered homonym headwords	unverified
повертатися	slovnyk.me: Словник синонімів Караванського + Словник синонімів української мови + СУМ-20: див. → повернутися (reciprocal) + ВТС: див. → повернутися (reciprocal) + СУМ-11: див. → повернутися (reciprocal)	unverified
повертатися	СУМ-11: numbered homonym headwords	unverified
поверховий	СУМ-11: numbered homonym headwords	unverified
поверховий	СУМ-11: Те саме, що → поверхневий	unverified
повздовж	СУМ-11: Те саме, що → подовж	unverified
повиснути	СУМ-20: див. → повисати + ВТС: див. → повисати + СУМ-11: див. → повисати	unverified
повнити	СУМ-11: numbered homonym headwords	unverified
повнити	СУМ-11: Те саме, що → наповняти	unverified
повно	СУМ-11: протилежне → мало	unverified
повнотою	СУМ-11: Те саме, що → повністю	unverified
поводити	СУМ-11: numbered homonym headwords	unverified
поволеньки	СУМ-11: Те саме, що → поволі	unverified
поволока	СУМ-11: numbered homonym headwords	unverified
повоєнний	СУМ-11: Те саме, що → післявоєнний	unverified
повтор	slovnyk.me: Словник синонімів української мови + СУМ-20: Те саме, що → повторення + ВТС: Те саме, що → повторення + СУМ-11: Те саме, що → повторення + relation_pairs/synonym_verdicts: corpus relation pair → повторення	unverified
повторення	СУМ-20: Те саме, що → повтор (reciprocal) + ВТС: Те саме, що → повтор (reciprocal) + СУМ-11: Те саме, що → повтор (reciprocal) + relation_pairs/synonym_verdicts: corpus relation pair → повтор	unverified
повторити	СУМ-20: див. → повторювати + ВТС: див. → повторювати + СУМ-11: див. → повторювати	unverified
повторювати	slovnyk.me: Словник синонімів Караванського + СУМ-20: див. → повторити (reciprocal) + ВТС: див. → повторити (reciprocal) + СУМ-11: див. → повторити (reciprocal) + relation_pairs/synonym_verdicts: corpus relation pair → копіювати	unverified
повід	СУМ-11: numbered homonym headwords	unverified
повідомити	СУМ-20: див. → повідомляти + ВТС: див. → повідомляти + СУМ-11: див. → повідомляти	unverified
повідомляти	slovnyk.me: Словник синонімів Караванського + СУМ-20: див. → повідомити (reciprocal) + ВТС: див. → повідомити (reciprocal) + СУМ-11: див. → повідомити (reciprocal) + relation_pairs/synonym_verdicts: corpus relation pair → оповідати	unverified
повідь	СУМ-11: numbered homonym headwords	unverified
повідь	СУМ-11: Те саме, що → повінь	unverified
повіки	СУМ-11: numbered homonym headwords	unverified
повіки	СУМ-11: Те саме, що → повік	unverified
повільний	СУМ-11: протилежне → швидкий	unverified
повісти	СУМ-11: див. → повідати	unverified
повістка	СУМ-11: Те саме, що → звістка	unverified
поганий	ВТС: прот. → добрий (reciprocal) + СУМ-11: протилежне → добрий (reciprocal) + СУМ-20: протилежне → хороший (reciprocal) + ВТС: прот. → хороший (reciprocal) + СУМ-11: протилежне → хороший (reciprocal)	unverified
поганяти	СУМ-11: numbered homonym headwords	unverified
погасити	СУМ-11: див. → погашати	unverified
поглибити	СУМ-11: див. → поглиблювати	unverified
поглинути	СУМ-11: див. → поглинати	unverified
погляд	slovnyk.me: Словник синонімів Караванського + СУМ-20: Те саме, що → око (reciprocal) + ВТС: Те саме, що → око (reciprocal) + СУМ-11: Те саме, що → око (reciprocal) + relation_pairs/synonym_verdicts: corpus relation pair → дума + relation_pairs/synonym_verdicts: corpus relation pair → думка + relation_pairs/miyklas.com.ua: corpus relation pair → гадка	unverified
погрозити	Словник синонімів української мови + Словник української мови у 20 томах (УМІФ НАН України, Ін-т мовознавства ім. О. О. Потебні): див. → погрожувати + Великий тлумачний словник сучасної української мови: див. → погрожувати + СУМ-11: див. → погрожувати	unverified
погріб	slovnyk.me: Словник синонімів Караванського + Словник синонімів української мови + СУМ-20: Те саме, що → льох + ВТС: Те саме, що → льох + СУМ-11: Те саме, що → льох	unverified
погіршити	Словник синонімів української мови + Словник української мови у 20 томах (УМІФ НАН України, Ін-т мовознавства ім. О. О. Потебні): див. → погіршувати + Великий тлумачний словник сучасної української мови: див. → погіршувати + СУМ-11: див. → погіршувати	unverified
погіршитися	СУМ-20: див. → погіршуватися + ВТС: див. → погіршуватися + СУМ-11: див. → погіршуватися	unverified
погіршуватися	slovnyk.me: Словник синонімів Караванського + Словник синонімів української мови + СУМ-20: див. → погіршитися (reciprocal) + ВТС: див. → погіршитися (reciprocal) + СУМ-11: див. → погіршитися (reciprocal)	unverified
подавати	slovnyk.me: Словник синонімів Караванського + СУМ-20: див. → подати (reciprocal) + ВТС: див. → подати (reciprocal) + СУМ-11: див. → подати (reciprocal) + relation_pairs/synonym_verdicts: corpus relation pair → надсилати + relation_pairs/synonym_verdicts: corpus relation pair → передавати	unverified
подавати	СУМ-11: numbered homonym headwords	unverified
подальше	СУМ-11: Те саме, що → подалі	unverified
подальший	СУМ-11: протилежне → попередній	unverified
подати	СУМ-20: див. → подавати + ВТС: див. → подавати + СУМ-11: див. → подавати	unverified
податися	СУМ-11: див. → подаватися	unverified
подвоєння	СУМ-20: Те саме, що → редуплікація + ВТС: Те саме, що → редуплікація + СУМ-11: Те саме, що → редуплікація	unverified
подвоїти	СУМ-11: див. → подвоювати	unverified
подеколи	СУМ-11: Те саме, що → іноді	unverified
подих	slovnyk.me: Словник синонімів Караванського + Словник синонімів української мови + СУМ-20: Те саме, що → зітхання + ВТС: Те саме, що → зітхання + СУМ-11: Те саме, що → зітхання	unverified
подихати	СУМ-11: numbered homonym headwords	unverified
подовжити	СУМ-11: див. → подовжувати	unverified
подорожник	СУМ-11: numbered homonym headwords	unverified
подорожник	СУМ-11: Те саме, що → подорожанин	unverified
подружити	Словник синонімів української мови + Словник української мови у 20 томах (УМІФ НАН України, Ін-т мовознавства ім. О. О. Потебні): Те саме, що → одружити + Великий тлумачний словник сучасної української мови: Те саме, що → одружити + СУМ-11: Те саме, що → одружити	unverified
подружитися	СУМ-11: Те саме, що → одружитися	unverified
подрібнити	СУМ-11: див. → подрібнювати	unverified
подув	СУМ-11: Те саме, що → вітер	unverified
поділити	СУМ-20: див. → поділяти + ВТС: див. → поділяти + СУМ-11: див. → поділяти	unverified
поділитися	СУМ-20: див. → поділятися + ВТС: див. → поділятися + СУМ-11: див. → поділятися	unverified
подітися	СУМ-11: Те саме, що → дітися	unverified
поезія	СУМ-20: протилежне → проза + ВТС: прот. → проза + СУМ-11: протилежне → проза + СУМ-20: протилежне → проза (reciprocal) + ВТС: прот. → проза (reciprocal) + СУМ-11: протилежне → проза (reciprocal)	unverified
пожар	СУМ-11: Те саме, що → пожежа	unverified
поз	СУМ-11: див. → повз	unverified
позад	СУМ-11: numbered homonym headwords	unverified
позаду	СУМ-20: протилежне → попереду + ВТС: прот. → попереду + СУМ-11: протилежне → попереду + СУМ-20: протилежне → попереду (reciprocal) + ВТС: прот. → попереду (reciprocal) + СУМ-11: протилежне → попереду (reciprocal)	unverified
позбавити	СУМ-11: див. → позбавляти	unverified
позбавитися	СУМ-20: див. → позбавлятися + ВТС: див. → позбавлятися + СУМ-11: див. → позбавлятися	unverified
позбавлятися	СУМ-20: див. → позбавитися (reciprocal) + ВТС: див. → позбавитися (reciprocal) + СУМ-11: див. → позбавитися (reciprocal)	unverified
позбуватися	СУМ-20: див. → позбутися (reciprocal) + ВТС: див. → позбутися (reciprocal) + СУМ-11: див. → позбутися (reciprocal)	unverified
позбутися	СУМ-20: див. → позбуватися + ВТС: див. → позбуватися + СУМ-11: див. → позбуватися	unverified
позитивний	СУМ-11: numbered homonym headwords	unverified
позитивний	СУМ-11: протилежне → уявний	unverified
позичити	СУМ-11: див. → позичати	unverified
позмагатися	Словник української мови у 20 томах (УМІФ НАН України, Ін-т мовознавства ім. О. О. Потебні): Те саме, що → посваритися + Великий тлумачний словник сучасної української мови: Те саме, що → посваритися + СУМ-11: Те саме, що → посваритися	unverified
позначатися	Словник української мови у 20 томах (УМІФ НАН України, Ін-т мовознавства ім. О. О. Потебні): Те саме, що → запам'ятатися + Великий тлумачний словник сучасної української мови: Те саме, що → запам'ятатися + СУМ-11: Те саме, що → запам'ятатися	unverified
позначити	Словник синонімів української мови + Словник української мови у 20 томах (УМІФ НАН України, Ін-т мовознавства ім. О. О. Потебні): див. → позначати + СУМ-11: див. → позначати	unverified
позначитися	СУМ-11: див. → позначатися	unverified
показати	СУМ-20: див. → показувати + ВТС: див. → показувати + СУМ-11: див. → показувати	unverified
показатися	СУМ-11: див. → показуватися	unverified
показувати	slovnyk.me: Словник синонімів Караванського + СУМ-20: див. → показати (reciprocal) + ВТС: див. → показати (reciprocal) + СУМ-11: див. → показати (reciprocal) + relation_pairs/miyklas.com.ua: corpus relation pair → являти	unverified
покидати	slovnyk.me: Словник синонімів Караванського + Словник синонімів української мови + СУМ-20: див. → покинути (reciprocal) + ВТС: див. → покинути (reciprocal) + СУМ-11: див. → покинути (reciprocal)	unverified
покинути	СУМ-20: див. → покидати + ВТС: див. → покидати + СУМ-11: див. → покидати	unverified
поклад	СУМ-11: numbered homonym headwords	unverified
поклад	СУМ-11: Те саме, що → послід	unverified
поклади	СУМ-11: див. → поклад	unverified
покласти	СУМ-11: Те саме, що → збудувати	unverified
покластися	Словник синонімів української мови + Словник української мови у 20 томах (УМІФ НАН України, Ін-т мовознавства ім. О. О. Потебні): див. → покладатися + Великий тлумачний словник сучасної української мови: див. → покладатися + СУМ-11: див. → покладатися	unverified
поклонитися	СУМ-11: Те саме, що → похилитися	unverified
поконати	СУМ-11: Те саме, що → перемогти	unverified
покрадьки	СУМ-11: Те саме, що → крадькома	unverified
покращити	СУМ-20: Те саме, що → поліпшити + ВТС: Те саме, що → поліпшити + СУМ-11: Те саме, що → поліпшити + ВТС: див. → покращувати (reciprocal)	unverified
покрити	СУМ-20: див. → покривати + ВТС: див. → покривати + СУМ-11: див. → покривати	unverified
покров	СУМ-11: Те саме, що → покривало	unverified
покуп	СУМ-11: Те саме, що → купування	unverified
покупати	СУМ-11: Те саме, що → викупати	unverified
покупець	slovnyk.me: Словник синонімів української мови + ВТС: Те саме, що → споживач (reciprocal) + СУМ-11: Те саме, що → споживач (reciprocal) + relation_pairs/synonym_verdicts: corpus relation pair → клієнт	unverified
покурити	СУМ-11: numbered homonym headwords	unverified
покурити	СУМ-11: Те саме, що → покадити	unverified
покій	СУМ-11: Те саме, що → кімната	unverified
покіль	СУМ-11: Те саме, що → поки	unverified
покірливий	СУМ-11: Те саме, що → покірний	unverified
полагодити	СУМ-20: Те саме, що → налагодити + ВТС: Те саме, що → налагодити + СУМ-11: Те саме, що → налагодити	unverified
полегшити	Словник синонімів української мови + Словник української мови у 20 томах (УМІФ НАН України, Ін-т мовознавства ім. О. О. Потебні): див. → полегшувати + СУМ-11: див. → полегшувати	unverified
полив	Словник української мови у 20 томах (УМІФ НАН України, Ін-т мовознавства ім. О. О. Потебні): Те саме, що → поливання + СУМ-11: Те саме, що → поливання	unverified
поливати	slovnyk.me: Словник синонімів Караванського + Словник синонімів української мови + СУМ-20: див. → полити (reciprocal) + ВТС: див. → полити (reciprocal) + СУМ-11: див. → полити (reciprocal)	unverified
полити	СУМ-20: див. → поливати + ВТС: див. → поливати + СУМ-11: див. → поливати	unverified
полишати	СУМ-11: numbered homonym headwords	unverified
полишити	СУМ-11: див. → полишати	unverified
пологи	СУМ-11: numbered homonym headwords	unverified
пологий	СУМ-11: протилежне → крутий	unverified
полоз	СУМ-11: numbered homonym headwords	unverified
полуниця	СУМ-11: Те саме, що → суниця	unverified
полька	СУМ-11: numbered homonym headwords	unverified
польовий	СУМ-11: Те саме, що → мисливський	unverified
полягати	СУМ-11: numbered homonym headwords	unverified
полівка	СУМ-11: numbered homonym headwords	unverified
поліпшити	СУМ-11: див. → поліпшувати	unverified
політеїзм	СУМ-11: Те саме, що → багатобожжя	unverified
політеїзм	СУМ-11: протилежне → монотеїзм	unverified
полічити	СУМ-11: numbered homonym headwords	unverified
полічити	СУМ-11: Те саме, що → полікувати	unverified
помаранч	СУМ-11: Те саме, що → помаранча	unverified
померти	СУМ-11: див. → помирати	unverified
поминати	СУМ-11: numbered homonym headwords	unverified
помирати	ВТС: прот. → жити (reciprocal) + СУМ-11: протилежне → жити (reciprocal)	unverified
помножити	СУМ-11: див. → помножувати	unverified
помовчати	Словник синонімів української мови + Словник української мови у 20 томах (УМІФ НАН України, Ін-т мовознавства ім. О. О. Потебні): див. → помовчувати + Великий тлумачний словник сучасної української мови: див. → помовчувати + СУМ-11: див. → помовчувати	unverified
помогти	СУМ-11: див. → помагати	unverified
помститися	Словник синонімів української мови + Словник української мови у 20 томах (УМІФ НАН України, Ін-т мовознавства ім. О. О. Потебні): див. → помщатися + Великий тлумачний словник сучасної української мови: див. → помщатися + СУМ-11: див. → помщатися	unverified
помістити	СУМ-20: див. → поміщати + ВТС: див. → поміщати + СУМ-11: див. → поміщати	unverified
поміститися	СУМ-20: див. → поміщатися + ВТС: див. → поміщатися + СУМ-11: див. → поміщатися	unverified
помітити	СУМ-20: див. → помічати + ВТС: див. → помічати + СУМ-11: див. → помічати	unverified
помічати	slovnyk.me: Словник синонімів Караванського + СУМ-20: див. → помітити (reciprocal) + ВТС: див. → помітити (reciprocal) + СУМ-11: див. → помітити (reciprocal)	unverified
поміщатися	СУМ-20: див. → поміститися (reciprocal) + ВТС: див. → поміститися (reciprocal) + СУМ-11: див. → поміститися (reciprocal)	unverified
поневолити	СУМ-11: див. → поневолювати	unverified
пониження	СУМ-11: Те саме, що → приниження	unverified
понизити	СУМ-11: див. → понижувати	unverified
поновити	СУМ-11: див. → поновлювати	unverified
попеластий	СУМ-11: див. → попелястий	unverified
попелюшка	СУМ-11: numbered homonym headwords	unverified
попервах	СУМ-11: Те саме, що → спочатку	unverified
поперед	СУМ-11: numbered homonym headwords	unverified
попереджати	slovnyk.me: Словник синонімів Караванського + СУМ-20: див. → попередити (reciprocal) + ВТС: див. → попередити (reciprocal) + СУМ-11: див. → попередити (reciprocal)	unverified
попереджувальний	СУМ-11: див. → попереджальний	unverified
попереджувати	СУМ-11: див. → попереджати	unverified
попередити	СУМ-20: див. → попереджати + ВТС: див. → попереджати + СУМ-11: див. → попереджати	unverified
попередник	СУМ-20: Те саме, що → предок + ВТС: Те саме, що → предок + СУМ-11: Те саме, що → предок	unverified
попереду	СУМ-20: протилежне → позаду (reciprocal) + ВТС: прот. → позаду (reciprocal) + СУМ-11: протилежне → позаду (reciprocal) + СУМ-20: протилежне → позаду + ВТС: прот. → позаду + СУМ-11: протилежне → позаду	unverified
поперек	СУМ-11: numbered homonym headwords	unverified
поперек	СУМ-11: протилежне → вздовж	unverified
поперечний	Словник української мови у 20 томах (УМІФ НАН України, Ін-т мовознавства ім. О. О. Потебні): протилежне → поздовжній + Великий тлумачний словник сучасної української мови: прот. → поздовжній + СУМ-11: протилежне → поздовжній	unverified
поплавок	СУМ-11: Те саме, що → поплавець	unverified
попливти	СУМ-20: див. → поплисти (reciprocal) + ВТС: див. → поплисти (reciprocal) + СУМ-11: див. → поплисти (reciprocal)	unverified
поплисти	СУМ-20: див. → попливти + ВТС: див. → попливти + СУМ-11: див. → попливти	unverified
поповнити	СУМ-20: див. → поповнювати + ВТС: див. → поповнювати + СУМ-11: див. → поповнювати	unverified
попоїсти	СУМ-11: Те саме, що → наїстися	unverified
поправка	slovnyk.me: Словник синонімів Караванського + Словник синонімів української мови + СУМ-20: Те саме, що → виправлення + ВТС: Те саме, що → виправлення + СУМ-11: Те саме, що → виправлення + relation_pairs/synonym_verdicts: corpus relation pair → виправлення + relation_pairs/synonym_verdicts: corpus relation pair → правка	unverified
попросту	СУМ-11: Те саме, що → по-простому	unverified
попускати	СУМ-11: numbered homonym headwords	unverified
пора	ВТС: Те саме, що → доба (reciprocal) + СУМ-11: Те саме, що → доба (reciprocal)	unverified
порив	СУМ-11: numbered homonym headwords	unverified
поринути	СУМ-20: див. → поринати + ВТС: див. → поринати + СУМ-11: див. → поринати	unverified
породити	СУМ-11: див. → породжувати	unverified
порожня	СУМ-11: Те саме, що → порожнява	unverified
порозумітися	slovnyk.me: Словник синонімів української мови + СУМ-20: див. → порозуміватися + ВТС: див. → порозуміватися + СУМ-11: див. → порозуміватися	unverified
порости	СУМ-11: див. → поростати	unverified
порушити	СУМ-20: див. → порушувати + ВТС: див. → порушувати + СУМ-11: див. → порушувати	unverified
порушувати	СУМ-20: див. → порушити (reciprocal) + ВТС: див. → порушити (reciprocal) + СУМ-11: див. → порушити (reciprocal) + relation_pairs/synonym_verdicts: corpus relation pair → турбувати	unverified
поряд	СУМ-11: numbered homonym headwords	unverified
порядкувати	СУМ-11: Те саме, що → наказувати	unverified
порядок	СУМ-20: протилежне → безладдя + ВТС: прот. → безладдя + СУМ-11: протилежне → безладдя	unverified
порівно	СУМ-11: див. → порівну	unverified
порічки	СУМ-11: див. → порічка	unverified
посад	СУМ-11: numbered homonym headwords	unverified
посвячення	СУМ-11: numbered homonym headwords	unverified
посвідчити	СУМ-11: див. → посвідчувати	unverified
поселити	СУМ-11: див. → поселяти	unverified
поселитися	СУМ-11: див. → поселятися	unverified
посилання	СУМ-20: Те саме, що → виноска + ВТС: Те саме, що → виноска + СУМ-11: Те саме, що → виноска	unverified
посилити	СУМ-11: див. → посилювати	unverified
поскидати	СУМ-11: numbered homonym headwords	unverified
послабити	СУМ-11: див. → послаблювати	unverified
посланник	СУМ-11: Те саме, що → посланець	unverified
послати	СУМ-11: Те саме, що → постелити	unverified
послизнутися	СУМ-20: Те саме, що → посковзнутися + ВТС: Те саме, що → посковзнутися + СУМ-11: Те саме, що → посковзнутися	unverified
послугувати	СУМ-11: див. → послуговувати	unverified
послух	СУМ-11: numbered homonym headwords	unverified
посмакувати	СУМ-11: Те саме, що → поласувати	unverified
посмертний	СУМ-11: Те саме, що → загробний	unverified
посміх	СУМ-11: Те саме, що → посмішка	unverified
посміхнутися	СУМ-11: див. → посміхатися	unverified
посох	СУМ-11: Те саме, що → патериця	unverified
поспішати	slovnyk.me: Словник синонімів Караванського + Словник синонімів української мови + ВТС: Те саме, що → устигати + СУМ-20: див. → поспішити (reciprocal) + ВТС: див. → поспішити (reciprocal) + СУМ-11: див. → поспішити (reciprocal) + relation_pairs/synonym_verdicts: corpus relation pair → спішити + relation_pairs/miyklas.com.ua: corpus relation pair → ходити	unverified
поспішити	СУМ-20: див. → поспішати + ВТС: див. → поспішати + СУМ-11: див. → поспішати	unverified
постать	СУМ-11: numbered homonym headwords	unverified
пострах	СУМ-11: Те саме, що → страх	unverified
поступити	СУМ-11: див. → поступати	unverified
поступитися	СУМ-11: див. → поступатися	unverified
поступок	СУМ-11: Те саме, що → учинок	unverified
посудомийка	СУМ-20: Те саме, що → посудомийня + ВТС: Те саме, що → посудомийня + СУМ-11: Те саме, що → посудомийня	unverified
посідати	СУМ-11: numbered homonym headwords	unverified
потайки	СУМ-11: Те саме, що → потай	unverified
потаємне	СУМ-11: див. → потаємно	unverified
потворний	СУМ-20: протилежне → вродливий + ВТС: прот. → вродливий + СУМ-11: протилежне → уродливий	unverified
потенціальний	Словник української мови у 20 томах (УМІФ НАН України, Ін-т мовознавства ім. О. О. Потебні): Те саме, що → потенційний + Великий тлумачний словник сучасної української мови: Те саме, що → потенційний + СУМ-11: Те саме, що → потенційний	unverified
потерпати	СУМ-11: Те саме, що → терпнути	unverified
потиснути	Словник синонімів української мови + Словник української мови у 20 томах (УМІФ НАН України, Ін-т мовознавства ім. О. О. Потебні): див. → потискувати + Великий тлумачний словник сучасної української мови: див. → потискувати + СУМ-11: див. → потискувати	unverified
потиху	СУМ-11: Те саме, що → тихо	unverified
потому	СУМ-20: Те саме, що → поготів + ВТС: Те саме, що → поготів + СУМ-11: Те саме, що → поготів	unverified
потонути	СУМ-11: див. → потопати	unverified
потрактувати	СУМ-11: numbered homonym headwords	unverified
потрапити	СУМ-20: див. → потрапляти + ВТС: див. → потрапляти + СУМ-11: див. → потрапляти	unverified
потрапляти	slovnyk.me: Словник синонімів Караванського + СУМ-20: див. → потрапити (reciprocal) + ВТС: див. → потрапити (reciprocal) + СУМ-11: див. → потрапити (reciprocal)	unverified
потрохи	СУМ-11: див. → потроху	unverified
потрошки	СУМ-11: див. → потрошку	unverified
потрошку	СУМ-11: Те саме, що → потроху	unverified
потроїти	СУМ-11: див. → потроювати	unverified
потрясти	СУМ-11: див. → потрясати	unverified
потрібен	slovnyk.me: Словник синонімів Караванського (base form потрібний) + СУМ-20: див. → потрібний + ВТС: див. → потрібний + СУМ-11: див. → потрібний	unverified
потягати	СУМ-11: numbered homonym headwords	unverified
потягти	СУМ-11: див. → потягнути	unverified
потішити	СУМ-11: див. → потішати	unverified
поуз	СУМ-11: див. → повз	unverified
похвалити	СУМ-20: див. → похваляти + ВТС: див. → похваляти + СУМ-11: див. → похваляти	unverified
похвалитися	СУМ-11: див. → похвалятися	unverified
похилити	СУМ-20: див. → похиляти + ВТС: див. → похиляти + СУМ-11: див. → похиляти	unverified
похода	Словник української мови у 20 томах (УМІФ НАН України, Ін-т мовознавства ім. О. О. Потебні): Те саме, що → хода + Великий тлумачний словник сучасної української мови: Те саме, що → хода + СУМ-11: Те саме, що → хода	unverified
походити	СУМ-11: numbered homonym headwords	unverified
похресник	СУМ-11: Те саме, що → хрещеник	unverified
поцупити	СУМ-11: Те саме, що → ударити	unverified
почати	СУМ-20: див. → починати + ВТС: див. → починати + СУМ-11: див. → починати	unverified
початися	СУМ-20: див. → починатися + ВТС: див. → починатися + СУМ-11: див. → починатися	unverified
початок	slovnyk.me: Словник синонімів Караванського + ВТС: Те саме, що → зачин (reciprocal) + СУМ-11: Те саме, що → зачин (reciprocal)	unverified
початок	СУМ-20: протилежне → кінець (reciprocal) + ВТС: прот. → кінець (reciprocal) + СУМ-11: протилежне → кінець (reciprocal) + СУМ-20: протилежне → кінець + ВТС: прот. → кінець + СУМ-11: протилежне → кінець + relation_pairs/miyklas.com.ua: corpus relation pair → кінець	unverified
почерпнути	СУМ-11: див. → почерпати	unverified
починати	slovnyk.me: Словник синонімів Караванського + СУМ-20: див. → почати (reciprocal) + ВТС: див. → почати (reciprocal) + СУМ-11: див. → почати (reciprocal)	unverified
починатися	slovnyk.me: Словник синонімів української мови + СУМ-20: див. → початися (reciprocal) + ВТС: див. → початися (reciprocal) + СУМ-11: див. → початися (reciprocal)	unverified
почити	СУМ-11: див. → починати	unverified
почтивий	СУМ-11: див. → поштивий	unverified
почувати	СУМ-20: див. → почути (reciprocal) + ВТС: див. → почути (reciprocal) + СУМ-11: див. → почути (reciprocal)	unverified
почути	СУМ-20: див. → почувати + ВТС: див. → почувати + СУМ-11: див. → почувати	unverified
почутися	Словник української мови у 20 томах (УМІФ НАН України, Ін-т мовознавства ім. О. О. Потебні): див. → почуватися + Великий тлумачний словник сучасної української мови: див. → почуватися + СУМ-11: див. → почуватися	unverified
почім	СУМ-11: див. → почому	unverified
поширити	СУМ-20: див. → поширювати + ВТС: див. → поширювати + СУМ-11: див. → поширювати	unverified
поширитися	СУМ-20: див. → поширюватися + ВТС: див. → поширюватися + СУМ-11: див. → поширюватися	unverified
поширювати	slovnyk.me: Словник синонімів Караванського + СУМ-20: див. → поширити (reciprocal) + ВТС: див. → поширити (reciprocal) + СУМ-11: див. → поширити (reciprocal)	unverified
поширюватися	slovnyk.me: Словник синонімів Караванського + Словник синонімів української мови + СУМ-20: див. → поширитися (reciprocal) + ВТС: див. → поширитися (reciprocal) + СУМ-11: див. → поширитися (reciprocal)	unverified
пошитий	СУМ-11: numbered homonym headwords	unverified
пошитися	СУМ-11: numbered homonym headwords	unverified
пошкодити	СУМ-20: див. → пошкоджувати + ВТС: див. → пошкоджувати + СУМ-11: див. → пошкоджувати	unverified
пояснити	СУМ-20: див. → пояснювати + ВТС: див. → пояснювати + СУМ-11: див. → пояснювати	unverified
пояснювати	slovnyk.me: Словник синонімів Караванського + СУМ-20: див. → пояснити (reciprocal) + ВТС: див. → пояснити (reciprocal) + СУМ-11: див. → пояснити (reciprocal) + relation_pairs/synonym_verdicts: corpus relation pair → висвітлювати + relation_pairs/miyklas.com.ua: corpus relation pair → відгадувати	unverified
поєднати	СУМ-11: див. → поєднувати	unverified
поїсти	СУМ-20: див. → поїдати + ВТС: див. → поїдати + СУМ-11: див. → поїдати	unverified
прав	СУМ-11: див. → правий	unverified
правда	СУМ-20: протилежне → неправда (reciprocal) + ВТС: прот. → неправда (reciprocal) + СУМ-11: протилежне → неправда (reciprocal) + ВТС: прот. → кривда + relation_pairs/miyklas.com.ua: corpus relation pair → кривда	unverified
правити	СУМ-11: numbered homonym headwords	unverified
правиця	СУМ-11: numbered homonym headwords	unverified
правлення	СУМ-11: numbered homonym headwords	unverified
правничий	СУМ-11: Те саме, що → юридичний	unverified
право	slovnyk.me: Словник синонімів Караванського + Словник синонімів української мови + СУМ-11: Те саме, що → кріпацтво	unverified
правобережний	СУМ-11: протилежне → лівобережний	unverified
праворуч	СУМ-20: протилежне → ліворуч (reciprocal) + ВТС: прот. → ліворуч (reciprocal) + СУМ-11: протилежне → ліворуч (reciprocal) + СУМ-20: протилежне → ліворуч + ВТС: прот. → ліворуч + СУМ-11: протилежне → ліворуч	unverified
праля	СУМ-11: Те саме, що → прачка	unverified
працівник	slovnyk.me: Словник синонімів Караванського + Словник синонімів української мови + СУМ-20: Те саме, що → робітник + ВТС: Те саме, що → робітник + СУМ-11: Те саме, що → робітник	unverified
превелебний	СУМ-11: Те саме, що → єпископ	unverified
предок	slovnyk.me: Словник синонімів Караванського + СУМ-20: Те саме, що → попередник (reciprocal) + ВТС: Те саме, що → попередник (reciprocal) + СУМ-11: Те саме, що → попередник (reciprocal)	unverified
представити	СУМ-20: див. → представляти + ВТС: див. → представляти + СУМ-11: див. → представляти	unverified
представитися	СУМ-11: див. → представлятися	unverified
прем-єр	СУМ-11: Те саме, що → прем'єр-міністр	unverified
прес	СУМ-11: Те саме, що → прес-пап'є	unverified
прибирати	slovnyk.me: Словник синонімів Караванського + СУМ-20: див. → прибрати (reciprocal) + ВТС: див. → прибрати (reciprocal) + СУМ-11: див. → прибрати (reciprocal) + relation_pairs/miyklas.com.ua: corpus relation pair → чепурити	unverified
приборкати	СУМ-20: див. → приборкувати + ВТС: див. → приборкувати + СУМ-11: див. → приборкувати	unverified
прибрати	СУМ-20: див. → прибирати + ВТС: див. → прибирати + СУМ-11: див. → прибирати	unverified
прибудувати	СУМ-11: див. → прибудовувати	unverified
прибутковий	СУМ-11: протилежне → видатковий	unverified
прибігати	СУМ-20: див. → прибігти (reciprocal) + ВТС: див. → прибігти (reciprocal) + СУМ-11: див. → прибігти (reciprocal)	unverified
прибігти	СУМ-20: див. → прибігати + ВТС: див. → прибігати + СУМ-11: див. → прибігати	unverified
прибічник	Словник синонімів української мови + Словник української мови у 20 томах (УМІФ НАН України, Ін-т мовознавства ім. О. О. Потебні): Те саме, що → посіпака + Великий тлумачний словник сучасної української мови: Те саме, що → посіпака + СУМ-11: Те саме, що → посіпака	unverified
привабити	СУМ-11: див. → приваблювати	unverified
привезти	СУМ-20: див. → привозити + ВТС: див. → привозити + СУМ-11: див. → привозити	unverified
привернути	СУМ-20: див. → привертати + ВТС: див. → привертати + СУМ-11: див. → привертати	unverified
привертати	slovnyk.me: Словник синонімів Караванського + Словник синонімів української мови + СУМ-20: див. → привернути (reciprocal) + ВТС: див. → привернути (reciprocal) + СУМ-11: див. → привернути (reciprocal)	unverified
привести	СУМ-20: див. → приводити + ВТС: див. → приводити + СУМ-11: див. → приводити	unverified
привласнити	СУМ-11: див. → привласнювати	unverified
привозити	СУМ-20: див. → привезти (reciprocal) + ВТС: див. → привезти (reciprocal) + СУМ-11: див. → привезти (reciprocal)	unverified
привчити	СУМ-11: див. → привчати	unverified
пригадати	СУМ-20: див. → пригадувати + ВТС: див. → пригадувати + СУМ-11: див. → пригадувати	unverified
пригадувати	slovnyk.me: Словник синонімів Караванського + СУМ-20: див. → пригадати (reciprocal) + ВТС: див. → пригадати (reciprocal) + СУМ-11: див. → пригадати (reciprocal)	unverified
приглушити	СУМ-11: див. → приглушувати	unverified
пригнічення	СУМ-11: Те саме, що → пригніченість	unverified
пригнічувати	СУМ-11: Те саме, що → пригноблювати	unverified
приголомшити	СУМ-11: див. → приголомшувати	unverified
пригоріти	Словник української мови у 20 томах (УМІФ НАН України, Ін-т мовознавства ім. О. О. Потебні): див. → пригоряти + СУМ-11: див. → пригоряти	unverified
пригостити	Словник синонімів української мови + Словник української мови у 20 томах (УМІФ НАН України, Ін-т мовознавства ім. О. О. Потебні): див. → пригощати + Великий тлумачний словник сучасної української мови: див. → пригощати + СУМ-11: див. → пригощати	unverified
приготовлений	СУМ-11: Те саме, що → приготований	unverified
приготувати	СУМ-20: див. → приготовляти + ВТС: див. → приготовляти + СУМ-11: див. → приготовляти	unverified
приготуватися	СУМ-20: див. → приготовлятися + ВТС: див. → приготовлятися + СУМ-11: див. → приготовлятися	unverified
придбати	СУМ-11: див. → придбавати	unverified
придивитися	СУМ-11: див. → придивлятися	unverified
придумати	СУМ-20: див. → придумувати + ВТС: див. → придумувати + СУМ-11: див. → придумувати	unverified
придумувати	СУМ-20: див. → придумати (reciprocal) + ВТС: див. → придумати (reciprocal) + СУМ-11: див. → придумати (reciprocal)	unverified
придушити	СУМ-20: див. → придушувати + ВТС: див. → придушувати + СУМ-11: див. → придушувати	unverified
приділити	СУМ-20: див. → приділяти + ВТС: див. → приділяти + СУМ-11: див. → приділяти	unverified
приділяти	СУМ-20: див. → приділити (reciprocal) + ВТС: див. → приділити (reciprocal) + СУМ-11: див. → приділити (reciprocal)	unverified
призвести	СУМ-20: див. → призводити + ВТС: див. → призводити + СУМ-11: див. → призводити	unverified
призводити	slovnyk.me: Словник синонімів Караванського + СУМ-20: див. → призвести (reciprocal) + ВТС: див. → призвести (reciprocal) + СУМ-11: див. → призвести (reciprocal)	unverified
приземлитися	СУМ-20: див. → приземлюватися + ВТС: див. → приземлюватися + СУМ-11: див. → приземлюватися	unverified
приземлятися	СУМ-20: див. → приземлюватися + ВТС: див. → приземлюватися + СУМ-11: див. → приземлюватися	unverified
признати	СУМ-11: див. → признавати	unverified
признатися	Словник синонімів української мови + Словник української мови у 20 томах (УМІФ НАН України, Ін-т мовознавства ім. О. О. Потебні): див. → признаватися + Великий тлумачний словник сучасної української мови: див. → признаватися + СУМ-11: див. → признаватися	unverified
призначати	slovnyk.me: Словник синонімів Караванського + СУМ-20: див. → призначити (reciprocal) + СУМ-11: див. → призначити (reciprocal)	unverified
призначити	СУМ-20: див. → призначати + СУМ-11: див. → призначати	unverified
приймати	slovnyk.me: Словник синонімів Караванського + СУМ-20: див. → прийняти (reciprocal) + ВТС: див. → прийняти (reciprocal) + СУМ-11: див. → прийняти (reciprocal) + relation_pairs/synonym_verdicts: corpus relation pair → брати	unverified
приймач	СУМ-11: Те саме, що → радіоприймач	unverified
прийняти	СУМ-20: див. → приймати + ВТС: див. → приймати + СУМ-11: див. → приймати	unverified
прийти	СУМ-20: див. → приходити + ВТС: див. → приходити + СУМ-11: див. → приходити	unverified
прийтися	СУМ-20: див. → приходитися + ВТС: див. → приходитися + СУМ-11: див. → приходитися	unverified
прикидатися	СУМ-11: numbered homonym headwords	unverified
приклеїти	СУМ-20: див. → приклеювати + ВТС: див. → приклеювати + СУМ-11: див. → приклеювати	unverified
прикрасити	СУМ-20: див. → прикрашати + СУМ-11: див. → прикрашати	unverified
прикрашати	slovnyk.me: Словник синонімів Караванського + СУМ-20: див. → прикрасити (reciprocal) + СУМ-11: див. → прикрасити (reciprocal) + relation_pairs/miyklas.com.ua: corpus relation pair → чепурити	unverified
прикрити	СУМ-11: див. → прикривати	unverified
прикрутити	СУМ-11: див. → прикручувати	unverified
прикріпити	СУМ-20: див. → прикріплювати + ВТС: див. → прикріплювати + СУМ-11: див. → прикріплювати	unverified
прикріпляти	СУМ-20: див. → прикріплювати + ВТС: див. → прикріплювати + СУМ-11: див. → прикріплювати	unverified
прилеглий	slovnyk.me: Словник синонімів Караванського + Словник синонімів української мови + СУМ-20: Те саме, що → прілий + ВТС: Те саме, що → прілий + СУМ-11: Те саме, що → прілий	unverified
прилетіти	СУМ-20: див. → прилітати + ВТС: див. → прилітати + СУМ-11: див. → прилітати	unverified
приложити	СУМ-11: Те саме, що → прикласти	unverified
прилітати	СУМ-20: див. → прилетіти (reciprocal) + ВТС: див. → прилетіти (reciprocal) + СУМ-11: див. → прилетіти (reciprocal)	unverified
прима	СУМ-11: Те саме, що → примадонна	unverified
примирити	СУМ-11: див. → примиряти	unverified
примиритися	СУМ-11: див. → примирятися	unverified
примножити	СУМ-11: див. → примножувати	unverified
примус	СУМ-11: numbered homonym headwords	unverified
примусити	СУМ-20: див. → примушувати + ВТС: див. → примушувати + СУМ-11: див. → примушувати	unverified
примушувати	slovnyk.me: Словник синонімів Караванського + Словник синонімів української мови + СУМ-20: див. → примусити (reciprocal) + ВТС: див. → примусити (reciprocal) + СУМ-11: див. → примусити (reciprocal)	unverified
приміром	СУМ-11: Те саме, що → наприклад	unverified
принаймні	slovnyk.me: Словник синонімів Караванського + Словник синонімів української мови + СУМ-20: Те саме, що → щонайменше (reciprocal) + ВТС: Те саме, що → щонайменше (reciprocal) + СУМ-11: Те саме, що → щонайменше (reciprocal)	unverified
принести	СУМ-20: див. → приносити + ВТС: див. → приносити + СУМ-11: див. → приносити	unverified
принизити	СУМ-11: див. → принижувати	unverified
приносити	slovnyk.me: Словник синонімів Караванського + СУМ-20: див. → принести (reciprocal) + ВТС: див. → принести (reciprocal) + СУМ-11: див. → принести (reciprocal)	unverified
припадати	СУМ-11: Те саме, що → личити	unverified
припинити	СУМ-20: див. → припиняти + ВТС: див. → припиняти + СУМ-11: див. → припиняти	unverified
припинитися	СУМ-11: див. → припинятися	unverified
приписати	СУМ-11: див. → приписувати	unverified
приплив	СУМ-11: протилежне → відплив	unverified
припливти	СУМ-20: див. → припливати + ВТС: див. → припливати + СУМ-11: див. → припливати	unverified
приповідка	Словник синонімів української мови + Словник української мови у 20 томах (УМІФ НАН України, Ін-т мовознавства ім. О. О. Потебні): Те саме, що → приказка + Великий тлумачний словник сучасної української мови: Те саме, що → приказка + СУМ-11: Те саме, що → приказка	unverified
припускатися	СУМ-11: numbered homonym headwords	unverified
приректи	СУМ-11: див. → прирікати	unverified
природний	СУМ-11: протилежне → штучний	unverified
приручити	Словник синонімів української мови + Словник української мови у 20 томах (УМІФ НАН України, Ін-т мовознавства ім. О. О. Потебні): див. → приручати + Великий тлумачний словник сучасної української мови: див. → приручати + СУМ-11: див. → приручати	unverified
прирівняти	Словник синонімів української мови + Словник української мови у 20 томах (УМІФ НАН України, Ін-т мовознавства ім. О. О. Потебні): див. → прирівнювати + Великий тлумачний словник сучасної української мови: див. → прирівнювати + СУМ-11: див. → прирівнювати	unverified
присвоїти	Словник української мови у 20 томах (УМІФ НАН України, Ін-т мовознавства ім. О. О. Потебні): див. → присвоювати + Великий тлумачний словник сучасної української мови: див. → присвоювати + СУМ-11: див. → присвоювати	unverified
присвятити	СУМ-20: див. → присвячувати + ВТС: див. → присвячувати + СУМ-11: див. → присвячувати	unverified
присвячувати	slovnyk.me: Словник синонімів Караванського + СУМ-20: див. → присвятити (reciprocal) + ВТС: див. → присвятити (reciprocal) + СУМ-11: див. → присвятити (reciprocal)	unverified
прискорити	СУМ-11: див. → прискорювати	unverified
прислати	СУМ-11: див. → присилати	unverified
прислуга	СУМ-11: Те саме, що → обслуга	unverified
прислужитися	СУМ-11: див. → прислужуватися	unverified
присоромити	СУМ-11: див. → присоромлювати	unverified
приспати	СУМ-11: див. → присипляти	unverified
приставити	СУМ-11: див. → приставляти	unverified
приставний	СУМ-11: Те саме, що → епентетичний	unverified
пристати	СУМ-11: див. → приставати	unverified
пристосовувати	slovnyk.me: Словник синонімів Караванського + СУМ-20: див. → пристосувати (reciprocal) + ВТС: див. → пристосувати (reciprocal) + СУМ-11: див. → пристосувати (reciprocal)	unverified
пристосувати	СУМ-20: див. → пристосовувати + ВТС: див. → пристосовувати + СУМ-11: див. → пристосовувати	unverified
пристосуватися	Словник синонімів української мови + Словник української мови у 20 томах (УМІФ НАН України, Ін-т мовознавства ім. О. О. Потебні): див. → пристосовуватися + Великий тлумачний словник сучасної української мови: див. → пристосовуватися + СУМ-11: див. → пристосовуватися	unverified
пристроїти	Словник української мови у 20 томах (УМІФ НАН України, Ін-т мовознавства ім. О. О. Потебні): див. → пристроювати + Великий тлумачний словник сучасної української мови: див. → пристроювати + СУМ-11: див. → пристроювати	unverified
приступити	СУМ-11: див. → приступати	unverified
присуд	СУМ-11: Те саме, що → присудження	unverified
присудити	СУМ-11: див. → присуджувати	unverified
присутній	СУМ-11: протилежне → відсутній	unverified
присутність	СУМ-11: протилежне → відсутність	unverified
присягатися	slovnyk.me: Словник синонімів Караванського + СУМ-20: Те саме, що → клястися (reciprocal) + ВТС: Те саме, що → клястися (reciprocal) + СУМ-11: Те саме, що → клястися (reciprocal) + СУМ-20: див. → присягнутися (reciprocal) + ВТС: див. → присягнутися (reciprocal) + СУМ-11: див. → присягнутися (reciprocal)	unverified
присягатися-клястися	СУМ-11: Те саме, що → присягатися	unverified
присягнути	СУМ-11: див. → присягати	unverified
присягнутися	Словник української мови у 20 томах (УМІФ НАН України, Ін-т мовознавства ім. О. О. Потебні): див. → присягатися + СУМ-11: див. → присягатися	unverified
присягтися	СУМ-11: див. → присягатися	unverified
присісти	СУМ-11: див. → присідати	unverified
притиснути	СУМ-11: див. → притискати	unverified
притлумити	СУМ-11: див. → притлумлювати	unverified
приторкнутися	СУМ-11: див. → приторкатися	unverified
притримати	СУМ-11: див. → притримувати	unverified
притулитися	СУМ-11: див. → притулятися	unverified
притягнути	СУМ-11: див. → притягати	unverified
притягнутий	Словник української мови у 20 томах (УМІФ НАН України, Ін-т мовознавства ім. О. О. Потебні): див. → притягнений + Великий тлумачний словник сучасної української мови: див. → притягнений + СУМ-11: див. → притягнений	unverified
притягти	СУМ-11: див. → притягати	unverified
притягувати	СУМ-11: див. → притягати	unverified
притягуватися	СУМ-11: див. → притягатися	unverified
прихилити	СУМ-11: див. → прихиляти	unverified
приховати	СУМ-20: див. → приховувати + ВТС: див. → приховувати + СУМ-11: див. → приховувати	unverified
приходити	slovnyk.me: Словник синонімів Караванського + СУМ-20: див. → прийти (reciprocal) + ВТС: див. → прийти (reciprocal) + СУМ-11: див. → прийти (reciprocal) + relation_pairs/synonym_verdicts: corpus relation pair → прибувати	unverified
прихопити	СУМ-11: див. → прихоплювати	unverified
причепа	СУМ-11: numbered homonym headwords	unverified
причепити	СУМ-11: див. → причіпляти	unverified
причина	СУМ-20: протилежне → наслідок + ВТС: прот. → наслідок + СУМ-11: протилежне → наслідок	unverified
причинний	СУМ-11: numbered homonym headwords	unverified
пришвидшити	СУМ-20: див. → пришвидшувати + ВТС: див. → пришвидшувати + СУМ-11: див. → пришвидшувати	unverified
пришити	СУМ-11: див. → пришивати	unverified
прищепити	СУМ-11: див. → прищеплювати	unverified
приязне	СУМ-11: див. → приязно	unverified
приятель	СУМ-11: Те саме, що → друг	unverified
приєднати	СУМ-20: див. → приєднувати + ВТС: див. → приєднувати + СУМ-11: див. → приєднувати	unverified
приєднатися	СУМ-20: див. → приєднуватися + ВТС: див. → приєднуватися + СУМ-11: див. → приєднуватися	unverified
приєднуватися	СУМ-20: див. → приєднатися (reciprocal) + ВТС: див. → приєднатися (reciprocal) + СУМ-11: див. → приєднатися (reciprocal)	unverified
приїжджати	СУМ-20: див. → приїздити (reciprocal) + ВТС: див. → приїздити (reciprocal) + СУМ-11: див. → приїздити (reciprocal) + СУМ-20: див. → приїхати (reciprocal) + ВТС: див. → приїхати (reciprocal) + СУМ-11: див. → приїхати (reciprocal)	unverified
приїздити	slovnyk.me: Словник синонімів Караванського + СУМ-20: див. → приїжджати + ВТС: див. → приїжджати + СУМ-11: див. → приїжджати	unverified
приїхати	СУМ-20: див. → приїжджати + ВТС: див. → приїжджати + СУМ-11: див. → приїжджати	unverified
пробачити	Словник синонімів української мови + Словник української мови у 20 томах (УМІФ НАН України, Ін-т мовознавства ім. О. О. Потебні): див. → пробачати + Великий тлумачний словник сучасної української мови: див. → пробачати + СУМ-11: див. → пробачати	unverified
пробити	СУМ-11: див. → пробивати	unverified
пробитися	СУМ-11: див. → пробиватися	unverified
пробратися	СУМ-11: див. → пробиратися	unverified
пробування	СУМ-11: Те саме, що → місцеперебування	unverified
пробудити	СУМ-11: див. → пробуджувати	unverified
пробурмотіти	СУМ-20: див. → пробурмотати + ВТС: див. → пробурмотати + СУМ-11: див. → пробурмотати	unverified
пробути	СУМ-11: див. → пробувати	unverified
пробігати	slovnyk.me: Словник синонімів Караванського + Словник синонімів української мови + СУМ-20: див. → пробігти (reciprocal) + ВТС: див. → пробігти (reciprocal) + СУМ-11: див. → пробігти (reciprocal) + relation_pairs/synonym_verdicts: corpus relation pair → перебігати	unverified
пробігти	СУМ-20: див. → пробігати + ВТС: див. → пробігати + СУМ-11: див. → пробігати	unverified
пробій	СУМ-11: Те саме, що → пробійник	unverified
провадити	СУМ-11: див. → проводити	unverified
провал	СУМ-11: Те саме, що → невдача	unverified
провалитися	СУМ-11: див. → провалюватися	unverified
проваритися	Словник української мови у 20 томах (УМІФ НАН України, Ін-т мовознавства ім. О. О. Потебні): див. → проварюватися + СУМ-11: див. → проварюватися	unverified
провезти	СУМ-20: див. → провозити + ВТС: див. → провозити + СУМ-11: див. → провозити	unverified
провести	СУМ-20: див. → проводити + ВТС: див. → проводити + СУМ-11: див. → проводити	unverified
проводжати	slovnyk.me: Словник синонімів Караванського + СУМ-20: див. → проводити + ВТС: див. → проводити + СУМ-11: див. → проводити + relation_pairs/synonym_verdicts: corpus relation pair → супроводжувати + relation_pairs/synonym_verdicts: corpus relation pair → супроводити	unverified
проводити	slovnyk.me: Словник синонімів Караванського + Словник синонімів української мови + СУМ-20: див. → провести (reciprocal) + ВТС: див. → провести (reciprocal) + СУМ-11: див. → провести (reciprocal) + СУМ-20: див. → проводжати (reciprocal) + ВТС: див. → проводжати (reciprocal) + СУМ-11: див. → проводжати (reciprocal)	unverified
проводити	СУМ-11: протилежне → зустрічати	unverified
провід	СУМ-11: Те саме, що → супровід	unverified
провідати	СУМ-11: див. → провідувати	unverified
провінційний	СУМ-11: Те саме, що → провінціальний	unverified
провітрити	СУМ-11: див. → провітрювати	unverified
проглянути	СУМ-11: див. → проглядати	unverified
прогнати	СУМ-11: див. → проганяти	unverified
проговорити	СУМ-11: див. → проговорювати	unverified
прогодувати	СУМ-11: див. → прогодовувати	unverified
прогодуватися	СУМ-11: див. → прогодовуватися	unverified
програвати	slovnyk.me: Словник синонімів української мови + СУМ-20: див. → програти (reciprocal) + ВТС: див. → програти (reciprocal) + СУМ-11: див. → програти (reciprocal)	unverified
програмовий	Словник української мови у 20 томах (УМІФ НАН України, Ін-т мовознавства ім. О. О. Потебні): Те саме, що → програмний + СУМ-11: Те саме, що → програмний	unverified
програти	СУМ-20: див. → програвати + ВТС: див. → програвати + СУМ-11: див. → програвати	unverified
прогрес	СУМ-20: протилежне → регрес + ВТС: прот. → регрес + СУМ-11: протилежне → регрес + relation_pairs/miyklas.com.ua: corpus relation pair → регрес	unverified
прогресувати	СУМ-11: протилежне → регресувати	unverified
прогріти	СУМ-11: див. → прогрівати	unverified
прогулятися	СУМ-11: див. → прогулюватися	unverified
продавати	СУМ-20: див. → продати (reciprocal) + ВТС: див. → продати (reciprocal) + СУМ-11: див. → продати (reciprocal)	unverified
продавати	СУМ-20: протилежне → купувати + ВТС: прот. → купувати + СУМ-11: протилежне → купувати + relation_pairs/miyklas.com.ua: corpus relation pair → купувати	unverified
продаж	СУМ-11: Те саме, що → продавання	unverified
продати	СУМ-20: див. → продавати + ВТС: див. → продавати + СУМ-11: див. → продавати	unverified
продовжити	СУМ-20: див. → продовжувати + ВТС: див. → продовжувати + СУМ-11: див. → продовжувати	unverified
продовжувати	СУМ-20: див. → продовжити (reciprocal) + ВТС: див. → продовжити (reciprocal) + СУМ-11: див. → продовжити (reciprocal)	unverified
продумати	СУМ-11: див. → продумувати	unverified
прожити	СУМ-20: див. → проживати + ВТС: див. → проживати + СУМ-11: див. → проживати	unverified
проза	СУМ-20: протилежне → поезія (reciprocal) + ВТС: прот. → поезія (reciprocal) + СУМ-11: протилежне → поезія (reciprocal) + СУМ-20: протилежне → поезія + ВТС: прот. → поезія + СУМ-11: протилежне → поезія	unverified
прозаїк	СУМ-11: протилежне → поет	unverified
прозріти	СУМ-11: див. → прозрівати	unverified
пройти	slovnyk.me: Словник синонімів Караванського + СУМ-20: див. → проходити + ВТС: див. → проходити + СУМ-11: див. → проходити	unverified
пройтися	СУМ-11: див. → проходжуватися	unverified
проказати	СУМ-11: див. → проказувати	unverified
прокат	СУМ-11: numbered homonym headwords	unverified
прокат	СУМ-11: Те саме, що → кінопрокат	unverified
прокачати	Словник української мови у 20 томах (УМІФ НАН України, Ін-т мовознавства ім. О. О. Потебні): див. → прокачувати + СУМ-11: див. → прокачувати	unverified
прокидатися	СУМ-20: див. → прокинутися (reciprocal) + ВТС: див. → прокинутися (reciprocal) + СУМ-11: див. → прокинутися (reciprocal)	unverified
прокинутися	СУМ-20: див. → прокидатися + ВТС: див. → прокидатися + СУМ-11: див. → прокидатися	unverified
прокласти	СУМ-11: див. → прокладати	unverified
проклясти	СУМ-11: див. → проклинати	unverified
прокрутити	СУМ-20: див. → прокручувати + ВТС: див. → прокручувати + СУМ-11: див. → прокручувати	unverified
пролетар	СУМ-11: Те саме, що → пролетаріат	unverified
пролетіти	СУМ-20: див. → пролітати + ВТС: див. → пролітати + СУМ-11: див. → пролітати	unverified
пролив	СУМ-11: Те саме, що → кровопролиття	unverified
пролити	СУМ-11: див. → проливати	unverified
пролиття	СУМ-11: Те саме, що → кровопролиття	unverified
проломити	СУМ-20: див. → проломлювати + ВТС: див. → проломлювати + СУМ-11: див. → проломлювати	unverified
пролізти	СУМ-11: див. → пролазити	unverified
проліски	СУМ-11: див. → проліска + СУМ-11: див. → пролісок	unverified
пролісок	СУМ-11: numbered homonym headwords	unverified
променевий	СУМ-11: Те саме, що → променеподібний	unverified
променистий	СУМ-11: Те саме, що → променеподібний	unverified
промити	СУМ-11: див. → промивати	unverified
промовити	Словник української мови у 20 томах (УМІФ НАН України, Ін-т мовознавства ім. О. О. Потебні): див. → промовляти + Великий тлумачний словник сучасної української мови: див. → промовляти + СУМ-11: див. → промовляти	unverified
промовка	СУМ-11: Те саме, що → примовка	unverified
промовчати	СУМ-11: див. → промовчувати	unverified
промокання	СУМ-11: numbered homonym headwords	unverified
промокати	СУМ-20: див. → промокнути (reciprocal) + СУМ-11: див. → промокнути (reciprocal)	unverified
промокнути	СУМ-20: див. → промокати + СУМ-20: див. → промокнути + СУМ-11: див. → промокати + СУМ-11: див. → промокнути + СУМ-20: див. → промокнути (reciprocal) + СУМ-11: див. → промокнути (reciprocal)	unverified
проміняти	СУМ-11: див. → промінювати	unverified
пронести	СУМ-20: див. → проносити + ВТС: див. → проносити + СУМ-11: див. → проносити	unverified
проникнути	СУМ-11: див. → проникати	unverified
пронумерувати	СУМ-11: див. → пронумеровувати	unverified
пропагандист	СУМ-11: Те саме, що → популяризатор	unverified
пропасти	СУМ-11: див. → пропадати	unverified
проплисти	СУМ-20: див. → пропливати + ВТС: див. → пропливати + СУМ-11: див. → пропливати	unverified
проповідь	СУМ-11: Те саме, що → проповідування	unverified
прополоти	СУМ-11: див. → прополювати	unverified
пропускати	slovnyk.me: Словник синонімів Караванського + СУМ-20: див. → пропустити (reciprocal) + ВТС: див. → пропустити (reciprocal) + СУМ-11: див. → пропустити (reciprocal)	unverified
пропустити	СУМ-20: див. → пропускати + ВТС: див. → пропускати + СУМ-11: див. → пропускати	unverified
прорвати	СУМ-11: див. → проривати	unverified
просвіт	СУМ-11: Те саме, що → зазор	unverified
просвіта	СУМ-11: Те саме, що → освіта	unverified
просидіти	СУМ-11: див. → просиджувати	unverified
проскочити	СУМ-11: див. → проскакувати	unverified
прославити	Словник української мови у 20 томах (УМІФ НАН України, Ін-т мовознавства ім. О. О. Потебні): див. → прославляти + Великий тлумачний словник сучасної української мови: див. → прославляти + СУМ-11: див. → прославляти	unverified
прослуховувати	СУМ-11: див. → прослухувати	unverified
просочування	СУМ-11: numbered homonym headwords	unverified
проспати	СУМ-11: див. → просипати	unverified
простежити	СУМ-11: див. → простежувати	unverified
простий	СУМ-20: протилежне → складний + СУМ-20: протилежне → складений + ВТС: прот. → складний + ВТС: прот. → складений + СУМ-11: протилежне → складний + СУМ-11: протилежне → складений + relation_pairs/miyklas.com.ua: corpus relation pair → складний	unverified
простирадло	СУМ-11: див. → простирало	unverified
простити	СУМ-11: див. → прощати	unverified
просувати	СУМ-11: див. → просовувати	unverified
просуватися	СУМ-11: див. → просовуватися	unverified
просунути	Словник синонімів української мови + Словник української мови у 20 томах (УМІФ НАН України, Ін-т мовознавства ім. О. О. Потебні): див. → просовувати + Великий тлумачний словник сучасної української мови: див. → просовувати + СУМ-11: див. → просовувати	unverified
просунутися	СУМ-11: див. → просовуватися	unverified
протягом	ВТС: Те саме, що → впродовж (reciprocal) + СУМ-11: Те саме, що → впродовж (reciprocal)	unverified
проходити	slovnyk.me: Словник синонімів Караванського + СУМ-20: див. → пройти (reciprocal) + ВТС: див. → пройти (reciprocal) + СУМ-11: див. → пройти (reciprocal) + relation_pairs/synonym_verdicts: corpus relation pair → переходити	unverified
проїжджати	СУМ-20: див. → проїздити (reciprocal) + СУМ-11: див. → проїздити (reciprocal) + СУМ-20: див. → проїхати (reciprocal) + ВТС: див. → проїхати (reciprocal) + СУМ-11: див. → проїхати (reciprocal)	unverified
проїздити	СУМ-20: див. → проїжджати + СУМ-20: див. → проїздити + СУМ-11: див. → проїжджати + СУМ-11: див. → проїздити + СУМ-20: див. → проїздити (reciprocal) + СУМ-11: див. → проїздити (reciprocal)	unverified
проїхати	slovnyk.me: Словник синонімів української мови + СУМ-20: див. → проїжджати + ВТС: див. → проїжджати + СУМ-11: див. → проїжджати	unverified
проїхатися	СУМ-11: див. → проїжджатися	unverified
пріч	СУМ-11: numbered homonym headwords	unverified
південь	СУМ-11: numbered homonym headwords	unverified
південь	СУМ-11: протилежне → північ	unverified
північ	СУМ-11: numbered homonym headwords	unverified
північ	СУМ-11: протилежне → південь	unverified
півтемрява	СУМ-11: Те саме, що → напівтемрява	unverified
півтора	СУМ-20: див. → півтори (reciprocal) + ВТС: див. → півтори (reciprocal) + СУМ-11: див. → півтори (reciprocal)	unverified
півтори	СУМ-20: див. → півтора + ВТС: див. → півтора + СУМ-11: див. → півтора	unverified
підбадьорити	Словник синонімів української мови + Словник української мови у 20 томах (УМІФ НАН України, Ін-т мовознавства ім. О. О. Потебні): див. → підбадьорювати + Великий тлумачний словник сучасної української мови: див. → підбадьорювати + СУМ-11: див. → підбадьорювати	unverified
підбирати	slovnyk.me: Словник синонімів Караванського + СУМ-20: див. → підібрати (reciprocal) + ВТС: див. → підібрати (reciprocal) + СУМ-11: див. → підібрати (reciprocal)	unverified
підбити	СУМ-11: див. → підбивати	unverified
підбиття	СУМ-11: Те саме, що → підбивання	unverified
підбігти	СУМ-11: див. → підбігати	unverified
підважити	СУМ-11: див. → підважувати	unverified
підвезти	СУМ-11: див. → підвозити	unverified
підвернути	СУМ-11: див. → підвертати	unverified
підвести	СУМ-11: див. → підводити	unverified
підвестися	Словник української мови у 20 томах (УМІФ НАН України, Ін-т мовознавства ім. О. О. Потебні): див. → підводитися + Великий тлумачний словник сучасної української мови: див. → підводитися + СУМ-11: див. → підводитися	unverified
підвищити	СУМ-20: див. → підвищувати + ВТС: див. → підвищувати + СУМ-11: див. → підвищувати	unverified
підвищитися	СУМ-11: див. → підвищуватися	unverified
підвищувати	slovnyk.me: Словник синонімів Караванського + Словник синонімів української мови + СУМ-20: див. → підвищити (reciprocal) + ВТС: див. → підвищити (reciprocal) + СУМ-11: див. → підвищити (reciprocal)	unverified
підвіска	СУМ-11: Те саме, що → підвіс	unverified
підготувати	СУМ-20: див. → підготовляти + ВТС: див. → підготовляти + СУМ-11: див. → підготовляти	unverified
підготуватися	СУМ-20: див. → підготовлятися + ВТС: див. → підготовлятися + СУМ-11: див. → підготовлятися	unverified
піддати	СУМ-11: див. → піддавати	unverified
піддатися	СУМ-11: див. → піддаватися	unverified
піддобритися	СУМ-11: див. → піддобрюватися	unverified
підказати	СУМ-20: див. → підказувати + ВТС: див. → підказувати + СУМ-11: див. → підказувати	unverified
підказувати	СУМ-20: див. → підказати (reciprocal) + ВТС: див. → підказати (reciprocal) + СУМ-11: див. → підказати (reciprocal)	unverified
підкинути	СУМ-11: див. → підкидати	unverified
підкласти	Словник синонімів української мови + Словник української мови у 20 томах (УМІФ НАН України, Ін-т мовознавства ім. О. О. Потебні): див. → підкладати + Великий тлумачний словник сучасної української мови: див. → підкладати + СУМ-11: див. → підкладати	unverified
підключити	СУМ-20: див. → підключати + ВТС: див. → підключати + СУМ-11: див. → підключати	unverified
підкорити	СУМ-11: див. → підкоряти	unverified
підкоритися	Словник синонімів української мови + Словник української мови у 20 томах (УМІФ НАН України, Ін-т мовознавства ім. О. О. Потебні): див. → підкорятися + Великий тлумачний словник сучасної української мови: див. → підкорятися + СУМ-11: див. → підкорятися	unverified
підкорювати	Словник синонімів української мови + Словник української мови у 20 томах (УМІФ НАН України, Ін-т мовознавства ім. О. О. Потебні): див. → підкоряти + Великий тлумачний словник сучасної української мови: див. → підкоряти + СУМ-11: див. → підкоряти	unverified
підкреслити	СУМ-20: див. → підкреслювати + ВТС: див. → підкреслювати + СУМ-11: див. → підкреслювати	unverified
підкреслювати	slovnyk.me: Словник синонімів Караванського + СУМ-20: див. → підкреслити (reciprocal) + ВТС: див. → підкреслити (reciprocal) + СУМ-11: див. → підкреслити (reciprocal) + relation_pairs/synonym_verdicts: corpus relation pair → виділяти + relation_pairs/synonym_verdicts: corpus relation pair → наголошувати	unverified
підкупити	СУМ-20: див. → підкуповувати + ВТС: див. → підкуповувати + СУМ-11: див. → підкуповувати	unverified
підкупляти	slovnyk.me: Словник синонімів Караванського + СУМ-20: див. → підкуповувати + ВТС: див. → підкуповувати + СУМ-11: див. → підкуповувати	unverified
підлетіти	СУМ-20: див. → підлітати + ВТС: див. → підлітати + СУМ-11: див. → підлітати	unverified
підлога	slovnyk.me: Словник синонімів Караванського + Словник синонімів української мови + СУМ-20: Те саме, що → долівка + ВТС: Те саме, що → долівка + СУМ-11: Те саме, що → долівка	unverified
підлікувати	СУМ-11: див. → підліковувати	unverified
підмога	СУМ-11: Те саме, що → допомога	unverified
піднести	СУМ-11: див. → підносити	unverified
піднестися	СУМ-11: див. → підноситися	unverified
підношення	СУМ-11: Те саме, що → піднесення	unverified
підняти	СУМ-20: див. → піднімати + ВТС: див. → піднімати + СУМ-11: див. → піднімати	unverified
піднятися	СУМ-20: див. → підніматися + ВТС: див. → підніматися + СУМ-11: див. → підніматися	unverified
піднімати	СУМ-20: див. → підняти (reciprocal) + ВТС: див. → підняти (reciprocal) + СУМ-11: див. → підняти (reciprocal)	unverified
підо	СУМ-11: див. → під	unverified
підпалити	Словник синонімів української мови + Словник української мови у 20 томах (УМІФ НАН України, Ін-т мовознавства ім. О. О. Потебні): див. → підпалювати + Великий тлумачний словник сучасної української мови: див. → підпалювати + СУМ-11: див. → підпалювати	unverified
підписати	СУМ-20: див. → підписувати + ВТС: див. → підписувати + СУМ-11: див. → підписувати	unverified
підписатися	СУМ-20: див. → підписуватися + ВТС: див. → підписуватися + СУМ-11: див. → підписуватися	unverified
підписувати	slovnyk.me: Словник синонімів Караванського + СУМ-20: див. → підписати (reciprocal) + ВТС: див. → підписати (reciprocal) + СУМ-11: див. → підписати (reciprocal)	unverified
підплисти	СУМ-20: див. → підпливати + ВТС: див. → підпливати + СУМ-11: див. → підпливати	unverified
підпорядкувати	СУМ-11: див. → підпорядковувати	unverified
підраховувати	slovnyk.me: Словник синонімів Караванського + Словник синонімів української мови + СУМ-20: див. → підрахувати (reciprocal) + ВТС: див. → підрахувати (reciprocal) + СУМ-11: див. → підрахувати (reciprocal)	unverified
підрахувати	СУМ-20: див. → підраховувати + ВТС: див. → підраховувати + СУМ-11: див. → підраховувати	unverified
підробити	СУМ-20: див. → підробляти + ВТС: див. → підробляти + СУМ-11: див. → підробляти	unverified
підрости	СУМ-11: див. → підростати	unverified
підрядний	СУМ-20: протилежне → сурядний + ВТС: прот. → сурядний + СУМ-11: протилежне → сурядний + СУМ-20: протилежне → сурядний (reciprocal) + ВТС: прот. → сурядний (reciprocal) + СУМ-11: протилежне → сурядний (reciprocal)	unverified
підрядність	СУМ-20: протилежне → сурядність (reciprocal) + ВТС: прот. → сурядність (reciprocal) + СУМ-11: протилежне → сурядність (reciprocal)	unverified
підсилити	СУМ-20: див. → підсилювати + ВТС: див. → підсилювати + СУМ-11: див. → підсилювати	unverified
підскочити	СУМ-11: див. → підскакувати	unverified
підслухати	СУМ-20: див. → підслухувати + СУМ-20: див. → підслухати + СУМ-11: див. → підслухувати + СУМ-11: див. → підслухати + СУМ-20: див. → підслухати (reciprocal) + СУМ-11: див. → підслухати (reciprocal)	unverified
підсобити	СУМ-11: див. → підсобляти	unverified
підсолити	Словник української мови у 20 томах (УМІФ НАН України, Ін-т мовознавства ім. О. О. Потебні): див. → підсолювати + СУМ-11: див. → підсолювати	unverified
підсоння	СУМ-11: Те саме, що → клімат	unverified
підставити	СУМ-11: див. → підставляти	unverified
підстелити	СУМ-20: див. → підстилати + ВТС: див. → підстилати + СУМ-11: див. → підстилати	unverified
підстригти	Словник синонімів української мови + Словник української мови у 20 томах (УМІФ НАН України, Ін-т мовознавства ім. О. О. Потебні): див. → підстригати + Великий тлумачний словник сучасної української мови: див. → підстригати + СУМ-11: див. → підстригати	unverified
підступити	СУМ-11: див. → підступати	unverified
підступність	Словник синонімів української мови + Словник української мови у 20 томах (УМІФ НАН України, Ін-т мовознавства ім. О. О. Потебні): Те саме, що → підступництво + Великий тлумачний словник сучасної української мови: Те саме, що → підступництво + СУМ-11: Те саме, що → підступництво	unverified
підсумувати	СУМ-11: див. → підсумовувати	unverified
підсушити	СУМ-11: див. → підсушувати	unverified
підсів	СУМ-11: Те саме, що → підсівання	unverified
підтвердити	СУМ-20: див. → підтверджувати + ВТС: див. → підтверджувати + СУМ-11: див. → підтверджувати	unverified
підтоплення	СУМ-11: numbered homonym headwords	unverified
підтримати	СУМ-20: див. → підтримувати + ВТС: див. → підтримувати + СУМ-11: див. → підтримувати	unverified
підтримувати	slovnyk.me: Словник синонімів Караванського + СУМ-20: див. → підтримати (reciprocal) + ВТС: див. → підтримати (reciprocal) + СУМ-11: див. → підтримати (reciprocal)	unverified
підтягнути	СУМ-11: див. → підтягати	unverified
підтягнутися	СУМ-11: див. → підтягатися	unverified
підтягти	СУМ-11: див. → підтягати	unverified
підтягувати	СУМ-11: див. → підтягати	unverified
підходити	slovnyk.me: Словник синонімів Караванського + СУМ-20: див. → підійти (reciprocal) + ВТС: див. → підійти (reciprocal) + СУМ-11: див. → підійти (reciprocal) + relation_pairs/synonym_verdicts: corpus relation pair → доходити + relation_pairs/synonym_verdicts: corpus relation pair → наближатися	unverified
підхопити	Словник синонімів української мови + Словник української мови у 20 томах (УМІФ НАН України, Ін-т мовознавства ім. О. О. Потебні): див. → підхоплювати + Великий тлумачний словник сучасної української мови: див. → підхоплювати + СУМ-11: див. → підхоплювати	unverified
піді	СУМ-11: див. → під	unverified
підібрати	СУМ-20: див. → підбирати + ВТС: див. → підбирати + СУМ-11: див. → підбирати	unverified
підігнати	СУМ-11: див. → підганяти	unverified
підігріти	Словник синонімів української мови + Словник української мови у 20 томах (УМІФ НАН України, Ін-т мовознавства ім. О. О. Потебні): див. → підігрівати + Великий тлумачний словник сучасної української мови: див. → підігрівати + СУМ-11: див. → підігрівати	unverified
підіймання	СУМ-11: див. → піднімання	unverified
підіймати	Словник синонімів української мови + Словник української мови у 20 томах (УМІФ НАН України, Ін-т мовознавства ім. О. О. Потебні): див. → піднімати + Великий тлумачний словник сучасної української мови: див. → піднімати + СУМ-11: див. → піднімати	unverified
підійматися	СУМ-11: див. → підніматися	unverified
підійти	СУМ-20: див. → підходити + ВТС: див. → підходити + СУМ-11: див. → підходити	unverified
підірвати	СУМ-11: див. → підривати	unverified
пізнати	СУМ-11: див. → пізнавати	unverified
піка	СУМ-11: numbered homonym headwords	unverified
пісний	СУМ-11: протилежне → скоромний	unverified
піти	СУМ-20: протилежне → стати + ВТС: прот. → стати + СУМ-11: протилежне → стати	unverified
пічка	СУМ-11: Те саме, що → грубка	unverified
пішо	СУМ-11: Те саме, що → пішки	unverified
радар	СУМ-11: Те саме, що → радіолокатор	unverified
ради	СУМ-20: Те саме, що → заради + ВТС: Те саме, що → заради + СУМ-11: Те саме, що → заради	unverified
радикал	СУМ-11: numbered homonym headwords	unverified
радикальний	СУМ-11: numbered homonym headwords	unverified
радощі	slovnyk.me: Словник синонімів Караванського + Словник синонімів української мови + СУМ-20: Те саме, що → радість + ВТС: Те саме, що → радість + СУМ-11: Те саме, що → радість + relation_pairs/synonym_verdicts: corpus relation pair → радість	unverified
радуватися	Словник української мови у 20 томах (УМІФ НАН України, Ін-т мовознавства ім. О. О. Потебні): Те саме, що → радіти + Великий тлумачний словник сучасної української мови: Те саме, що → радіти + СУМ-11: Те саме, що → радіти	unverified
радіо	СУМ-20: Те саме, що → радіоприймач + ВТС: Те саме, що → радіоприймач + СУМ-11: Те саме, що → радіоприймач	unverified
радість	slovnyk.me: Словник синонімів Караванського + Словник синонімів української мови + СУМ-20: Те саме, що → радощі (reciprocal) + ВТС: Те саме, що → радощі (reciprocal) + СУМ-11: Те саме, що → радощі (reciprocal) + relation_pairs/synonym_verdicts: corpus relation pair → задоволення + relation_pairs/synonym_verdicts: corpus relation pair → радощі	unverified
раз	СУМ-11: numbered homonym headwords	unverified
разок	СУМ-11: numbered homonym headwords	unverified
разочок	СУМ-11: numbered homonym headwords	unverified
райдуга	СУМ-11: Те саме, що → веселка	unverified
ралець	СУМ-11: Те саме, що → бенкет	unverified
ранком	slovnyk.me: Словник синонімів Караванського + Словник синонімів української мови + СУМ-20: Те саме, що → вранці + ВТС: Те саме, що → вранці + СУМ-11: Те саме, що → вранці	unverified
раніш	СУМ-11: Те саме, що → раніше	unverified
ранішній	СУМ-11: Те саме, що → ранковий	unverified
раса	СУМ-11: numbered homonym headwords	unverified
рахувати	СУМ-11: Те саме, що → вважати	unverified
раціональний	СУМ-11: протилежне → ірраціональний	unverified
реагент	Словник української мови у 20 томах (УМІФ НАН України, Ін-т мовознавства ім. О. О. Потебні): Те саме, що → реактив + СУМ-11: Те саме, що → реактив	unverified
реал	СУМ-11: numbered homonym headwords	unverified
реальний	СУМ-20: протилежне → уявний + СУМ-20: протилежне → уявне + ВТС: прот. → уявний + ВТС: протилежне → уявне + СУМ-11: протилежне → уявний + СУМ-11: протилежне → уявне	unverified
ревти	СУМ-11: див. → ревіти	unverified
регрес	СУМ-11: протилежне → прогрес	unverified
редакція	СУМ-11: Те саме, що → редагування	unverified
рейд	СУМ-11: numbered homonym headwords	unverified
ренет	СУМ-11: див. → ранет	unverified
реорганізувати	СУМ-11: див. → реорганізовувати	unverified
ржа	СУМ-11: див. → іржа	unverified
рибалка	СУМ-11: Те саме, що → риболовля	unverified
ригати	СУМ-20: Те саме, що → блювати + ВТС: Те саме, що → блювати + СУМ-11: Те саме, що → блювати	unverified
ризик	slovnyk.me: Словник синонімів Караванського + СУМ-11: Те саме, що → риск	unverified
ризикнути	Словник синонімів української мови + Словник української мови у 20 томах (УМІФ НАН України, Ін-т мовознавства ім. О. О. Потебні): див. → ризикувати + Великий тлумачний словник сучасної української мови: див. → ризикувати + СУМ-11: див. → ризикувати	unverified
ризикувати	СУМ-20: Те саме, що → рискувати + СУМ-11: Те саме, що → рискувати	unverified
ринь	СУМ-11: див. → рінь	unverified
рип	СУМ-11: numbered homonym headwords	unverified
рип-рип	СУМ-11: див. → рип	unverified
риска	СУМ-11: numbered homonym headwords	unverified
риска	СУМ-11: Те саме, що → дефіс	unverified
рисочка	СУМ-11: numbered homonym headwords	unverified
рись	СУМ-11: numbered homonym headwords	unverified
риф	СУМ-11: numbered homonym headwords	unverified
рицар	СУМ-11: Те саме, що → лицар	unverified
риштування	СУМ-11: див. → риштовання	unverified
роба	СУМ-11: numbered homonym headwords	unverified
робочий	СУМ-11: Те саме, що → робітничий	unverified
робітник	slovnyk.me: Словник синонімів Караванського + СУМ-20: Те саме, що → працівник (reciprocal) + ВТС: Те саме, що → працівник (reciprocal) + СУМ-11: Те саме, що → працівник (reciprocal)	unverified
рогатий	СУМ-11: Те саме, що → чорт	unverified
рогоза	СУМ-11: Те саме, що → рогіз	unverified
родинно	СУМ-11: Те саме, що → по-рідному	unverified
розбивати	slovnyk.me: Словник синонімів Караванського + СУМ-20: див. → розбити (reciprocal) + ВТС: див. → розбити (reciprocal) + СУМ-11: див. → розбити (reciprocal)	unverified
розбирати	СУМ-11: Те саме, що → розкуповувати	unverified
розбити	СУМ-20: див. → розбивати + ВТС: див. → розбивати + СУМ-11: див. → розбивати	unverified
розбитися	Словник синонімів української мови + Словник української мови у 20 томах (УМІФ НАН України, Ін-т мовознавства ім. О. О. Потебні): див. → розбиватися + Великий тлумачний словник сучасної української мови: див. → розбиватися + СУМ-11: див. → розбиватися	unverified
розбрат	СУМ-11: numbered homonym headwords	unverified
розбудити	slovnyk.me: Словник синонімів української мови + СУМ-20: див. → розбуджувати + ВТС: див. → розбуджувати + СУМ-11: див. → розбуджувати	unverified
розбудувати	СУМ-11: див. → розбудовувати	unverified
розв-язка	СУМ-11: протилежне → зав'язка + relation_pairs/miyklas.com.ua: corpus relation pair → зав'язка	unverified
розважитися	СУМ-11: див. → розважатися	unverified
розвалити	СУМ-11: див. → розвалювати	unverified
розвантажити	СУМ-11: див. → розвантажувати	unverified
розвернути	СУМ-11: див. → розвертати	unverified
розвернутися	СУМ-11: див. → розвертатися	unverified
розвести	СУМ-11: див. → розводити	unverified
розвивати	slovnyk.me: Словник синонімів Караванського + СУМ-20: див. → розвинути (reciprocal) + ВТС: див. → розвинути (reciprocal) + СУМ-11: див. → розвинути (reciprocal)	unverified
розвинути	СУМ-20: див. → розвивати + ВТС: див. → розвивати + СУМ-11: див. → розвивати	unverified
розвинутий	СУМ-11: див. → розвинений	unverified
розвинутися	СУМ-11: див. → розвиватися	unverified
розвій	СУМ-11: numbered homonym headwords	unverified
розвінчати	СУМ-11: див. → розвінчувати	unverified
розвіяти	Словник української мови у 20 томах (УМІФ НАН України, Ін-т мовознавства ім. О. О. Потебні): див. → розвівати + Великий тлумачний словник сучасної української мови: див. → розвівати + СУМ-11: див. → розвівати	unverified
розгадати	Словник синонімів української мови + Словник української мови у 20 томах (УМІФ НАН України, Ін-т мовознавства ім. О. О. Потебні): див. → розгадувати + Великий тлумачний словник сучасної української мови: див. → розгадувати + СУМ-11: див. → розгадувати	unverified
розгледіти	СУМ-11: див. → розглядати	unverified
розглядати	slovnyk.me: Словник синонімів Караванського + СУМ-20: див. → розглянути (reciprocal) + ВТС: див. → розглянути (reciprocal) + СУМ-11: див. → розглянути (reciprocal)	unverified
розглянути	СУМ-20: див. → розглядати + ВТС: див. → розглядати + СУМ-11: див. → розглядати	unverified
розгнівити	СУМ-11: див. → розгнівати	unverified
розгорнути	СУМ-20: див. → розгортати + ВТС: див. → розгортати + СУМ-11: див. → розгортати	unverified
розгорнутися	СУМ-11: див. → розгортатися	unverified
розгромити	СУМ-11: див. → розгромлювати	unverified
розгубитися	СУМ-11: див. → розгублюватися	unverified
роздерти	СУМ-11: див. → роздирати	unverified
роздивитися	СУМ-11: див. → роздивлятися	unverified
роздобути	СУМ-11: див. → роздобувати	unverified
роздратувати	СУМ-11: див. → роздратовувати	unverified
роздягнути	Словник української мови у 20 томах (УМІФ НАН України, Ін-т мовознавства ім. О. О. Потебні): див. → роздягати + Великий тлумачний словник сучасної української мови: див. → роздягати + СУМ-11: див. → роздягати	unverified
розділити	СУМ-11: див. → розділяти	unverified
розділитися	СУМ-11: див. → розділятися	unverified
розжувати	СУМ-11: див. → розжовувати	unverified
роззброїти	СУМ-20: див. → роззброювати + ВТС: див. → роззброювати + СУМ-11: див. → роззброювати	unverified
роззутися	Словник української мови у 20 томах (УМІФ НАН України, Ін-т мовознавства ім. О. О. Потебні): див. → роззуватися + СУМ-11: див. → роззуватися	unverified
роззявити	СУМ-11: див. → роззявляти	unverified
розказати	СУМ-20: див. → розказувати + ВТС: див. → розказувати + СУМ-11: див. → розказувати	unverified
розказувати	slovnyk.me: Словник синонімів Караванського + Словник синонімів української мови + СУМ-20: див. → розказати (reciprocal) + ВТС: див. → розказати (reciprocal) + СУМ-11: див. → розказати (reciprocal)	unverified
розквітнути	Словник української мови у 20 томах (УМІФ НАН України, Ін-т мовознавства ім. О. О. Потебні): див. → розквітати + Великий тлумачний словник сучасної української мови: див. → розквітати + СУМ-11: див. → розквітати	unverified
розкинути	СУМ-11: див. → розкидати	unverified
розкладати	slovnyk.me: Словник синонімів Караванського + СУМ-20: див. → розкласти (reciprocal) + ВТС: див. → розкласти (reciprocal) + СУМ-11: див. → розкласти (reciprocal)	unverified
розкласти	СУМ-20: див. → розкладати + ВТС: див. → розкладати + СУМ-11: див. → розкладати	unverified
розклеїти	СУМ-11: див. → розклеювати	unverified
розколоти	СУМ-11: див. → розколювати	unverified
розкоші	СУМ-11: див. → розкіш	unverified
розкрити	СУМ-20: див. → розкривати + ВТС: див. → розкривати + СУМ-11: див. → розкривати	unverified
розкусити	СУМ-11: див. → розкушувати	unverified
розлетітися	Словник синонімів української мови + Словник української мови у 20 томах (УМІФ НАН України, Ін-т мовознавства ім. О. О. Потебні): див. → розлітатися + Великий тлумачний словник сучасної української мови: див. → розлітатися + СУМ-11: див. → розлітатися	unverified
розлити	СУМ-11: див. → розливати	unverified
розлитися	СУМ-11: див. → розливатися	unverified
розлучити	Словник синонімів української мови + Словник української мови у 20 томах (УМІФ НАН України, Ін-т мовознавства ім. О. О. Потебні): див. → розлучати + Великий тлумачний словник сучасної української мови: див. → розлучати + СУМ-11: див. → розлучати	unverified
розлучитися	СУМ-11: див. → розлучатися	unverified
розлітатися	СУМ-11: numbered homonym headwords	unverified
розмалювати	Словник української мови у 20 томах (УМІФ НАН України, Ін-т мовознавства ім. О. О. Потебні): див. → розмальовувати + Великий тлумачний словник сучасної української мови: див. → розмальовувати + СУМ-11: див. → розмальовувати	unverified
розмаїття	СУМ-11: Те саме, що → розмаїтість	unverified
розмежувати	СУМ-11: див. → розмежовувати	unverified
розмовляти	slovnyk.me: Словник синонімів Караванського + Словник синонімів української мови + СУМ-20: Те саме, що → балакати (reciprocal) + ВТС: Те саме, що → балакати (reciprocal) + СУМ-11: Те саме, що → балакати (reciprocal)	unverified
розмотати	СУМ-11: див. → розмотувати	unverified
розмістити	СУМ-11: див. → розміщати	unverified
розміститися	СУМ-11: див. → розміщатися	unverified
розміщувати	Словник синонімів української мови + Словник української мови у 20 томах (УМІФ НАН України, Ін-т мовознавства ім. О. О. Потебні): див. → розміщати + Великий тлумачний словник сучасної української мови: див. → розміщати + СУМ-11: див. → розміщати	unverified
розміщуватися	Словник української мови у 20 томах (УМІФ НАН України, Ін-т мовознавства ім. О. О. Потебні): див. → розміщатися + Великий тлумачний словник сучасної української мови: див. → розміщатися + СУМ-11: див. → розміщатися	unverified
рознести	СУМ-11: див. → розносити	unverified
розпадатися	СУМ-11: numbered homonym headwords	unverified
розпалити	СУМ-11: див. → розпалювати	unverified
розписати	СУМ-11: див. → розписувати	unverified
розпитати	СУМ-11: див. → розпитувати	unverified
розплавити	СУМ-11: див. → розплавляти	unverified
розплата	slovnyk.me: Словник синонімів Караванського + СУМ-20: Те саме, що → відплата + ВТС: Те саме, що → відплата + СУМ-11: Те саме, що → відплата	unverified
розплескати	СУМ-11: див. → розпліскувати	unverified
розплутати	СУМ-11: див. → розплутувати	unverified
розплющувати	СУМ-11: numbered homonym headwords	unverified
розповсюджуватися	СУМ-20: див. → розповсюдитися (reciprocal) + ВТС: див. → розповсюдитися (reciprocal) + СУМ-11: див. → розповсюдитися (reciprocal)	unverified
розповсюдити	СУМ-20: див. → розповсюджувати + ВТС: див. → розповсюджувати + СУМ-11: див. → розповсюджувати	unverified
розповсюдитися	СУМ-20: див. → розповсюджуватися + ВТС: див. → розповсюджуватися + СУМ-11: див. → розповсюджуватися	unverified
розповідати	slovnyk.me: Словник синонімів Караванського + Словник синонімів української мови + СУМ-20: див. → розповісти (reciprocal) + СУМ-11: див. → розповісти (reciprocal)	unverified
розповідач	СУМ-11: Те саме, що → оповідач	unverified
розповісти	СУМ-20: див. → розповідати + СУМ-11: див. → розповідати	unverified
розподілити	СУМ-11: див. → розподіляти	unverified
розпорядитися	СУМ-11: див. → розпоряджатися	unverified
розпочати	СУМ-11: див. → розпочинати	unverified
розпочатися	СУМ-11: див. → розпочинатися	unverified
розправа	СУМ-11: numbered homonym headwords	unverified
розправляти	СУМ-11: numbered homonym headwords	unverified
розправлятися	СУМ-11: numbered homonym headwords	unverified
розпустити	Словник синонімів української мови + Словник української мови у 20 томах (УМІФ НАН України, Ін-т мовознавства ім. О. О. Потебні): див. → розпускати + Великий тлумачний словник сучасної української мови: див. → розпускати + СУМ-11: див. → розпускати	unverified
розпізнати	СУМ-11: див. → розпізнавати	unverified
розпірка	СУМ-11: numbered homonym headwords	unverified
розрада	СУМ-11: numbered homonym headwords	unverified
розрадити	СУМ-11: див. → розраджувати	unverified
розрахувати	СУМ-11: див. → розраховувати	unverified
розрахуватися	СУМ-11: див. → розраховуватися	unverified
розривання	СУМ-11: numbered homonym headwords	unverified
розривати	СУМ-11: numbered homonym headwords	unverified
розриватися	СУМ-11: numbered homonym headwords	unverified
розробити	СУМ-20: див. → розробляти + ВТС: див. → розробляти + СУМ-11: див. → розробляти	unverified
розробляти	slovnyk.me: Словник синонімів Караванського + СУМ-20: див. → розробити (reciprocal) + ВТС: див. → розробити (reciprocal) + СУМ-11: див. → розробити (reciprocal)	unverified
розрубати	СУМ-11: див. → розрубувати	unverified
розряд	СУМ-11: numbered homonym headwords	unverified
розрізати	СУМ-20: див. → розрізувати + СУМ-20: див. → розрізати + СУМ-11: див. → розрізувати + СУМ-11: див. → розрізати + СУМ-20: див. → розрізати (reciprocal) + СУМ-11: див. → розрізати (reciprocal)	unverified
розслабити	СУМ-20: див. → розслаблювати + ВТС: див. → розслаблювати + СУМ-11: див. → розслаблювати	unverified
розслабитися	СУМ-11: див. → розслаблюватися	unverified
розслаблятися	СУМ-20: див. → розслаблюватися + ВТС: див. → розслаблюватися + СУМ-11: див. → розслаблюватися	unverified
розставити	Словник української мови у 20 томах (УМІФ НАН України, Ін-т мовознавства ім. О. О. Потебні): див. → розставляти + Великий тлумачний словник сучасної української мови: див. → розставляти + СУМ-11: див. → розставляти	unverified
розстебнути	СУМ-11: див. → розстібати	unverified
розстріляти	Словник синонімів української мови + Словник української мови у 20 томах (УМІФ НАН України, Ін-т мовознавства ім. О. О. Потебні): див. → розстрілювати + Великий тлумачний словник сучасної української мови: див. → розстрілювати + СУМ-11: див. → розстрілювати	unverified
розсудити	СУМ-11: див. → розсуджувати	unverified
розсунути	СУМ-11: див. → розсовувати	unverified
розтанути	СУМ-20: див. → розтавати + ВТС: див. → розтавати + СУМ-11: див. → розтавати	unverified
розташувати	СУМ-11: див. → розташовувати	unverified
розташуватися	СУМ-11: див. → розташовуватися	unverified
розтерти	СУМ-11: див. → розтирати	unverified
розтлумачити	СУМ-11: див. → розтлумачувати	unverified
розтривожити	СУМ-11: див. → розтривожувати	unverified
розтулити	СУМ-11: див. → розтуляти	unverified
розтягнути	СУМ-11: див. → розтягати	unverified
розтягнутий	СУМ-11: див. → розтягнений	unverified
розтягти	СУМ-11: див. → розтягати	unverified
розтягувати	СУМ-11: див. → розтягати	unverified
розум	slovnyk.me: Словник синонімів Караванського + Словник синонімів української мови + СУМ-20: Те саме, що → глузд (reciprocal) + ВТС: Те саме, що → глузд (reciprocal) + СУМ-11: Те саме, що → глузд (reciprocal) + relation_pairs/miyklas.com.ua: corpus relation pair → інтелект	unverified
розумаха	СУМ-11: див. → розумака	unverified
розумний	ВТС: прот. → дурний (reciprocal) + СУМ-11: протилежне → дурний (reciprocal) + СУМ-20: протилежне → дурний	unverified
розхитати	СУМ-11: див. → розхитувати	unverified
розчавити	СУМ-20: див. → розчавлювати + ВТС: див. → розчавлювати + СУМ-11: див. → розчавлювати	unverified
розчарувати	СУМ-20: див. → розчаровувати + ВТС: див. → розчаровувати + СУМ-11: див. → розчаровувати	unverified
розчаруватися	СУМ-11: див. → розчаровуватися	unverified
розчесати	СУМ-11: див. → розчісувати	unverified
розчин	СУМ-11: numbered homonym headwords	unverified
розчиняти	СУМ-11: numbered homonym headwords	unverified
розчиняти	СУМ-11: Те саме, що → анатомувати	unverified
розчистити	СУМ-11: див. → розчищати	unverified
розчулити	СУМ-11: див. → розчулювати	unverified
розчулитися	СУМ-11: див. → розчулюватися	unverified
розчухати	Словник української мови у 20 томах (УМІФ НАН України, Ін-т мовознавства ім. О. О. Потебні): див. → розчухувати + СУМ-11: див. → розчухувати	unverified
розширити	СУМ-20: див. → розширювати + ВТС: див. → розширювати + СУМ-11: див. → розширювати	unverified
розширювати	slovnyk.me: Словник синонімів Караванського + Словник синонімів української мови + СУМ-20: див. → розширити (reciprocal) + ВТС: див. → розширити (reciprocal) + СУМ-11: див. → розширити (reciprocal) + СУМ-20: див. → розширяти (reciprocal) + ВТС: див. → розширяти (reciprocal) + СУМ-11: див. → розширяти (reciprocal)	unverified
розширяти	slovnyk.me: Словник синонімів Караванського + СУМ-20: див. → розширювати + ВТС: див. → розширювати + СУМ-11: див. → розширювати	unverified
розшифрувати	slovnyk.me: Словник синонімів української мови + СУМ-20: див. → розшифровувати + ВТС: див. → розшифровувати + СУМ-11: див. → розшифровувати	unverified
розшукати	СУМ-11: див. → розшукувати	unverified
розібрати	СУМ-11: див. → розбирати	unverified
розібратися	Словник української мови у 20 томах (УМІФ НАН України, Ін-т мовознавства ім. О. О. Потебні): див. → розбиратися + Великий тлумачний словник сучасної української мови: див. → розбиратися + СУМ-11: див. → розбиратися	unverified
розігнати	Словник української мови у 20 томах (УМІФ НАН України, Ін-т мовознавства ім. О. О. Потебні): див. → розганяти + Великий тлумачний словник сучасної української мови: див. → розганяти + СУМ-11: див. → розганяти	unverified
розігнатися	СУМ-11: див. → розганятися	unverified
розіграти	Словник української мови у 20 томах (УМІФ НАН України, Ін-т мовознавства ім. О. О. Потебні): див. → розігрувати + Великий тлумачний словник сучасної української мови: див. → розігрувати + СУМ-11: див. → розігрувати	unverified
розігріти	СУМ-11: див. → розігрівати	unverified
розійтися	СУМ-11: див. → розходитися	unverified
розімкнути	СУМ-11: див. → розмикати	unverified
розірвати	СУМ-20: див. → розривати + ВТС: див. → розривати + СУМ-11: див. → розривати	unverified
розірватися	СУМ-11: див. → розриватися	unverified
рондо	СУМ-11: numbered homonym headwords	unverified
роняти	СУМ-11: див. → ронити	unverified
росіянізм	СУМ-11: Те саме, що → русизм	unverified
руб	СУМ-11: numbered homonym headwords	unverified
рубель	СУМ-11: numbered homonym headwords	unverified
руйнація	СУМ-11: Те саме, що → руйнування	unverified
руль	СУМ-11: Те саме, що → кермо	unverified
рундук	СУМ-11: Те саме, що → ганок	unverified
русак	СУМ-11: numbered homonym headwords	unverified
руський	СУМ-11: Те саме, що → російський	unverified
рюмсати	СУМ-11: Те саме, що → рюмати	unverified
ряд	slovnyk.me: Словник синонімів Караванського + СУМ-20: Те саме, що → гряда + ВТС: Те саме, що → гряда + СУМ-11: Те саме, що → гряда	unverified
рядовий	СУМ-11: Те саме, що → рядковий	unverified
ряска	СУМ-11: numbered homonym headwords	unverified
ряска	СУМ-11: Те саме, що → ряса	unverified
рятівник	СУМ-11: Те саме, що → рятувальник	unverified
рівносильний	Словник української мови у 20 томах (УМІФ НАН України, Ін-т мовознавства ім. О. О. Потебні): Те саме, що → рівнозначний + Великий тлумачний словник сучасної української мови: Те саме, що → рівнозначний + СУМ-11: Те саме, що → рівнозначний	unverified
рідкий	ВТС: прот. → густий (reciprocal) + СУМ-11: протилежне → густий (reciprocal) + СУМ-20: протилежне → твердий (reciprocal) + ВТС: прот. → твердий (reciprocal) + СУМ-11: протилежне → твердий (reciprocal)	unverified
рідно	СУМ-11: Те саме, що → по-рідному	unverified
різноманіття	Словник української мови у 20 томах (УМІФ НАН України, Ін-т мовознавства ім. О. О. Потебні): Те саме, що → різноманітність + Великий тлумачний словник сучасної української мови: Те саме, що → різноманітність + СУМ-11: Те саме, що → різноманітність	unverified
рій	СУМ-11: numbered homonym headwords	unverified
рік	СУМ-20: Те саме, що → літо (reciprocal) + ВТС: Те саме, що → літо (reciprocal) + СУМ-11: Те саме, що → літо (reciprocal)	unverified
ріка	СУМ-20: Те саме, що → річка (reciprocal) + ВТС: Те саме, що → річка (reciprocal) + СУМ-11: Те саме, що → річка (reciprocal) + relation_pairs/synonym_verdicts: corpus relation pair → річка	unverified
рільництво	СУМ-11: Те саме, що → землеробство	unverified
річ	СУМ-11: numbered homonym headwords	unverified
річка	slovnyk.me: Словник синонімів Караванського + Словник синонімів української мови + СУМ-20: Те саме, що → ріка + ВТС: Те саме, що → ріка + СУМ-11: Те саме, що → ріка + relation_pairs/synonym_verdicts: corpus relation pair → потік + relation_pairs/synonym_verdicts: corpus relation pair → ріка	unverified
рішити	СУМ-11: див. → рішати	unverified
сагайдак	СУМ-11: Те саме, що → лук	unverified
садок	СУМ-11: numbered homonym headwords	unverified
садок	СУМ-11: Те саме, що → сад	unverified
сазан	СУМ-11: Те саме, що → короп	unverified
сак	СУМ-11: numbered homonym headwords	unverified
сакральний	Словник синонімів української мови + Словник української мови у 20 томах (УМІФ НАН України, Ін-т мовознавства ім. О. О. Потебні): Те саме, що → крижовий + Великий тлумачний словник сучасної української мови: Те саме, що → крижовий + СУМ-11: Те саме, що → крижовий	unverified
салата	Словник української мови у 20 томах (УМІФ НАН України, Ін-т мовознавства ім. О. О. Потебні): Те саме, що → салат + Великий тлумачний словник сучасної української мови: Те саме, що → салат + СУМ-11: Те саме, що → салат	unverified
салатовий	СУМ-11: Те саме, що → салатний	unverified
сальто	СУМ-11: Те саме, що → сальто-мортале	unverified
самка	СУМ-11: numbered homonym headwords	unverified
самка	СУМ-11: Те саме, що → самиця	unverified
самовидець	СУМ-11: Те саме, що → очевидець	unverified
самогубця	СУМ-11: Те саме, що → самогубець	unverified
самонавіювання	Словник української мови у 20 томах (УМІФ НАН України, Ін-т мовознавства ім. О. О. Потебні): Те саме, що → самонавіяння + СУМ-11: Те саме, що → самонавіяння	unverified
саморегуляція	СУМ-11: Те саме, що → саморегулювання	unverified
саморозвиток	Словник української мови у 20 томах (УМІФ НАН України, Ін-т мовознавства ім. О. О. Потебні): Те саме, що → саморух + Великий тлумачний словник сучасної української мови: Те саме, що → саморух + СУМ-11: Те саме, що → саморух	unverified
самота	СУМ-11: Те саме, що → самотою	unverified
самотній	slovnyk.me: Словник синонімів Караванського + Словник синонімів української мови + ВТС: Те саме, що → самітний + СУМ-11: Те саме, що → самітний + relation_pairs/synonym_verdicts: corpus relation pair → сам	unverified
самоуправління	СУМ-11: Те саме, що → самоврядування	unverified
санки	СУМ-11: Те саме, що → сани	unverified
сап	СУМ-11: numbered homonym headwords	unverified
сарай	СУМ-20: Те саме, що → хлів (reciprocal) + ВТС: Те саме, що → хлів (reciprocal) + СУМ-11: Те саме, що → хлів (reciprocal)	unverified
сахароза	Словник української мови у 20 томах (УМІФ НАН України, Ін-т мовознавства ім. О. О. Потебні): Те саме, що → цукроза + СУМ-11: Те саме, що → цукроза	unverified
сачок	СУМ-11: numbered homonym headwords	unverified
сваволя	СУМ-11: Те саме, що → свавілля	unverified
сват	СУМ-11: numbered homonym headwords	unverified
свекрушище	СУМ-11: Те саме, що → свекруха	unverified
свинка	СУМ-11: numbered homonym headwords	unverified
свинка	СУМ-11: Те саме, що → довгоносик	unverified
свиня	slovnyk.me: Словник синонімів Караванського + СУМ-11: Те саме, що → дельфін	unverified
свита	СУМ-11: numbered homonym headwords	unverified
свищик	Словник української мови у 20 томах (УМІФ НАН України, Ін-т мовознавства ім. О. О. Потебні): Те саме, що → свисток + Великий тлумачний словник сучасної української мови: Те саме, що → свисток + СУМ-11: Те саме, що → свисток	unverified
свят	СУМ-11: див. → святий	unverified
світ	СУМ-11: numbered homonym headwords	unverified
світання	СУМ-11: Те саме, що → світанок	unverified
світильник	Словник української мови у 20 томах (УМІФ НАН України, Ін-т мовознавства ім. О. О. Потебні): Те саме, що → свічник + Великий тлумачний словник сучасної української мови: Те саме, що → свічник + СУМ-11: Те саме, що → свічник	unverified
світло	СУМ-11: numbered homonym headwords	unverified
світовідчуття	СУМ-11: Те саме, що → світовідчування	unverified
світосприйняття	СУМ-11: Те саме, що → світосприймання	unverified
свічення	СУМ-11: Те саме, що → світіння	unverified
секретар	СУМ-11: numbered homonym headwords	unverified
секція	СУМ-11: numbered homonym headwords	unverified
селяни	СУМ-20: див. → селянин + ВТС: див. → селянин + СУМ-11: див. → селянин	unverified
семантика	СУМ-20: Те саме, що → семасіологія + ВТС: Те саме, що → семасіологія + СУМ-11: Те саме, що → семасіологія	unverified
сентименталізм	СУМ-11: Те саме, що → сентиментальність	unverified
середи	СУМ-11: див. → серед	unverified
середина	slovnyk.me: Словник синонімів Караванського + Словник синонімів української мови + СУМ-20: Те саме, що → посередині + СУМ-11: Те саме, що → посередині	unverified
середу	СУМ-11: див. → серед	unverified
сеча	СУМ-11: Те саме, що → гематурія	unverified
сечовий	СУМ-11: Те саме, що → сечовиснаження	unverified
сивочолий	СУМ-11: Те саме, що → сивоголовий	unverified
сидьма	СУМ-11: Те саме, що → сидячи	unverified
сильний	СУМ-20: протилежне → слабкий + СУМ-20: протилежне → слабий + ВТС: прот. → слабкий + ВТС: прот. → слабий + СУМ-11: протилежне → слабкий + СУМ-11: протилежне → слабий + СУМ-20: протилежне → слабкий (reciprocal) + ВТС: прот. → слабкий (reciprocal) + СУМ-11: протилежне → слабкий (reciprocal) + relation_pairs/miyklas.com.ua: corpus relation pair → слабкий	unverified
симпатичний	Словник української мови у 20 томах (УМІФ НАН України, Ін-т мовознавства ім. О. О. Потебні): протилежне → антипатичний + Великий тлумачний словник сучасної української мови: прот. → антипатичний + СУМ-11: протилежне → антипатичний	unverified
симпатія	СУМ-11: протилежне → антипатія	unverified
син	slovnyk.me: Словник синонімів Караванського + СУМ-20: Те саме, що → хлопець (reciprocal) + ВТС: Те саме, що → хлопець (reciprocal) + СУМ-11: Те саме, що → хлопець (reciprocal)	unverified
синтез	СУМ-20: протилежне → аналіз (reciprocal) + ВТС: прот. → аналіз (reciprocal) + СУМ-11: протилежне → аналіз (reciprocal) + СУМ-20: протилежне → аналіз + ВТС: прот. → аналіз + СУМ-11: протилежне → аналіз	unverified
синь	СУМ-11: Те саме, що → синява	unverified
ситний	СУМ-11: numbered homonym headwords	unverified
скавчання	СУМ-11: див. → скавучання	unverified
скавчати	СУМ-11: див. → скавучати	unverified
скалка	СУМ-11: Те саме, що → більмо	unverified
скасовувати	slovnyk.me: Словник синонімів Караванського + Словник синонімів української мови + СУМ-20: Те саме, що → ліквідувати + ВТС: Те саме, що → ліквідувати + СУМ-11: Те саме, що → ліквідувати + СУМ-20: див. → скасувати (reciprocal) + ВТС: див. → скасувати (reciprocal) + СУМ-11: див. → скасувати (reciprocal)	unverified
скасувати	СУМ-20: див. → скасовувати + ВТС: див. → скасовувати + СУМ-11: див. → скасовувати	unverified
скат	СУМ-11: numbered homonym headwords	unverified
скатертина	СУМ-20: Те саме, що → скатерка + ВТС: Те саме, що → скатерка + СУМ-11: Те саме, що → скатерка	unverified
скатерть	СУМ-11: Те саме, що → скатерка	unverified
скинути	СУМ-20: див. → скидати + ВТС: див. → скидати + СУМ-11: див. → скидати	unverified
скинутися	slovnyk.me: Словник синонімів української мови + СУМ-20: див. → скидатися + ВТС: див. → скидатися + СУМ-11: див. → скидатися	unverified
складений	СУМ-20: протилежне → простий (reciprocal) + ВТС: прот. → простий (reciprocal) + СУМ-11: протилежне → простий (reciprocal)	unverified
складний	СУМ-20: протилежне → простий (reciprocal) + ВТС: прот. → простий (reciprocal) + СУМ-11: протилежне → простий (reciprocal) + relation_pairs/miyklas.com.ua: corpus relation pair → простий	unverified
скласти	СУМ-20: див. → складати + ВТС: див. → складати + СУМ-11: див. → складати	unverified
скластися	СУМ-11: див. → складатися	unverified
склепіння	СУМ-11: Те саме, що → арка	unverified
склеїти	СУМ-11: див. → склеювати	unverified
скорбота	Словник української мови у 20 томах (УМІФ НАН України, Ін-т мовознавства ім. О. О. Потебні): протилежне → радість + Великий тлумачний словник сучасної української мови: прот. → радість + СУМ-11: протилежне → радість	unverified
скористати	СУМ-11: Те саме, що → скористуватися	unverified
скористатися	Словник синонімів української мови + Словник української мови у 20 томах (УМІФ НАН України, Ін-т мовознавства ім. О. О. Потебні): див. → скористуватися + Великий тлумачний словник сучасної української мови: див. → скористуватися + СУМ-11: див. → скористуватися	unverified
скорити	СУМ-11: див. → скоряти	unverified
скоритися	СУМ-11: див. → скорятися	unverified
скоротити	СУМ-20: див. → скорочувати + ВТС: див. → скорочувати + СУМ-11: див. → скорочувати	unverified
скоротитися	СУМ-11: див. → скорочуватися	unverified
скорше	СУМ-11: Те саме, що → скоріше	unverified
скоріш	СУМ-11: див. → скоріше	unverified
скотиняка	СУМ-11: Те саме, що → скотина	unverified
скошений	СУМ-11: numbered homonym headwords	unverified
скрес	Словник української мови у 20 томах (УМІФ НАН України, Ін-т мовознавства ім. О. О. Потебні): Те саме, що → скресання + СУМ-11: Те саме, що → скресання	unverified
скрикнути	Словник української мови у 20 томах (УМІФ НАН України, Ін-т мовознавства ім. О. О. Потебні): див. → скрикувати + Великий тлумачний словник сучасної української мови: див. → скрикувати + СУМ-11: див. → скрикувати	unverified
скрип	СУМ-11: numbered homonym headwords	unverified
скромний	СУМ-11: протилежне → розв'язний	unverified
скрут	СУМ-11: numbered homonym headwords	unverified
скрут	СУМ-11: Те саме, що → скрута	unverified
скрутити	СУМ-11: див. → скручувати	unverified
скувати	СУМ-11: див. → сковувати	unverified
скучити	СУМ-11: див. → скучати	unverified
скількись	Словник української мови у 20 томах (УМІФ НАН України, Ін-т мовознавства ім. О. О. Потебні): Те саме, що → скільки-небудь + СУМ-11: Те саме, що → скільки-небудь	unverified
скін	СУМ-11: Те саме, що → смерть	unverified
скінчити	СУМ-11: див. → скінчати	unverified
скінчитися	СУМ-11: див. → скінчатися	unverified
скіпка	СУМ-11: Те саме, що → тріска	unverified
слабий	СУМ-11: протилежне → сильний	unverified
слабкий	СУМ-20: протилежне → сильний (reciprocal) + ВТС: прот. → сильний (reciprocal) + СУМ-11: протилежне → сильний (reciprocal) + СУМ-20: протилежне → сильний + ВТС: прот. → сильний + СУМ-11: протилежне → сильний + relation_pairs/miyklas.com.ua: corpus relation pair → сильний	unverified
славен	slovnyk.me: Словник синонімів Караванського (base form славний) + СУМ-20: див. → славний + ВТС: див. → славний + СУМ-11: див. → славний	unverified
слати	СУМ-11: numbered homonym headwords	unverified
слати	СУМ-11: Те саме, що → стелити	unverified
сливе	СУМ-11: Те саме, що → майже	unverified
слобожанський	СУМ-11: Те саме, що → слобідський	unverified
слідити	СУМ-11: numbered homonym headwords	unverified
сліпий	ВТС: прот. → зрячий + СУМ-11: протилежне → зрячий	unverified
сліпучо	СУМ-11: Те саме, що → сліпуче	unverified
смертний	СУМ-11: протилежне → безсмертний	unverified
смерть	ВТС: прот. → життя (reciprocal) + СУМ-11: протилежне → життя (reciprocal) + ВТС: прот. → життя + СУМ-11: протилежне → життя + relation_pairs/miyklas.com.ua: corpus relation pair → народження	unverified
смичок	СУМ-11: numbered homonym headwords	unverified
смутен	СУМ-11: див. → смутний	unverified
смілий	СУМ-11: Те саме, що → сміливий	unverified
смішно	СУМ-20: Те саме, що → безглуздо + ВТС: Те саме, що → безглуздо + СУМ-11: Те саме, що → безглуздо	unverified
собака	slovnyk.me: Словник синонімів Караванського + СУМ-20: Те саме, що → пес (reciprocal) + ВТС: Те саме, що → пес (reciprocal) + СУМ-11: Те саме, що → пес (reciprocal)	unverified
собаченя	СУМ-11: Те саме, що → собача	unverified
собачка	СУМ-11: Те саме, що → гашетка	unverified
сокіл	СУМ-11: numbered homonym headwords	unverified
солод	СУМ-11: Те саме, що → насолода	unverified
солодкий	СУМ-20: протилежне → гіркий (reciprocal) + ВТС: прот. → гіркий (reciprocal) + СУМ-11: протилежне → гіркий (reciprocal) + СУМ-20: протилежне → гіркий + СУМ-20: протилежне → кислий + СУМ-20: протилежне → солоний + ВТС: прот. → гіркий + ВТС: прот. → кислий + ВТС: прот. → солоний + СУМ-11: протилежне → гіркий + СУМ-11: протилежне → кислий + СУМ-11: протилежне → солоний	unverified
соломинка	ВТС: Те саме, що → соломка (reciprocal) + СУМ-11: Те саме, що → соломка (reciprocal)	unverified
соломка	ВТС: Те саме, що → соломинка + СУМ-11: Те саме, що → соломинка	unverified
солоний	СУМ-20: протилежне → солодкий (reciprocal) + ВТС: прот. → солодкий (reciprocal) + СУМ-11: протилежне → солодкий (reciprocal)	unverified
сон	СУМ-11: numbered homonym headwords	unverified
сон	СУМ-11: протилежне → дійсність	unverified
сон	СУМ-20: Те саме, що → спання + ВТС: Те саме, що → спання + СУМ-11: Те саме, що → спання + relation_pairs/synonym_verdicts: corpus relation pair → мрія	unverified
соня	СУМ-11: Те саме, що → сонько	unverified
сонях	СУМ-11: Те саме, що → соняшник	unverified
сороковий	СУМ-11: Те саме, що → сорокавідерний	unverified
сором-язливий	СУМ-11: Те саме, що → соромливий	unverified
сотворити	СУМ-11: див. → сотворяти	unverified
сотворіння	СУМ-11: Те саме, що → створіння	unverified
союзний	СУМ-11: Те саме, що → всесоюзний	unverified
спад	СУМ-11: numbered homonym headwords	unverified
спад	СУМ-11: Те саме, що → водоспад	unverified
спадний	СУМ-11: протилежне → висхідний	unverified
спадок	СУМ-11: numbered homonym headwords	unverified
спадок	СУМ-11: Те саме, що → спадщина	unverified
спакувати	СУМ-20: див. → спаковувати + ВТС: див. → спаковувати + СУМ-11: див. → спаковувати	unverified
спалахнути	СУМ-20: див. → спалахувати + ВТС: див. → спалахувати + СУМ-11: див. → спалахувати	unverified
спалити	СУМ-20: див. → спалювати + ВТС: див. → спалювати + СУМ-11: див. → спалювати	unverified
спантеличити	Словник української мови у 20 томах (УМІФ НАН України, Ін-т мовознавства ім. О. О. Потебні): див. → спантеличувати + Великий тлумачний словник сучасної української мови: див. → спантеличувати + СУМ-11: див. → спантеличувати	unverified
спас	СУМ-11: numbered homonym headwords	unverified
спаситель	СУМ-11: Те саме, що → рятівник	unverified
спекотний	СУМ-11: Те саме, що → спекотливий	unverified
спекуляція	СУМ-11: numbered homonym headwords	unverified
спереду	СУМ-20: протилежне → ззаду + ВТС: прот. → ззаду + СУМ-11: протилежне → ззаду	unverified
спертися	СУМ-11: див. → спиратися	unverified
сперш	СУМ-11: див. → спершу	unverified
спец	СУМ-11: Те саме, що → спеціаліст	unverified
спечений	СУМ-11: Те саме, що → новоспечений	unverified
спиляти	СУМ-11: див. → спилювати	unverified
спинити	СУМ-11: див. → спиняти	unverified
спинитися	СУМ-11: див. → спинятися	unverified
спис	СУМ-11: numbered homonym headwords	unverified
списати	СУМ-11: див. → списувати	unverified
сплав	СУМ-11: numbered homonym headwords	unverified
сплавляння	СУМ-11: numbered homonym headwords	unverified
сплавляти	СУМ-11: numbered homonym headwords	unverified
сплатити	СУМ-11: див. → сплачувати	unverified
сплести	СУМ-11: див. → сплітати	unverified
спливти	СУМ-11: див. → спливати	unverified
сплутати	СУМ-11: див. → сплутувати	unverified
сповільнити	Словник синонімів української мови + Словник української мови у 20 томах (УМІФ НАН України, Ін-т мовознавства ім. О. О. Потебні): див. → сповільнювати + Великий тлумачний словник сучасної української мови: див. → сповільнювати + СУМ-11: див. → сповільнювати	unverified
сповістити	СУМ-11: див. → сповіщати	unverified
спожива	СУМ-11: Те саме, що → пожива	unverified
споживати	slovnyk.me: Словник синонімів Караванського + СУМ-20: див. → спожити (reciprocal) + ВТС: див. → спожити (reciprocal) + СУМ-11: див. → спожити (reciprocal)	unverified
споживач	ВТС: Те саме, що → покупець + СУМ-11: Те саме, що → покупець	unverified
спожити	СУМ-20: див. → споживати + ВТС: див. → споживати + СУМ-11: див. → споживати	unverified
спокусити	СУМ-11: див. → спокушати	unverified
сполохати	СУМ-11: див. → сполохувати	unverified
сполучити	Словник української мови у 20 томах (УМІФ НАН України, Ін-т мовознавства ім. О. О. Потебні): див. → сполучати + Великий тлумачний словник сучасної української мови: див. → сполучати + СУМ-11: див. → сполучати	unverified
спомин	СУМ-11: Те саме, що → спогад	unverified
спортсменка	Словник української мови у 20 томах (УМІФ НАН України, Ін-т мовознавства ім. О. О. Потебні): Те саме, що → спортивки + Великий тлумачний словник сучасної української мови: Те саме, що → спортивки + СУМ-11: Те саме, що → спортивки	unverified
спорудження	СУМ-11: Те саме, що → споруда	unverified
спорудити	СУМ-11: див. → споруджувати	unverified
спорядити	СУМ-11: див. → споряджати	unverified
споріднення	СУМ-11: Те саме, що → спорідненість	unverified
спостерегти	СУМ-20: див. → спостерігати + ВТС: див. → спостерігати + СУМ-11: див. → спостерігати	unverified
спостерігати	slovnyk.me: Словник синонімів Караванського + СУМ-20: див. → спостерегти (reciprocal) + ВТС: див. → спостерегти (reciprocal) + СУМ-11: див. → спостерегти (reciprocal)	unverified
спотворити	СУМ-11: див. → спотворювати	unverified
спочив	СУМ-11: Те саме, що → спочинок	unverified
спочивати	СУМ-11: Те саме, що → спати	unverified
спочити	СУМ-11: див. → спочивати	unverified
справа	ВТС: прот. → зліва (reciprocal) + СУМ-11: протилежне → зліва (reciprocal)	unverified
справдитися	СУМ-11: див. → справджуватися	unverified
справді	slovnyk.me: Словник синонімів Караванського + Словник синонімів української мови + ВТС: Те саме, що → дійсно (reciprocal) + СУМ-11: Те саме, що → дійсно (reciprocal) + relation_pairs/synonym_verdicts: corpus relation pair → щоправда + relation_pairs/miyklas.com.ua: corpus relation pair → дійсно	unverified
справедливий	СУМ-20: протилежне → несправедливий + ВТС: прот. → несправедливий + СУМ-11: протилежне → несправедливий	unverified
справжнісінький	СУМ-11: Те саме, що → справжній	unverified
справити	СУМ-11: див. → справляти	unverified
справитися	СУМ-11: див. → справлятися	unverified
спрацювати	СУМ-11: див. → спрацьовувати	unverified
сприйняти	СУМ-11: див. → сприймати	unverified
спритник	СУМ-11: Те саме, що → ловкач	unverified
спричинити	СУМ-20: див. → спричиняти + ВТС: див. → спричиняти + СУМ-11: див. → спричиняти	unverified
спричинювати	СУМ-11: див. → спричиняти	unverified
спроектований	СУМ-11: numbered homonym headwords	unverified
спроста	СУМ-11: Те саме, що → запросто	unverified
спростити	Словник синонімів української мови + Словник української мови у 20 томах (УМІФ НАН України, Ін-т мовознавства ім. О. О. Потебні): див. → спрощувати + Великий тлумачний словник сучасної української мови: див. → спрощувати + СУМ-11: див. → спрощувати	unverified
спростувати	СУМ-20: див. → спростовувати + ВТС: див. → спростовувати + СУМ-11: див. → спростовувати	unverified
спрощення	СУМ-20: Те саме, що → гаплологія + ВТС: Те саме, що → гаплологія + СУМ-11: Те саме, що → гаплологія	unverified
спрямувати	Словник синонімів української мови + Словник української мови у 20 томах (УМІФ НАН України, Ін-т мовознавства ім. О. О. Потебні): див. → спрямовувати + Великий тлумачний словник сучасної української мови: див. → спрямовувати + СУМ-11: див. → спрямовувати	unverified
спустити	СУМ-11: див. → спускати	unverified
спуститися	Словник синонімів української мови + Словник української мови у 20 томах (УМІФ НАН України, Ін-т мовознавства ім. О. О. Потебні): див. → спускатися + Великий тлумачний словник сучасної української мови: див. → спускатися + СУМ-11: див. → спускатися	unverified
співвіднести	СУМ-11: див. → співвідносити	unverified
спізнитися	СУМ-20: див. → спізнюватися + ВТС: див. → спізнюватися + СУМ-11: див. → спізнюватися	unverified
спір	СУМ-11: numbered homonym headwords	unverified
срібник	СУМ-11: Те саме, що → срібняк	unverified
ссати	СУМ-11: Те саме, що → тс	unverified
став	СУМ-20: Те саме, що → ставок (reciprocal) + ВТС: Те саме, що → ставок (reciprocal) + СУМ-11: Те саме, що → ставок (reciprocal)	unverified
ставати	slovnyk.me: Словник синонімів Караванського + СУМ-20: див. → стати (reciprocal) + ВТС: див. → стати (reciprocal) + СУМ-11: див. → стати (reciprocal) + relation_pairs/miyklas.com.ua: corpus relation pair → підійматися	unverified
ставатися	slovnyk.me: Словник синонімів Караванського + СУМ-20: див. → статися (reciprocal) + ВТС: див. → статися (reciprocal) + СУМ-11: див. → статися (reciprocal)	unverified
ставитися	Словник синонімів української мови + Словник української мови у 20 томах (УМІФ НАН України, Ін-т мовознавства ім. О. О. Потебні): Те саме, що → гордувати + Великий тлумачний словник сучасної української мови: Те саме, що → гордувати + СУМ-11: Те саме, що → гордувати	unverified
ставляти	СУМ-11: Те саме, що → ставити	unverified
ставок	СУМ-20: Те саме, що → став + ВТС: Те саме, що → став + СУМ-11: Те саме, що → став	unverified
стаж	СУМ-20: Те саме, що → стажування + ВТС: Те саме, що → стажування + СУМ-11: Те саме, що → стажування	unverified
стажування	СУМ-20: Те саме, що → стаж (reciprocal) + ВТС: Те саме, що → стаж (reciprocal) + СУМ-11: Те саме, що → стаж (reciprocal)	unverified
стайничий	СУМ-11: Те саме, що → конюх	unverified
стайня	slovnyk.me: Словник синонімів Караванського + Словник синонімів української мови + СУМ-20: Те саме, що → хлів + СУМ-11: Те саме, що → хлів	unverified
сталь	СУМ-11: numbered homonym headwords	unverified
стан	СУМ-11: numbered homonym headwords	unverified
становище	СУМ-11: numbered homonym headwords	unverified
старець	СУМ-11: Те саме, що → жебрак	unverified
старий	СУМ-20: протилежне → молодий + ВТС: прот. → молодий + ВТС: прот. → новий + СУМ-11: протилежне → молодий + relation_pairs/miyklas.com.ua: corpus relation pair → малолітній	unverified
старість	СУМ-11: протилежне → молодість	unverified
стати	СУМ-20: див. → ставати + ВТС: див. → ставати + СУМ-11: див. → ставати	unverified
стати	СУМ-20: протилежне → піти (reciprocal) + ВТС: прот. → піти (reciprocal) + СУМ-11: протилежне → піти (reciprocal)	unverified
статика	СУМ-11: протилежне → динаміка	unverified
статися	СУМ-20: див. → ставатися + ВТС: див. → ставатися + СУМ-11: див. → ставатися	unverified
статура	slovnyk.me: Словник синонімів Караванського + Словник синонімів української мови + СУМ-20: Те саме, що → фігура + ВТС: Те саме, що → фігура + СУМ-11: Те саме, що → фігура	unverified
стверджувати	slovnyk.me: Словник синонімів Караванського + СУМ-20: див. → ствердити (reciprocal) + ВТС: див. → ствердити (reciprocal) + СУМ-11: див. → ствердити (reciprocal)	unverified
ствердити	СУМ-20: див. → стверджувати + ВТС: див. → стверджувати + СУМ-11: див. → стверджувати	unverified
створити	СУМ-20: див. → створювати + ВТС: див. → створювати + СУМ-11: див. → створювати + relation_pairs/synonym_verdicts: corpus relation pair → зробити	unverified
створювати	slovnyk.me: Словник синонімів Караванського + Словник синонімів української мови + СУМ-20: див. → створити (reciprocal) + ВТС: див. → створити (reciprocal) + СУМ-11: див. → створити (reciprocal)	unverified
стерти	СУМ-11: див. → стирати	unverified
стик	СУМ-11: Те саме, що → стикування	unverified
стикнутися	СУМ-11: див. → стикатися	unverified
стиль	СУМ-11: numbered homonym headwords	unverified
стислий	СУМ-11: протилежне → тривалий	unverified
стиснути	Словник синонімів української мови + Словник української мови у 20 томах (УМІФ НАН України, Ін-т мовознавства ім. О. О. Потебні): див. → стискати + Великий тлумачний словник сучасної української мови: див. → стискати + СУМ-11: див. → стискати	unverified
стиснутий	СУМ-11: див. → стиснений	unverified
стихнути	СУМ-11: див. → стихати	unverified
стовписько	СУМ-11: Те саме, що → стовпище	unverified
стовідсотковий	СУМ-11: Те саме, що → стопроцентний	unverified
столітній	СУМ-11: Те саме, що → сторічний	unverified
століття	slovnyk.me: Словник синонімів Караванського + Словник синонімів української мови + ВТС: Те саме, що → сторіччя + СУМ-11: Те саме, що → сторіччя + relation_pairs/miyklas.com.ua: corpus relation pair → вік	unverified
стопа	СУМ-11: numbered homonym headwords	unverified
стопа	СУМ-11: Те саме, що → стіс	unverified
сторожа	СУМ-11: Те саме, що → сторож	unverified
стос	СУМ-11: див. → стіс	unverified
стосувати	СУМ-11: Те саме, що → застосовувати	unverified
стоянка	СУМ-11: Те саме, що → стояння	unverified
стоянок	СУМ-11: numbered homonym headwords	unverified
стоянок	СУМ-11: Те саме, що → стоянець	unverified
стояти	СУМ-20: протилежне → ходити (reciprocal) + ВТС: прот. → ходити (reciprocal) + СУМ-11: протилежне → ходити (reciprocal) + СУМ-11: протилежне → іти (reciprocal) + relation_pairs/miyklas.com.ua: corpus relation pair → рухатися	unverified
стоячи	СУМ-20: Те саме, що → стоячки + ВТС: Те саме, що → стоячки + СУМ-11: Те саме, що → стоячки	unverified
стратити	Словник української мови у 20 томах (УМІФ НАН України, Ін-т мовознавства ім. О. О. Потебні): див. → страчувати + Великий тлумачний словник сучасної української мови: див. → страчувати + СУМ-11: див. → страчувати	unverified
стрим	СУМ-11: Те саме, що → стримування	unverified
стримати	СУМ-20: див. → стримувати + ВТС: див. → стримувати + СУМ-11: див. → стримувати	unverified
стриматися	СУМ-11: див. → стримуватися	unverified
стримувати	slovnyk.me: Словник синонімів Караванського + СУМ-20: див. → стримати (reciprocal) + ВТС: див. → стримати (reciprocal) + СУМ-11: див. → стримати (reciprocal)	unverified
строковий	СУМ-11: Те саме, що → терміновий	unverified
струг	СУМ-11: numbered homonym headwords	unverified
струг	СУМ-11: Те саме, що → форель	unverified
струмент	Словник української мови у 20 томах (УМІФ НАН України, Ін-т мовознавства ім. О. О. Потебні): Те саме, що → інструмент + Великий тлумачний словник сучасної української мови: Те саме, що → інструмент + СУМ-11: Те саме, що → інструмент	unverified
струсити	СУМ-11: див. → струшувати	unverified
стрій	СУМ-11: numbered homonym headwords	unverified
стріл	СУМ-11: Те саме, що → постріл	unverified
стрілок	СУМ-11: Те саме, що → стрілець	unverified
стрімкий	Словник української мови у 20 томах (УМІФ НАН України, Ін-т мовознавства ім. О. О. Потебні): протилежне → пологий + Словник української мови у 20 томах (УМІФ НАН України, Ін-т мовознавства ім. О. О. Потебні): протилежне → положистий + Великий тлумачний словник сучасної української мови: прот. → спадистий + Великий тлумачний словник сучасної української мови: прот. → положистий + СУМ-11: протилежне → пологий + СУМ-11: протилежне → положистий	unverified
стріти	СУМ-11: див. → стрічати	unverified
стрітися	СУМ-11: див. → стрічатися	unverified
стріча	СУМ-11: Те саме, що → зустріч	unverified
стрічати	СУМ-11: Те саме, що → зустрічати	unverified
стрічатися	СУМ-11: Те саме, що → зустрічатися	unverified
стук	СУМ-11: numbered homonym headwords	unverified
стулити	СУМ-11: див. → стуляти	unverified
стягнути	СУМ-11: див. → стягати	unverified
стягувати	Словник української мови у 20 томах (УМІФ НАН України, Ін-т мовознавства ім. О. О. Потебні): див. → стягати + Великий тлумачний словник сучасної української мови: див. → стягати + СУМ-11: див. → стягати	unverified
стягуватися	СУМ-11: див. → стягатися	unverified
стятися	СУМ-11: див. → стинатися	unverified
стіжок	СУМ-11: Те саме, що → стіг	unverified
стійкий	СУМ-20: протилежне → хисткий + ВТС: прот. → хисткий + СУМ-11: протилежне → хисткий	unverified
стік	СУМ-11: Те саме, що → відтікання	unverified
стіл	СУМ-11: numbered homonym headwords	unverified
стілець	slovnyk.me: Словник синонімів Караванського + Словник синонімів української мови + СУМ-20: Те саме, що → крісло (reciprocal) + ВТС: Те саме, що → крісло (reciprocal) + СУМ-11: Те саме, що → крісло (reciprocal) + СУМ-20: Те саме, що → аналой + ВТС: Те саме, що → аналой	unverified
стільник	СУМ-11: numbered homonym headwords	unverified
стінка	СУМ-11: Те саме, що → стіна	unverified
суголосний	СУМ-11: Те саме, що → співзвучний	unverified
судно	СУМ-11: numbered homonym headwords	unverified
судовий	СУМ-11: Те саме, що → судовик	unverified
сула	СУМ-11: Те саме, що → судак	unverified
султан	СУМ-11: numbered homonym headwords	unverified
сум	СУМ-11: протилежне → радість	unverified
сумний	СУМ-20: протилежне → веселий + ВТС: прот. → веселий + СУМ-11: протилежне → веселий + relation_pairs/miyklas.com.ua: corpus relation pair → веселий + relation_pairs/miyklas.com.ua: corpus relation pair → радісний	unverified
сумнозвісний	СУМ-11: Те саме, що → горезвісний	unverified
сумування	СУМ-11: Те саме, що → сум	unverified
сумістити	Словник української мови у 20 томах (УМІФ НАН України, Ін-т мовознавства ім. О. О. Потебні): див. → суміщати + Великий тлумачний словник сучасної української мови: див. → суміщати + СУМ-11: див. → суміщати	unverified
суниці	СУМ-11: див. → суниця	unverified
сунички	СУМ-11: див. → суничка	unverified
супер	СУМ-11: Те саме, що → суперобкладинка	unverified
супроводжувати	slovnyk.me: Словник синонімів Караванського + СУМ-20: див. → супроводити (reciprocal) + ВТС: див. → супроводити (reciprocal) + СУМ-11: див. → супроводити (reciprocal) + relation_pairs/synonym_verdicts: corpus relation pair → проводжати	unverified
супроводити	slovnyk.me: Словник синонімів Караванського + Словник синонімів української мови + СУМ-20: див. → супроводжувати + ВТС: див. → супроводжувати + СУМ-11: див. → супроводжувати + relation_pairs/synonym_verdicts: corpus relation pair → водити + relation_pairs/synonym_verdicts: corpus relation pair → проводжати	unverified
сурядний	СУМ-20: протилежне → підрядний (reciprocal) + ВТС: прот. → підрядний (reciprocal) + СУМ-11: протилежне → підрядний (reciprocal) + СУМ-20: протилежне → підрядний + ВТС: прот. → підрядний + СУМ-11: протилежне → підрядний	unverified
сурядність	СУМ-20: протилежне → підрядність + ВТС: прот. → підрядність + СУМ-11: протилежне → підрядність	unverified
суспільний	СУМ-11: Те саме, що → суміжний	unverified
суспільність	СУМ-11: Те саме, що → громадськість	unverified
сутній	СУМ-11: Те саме, що → суттєвий	unverified
сутінки	СУМ-11: Те саме, що → тінь	unverified
сучок	СУМ-11: Те саме, що → сук	unverified
суша	СУМ-11: numbered homonym headwords	unverified
сушня	СУМ-11: Те саме, що → сушіння	unverified
сфера	slovnyk.me: Словник синонімів Караванського + Словник синонімів української мови + СУМ-11: Те саме, що → в + relation_pairs/miyklas.com.ua: corpus relation pair → царина + relation_pairs/synonym_verdicts: corpus relation pair → ділянка + relation_pairs/synonym_verdicts: corpus relation pair → область + relation_pairs/miyklas.com.ua: corpus relation pair → галузь	unverified
схвалити	СУМ-11: див. → схвалювати	unverified
схизма	СУМ-11: Те саме, що → православ'я	unverified
схилити	СУМ-11: див. → схиляти	unverified
схилитися	СУМ-11: див. → схилятися	unverified
сходинка	Словник синонімів української мови + Словник української мови у 20 томах (УМІФ НАН України, Ін-т мовознавства ім. О. О. Потебні): Те саме, що → сходина + Великий тлумачний словник сучасної української мови: Те саме, що → сходина + СУМ-11: Те саме, що → сходина	unverified
схожість	СУМ-11: numbered homonym headwords	unverified
схопити	СУМ-11: див. → схоплювати	unverified
схопитися	СУМ-11: див. → схоплюватися	unverified
схід	Вікісловник: explicit antonym list + СУМ-11: протилежне → захід	unverified
схід	СУМ-11: numbered homonym headwords	unverified
східний	ВТС: прот. → західний (reciprocal) + СУМ-11: протилежне → західний (reciprocal) + СУМ-20: протилежне → західний + ВТС: прот. → західний + СУМ-11: протилежне → західний	unverified
східці	СУМ-11: Те саме, що → щабель	unverified
сьогодення	СУМ-11: Те саме, що → сьогоденність	unverified
сьогодні	slovnyk.me: Словник синонімів української мови + СУМ-20: Те саме, що → нині (reciprocal) + ВТС: Те саме, що → нині (reciprocal) + СУМ-11: Те саме, що → нині (reciprocal) + relation_pairs/synonym_verdicts: corpus relation pair → зараз	unverified
сюди	СУМ-20: протилежне → туди + ВТС: прот. → туди + СУМ-11: протилежне → туди + СУМ-20: протилежне → туди (reciprocal) + ВТС: прот. → туди (reciprocal) + СУМ-11: протилежне → туди (reciprocal)	unverified
сягнути	СУМ-11: див. → сягати	unverified
сяк-так	СУМ-11: Те саме, що → так-сяк	unverified
сякий-такий	СУМ-11: Те саме, що → такий-сякий	unverified
сяяння	СУМ-11: Те саме, що → сяйво	unverified
сів	СУМ-11: Те саме, що → сівба	unverified
сідати	slovnyk.me: Словник синонімів Караванського + Словник синонімів української мови + СУМ-20: див. → сісти (reciprocal) + ВТС: див. → сісти (reciprocal) + СУМ-11: див. → сісти (reciprocal)	unverified
сідниці	СУМ-11: див. → сідниця	unverified
сіло	СУМ-11: Те саме, що → сильце	unverified
сім-я	СУМ-11: Те саме, що → насіння + relation_pairs/synonym_verdicts: corpus relation pair → родина + relation_pairs/miyklas.com.ua: corpus relation pair → категорія	unverified
сінокіс	СУМ-11: Те саме, що → сіножать	unverified
сіра	СУМ-11: Те саме, що → сірка	unverified
сірка	СУМ-11: Те саме, що → жиропіт	unverified
сірко	СУМ-11: Те саме, що → горілка	unverified
сісти	СУМ-20: див. → сідати + ВТС: див. → сідати + СУМ-11: див. → сідати	unverified
сітчастий	СУМ-11: Те саме, що → сітківка	unverified
січ	СУМ-11: numbered homonym headwords	unverified
січ	СУМ-11: Те саме, що → січа	unverified
сіяння	СУМ-11: Те саме, що → сяйво	unverified
сіяти	СУМ-11: Те саме, що → сяяти	unverified
сіяч	СУМ-11: Те саме, що → сівач	unverified
таж	СУМ-11: numbered homonym headwords	unverified
таз	СУМ-11: numbered homonym headwords	unverified
тайна	СУМ-11: Те саме, що → таємниця	unverified
такса	СУМ-11: numbered homonym headwords	unverified
такт	СУМ-11: numbered homonym headwords	unverified
тал	СУМ-11: numbered homonym headwords	unverified
тал	СУМ-11: Те саме, що → таловина	unverified
тала	СУМ-11: Те саме, що → верболіз	unverified
талер	СУМ-11: numbered homonym headwords	unverified
талер	СУМ-11: Те саме, що → таляр	unverified
талія	СУМ-11: numbered homonym headwords	unverified
там	СУМ-20: протилежне → тут + ВТС: прот. → тут + СУМ-11: протилежне → тут + СУМ-20: протилежне → тут (reciprocal) + ВТС: прот. → тут (reciprocal) + СУМ-11: протилежне → тут (reciprocal)	unverified
танцівник	СУМ-11: Те саме, що → танцюрист	unverified
таріль	СУМ-11: Те саме, що → тарілка	unverified
твар	СУМ-11: numbered homonym headwords	unverified
твердий	СУМ-11: протилежне → м'який (reciprocal) + СУМ-20: протилежне → рідкий + СУМ-20: протилежне → газоподібний + СУМ-20: протилежне → м'який + ВТС: прот. → рідкий + ВТС: прот. → газоподібний + ВТС: прот. → м'який + СУМ-11: протилежне → рідкий + СУМ-11: протилежне → газоподібний + СУМ-11: протилежне → м'який + relation_pairs/miyklas.com.ua: corpus relation pair → м'який	unverified
твердиня	СУМ-11: Те саме, що → фортеця	unverified
те	СУМ-20: див. → той + ВТС: див. → той + СУМ-11: див. → той	unverified
телеграф	СУМ-11: Те саме, що → радіотелеграф	unverified
телець	СУМ-11: numbered homonym headwords	unverified
теологія	СУМ-11: Те саме, що → богослов'я	unverified
тепера	СУМ-11: Те саме, що → тепер	unverified
теперечки	СУМ-11: Те саме, що → тепер	unverified
тераріум	СУМ-11: див. → терарій	unverified
терн	Словник української мови у 20 томах (УМІФ НАН України, Ін-т мовознавства ім. О. О. Потебні): Те саме, що → терен + СУМ-11: Те саме, що → терен	unverified
тернівка	СУМ-11: Те саме, що → тернослив	unverified
тесла	slovnyk.me: Словник синонімів української мови (base form тесло) + СУМ-20: Те саме, що → тесло + ВТС: Те саме, що → тесло + СУМ-11: Те саме, що → тесло	unverified
тесля	СУМ-11: Те саме, що → тесляр	unverified
тетеря	СУМ-11: numbered homonym headwords	unverified
технічний	СУМ-11: Те саме, що → техмінімум	unverified
тижневик	СУМ-11: Те саме, що → щотижневик	unverified
тик	СУМ-11: numbered homonym headwords	unverified
тикати	СУМ-11: numbered homonym headwords	unverified
тимчасовий	Словник української мови у 20 томах (УМІФ НАН України, Ін-т мовознавства ім. О. О. Потебні): протилежне → постійний + Великий тлумачний словник сучасної української мови: прот. → постійний + СУМ-11: протилежне → постійний	unverified
тираж	СУМ-11: numbered homonym headwords	unverified
титан	СУМ-11: numbered homonym headwords	unverified
тихше	СУМ-11: див. → тихіше	unverified
товарообіг	СУМ-11: Те саме, що → товарооборот	unverified
товстенний	СУМ-11: Те саме, що → товстелезний	unverified
товстий	СУМ-20: протилежне → тонкий + ВТС: прот. → тонкий + СУМ-11: протилежне → тонкий + СУМ-20: протилежне → тонкий (reciprocal) + ВТС: прот. → тонкий (reciprocal) + СУМ-11: протилежне → тонкий (reciprocal)	unverified
тогочасний	Словник української мови у 20 томах (УМІФ НАН України, Ін-т мовознавства ім. О. О. Потебні): протилежне → сьогочасний + Словник української мови у 20 томах (УМІФ НАН України, Ін-т мовознавства ім. О. О. Потебні): протилежне → теперішній + Великий тлумачний словник сучасної української мови: прот. → сьогочасний + Великий тлумачний словник сучасної української мови: прот. → теперішній + СУМ-11: протилежне → сьогочасний + СУМ-11: протилежне → теперішній	unverified
тодішній	СУМ-11: протилежне → сьогочасний + СУМ-11: протилежне → теперішній	unverified
той	СУМ-20: Те саме, що → отой (reciprocal) + СУМ-20: див. → те (reciprocal) + ВТС: див. → те (reciprocal) + СУМ-11: див. → те (reciprocal)	unverified
той	СУМ-20: протилежне → цей + ВТС: прот. → цей + СУМ-11: протилежне → цей + ВТС: прот. → цей (reciprocal) + СУМ-11: протилежне → цей (reciprocal)	unverified
толока	СУМ-11: numbered homonym headwords	unverified
тонкий	СУМ-20: протилежне → товстий (reciprocal) + ВТС: прот. → товстий (reciprocal) + СУМ-11: протилежне → товстий (reciprocal) + СУМ-20: протилежне → товстий + ВТС: прот. → товстий + СУМ-11: протилежне → товстий	unverified
тополя	СУМ-11: Те саме, що → осокір	unverified
топірець	СУМ-11: numbered homonym headwords	unverified
тор	СУМ-11: numbered homonym headwords	unverified
торговець	СУМ-11: Те саме, що → торговельник	unverified
торгівець	СУМ-11: див. → торговець	unverified
торкатися	slovnyk.me: Словник синонімів Караванського + СУМ-20: див. → торкнутися (reciprocal) + ВТС: див. → торкнутися (reciprocal) + СУМ-11: див. → торкнутися (reciprocal)	unverified
торкнути	Словник синонімів української мови + Словник української мови у 20 томах (УМІФ НАН України, Ін-т мовознавства ім. О. О. Потебні): див. → торкати + Великий тлумачний словник сучасної української мови: див. → торкати + СУМ-11: див. → торкати	unverified
торкнутися	СУМ-20: див. → торкатися + ВТС: див. → торкатися + СУМ-11: див. → торкатися	unverified
точити	СУМ-11: numbered homonym headwords	unverified
точний	СУМ-20: протилежне → приблизний + ВТС: прот. → приблизний + СУМ-11: протилежне → приблизний	unverified
точок	СУМ-11: numbered homonym headwords	unverified
трактувати	СУМ-11: numbered homonym headwords	unverified
транскрипція	СУМ-20: Те саме, що → транслітерація + ВТС: Те саме, що → транслітерація + СУМ-11: Те саме, що → транслітерація	unverified
трапити	СУМ-11: див. → трапляти	unverified
трапитися	СУМ-20: див. → траплятися + ВТС: див. → траплятися + СУМ-11: див. → траплятися	unverified
траплятися	slovnyk.me: Словник синонімів Караванського + СУМ-20: див. → трапитися (reciprocal) + ВТС: див. → трапитися (reciprocal) + СУМ-11: див. → трапитися (reciprocal)	unverified
трафити	СУМ-11: див. → трафляти	unverified
треба	СУМ-11: numbered homonym headwords	unverified
трепет	СУМ-11: Те саме, що → тремтіння	unverified
триб	СУМ-11: numbered homonym headwords	unverified
триб	СУМ-11: Те саме, що → шестірня	unverified
тридцятилітній	СУМ-11: Те саме, що → тридцятирічний	unverified
тризна	СУМ-11: Те саме, що → поминки	unverified
трипілля	СУМ-11: numbered homonym headwords	unverified
тритон	СУМ-11: numbered homonym headwords	unverified
тромб	СУМ-11: numbered homonym headwords	unverified
тростина	СУМ-11: Те саме, що → очерет	unverified
трохи	slovnyk.me: Словник синонімів Караванського + ВТС: Те саме, що → дещо (reciprocal) + СУМ-11: Те саме, що → дещо (reciprocal) + СУМ-20: Те саме, що → трошки (reciprocal) + ВТС: Те саме, що → трошки (reciprocal) + СУМ-11: Те саме, що → трошки (reciprocal) + relation_pairs/synonym_verdicts: corpus relation pair → дещо + relation_pairs/synonym_verdicts: corpus relation pair → мало + relation_pairs/miyklas.com.ua: corpus relation pair → дещо + relation_pairs/miyklas.com.ua: corpus relation pair → легко + relation_pairs/miyklas.com.ua: corpus relation pair → мало + relation_pairs/miyklas.com.ua: corpus relation pair → небагато + relation_pairs/miyklas.com.ua: corpus relation pair → недалеко + relation_pairs/miyklas.com.ua: corpus relation pair → недовго + relation_pairs/miyklas.com.ua: corpus relation pair → тільки	unverified
трошки	СУМ-20: Те саме, що → трохи + ВТС: Те саме, що → трохи + СУМ-11: Те саме, що → трохи + СУМ-20: див. → трішки (reciprocal) + ВТС: див. → трішки (reciprocal) + СУМ-11: див. → трішки (reciprocal)	unverified
трунок	СУМ-11: numbered homonym headwords	unverified
трус	СУМ-11: numbered homonym headwords	unverified
трус	СУМ-11: Те саме, що → боягуз	unverified
трійко	СУМ-11: Те саме, що → троє	unverified
трійця	СУМ-11: Те саме, що → троє	unverified
тріснути	Словник синонімів української мови + Словник української мови у 20 томах (УМІФ НАН України, Ін-т мовознавства ім. О. О. Потебні): див. → тріскати + Великий тлумачний словник сучасної української мови: див. → тріскати + СУМ-11: див. → тріскати	unverified
трішечки	СУМ-11: див. → трошечки	unverified
трішки	СУМ-20: див. → трошки + ВТС: див. → трошки + СУМ-11: див. → трошки	unverified
тсс	СУМ-11: див. → тс	unverified
туди	СУМ-20: протилежне → сюди (reciprocal) + ВТС: прот. → сюди (reciprocal) + СУМ-11: протилежне → сюди (reciprocal) + СУМ-20: протилежне → сюди + ВТС: прот. → сюди + СУМ-11: протилежне → сюди	unverified
тужний	СУМ-11: Те саме, що → тужливий	unverified
туз	СУМ-11: numbered homonym headwords	unverified
тук	СУМ-11: numbered homonym headwords	unverified
тук-тук	СУМ-11: див. → тук	unverified
туп-туп	СУМ-11: див. → туп	unverified
тупа	СУМ-11: Те саме, що → ступа	unverified
тупий	СУМ-20: протилежне → гострий + ВТС: прот. → гострий + СУМ-11: протилежне → гострий + relation_pairs/miyklas.com.ua: corpus relation pair → гострий + relation_pairs/miyklas.com.ua: corpus relation pair → кмітливий + relation_pairs/miyklas.com.ua: corpus relation pair → мудрий	unverified
тут	Вікісловник: explicit antonym list + СУМ-20: протилежне → там (reciprocal) + ВТС: прот. → там (reciprocal) + СУМ-11: протилежне → там (reciprocal) + СУМ-20: протилежне → там + ВТС: прот. → там + СУМ-11: протилежне → там	unverified
туш	СУМ-11: numbered homonym headwords	unverified
тьма	СУМ-11: numbered homonym headwords	unverified
тьотя	СУМ-11: Те саме, що → тітка	unverified
тьох-тьох	СУМ-11: див. → тьох	unverified
тюк	СУМ-11: numbered homonym headwords	unverified
тягнути	СУМ-11: див. → тягти	unverified
тяжкий	Вікісловник: explicit antonym list + СУМ-11: протилежне → легкий	unverified
тісний	СУМ-11: протилежне → просторий	unverified
тітка	slovnyk.me: Словник синонімів Караванського + СУМ-20: Те саме, що → дядина + ВТС: Те саме, що → дядина + СУМ-11: Те саме, що → дядина + relation_pairs/miyklas.com.ua: corpus relation pair → жінка	unverified
уберегти	СУМ-11: див. → уберігати	unverified
уберегтися	СУМ-11: див. → уберігатися	unverified
убогий	СУМ-11: протилежне → багатий	unverified
убрід	СУМ-11: див. → вбрід	unverified
убік	СУМ-11: див. → вбік	unverified
ув	СУМ-11: див. → в	unverified
увись	СУМ-11: див. → ввись	unverified
уві	СУМ-20: див. → в + ВТС: див. → в + СУМ-11: див. → в	unverified
увійти	СУМ-20: див. → входити + ВТС: див. → входити + СУМ-11: див. → входити	unverified
увінчати	СУМ-11: див. → увінчувати	unverified
увічнити	СУМ-11: див. → увічнювати	unverified
угамуватися	СУМ-11: див. → угамовуватися	unverified
уголос	СУМ-11: див. → вголос	unverified
угору	СУМ-11: див. → вгору	unverified
угорі	СУМ-11: див. → вгорі	unverified
ударити	СУМ-11: див. → ударяти	unverified
ударник	СУМ-11: numbered homonym headwords	unverified
удосконалити	СУМ-11: див. → удосконалювати	unverified
удруге	СУМ-11: див. → вдруге	unverified
узагальнити	СУМ-20: див. → узагальнювати + ВТС: див. → узагальнювати + СУМ-11: див. → узагальнювати	unverified
узаконити	СУМ-11: див. → узаконювати	unverified
узгодити	slovnyk.me: Словник синонімів української мови + СУМ-20: див. → узгоджувати + ВТС: див. → узгоджувати + СУМ-11: див. → узгоджувати + relation_pairs/synonym_verdicts: corpus relation pair → погодити	unverified
узнати	СУМ-11: див. → узнавати	unverified
узути	СУМ-11: див. → взути	unverified
узутий	СУМ-11: див. → взутий	unverified
узір	СУМ-11: див. → взір	unverified
указати	СУМ-11: див. → указувати	unverified
укомплектувати	СУМ-11: див. → укомплектовувати	unverified
укрити	СУМ-11: див. → укривати	unverified
укритися	СУМ-11: див. → укриватися	unverified
укріп	СУМ-11: numbered homonym headwords	unverified
укріп	СУМ-11: Те саме, що → кріп	unverified
укріпити	СУМ-11: див. → укріплювати	unverified
улаштувати	СУМ-11: див. → улаштовувати	unverified
улетіти	СУМ-11: див. → влітати	unverified
ум	СУМ-11: Те саме, що → розум	unverified
умерти	СУМ-11: див. → умирати	unverified
умирати	СУМ-11: протилежне → жити	unverified
умисне	СУМ-11: Те саме, що → умисно	unverified
умитися	СУМ-11: див. → умиватися	unverified
умить	СУМ-11: див. → вмить	unverified
умовити	СУМ-11: див. → умовляти	unverified
унаочнити	СУМ-11: див. → унаочнювати	unverified
унеможливити	СУМ-11: див. → унеможливлювати	unverified
унести	СУМ-11: див. → вносити	unverified
униз	СУМ-11: див. → вниз	unverified
унизу	СУМ-11: див. → внизу	unverified
уникати	slovnyk.me: Словник синонімів Караванського + СУМ-20: див. → уникнути (reciprocal) + ВТС: див. → уникнути (reciprocal) + СУМ-11: див. → уникнути (reciprocal)	unverified
уникнути	СУМ-20: див. → уникати + ВТС: див. → уникати + СУМ-11: див. → уникати	unverified
унтер	СУМ-11: Те саме, що → унтер-офіцер	unverified
упакування	СУМ-11: Те саме, що → упаковка	unverified
упевнитися	СУМ-11: див. → упевнятися	unverified
упертий	slovnyk.me: Словник синонімів Караванського + ВТС: див. → впертий (reciprocal) + СУМ-11: див. → впертий (reciprocal) + relation_pairs/synonym_verdicts: corpus relation pair → наполегливий	unverified
уповні	СУМ-11: див. → вповні	unverified
уповільнити	СУМ-11: див. → уповільнювати	unverified
упокорити	СУМ-11: див. → упокорювати	unverified
упокоїтися	СУМ-11: див. → упокоюватися	unverified
упоперек	СУМ-11: див. → впоперек	unverified
упору	СУМ-11: див. → впору	unverified
упорядкувати	СУМ-11: див. → упорядковувати	unverified
управа	СУМ-11: numbered homonym headwords	unverified
упізнати	СУМ-11: див. → упізнавати	unverified
уражено	СУМ-11: див. → вражено	unverified
ураз	СУМ-11: див. → враз	unverified
уранці	slovnyk.me: Словник синонімів Караванського + Словник синонімів української мови + СУМ-20: див. → вранці + ВТС: див. → вранці + СУМ-11: див. → вранці	unverified
урахувати	Словник української мови у 20 томах (УМІФ НАН України, Ін-т мовознавства ім. О. О. Потебні): див. → ураховувати + Великий тлумачний словник сучасної української мови: див. → ураховувати + СУМ-11: див. → ураховувати	unverified
урегулювати	СУМ-11: див. → урегульовувати	unverified
урешті	СУМ-11: див. → врешті	unverified
уряд	СУМ-11: numbered homonym headwords	unverified
уряди-годи	СУМ-11: див. → вряди-годи	unverified
урядник	СУМ-11: Те саме, що → урядовець	unverified
урятувати	СУМ-11: див. → урятовувати	unverified
урятуватися	СУМ-11: див. → урятовуватися	unverified
урізнобіч	СУМ-11: див. → врізнобіч	unverified
урізноманітнити	СУМ-11: див. → урізноманітнювати	unverified
усвідомити	СУМ-20: див. → усвідомлювати + ВТС: див. → усвідомлювати + СУМ-11: див. → усвідомлювати	unverified
усвідомлювати	СУМ-20: див. → усвідомити (reciprocal) + ВТС: див. → усвідомити (reciprocal) + СУМ-11: див. → усвідомити (reciprocal)	unverified
усиновити	СУМ-11: див. → усиновляти	unverified
усипальниця	СУМ-11: Те саме, що → усипальня	unverified
ускладнити	СУМ-20: див. → ускладнювати + ВТС: див. → ускладнювати + СУМ-11: див. → ускладнювати	unverified
ускочити	СУМ-11: див. → вскакувати	unverified
уславити	СУМ-11: див. → уславляти	unverified
услід	СУМ-11: див. → вслід	unverified
усмоктування	СУМ-11: див. → всмоктування	unverified
усміхнутися	СУМ-11: див. → усміхатися	unverified
усний	СУМ-11: Те саме, що → фольклор	unverified
успадкувати	СУМ-11: див. → успадковувати	unverified
устав	СУМ-11: numbered homonym headwords	unverified
установити	СУМ-11: див. → установлювати	unverified
установлювати	СУМ-11: Те саме, що → втуплювати	unverified
устати	СУМ-11: див. → уставати	unverified
устигнути	СУМ-11: див. → устигати	unverified
устромляти	СУМ-11: див. → встромляти	unverified
усупереч	slovnyk.me: Словник синонімів Караванського + СУМ-20: див. → всупереч + ВТС: див. → всупереч + СУМ-11: див. → всупереч	unverified
усього	СУМ-11: див. → всього	unverified
усього-на-всього	СУМ-11: див. → всього-на-всього	unverified
усюди	СУМ-11: див. → всюди	unverified
уся	СУМ-11: див. → весь	unverified
усяк	СУМ-11: див. → всяк	unverified
усякий	СУМ-11: див. → всякий	unverified
усілякий	СУМ-11: див. → всілякий	unverified
усіляко	СУМ-11: див. → всіляко	unverified
утамувати	СУМ-11: див. → утамовувати	unverified
утаїти	СУМ-11: див. → утаювати	unverified
утвердитися	СУМ-11: див. → утверджуватися	unverified
утворити	СУМ-20: див. → утворювати + ВТС: див. → утворювати + СУМ-11: див. → утворювати	unverified
утворювати	slovnyk.me: Словник синонімів Караванського + Словник синонімів української мови + СУМ-20: див. → утворити (reciprocal) + ВТС: див. → утворити (reciprocal) + СУМ-11: див. → утворити (reciprocal)	unverified
утекти	СУМ-11: див. → утікати	unverified
уток	СУМ-11: див. → утік	unverified
утома	СУМ-11: Те саме, що → утомленість	unverified
уточнити	СУМ-20: див. → уточнювати + ВТС: див. → уточнювати + СУМ-11: див. → уточнювати	unverified
уточнювати	СУМ-20: див. → уточнити (reciprocal) + ВТС: див. → уточнити (reciprocal) + СУМ-11: див. → уточнити (reciprocal)	unverified
утратити	СУМ-11: див. → утрачати	unverified
утретє	СУМ-20: див. → втретє + ВТС: див. → втретє + СУМ-11: див. → втретє	unverified
утримати	СУМ-11: див. → утримувати	unverified
утриматися	СУМ-11: див. → утримуватися	unverified
утричі	СУМ-11: див. → втричі	unverified
утроє	СУМ-11: див. → втроє	unverified
утрьох	СУМ-11: див. → втрьох	unverified
утіха	СУМ-11: Те саме, що → утішання	unverified
утішити	СУМ-11: див. → утішати	unverified
ухилитися	СУМ-11: див. → ухилятися	unverified
ухо	СУМ-11: Те саме, що → вухо	unverified
учвал	СУМ-11: див. → вчвал	unverified
учетверо	СУМ-11: див. → вчетверо	unverified
учинити	СУМ-11: див. → учиняти	unverified
учительство	СУМ-11: Те саме, що → учителювання	unverified
учора	СУМ-20: див. → вчора + ВТС: див. → вчора + СУМ-11: див. → вчора	unverified
учорашній	СУМ-11: див. → вчорашній	unverified
учотирьох	СУМ-11: див. → вчотирьох	unverified
ушко	СУМ-11: Те саме, що → вушко	unverified
ушкодити	СУМ-11: див. → ушкоджувати	unverified
ущент	СУМ-11: див. → вщент	unverified
ущерть	СУМ-11: див. → вщерть	unverified
ущільнити	СУМ-11: див. → ущільнювати	unverified
уявити	СУМ-20: див. → уявляти + ВТС: див. → уявляти + СУМ-11: див. → уявляти	unverified
уявляти	slovnyk.me: Словник синонімів української мови + СУМ-20: див. → уявити (reciprocal) + ВТС: див. → уявити (reciprocal) + СУМ-11: див. → уявити (reciprocal)	unverified
уявний	СУМ-20: протилежне → реальний (reciprocal) + ВТС: прот. → реальний (reciprocal) + СУМ-11: протилежне → реальний (reciprocal) + relation_pairs/miyklas.com.ua: corpus relation pair → дійсний	unverified
уярмити	СУМ-11: див. → уярмлювати	unverified
факел	СУМ-11: Те саме, що → смолоскип	unverified
фара	СУМ-11: numbered homonym headwords	unverified
фармацевтика	СУМ-11: Те саме, що → фармація	unverified
фенольний	СУМ-11: Те саме, що → феноловий	unverified
флеш	СУМ-11: numbered homonym headwords	unverified
форте	СУМ-20: протилежне → піано + ВТС: прот. → піано + СУМ-11: протилежне → піано	unverified
фотокамера	СУМ-11: Те саме, що → фотоапарат	unverified
фракція	СУМ-11: numbered homonym headwords	unverified
фриз	СУМ-11: numbered homonym headwords	unverified
фронт	СУМ-11: протилежне → тил	unverified
фруктовий	СУМ-11: Те саме, що → фруктоза	unverified
фуга	СУМ-11: numbered homonym headwords	unverified
фунт	СУМ-11: numbered homonym headwords	unverified
фіалка	СУМ-11: Те саме, що → братки	unverified
філе	СУМ-11: numbered homonym headwords	unverified
фільтрація	СУМ-11: Те саме, що → фільтрування	unverified
філіжанка	СУМ-11: Те саме, що → чашка	unverified
фіна	СУМ-11: numbered homonym headwords	unverified
фінансовий	СУМ-11: Те саме, що → грошовий	unverified
фінка	СУМ-11: numbered homonym headwords	unverified
хапати	СУМ-11: numbered homonym headwords	unverified
харциза	СУМ-11: Те саме, що → харциз	unverified
харчі	slovnyk.me: Словник синонімів Караванського + СУМ-20: Те саме, що → корм + ВТС: Те саме, що → корм + СУМ-11: Те саме, що → корм	unverified
хвастливий	СУМ-20: Те саме, що → хвалькуватий + ВТС: Те саме, що → хвалькуватий + СУМ-11: Те саме, що → хвалькуватий	unverified
хват	СУМ-11: numbered homonym headwords	unverified
хват	СУМ-11: Те саме, що → мастак	unverified
хвилечка	СУМ-11: numbered homonym headwords	unverified
хвилька	СУМ-11: numbered homonym headwords	unverified
хвильовий	СУМ-11: numbered homonym headwords	unverified
хвильовий	СУМ-11: Те саме, що → хвилястий	unverified
хвиля	СУМ-11: numbered homonym headwords	unverified
хвойний	СУМ-11: протилежне → листяний	unverified
хворий	ВТС: прот. → здоровий (reciprocal) + СУМ-11: протилежне → здоровий (reciprocal) + СУМ-20: протилежне → здоровий + ВТС: прот. → здоровий + СУМ-11: протилежне → здоровий + relation_pairs/miyklas.com.ua: corpus relation pair → здоровий	unverified
хворість	СУМ-11: Те саме, що → хвороба	unverified
хе	СУМ-11: Те саме, що → ху	unverified
хе-хе-хе	СУМ-11: див. → хе-хе	unverified
химера	СУМ-11: Те саме, що → галюцинація	unverified
химерний	Словник синонімів української мови + Словник української мови у 20 томах (УМІФ НАН України, Ін-т мовознавства ім. О. О. Потебні): Те саме, що → потворний + Великий тлумачний словник сучасної української мови: Те саме, що → потворний + СУМ-11: Те саме, що → потворний	unverified
хлоп	СУМ-11: numbered homonym headwords	unverified
хлопець	slovnyk.me: Словник синонімів Караванського + Словник синонімів української мови + СУМ-20: Те саме, що → син + ВТС: Те саме, що → син + СУМ-11: Те саме, що → син	unverified
хлопчина	СУМ-11: Те саме, що → хлопець	unverified
хлів	slovnyk.me: Словник синонімів Караванського + СУМ-20: Те саме, що → стайня (reciprocal) + СУМ-11: Те саме, що → стайня (reciprocal) + СУМ-20: Те саме, що → сарай + ВТС: Те саме, що → сарай + СУМ-11: Те саме, що → сарай	unverified
хмарина	СУМ-11: Те саме, що → хмара	unverified
ховати	СУМ-11: numbered homonym headwords	unverified
ховатися	СУМ-11: numbered homonym headwords	unverified
ховрашок	СУМ-11: Те саме, що → ховрах	unverified
ходити	СУМ-20: протилежне → стояти + ВТС: прот. → стояти + СУМ-11: протилежне → стояти	unverified
ходьба	slovnyk.me: Словник синонімів Караванського + СУМ-20: Те саме, що → ходіння + ВТС: Те саме, що → ходіння + СУМ-11: Те саме, що → ходіння + relation_pairs/miyklas.com.ua: corpus relation pair → хід	unverified
ходіння	СУМ-20: Те саме, що → ходьба (reciprocal) + ВТС: Те саме, що → ходьба (reciprocal) + СУМ-11: Те саме, що → ходьба (reciprocal)	unverified
холерик	СУМ-11: numbered homonym headwords	unverified
хопити	СУМ-11: numbered homonym headwords	unverified
хорей	СУМ-11: numbered homonym headwords	unverified
хоронити	СУМ-11: Те саме, що → зберігати	unverified
хороший	СУМ-20: протилежне → поганий + ВТС: прот. → поганий + СУМ-11: протилежне → поганий	unverified
хоть	СУМ-11: numbered homonym headwords	unverified
хрещений	СУМ-11: Те саме, що → хрещениця	unverified
хрещення	Словник української мови у 20 томах (УМІФ НАН України, Ін-т мовознавства ім. О. О. Потебні): Те саме, що → водохреще + Великий тлумачний словник сучасної української мови: Те саме, що → водохреще + СУМ-11: Те саме, що → водохреще	unverified
хриплий	СУМ-11: Те саме, що → хрипкий	unverified
хропти	СУМ-11: див. → хропіти	unverified
хрум	СУМ-11: numbered homonym headwords	unverified
хрум	СУМ-11: Те саме, що → хрумкіт	unverified
хрящ	СУМ-11: numbered homonym headwords	unverified
хтіти	СУМ-11: Те саме, що → хотіти	unverified
худо	СУМ-11: numbered homonym headwords	unverified
хустина	СУМ-11: Те саме, що → хустка	unverified
хуторець	СУМ-11: див. → хутірець	unverified
хіазм	СУМ-20: Те саме, що → хіазма + ВТС: Те саме, що → хіазма + СУМ-11: Те саме, що → хіазма	unverified
царат	СУМ-11: Те саме, що → царизм	unverified
царина	СУМ-11: Те саме, що → пасовисько	unverified
цвіль	slovnyk.me: Словник синонімів Караванського + Словник синонімів української мови + ВТС: Те саме, що → плісень + СУМ-11: Те саме, що → плісень	unverified
цвіт	СУМ-11: Те саме, що → колір	unverified
цезар	slovnyk.me: Словник синонімів Караванського + Словник синонімів української мови + СУМ-20: Те саме, що → кесар + ВТС: Те саме, що → кесар + СУМ-11: Те саме, що → кесар	unverified
цей	Вікісловник: explicit antonym list + СУМ-20: протилежне → той (reciprocal) + ВТС: прот. → той (reciprocal) + СУМ-11: протилежне → той (reciprocal) + ВТС: прот. → той + СУМ-11: протилежне → той	unverified
ци	СУМ-11: numbered homonym headwords	unverified
циганка	СУМ-11: numbered homonym headwords	unverified
цигарка	slovnyk.me: Словник синонімів української мови + СУМ-20: Те саме, що → самокрутка + ВТС: Те саме, що → самокрутка + СУМ-11: Те саме, що → самокрутка	unverified
циклон	СУМ-11: протилежне → антициклон	unverified
цинковий	СУМ-11: Те саме, що → сфалерит	unverified
цнотливо	СУМ-11: Те саме, що → сором'язливо	unverified
цокотіти	СУМ-11: див. → цокотати	unverified
цукерка	slovnyk.me: Словник синонімів Караванського + СУМ-20: Те саме, що → цукерок (reciprocal) + ВТС: Те саме, що → цукерок (reciprocal) + СУМ-11: Те саме, що → цукерок (reciprocal)	unverified
цукерок	slovnyk.me: Словник синонімів Караванського + СУМ-20: Те саме, що → цукерка + ВТС: Те саме, що → цукерка + СУМ-11: Те саме, що → цукерка	unverified
ця	СУМ-20: див. → цей + ВТС: див. → цей + СУМ-11: див. → цей	unverified
цікавість	Словник синонімів української мови + Словник української мови у 20 томах (УМІФ НАН України, Ін-т мовознавства ім. О. О. Потебні): Те саме, що → привабливість + Великий тлумачний словник сучасної української мови: Те саме, що → привабливість + СУМ-11: Те саме, що → привабливість	unverified
цілити	СУМ-11: Те саме, що → цілитися	unverified
ціновий	СУМ-11: Те саме, що → ціннісний	unverified
цінь	СУМ-11: numbered homonym headwords	unverified
ціп	СУМ-11: numbered homonym headwords	unverified
ціпка	СУМ-11: Те саме, що → курча	unverified
цісар	СУМ-11: Те саме, що → кесар	unverified
чагарі	СУМ-11: див. → чагар	unverified
чайка	СУМ-11: numbered homonym headwords	unverified
чародійство	СУМ-11: Те саме, що → чаклунство	unverified
часами	СУМ-11: Те саме, що → іноді	unverified
часопис	СУМ-11: Те саме, що → газета	unverified
чашечка	СУМ-11: Те саме, що → надколінок	unverified
чвалати	СУМ-11: numbered homonym headwords	unverified
чека	СУМ-11: numbered homonym headwords	unverified
чекан	СУМ-11: numbered homonym headwords	unverified
черва	СУМ-11: Те саме, що → чирва	unverified
червень	СУМ-11: numbered homonym headwords	unverified
червінь	СУМ-11: numbered homonym headwords	unverified
чергувати	СУМ-11: Те саме, що → чергуватися	unverified
черемшина	СУМ-11: Те саме, що → черемха	unverified
черепок	СУМ-11: numbered homonym headwords	unverified
черепок	СУМ-11: Те саме, що → череп	unverified
черниця	СУМ-11: numbered homonym headwords	unverified
черниця	СУМ-11: Те саме, що → чорниця	unverified
черствий	СУМ-11: протилежне → свіжий	unverified
чижик	СУМ-11: Те саме, що → чиж	unverified
чинення	СУМ-11: numbered homonym headwords	unverified
чинити	СУМ-11: numbered homonym headwords	unverified
чистописання	СУМ-11: Те саме, що → краснопис	unverified
чоботар	СУМ-11: Те саме, що → шилодзьобка	unverified
чоловік	slovnyk.me: Словник синонімів Караванського + СУМ-20: Те саме, що → людина + ВТС: Те саме, що → людина + СУМ-11: Те саме, що → людина + relation_pairs/miyklas.com.ua: corpus relation pair → людина	unverified
чоловік	ВТС: прот. → жінка (reciprocal) + СУМ-11: протилежне → жінка (reciprocal) + СУМ-20: протилежне → жінка + ВТС: прот. → жінка + СУМ-11: протилежне → жінка	unverified
чоловічок	СУМ-11: Те саме, що → дитина	unverified
чорний	СУМ-20: протилежне → білий (reciprocal) + ВТС: прот. → білий (reciprocal) + СУМ-11: протилежне → білий (reciprocal) + СУМ-20: протилежне → білий + ВТС: прот. → білий + СУМ-11: протилежне → білий + relation_pairs/miyklas.com.ua: corpus relation pair → білий	unverified
чорнобривець	СУМ-11: numbered homonym headwords	unverified
чорнобривці	СУМ-20: див. → чорнобривець + ВТС: див. → чорнобривець + СУМ-11: див. → чорнобривець	unverified
чорнобровий	СУМ-11: див. → чорнобривий	unverified
чорновий	СУМ-11: протилежне → чистовий	unverified
чорногуз	СУМ-11: Те саме, що → лелека	unverified
чорноліс	СУМ-11: Те саме, що → чорнолісся	unverified
чорнявий	СУМ-11: протилежне → білявий	unverified
чортівня	СУМ-11: Те саме, що → чортовиння	unverified
чудило	СУМ-11: Те саме, що → дивак	unverified
чужоземний	СУМ-11: Те саме, що → іноземний	unverified
чуйно	СУМ-11: Те саме, що → пильно	unverified
чіп	СУМ-11: numbered homonym headwords	unverified
чіпкий	СУМ-11: Те саме, що → заразливий	unverified
шалений	СУМ-11: Те саме, що → нерозсудливий	unverified
шаль	СУМ-11: numbered homonym headwords	unverified
шалька	СУМ-11: numbered homonym headwords	unverified
шана	СУМ-11: Те саме, що → частування	unverified
шар	СУМ-11: numbered homonym headwords	unverified
шарування	СУМ-11: numbered homonym headwords	unverified
шах	СУМ-11: numbered homonym headwords	unverified
шашка	СУМ-11: numbered homonym headwords	unverified
шашка	СУМ-11: Те саме, що → шабля	unverified
шашлична	СУМ-20: Те саме, що → шашличня + ВТС: Те саме, що → шашличня + СУМ-11: Те саме, що → шашличня	unverified
швачка	СУМ-11: Те саме, що → кравчиха	unverified
швейний	Словник української мови у 20 томах (УМІФ НАН України, Ін-т мовознавства ім. О. О. Потебні): Те саме, що → швацький + Великий тлумачний словник сучасної української мови: Те саме, що → швацький + СУМ-11: Те саме, що → швацький	unverified
шелесь	СУМ-11: Те саме, що → шелесть	unverified
шелюги	СУМ-11: Те саме, що → шелюга	unverified
шепотіти	СУМ-20: див. → шепотати + ВТС: див. → шепотати + СУМ-11: див. → шепотати	unverified
шерех	СУМ-11: numbered homonym headwords	unverified
шерех	СУМ-11: Те саме, що → шерхіт	unverified
шериф	СУМ-11: numbered homonym headwords	unverified
шибеник	СУМ-11: Те саме, що → бешкетник	unverified
шик	СУМ-11: numbered homonym headwords	unverified
шип	СУМ-11: numbered homonym headwords	unverified
шип	СУМ-11: Те саме, що → шипіння	unverified
шир	СУМ-11: Те саме, що → широчінь	unverified
широкий	СУМ-20: протилежне → вузький + ВТС: прот. → вузький + СУМ-11: протилежне → вузький + relation_pairs/miyklas.com.ua: corpus relation pair → тісний + relation_pairs/miyklas.com.ua: corpus relation pair → вузький	unverified
ширяти	СУМ-11: numbered homonym headwords	unverified
шиїзм	Словник української мови у 20 томах (УМІФ НАН України, Ін-т мовознавства ім. О. О. Потебні): протилежне → сунізм + СУМ-11: протилежне → сунізм	unverified
шкандибати	Словник синонімів української мови + Словник української мови у 20 томах (УМІФ НАН України, Ін-т мовознавства ім. О. О. Потебні): Те саме, що → кульгати + Великий тлумачний словник сучасної української мови: Те саме, що → кульгати + СУМ-11: Те саме, що → кульгати	unverified
шкварити	СУМ-11: Те саме, що → смажити	unverified
шкода	СУМ-20: протилежне → користь (reciprocal) + ВТС: прот. → користь (reciprocal) + СУМ-11: протилежне → користь (reciprocal)	unverified
шлем	СУМ-11: numbered homonym headwords	unverified
шлем	СУМ-11: Те саме, що → шолом	unverified
шляхетство	СУМ-11: Те саме, що → шляхта	unverified
шмат	СУМ-11: numbered homonym headwords	unverified
шмат	СУМ-11: Те саме, що → шматок	unverified
шпага	СУМ-11: Те саме, що → шпажист	unverified
шпиг	СУМ-11: numbered homonym headwords	unverified
шпиг	СУМ-11: Те саме, що → шпигун	unverified
шпигувати	СУМ-11: numbered homonym headwords	unverified
штат	СУМ-11: numbered homonym headwords	unverified
штиль	СУМ-11: numbered homonym headwords	unverified
штука	СУМ-11: numbered homonym headwords	unverified
штурм	СУМ-11: Те саме, що → штурмівщина	unverified
штучний	СУМ-11: numbered homonym headwords	unverified
шуляк	СУМ-11: numbered homonym headwords	unverified
шуляк	СУМ-11: Те саме, що → шуліка	unverified
шум	СУМ-11: numbered homonym headwords	unverified
шумливий	СУМ-11: numbered homonym headwords	unverified
шурх	СУМ-11: numbered homonym headwords	unverified
шш	СУМ-11: Те саме, що → ша	unverified
щасний	СУМ-11: Те саме, що → щасливий	unverified
щезнути	СУМ-11: див. → щезати	unverified
щерба	СУМ-11: numbered homonym headwords	unverified
щиглик	СУМ-11: numbered homonym headwords	unverified
що	СУМ-11: numbered homonym headwords	unverified
щоб	СУМ-11: numbered homonym headwords	unverified
щодень	СУМ-11: Те саме, що → щодня	unverified
щоднини	СУМ-11: Те саме, що → щодня	unverified
щомить	СУМ-11: Те саме, що → щомиті	unverified
щонайменше	СУМ-20: Те саме, що → принаймні + ВТС: Те саме, що → принаймні + СУМ-11: Те саме, що → принаймні	unverified
щораз	СУМ-11: див. → щоразу	unverified
щур	slovnyk.me: Словник синонімів Караванського + ВТС: Те саме, що → стриж + СУМ-11: Те саме, що → стриж	unverified
юга	СУМ-11: Те саме, що → імла	unverified
юда	СУМ-11: див. → іуда	unverified
юдаїзм	СУМ-11: див. → іудаїзм	unverified
юдейський	СУМ-11: див. → іудейський	unverified
юрмитися	СУМ-11: Те саме, що → юрбитися	unverified
ява	СУМ-11: numbered homonym headwords	unverified
явити	СУМ-11: див. → являти	unverified
явитися	СУМ-11: див. → являтися	unverified
являтися	СУМ-11: Те саме, що → з'являтися	unverified
ягода	СУМ-11: Те саме, що → суниця	unverified
ядерний	СУМ-11: numbered homonym headwords	unverified
як	ВТС: Те саме, що → наскільки (reciprocal) + СУМ-11: Те саме, що → наскільки (reciprocal) + relation_pairs/miyklas.com.ua: corpus relation pair → ніж + relation_pairs/miyklas.com.ua: corpus relation pair → якби	unverified
як	СУМ-11: numbered homonym headwords	unverified
який	slovnyk.me: Словник синонімів Караванського + ВТС: Те саме, що → котрий (reciprocal) + СУМ-11: Те саме, що → котрий (reciprocal) + relation_pairs/synonym_verdicts: corpus relation pair → котрий	unverified
якось	СУМ-11: numbered homonym headwords	unverified
якраз	slovnyk.me: Словник синонімів Караванського + СУМ-20: Те саме, що → зовсім + ВТС: Те саме, що → зовсім + СУМ-11: Те саме, що → зовсім + relation_pairs/miyklas.com.ua: corpus relation pair → дійсно	unverified
якісний	slovnyk.me: Словник синонімів Караванського + Словник синонімів української мови + СУМ-20: Те саме, що → високоякісний + ВТС: Те саме, що → високоякісний + СУМ-11: Те саме, що → високоякісний + relation_pairs/synonym_verdicts: corpus relation pair → відмінний	unverified
янгол	СУМ-11: Те саме, що → ангел	unverified
яр	slovnyk.me: Словник синонімів Караванського + Словник синонімів української мови + ВТС: Те саме, що → весна + СУМ-11: Те саме, що → весна	unverified
ярий	СУМ-11: numbered homonym headwords	unverified
яро	СУМ-11: numbered homonym headwords	unverified
яровий	СУМ-11: Те саме, що → яровина	unverified
ясень	СУМ-11: див. → ясен	unverified
ясний	СУМ-11: Те саме, що → ясновельможний	unverified
яснозорий	СУМ-11: Те саме, що → ясноокий	unverified
ячмінь	СУМ-11: numbered homonym headwords	unverified
ящур	СУМ-11: numbered homonym headwords	unverified
ящур	СУМ-11: Те саме, що → ящір	unverified
яєчник	СУМ-11: numbered homonym headwords	unverified
єдиність	СУМ-11: Те саме, що → єдність	unverified
єпископство	СУМ-11: Те саме, що → єпархія	unverified
єрик	СУМ-11: numbered homonym headwords	unverified
іволга	СУМ-11: Те саме, що → вивільга	unverified
ігри	СУМ-11: див. → гра	unverified
ідеальний	ВТС: прот. → дійсний + СУМ-11: протилежне → дійсний	unverified
ідентифікувати	СУМ-11: Те саме, що → ототожнювати	unverified
ідіом	СУМ-11: Те саме, що → ідіома	unverified
із	ВТС: див. → з + СУМ-11: див. → з + relation_pairs/miyklas.com.ua: corpus relation pair → з	unverified
із-під	СУМ-11: див. → з-під	unverified
ізоляція	СУМ-11: Те саме, що → ізолювання	unverified
ілюстрація	СУМ-11: Те саме, що → ілюстрування	unverified
імення	СУМ-11: Те саме, що → ім'я	unverified
імпорт	Вікісловник: explicit antonym list + СУМ-11: протилежне → експорт	unverified
інако	СУМ-11: див. → інак	unverified
інакомовлення	СУМ-11: Те саме, що → алегорія	unverified
інакомовний	Великий тлумачний словник сучасної української мови: Те саме, що → алегоричний + СУМ-11: Те саме, що → алегоричний	unverified
індивід	СУМ-11: Те саме, що → індивідуум	unverified
індивідуальний	СУМ-11: протилежне → колективний + СУМ-11: протилежне → спільний	unverified
інколи	slovnyk.me: Словник синонімів Караванського + Словник синонімів української мови + ВТС: Те саме, що → іноді + СУМ-11: Те саме, що → іноді + relation_pairs/synonym_verdicts: corpus relation pair → деколи + relation_pairs/synonym_verdicts: corpus relation pair → зрідка + relation_pairs/synonym_verdicts: corpus relation pair → іноді + relation_pairs/miyklas.com.ua: corpus relation pair → часом	unverified
іноді	slovnyk.me: Словник синонімів Караванського + ВТС: Те саме, що → деколи (reciprocal) + СУМ-11: Те саме, що → деколи (reciprocal) + СУМ-20: Те саме, що → часом (reciprocal) + ВТС: Те саме, що → часом (reciprocal) + ВТС: Те саме, що → інколи (reciprocal) + СУМ-11: Те саме, що → інколи (reciprocal) + relation_pairs/synonym_verdicts: corpus relation pair → деколи + relation_pairs/synonym_verdicts: corpus relation pair → зрідка + relation_pairs/synonym_verdicts: corpus relation pair → інколи + relation_pairs/miyklas.com.ua: corpus relation pair → часом	unverified
інструктаж	СУМ-11: Те саме, що → інструктування	unverified
інструментальний	Великий тлумачний словник сучасної української мови: Те саме, що → інструментальня + СУМ-11: Те саме, що → інструментальня	unverified
інформація	slovnyk.me: Словник синонімів Караванського + Словник синонімів української мови + ВТС: Те саме, що → інформування + СУМ-11: Те саме, що → інформування	unverified
інформування	ВТС: Те саме, що → інформація (reciprocal) + СУМ-11: Те саме, що → інформація (reciprocal)	unverified
ірреальний	СУМ-11: Те саме, що → нереальний	unverified
історичний	СУМ-11: протилежне → доісторичний	unverified
іти	slovnyk.me: Словник синонімів Караванського + ВТС: див. → йти (reciprocal) + СУМ-11: див. → йти (reciprocal) + relation_pairs/miyklas.com.ua: corpus relation pair → йти + relation_pairs/synonym_verdicts: corpus relation pair → йти + relation_pairs/synonym_verdicts: corpus relation pair → ходити	unverified
іти	СУМ-11: протилежне → стояти + СУМ-11: протилежне → бігти	unverified
іще	СУМ-11: див. → ще	unverified
їй-бо	СУМ-11: див. → їй-богу	unverified
їй-право	СУМ-11: Те саме, що → їй-богу	unverified
